config_id,agent,condition,noise_std,packet_error_rate,seed,env_seed,phase,episode,reward,full_success,dock_success,final_phase,steps,invalid,phase1_steps,dock_accuracy,collisions,collision_flag,cte_mean,iala_violations,dropped_frames,lane,start
twophase_RuleBased_clean,RuleBased,clean,0,0,0,42,eval,1,-194.568,0,0,1,110,0,,,0,0,0,0,0,L02,L02_WP001
twophase_RuleBased_clean,RuleBased,clean,0,0,0,42,eval,2,-194.568,0,0,1,110,0,,,0,0,0,0,0,L02,L02_WP001
twophase_RuleBased_clean,RuleBased,clean,0,0,0,42,eval,3,-194.568,0,0,1,110,0,,,0,0,0,0,0,L02,L02_WP001
twophase_RuleBased_clean,RuleBased,clean,0,0,0,42,eval,4,-70.8319,0,1,2,110,0,25,0,0,0,207.3458,0,0,L08,L08_WP001
twophase_RuleBased_clean,RuleBased,clean,0,0,0,42,eval,5,281.673,1,1,2,50,0,25,0,0,0,0,0,0,L08,L08_WP001
twophase_RuleBased_clean,RuleBased,clean,0,0,0,42,eval,6,-114.568,0,0,1,110,0,,,0,0,0,0,0,L02,L02_WP001
twophase_RuleBased_clean,RuleBased,clean,0,0,0,42,eval,7,-114.568,0,0,1,110,0,,,0,0,0,0,0,L02,L02_WP001
twophase_RuleBased_clean,RuleBased,clean,0,0,0,42,eval,8,9.1681,0,1,2,110,0,25,0,0,0,207.3458,0,0,L08,L08_WP001
twophase_RuleBased_clean,RuleBased,clean,0,0,0,42,eval,9,-74.568,0,0,1,110,0,,,0,0,0,0,0,L02,L02_WP001
twophase_RuleBased_clean,RuleBased,clean,0,0,0,42,eval,10,361.673,1,1,2,50,0,25,0,0,0,0,0,0,L08,L08_WP001
twophase_RuleBased_clean,RuleBased,clean,0,0,0,42,eval,11,-34.568,0,0,1,110,0,,,0,0,0,0,0,L02,L02_WP001
twophase_RuleBased_clean,RuleBased,clean,0,0,0,42,eval,12,89.1681,0,1,2,110,0,25,0,0,0,207.3458,0,0,L08,L08_WP001
twophase_RuleBased_clean,RuleBased,clean,0,0,0,42,eval,13,441.673,1,1,2,50,0,25,0,0,0,0,0,0,L08,L08_WP001
twophase_RuleBased_clean,RuleBased,clean,0,0,0,42,eval,14,169.1681,0,1,2,110,0,25,0,0,0,207.3458,0,0,L08,L08_WP001
twophase_RuleBased_clean,RuleBased,clean,0,0,0,42,eval,15,85.432,0,0,1,110,0,,,0,0,0,0,0,L02,L02_WP001
twophase_RuleBased_clean,RuleBased,clean,0,0,0,42,eval,16,85.432,0,0,1,110,0,,,0,0,0,0,0,L02,L02_WP001
twophase_RuleBased_clean,RuleBased,clean,0,0,0,42,eval,17,85.432,0,0,1,110,0,,,0,0,0,0,0,L02,L02_WP001
twophase_RuleBased_clean,RuleBased,clean,0,0,0,42,eval,18,85.432,0,0,1,110,0,,,0,0,0,0,0,L02,L02_WP001
twophase_RuleBased_clean,RuleBased,clean,0,0,0,42,eval,19,209.1681,0,1,2,110,0,25,0,0,0,207.3458,0,0,L08,L08_WP001
twophase_RuleBased_clean,RuleBased,clean,0,0,0,42,eval,20,561.673,1,1,2,50,0,25,0,0,0,0,0,0,L08,L08_WP001
twophase_RuleBased_clean,RuleBased,clean,0,0,0,42,eval,21,165.432,0,0,1,110,0,,,0,0,0,0,0,L02,L02_WP001
twophase_RuleBased_clean,RuleBased,clean,0,0,0,42,eval,22,165.432,0,0,1,110,0,,,0,0,0,0,0,L02,L02_WP001
twophase_RuleBased_clean,RuleBased,clean,0,0,0,42,eval,23,165.432,0,0,1,110,0,,,0,0,0,0,0,L02,L02_WP001
twophase_RuleBased_clean,RuleBased,clean,0,0,0,42,eval,24,601.673,1,1,2,50,0,25,0,0,0,0,0,0,L08,L08_WP001
twophase_RuleBased_clean,RuleBased,clean,0,0,0,42,eval,25,329.1681,0,1,2,110,0,25,0,0,0,207.3458,0,0,L08,L08_WP001
twophase_RuleBased_clean,RuleBased,clean,0,0,0,42,eval,26,681.673,1,1,2,50,0,25,0,0,0,0,0,0,L08,L08_WP001
twophase_RuleBased_clean,RuleBased,clean,0,0,0,42,eval,27,285.432,0,0,1,110,0,,,0,0,0,0,0,L02,L02_WP001
twophase_RuleBased_clean,RuleBased,clean,0,0,0,42,eval,28,285.432,0,0,1,110,0,,,0,0,0,0,0,L02,L02_WP001
twophase_RuleBased_clean,RuleBased,clean,0,0,0,42,eval,29,409.1681,0,1,2,110,0,25,0,0,0,207.3458,0,0,L08,L08_WP001
twophase_RuleBased_clean,RuleBased,clean,0,0,0,42,eval,30,449.1681,0,1,2,110,0,25,0,0,0,207.3458,0,0,L08,L08_WP001
twophase_RuleBased_clean,RuleBased,clean,0,0,1,43,eval,1,-198.095,0,0,1,110,0,,,0,0,0,0,0,L02,L02_WP001
twophase_RuleBased_clean,RuleBased,clean,0,0,1,43,eval,2,-217.368,0,0,1,110,0,,,0,0,0,0,0,L08,L08_WP001
twophase_RuleBased_clean,RuleBased,clean,0,0,1,43,eval,3,-217.368,0,0,1,110,0,,,0,0,0,0,0,L08,L08_WP001
twophase_RuleBased_clean,RuleBased,clean,0,0,1,43,eval,4,-198.095,0,0,1,110,0,,,0,0,0,0,0,L02,L02_WP001
twophase_RuleBased_clean,RuleBased,clean,0,0,1,43,eval,5,-217.368,0,0,1,110,0,,,0,0,0,0,0,L08,L08_WP001
twophase_RuleBased_clean,RuleBased,clean,0,0,1,43,eval,6,-217.368,0,0,1,110,0,,,0,0,0,0,0,L08,L08_WP001
twophase_RuleBased_clean,RuleBased,clean,0,0,1,43,eval,7,-198.095,0,0,1,110,0,,,0,0,0,0,0,L02,L02_WP001
twophase_RuleBased_clean,RuleBased,clean,0,0,1,43,eval,8,-198.095,0,0,1,110,0,,,0,0,0,0,0,L02,L02_WP001
twophase_RuleBased_clean,RuleBased,clean,0,0,1,43,eval,9,-198.095,0,0,1,110,0,,,0,0,0,0,0,L02,L02_WP001
twophase_RuleBased_clean,RuleBased,clean,0,0,1,43,eval,10,-198.095,0,0,1,110,0,,,0,0,0,0,0,L02,L02_WP001
twophase_RuleBased_clean,RuleBased,clean,0,0,1,43,eval,11,-198.095,0,0,1,110,0,,,0,0,0,0,0,L02,L02_WP001
twophase_RuleBased_clean,RuleBased,clean,0,0,1,43,eval,12,-217.368,0,0,1,110,0,,,0,0,0,0,0,L08,L08_WP001
twophase_RuleBased_clean,RuleBased,clean,0,0,1,43,eval,13,-198.095,0,0,1,110,0,,,0,0,0,0,0,L02,L02_WP001
twophase_RuleBased_clean,RuleBased,clean,0,0,1,43,eval,14,-198.095,0,0,1,110,0,,,0,0,0,0,0,L02,L02_WP001
twophase_RuleBased_clean,RuleBased,clean,0,0,1,43,eval,15,-217.368,0,0,1,110,0,,,0,0,0,0,0,L08,L08_WP001
twophase_RuleBased_clean,RuleBased,clean,0,0,1,43,eval,16,-198.095,0,0,1,110,0,,,0,0,0,0,0,L02,L02_WP001
twophase_RuleBased_clean,RuleBased,clean,0,0,1,43,eval,17,-198.095,0,0,1,110,0,,,0,0,0,0,0,L02,L02_WP001
twophase_RuleBased_clean,RuleBased,clean,0,0,1,43,eval,18,-217.368,0,0,1,110,0,,,0,0,0,0,0,L08,L08_WP001
twophase_RuleBased_clean,RuleBased,clean,0,0,1,43,eval,19,-217.368,0,0,1,110,0,,,0,0,0,0,0,L08,L08_WP001
twophase_RuleBased_clean,RuleBased,clean,0,0,1,43,eval,20,-217.368,0,0,1,110,0,,,0,0,0,0,0,L08,L08_WP001
twophase_RuleBased_clean,RuleBased,clean,0,0,1,43,eval,21,-217.368,0,0,1,110,0,,,0,0,0,0,0,L08,L08_WP001
twophase_RuleBased_clean,RuleBased,clean,0,0,1,43,eval,22,-198.095,0,0,1,110,0,,,0,0,0,0,0,L02,L02_WP001
twophase_RuleBased_clean,RuleBased,clean,0,0,1,43,eval,23,-198.095,0,0,1,110,0,,,0,0,0,0,0,L02,L02_WP001
twophase_RuleBased_clean,RuleBased,clean,0,0,1,43,eval,24,-198.095,0,0,1,110,0,,,0,0,0,0,0,L02,L02_WP001
twophase_RuleBased_clean,RuleBased,clean,0,0,1,43,eval,25,-217.368,0,0,1,110,0,,,0,0,0,0,0,L08,L08_WP001
twophase_RuleBased_clean,RuleBased,clean,0,0,1,43,eval,26,-217.368,0,0,1,110,0,,,0,0,0,0,0,L08,L08_WP001
twophase_RuleBased_clean,RuleBased,clean,0,0,1,43,eval,27,-217.368,0,0,1,110,0,,,0,0,0,0,0,L08,L08_WP001
twophase_RuleBased_clean,RuleBased,clean,0,0,1,43,eval,28,-198.095,0,0,1,110,0,,,0,0,0,0,0,L02,L02_WP001
twophase_RuleBased_clean,RuleBased,clean,0,0,1,43,eval,29,-217.368,0,0,1,110,0,,,0,0,0,0,0,L08,L08_WP001
twophase_RuleBased_clean,RuleBased,clean,0,0,1,43,eval,30,-217.368,0,0,1,110,0,,,0,0,0,0,0,L08,L08_WP001
twophase_RuleBased_clean,RuleBased,clean,0,0,2,44,eval,1,-213.908,0,0,1,110,0,,,0,0,0,0,0,L08,L08_WP001
twophase_RuleBased_clean,RuleBased,clean,0,0,2,44,eval,2,-54.4581,0,1,2,110,0,27,0,0,0,188.2573,0,0,L02,L02_WP001
twophase_RuleBased_clean,RuleBased,clean,0,0,2,44,eval,3,-173.908,0,0,1,110,0,,,0,0,0,0,0,L08,L08_WP001
twophase_RuleBased_clean,RuleBased,clean,0,0,2,44,eval,4,281.269,1,1,2,54,0,27,0,0,0,0,0,0,L02,L02_WP001
twophase_RuleBased_clean,RuleBased,clean,0,0,2,44,eval,5,25.5419,0,1,2,110,0,27,0,0,0,188.2573,0,0,L02,L02_WP001
twophase_RuleBased_clean,RuleBased,clean,0,0,2,44,eval,6,-93.908,0,0,1,110,0,,,0,0,0,0,0,L08,L08_WP001
twophase_RuleBased_clean,RuleBased,clean,0,0,2,44,eval,7,361.269,1,1,2,54,0,27,0,0,0,0,0,0,L02,L02_WP001
twophase_RuleBased_clean,RuleBased,clean,0,0,2,44,eval,8,401.269,1,1,2,54,0,27,0,0,0,0,0,0,L02,L02_WP001
twophase_RuleBased_clean,RuleBased,clean,0,0,2,44,eval,9,441.269,1,1,2,54,0,27,0,0,0,0,0,0,L02,L02_WP001
twophase_RuleBased_clean,RuleBased,clean,0,0,2,44,eval,10,26.092,0,0,1,110,0,,,0,0,0,0,0,L08,L08_WP001
twophase_RuleBased_clean,RuleBased,clean,0,0,2,44,eval,11,481.269,1,1,2,54,0,27,0,0,0,0,0,0,L02,L02_WP001
twophase_RuleBased_clean,RuleBased,clean,0,0,2,44,eval,12,66.092,0,0,1,110,0,,,0,0,0,0,0,L08,L08_WP001
twophase_RuleBased_clean,RuleBased,clean,0,0,2,44,eval,13,521.269,1,1,2,54,0,27,0,0,0,0,0,0,L02,L02_WP001
twophase_RuleBased_clean,RuleBased,clean,0,0,2,44,eval,14,265.5419,0,1,2,110,0,27,0,0,0,188.2573,0,0,L02,L02_WP001
twophase_RuleBased_clean,RuleBased,clean,0,0,2,44,eval,15,146.092,0,0,1,110,0,,,0,0,0,0,0,L08,L08_WP001
twophase_RuleBased_clean,RuleBased,clean,0,0,2,44,eval,16,601.269,1,1,2,54,0,27,0,0,0,0,0,0,L02,L02_WP001
twophase_RuleBased_clean,RuleBased,clean,0,0,2,44,eval,17,641.269,1,1,2,54,0,27,0,0,0,0,0,0,L02,L02_WP001
twophase_RuleBased_clean,RuleBased,clean,0,0,2,44,eval,18,681.269,1,1,2,54,0,27,0,0,0,0,0,0,L02,L02_WP001
twophase_RuleBased_clean,RuleBased,clean,0,0,2,44,eval,19,721.269,1,1,2,54,0,27,0,0,0,0,0,0,L02,L02_WP001
twophase_RuleBased_clean,RuleBased,clean,0,0,2,44,eval,20,761.269,1,1,2,54,0,27,0,0,0,0,0,0,L02,L02_WP001
twophase_RuleBased_clean,RuleBased,clean,0,0,2,44,eval,21,346.092,0,0,1,110,0,,,0,0,0,0,0,L08,L08_WP001
twophase_RuleBased_clean,RuleBased,clean,0,0,2,44,eval,22,346.092,0,0,1,110,0,,,0,0,0,0,0,L08,L08_WP001
twophase_RuleBased_clean,RuleBased,clean,0,0,2,44,eval,23,346.092,0,0,1,110,0,,,0,0,0,0,0,L08,L08_WP001
twophase_RuleBased_clean,RuleBased,clean,0,0,2,44,eval,24,346.092,0,0,1,110,0,,,0,0,0,0,0,L08,L08_WP001
twophase_RuleBased_clean,RuleBased,clean,0,0,2,44,eval,25,346.092,0,0,1,110,0,,,0,0,0,0,0,L08,L08_WP001
twophase_RuleBased_clean,RuleBased,clean,0,0,2,44,eval,26,801.269,1,1,2,54,0,27,0,0,0,0,0,0,L02,L02_WP001
twophase_RuleBased_clean,RuleBased,clean,0,0,2,44,eval,27,386.092,0,0,1,110,0,,,0,0,0,0,0,L08,L08_WP001
twophase_RuleBased_clean,RuleBased,clean,0,0,2,44,eval,28,545.5419,0,1,2,110,0,27,0,0,0,188.2573,0,0,L02,L02_WP001
twophase_RuleBased_clean,RuleBased,clean,0,0,2,44,eval,29,426.092,0,0,1,110,0,,,0,0,0,0,0,L08,L08_WP001
twophase_RuleBased_clean,RuleBased,clean,0,0,2,44,eval,30,426.092,0,0,1,110,0,,,0,0,0,0,0,L08,L08_WP001
twophase_RuleBased_clean,RuleBased,clean,0,0,3,45,eval,1,-223.315,0,0,1,110,0,,,0,0,0,0,0,L08,L08_WP001
twophase_RuleBased_clean,RuleBased,clean,0,0,3,45,eval,2,-223.315,0,0,1,110,0,,,0,0,0,0,0,L08,L08_WP001
twophase_RuleBased_clean,RuleBased,clean,0,0,3,45,eval,3,-223.315,0,0,1,110,0,,,0,0,0,0,0,L08,L08_WP001
twophase_RuleBased_clean,RuleBased,clean,0,0,3,45,eval,4,-223.315,0,0,1,110,0,,,0,0,0,0,0,L08,L08_WP001
twophase_RuleBased_clean,RuleBased,clean,0,0,3,45,eval,5,-64.2242,0,1,2,110,0,27,0,0,0,143.5766,0,0,L02,L02_WP001
twophase_RuleBased_clean,RuleBased,clean,0,0,3,45,eval,6,-183.315,0,0,1,110,0,,,0,0,0,0,0,L08,L08_WP001
twophase_RuleBased_clean,RuleBased,clean,0,0,3,45,eval,7,-183.315,0,0,1,110,0,,,0,0,0,0,0,L08,L08_WP001
twophase_RuleBased_clean,RuleBased,clean,0,0,3,45,eval,8,-183.315,0,0,1,110,0,,,0,0,0,0,0,L08,L08_WP001
twophase_RuleBased_clean,RuleBased,clean,0,0,3,45,eval,9,280.583,1,1,2,54,0,27,0,0,0,0,0,0,L02,L02_WP001
twophase_RuleBased_clean,RuleBased,clean,0,0,3,45,eval,10,-143.315,0,0,1,110,0,,,0,0,0,0,0,L08,L08_WP001
twophase_RuleBased_clean,RuleBased,clean,0,0,3,45,eval,11,15.7758,0,1,2,110,0,27,0,0,0,143.5766,0,0,L02,L02_WP001
twophase_RuleBased_clean,RuleBased,clean,0,0,3,45,eval,12,-103.315,0,0,1,110,0,,,0,0,0,0,0,L08,L08_WP001
twophase_RuleBased_clean,RuleBased,clean,0,0,3,45,eval,13,360.583,1,1,2,54,0,27,0,0,0,0,0,0,L02,L02_WP001
twophase_RuleBased_clean,RuleBased,clean,0,0,3,45,eval,14,-63.315,0,0,1,110,0,,,0,0,0,0,0,L08,L08_WP001
twophase_RuleBased_clean,RuleBased,clean,0,0,3,45,eval,15,95.7758,0,1,2,110,0,27,0,0,0,143.5766,0,0,L02,L02_WP001
twophase_RuleBased_clean,RuleBased,clean,0,0,3,45,eval,16,135.7758,0,1,2,110,0,27,0,0,0,143.5766,0,0,L02,L02_WP001
twophase_RuleBased_clean,RuleBased,clean,0,0,3,45,eval,17,16.685,0,0,1,110,0,,,0,0,0,0,0,L08,L08_WP001
twophase_RuleBased_clean,RuleBased,clean,0,0,3,45,eval,18,16.685,0,0,1,110,0,,,0,0,0,0,0,L08,L08_WP001
twophase_RuleBased_clean,RuleBased,clean,0,0,3,45,eval,19,16.685,0,0,1,110,0,,,0,0,0,0,0,L08,L08_WP001
twophase_RuleBased_clean,RuleBased,clean,0,0,3,45,eval,20,16.685,0,0,1,110,0,,,0,0,0,0,0,L08,L08_WP001
twophase_RuleBased_clean,RuleBased,clean,0,0,3,45,eval,21,16.685,0,0,1,110,0,,,0,0,0,0,0,L08,L08_WP001
twophase_RuleBased_clean,RuleBased,clean,0,0,3,45,eval,22,16.685,0,0,1,110,0,,,0,0,0,0,0,L08,L08_WP001
twophase_RuleBased_clean,RuleBased,clean,0,0,3,45,eval,23,480.583,1,1,2,54,0,27,0,0,0,0,0,0,L02,L02_WP001
twophase_RuleBased_clean,RuleBased,clean,0,0,3,45,eval,24,215.7758,0,1,2,110,0,27,0,0,0,143.5766,0,0,L02,L02_WP001
twophase_RuleBased_clean,RuleBased,clean,0,0,3,45,eval,25,96.685,0,0,1,110,0,,,0,0,0,0,0,L08,L08_WP001
twophase_RuleBased_clean,RuleBased,clean,0,0,3,45,eval,26,560.583,1,1,2,54,0,27,0,0,0,0,0,0,L02,L02_WP001
twophase_RuleBased_clean,RuleBased,clean,0,0,3,45,eval,27,600.583,1,1,2,54,0,27,0,0,0,0,0,0,L02,L02_WP001
twophase_RuleBased_clean,RuleBased,clean,0,0,3,45,eval,28,335.7758,0,1,2,110,0,27,0,0,0,143.5766,0,0,L02,L02_WP001
twophase_RuleBased_clean,RuleBased,clean,0,0,3,45,eval,29,216.685,0,0,1,110,0,,,0,0,0,0,0,L08,L08_WP001
twophase_RuleBased_clean,RuleBased,clean,0,0,3,45,eval,30,680.583,1,1,2,54,0,27,0,0,0,0,0,0,L02,L02_WP001
twophase_RuleBased_clean,RuleBased,clean,0,0,4,46,eval,1,-217.181,0,0,1,110,0,,,0,0,0,0,0,L08,L08_WP001
twophase_RuleBased_clean,RuleBased,clean,0,0,4,46,eval,2,-217.181,0,0,1,110,0,,,0,0,0,0,0,L08,L08_WP001
twophase_RuleBased_clean,RuleBased,clean,0,0,4,46,eval,3,-217.181,0,0,1,110,0,,,0,0,0,0,0,L08,L08_WP001
twophase_RuleBased_clean,RuleBased,clean,0,0,4,46,eval,4,-198.595,0,0,1,110,0,,,0,0,0,0,0,L02,L02_WP001
twophase_RuleBased_clean,RuleBased,clean,0,0,4,46,eval,5,-217.181,0,0,1,110,0,,,0,0,0,0,0,L08,L08_WP001
twophase_RuleBased_clean,RuleBased,clean,0,0,4,46,eval,6,-217.181,0,0,1,110,0,,,0,0,0,0,0,L08,L08_WP001
twophase_RuleBased_clean,RuleBased,clean,0,0,4,46,eval,7,-217.181,0,0,1,110,0,,,0,0,0,0,0,L08,L08_WP001
twophase_RuleBased_clean,RuleBased,clean,0,0,4,46,eval,8,-198.595,0,0,1,110,0,,,0,0,0,0,0,L02,L02_WP001
twophase_RuleBased_clean,RuleBased,clean,0,0,4,46,eval,9,-198.595,0,0,1,110,0,,,0,0,0,0,0,L02,L02_WP001
twophase_RuleBased_clean,RuleBased,clean,0,0,4,46,eval,10,-198.595,0,0,1,110,0,,,0,0,0,0,0,L02,L02_WP001
twophase_RuleBased_clean,RuleBased,clean,0,0,4,46,eval,11,-198.595,0,0,1,110,0,,,0,0,0,0,0,L02,L02_WP001
twophase_RuleBased_clean,RuleBased,clean,0,0,4,46,eval,12,-217.181,0,0,1,110,0,,,0,0,0,0,0,L08,L08_WP001
twophase_RuleBased_clean,RuleBased,clean,0,0,4,46,eval,13,-217.181,0,0,1,110,0,,,0,0,0,0,0,L08,L08_WP001
twophase_RuleBased_clean,RuleBased,clean,0,0,4,46,eval,14,-217.181,0,0,1,110,0,,,0,0,0,0,0,L08,L08_WP001
twophase_RuleBased_clean,RuleBased,clean,0,0,4,46,eval,15,-217.181,0,0,1,110,0,,,0,0,0,0,0,L08,L08_WP001
twophase_RuleBased_clean,RuleBased,clean,0,0,4,46,eval,16,-217.181,0,0,1,110,0,,,0,0,0,0,0,L08,L08_WP001
twophase_RuleBased_clean,RuleBased,clean,0,0,4,46,eval,17,-217.181,0,0,1,110,0,,,0,0,0,0,0,L08,L08_WP001
twophase_RuleBased_clean,RuleBased,clean,0,0,4,46,eval,18,-198.595,0,0,1,110,0,,,0,0,0,0,0,L02,L02_WP001
twophase_RuleBased_clean,RuleBased,clean,0,0,4,46,eval,19,-198.595,0,0,1,110,0,,,0,0,0,0,0,L02,L02_WP001
twophase_RuleBased_clean,RuleBased,clean,0,0,4,46,eval,20,-217.181,0,0,1,110,0,,,0,0,0,0,0,L08,L08_WP001
twophase_RuleBased_clean,RuleBased,clean,0,0,4,46,eval,21,-198.595,0,0,1,110,0,,,0,0,0,0,0,L02,L02_WP001
twophase_RuleBased_clean,RuleBased,clean,0,0,4,46,eval,22,-217.181,0,0,1,110,0,,,0,0,0,0,0,L08,L08_WP001
twophase_RuleBased_clean,RuleBased,clean,0,0,4,46,eval,23,-217.181,0,0,1,110,0,,,0,0,0,0,0,L08,L08_WP001
twophase_RuleBased_clean,RuleBased,clean,0,0,4,46,eval,24,-198.595,0,0,1,110,0,,,0,0,0,0,0,L02,L02_WP001
twophase_RuleBased_clean,RuleBased,clean,0,0,4,46,eval,25,-198.595,0,0,1,110,0,,,0,0,0,0,0,L02,L02_WP001
twophase_RuleBased_clean,RuleBased,clean,0,0,4,46,eval,26,-217.181,0,0,1,110,0,,,0,0,0,0,0,L08,L08_WP001
twophase_RuleBased_clean,RuleBased,clean,0,0,4,46,eval,27,-198.595,0,0,1,110,0,,,0,0,0,0,0,L02,L02_WP001
twophase_RuleBased_clean,RuleBased,clean,0,0,4,46,eval,28,-198.595,0,0,1,110,0,,,0,0,0,0,0,L02,L02_WP001
twophase_RuleBased_clean,RuleBased,clean,0,0,4,46,eval,29,-198.595,0,0,1,110,0,,,0,0,0,0,0,L02,L02_WP001
twophase_RuleBased_clean,RuleBased,clean,0,0,4,46,eval,30,-217.181,0,0,1,110,0,,,0,0,0,0,0,L08,L08_WP001
twophase_RuleBased_clean,RuleBased,clean,0,0,5,47,eval,1,-63.5863,0,1,2,110,0,27,0,0,0,135.4147,0,0,L02,L02_WP001
twophase_RuleBased_clean,RuleBased,clean,0,0,5,47,eval,2,-183.15,0,0,1,110,0,,,0,0,0,0,0,L08,L08_WP001
twophase_RuleBased_clean,RuleBased,clean,0,0,5,47,eval,3,-23.5863,0,1,2,110,0,27,0,0,0,135.4147,0,0,L02,L02_WP001
twophase_RuleBased_clean,RuleBased,clean,0,0,5,47,eval,4,-143.15,0,0,1,110,0,,,0,0,0,0,0,L08,L08_WP001
twophase_RuleBased_clean,RuleBased,clean,0,0,5,47,eval,5,-143.15,0,0,1,110,0,,,0,0,0,0,0,L08,L08_WP001
twophase_RuleBased_clean,RuleBased,clean,0,0,5,47,eval,6,321.427,1,1,2,54,0,27,0,0,0,0,0,0,L02,L02_WP001
twophase_RuleBased_clean,RuleBased,clean,0,0,5,47,eval,7,-103.15,0,0,1,110,0,,,0,0,0,0,0,L08,L08_WP001
twophase_RuleBased_clean,RuleBased,clean,0,0,5,47,eval,8,-103.15,0,0,1,110,0,,,0,0,0,0,0,L08,L08_WP001
twophase_RuleBased_clean,RuleBased,clean,0,0,5,47,eval,9,361.427,1,1,2,54,0,27,0,0,0,0,0,0,L02,L02_WP001
twophase_RuleBased_clean,RuleBased,clean,0,0,5,47,eval,10,-63.15,0,0,1,110,0,,,0,0,0,0,0,L08,L08_WP001
twophase_RuleBased_clean,RuleBased,clean,0,0,5,47,eval,11,-63.15,0,0,1,110,0,,,0,0,0,0,0,L08,L08_WP001
twophase_RuleBased_clean,RuleBased,clean,0,0,5,47,eval,12,401.427,1,1,2,54,0,27,0,0,0,0,0,0,L02,L02_WP001
twophase_RuleBased_clean,RuleBased,clean,0,0,5,47,eval,13,-23.15,0,0,1,110,0,,,0,0,0,0,0,L08,L08_WP001
twophase_RuleBased_clean,RuleBased,clean,0,0,5,47,eval,14,-23.15,0,0,1,110,0,,,0,0,0,0,0,L08,L08_WP001
twophase_RuleBased_clean,RuleBased,clean,0,0,5,47,eval,15,136.4137,0,1,2,110,0,27,0,0,0,135.4147,0,0,L02,L02_WP001
twophase_RuleBased_clean,RuleBased,clean,0,0,5,47,eval,16,16.85,0,0,1,110,0,,,0,0,0,0,0,L08,L08_WP001
twophase_RuleBased_clean,RuleBased,clean,0,0,5,47,eval,17,16.85,0,0,1,110,0,,,0,0,0,0,0,L08,L08_WP001
twophase_RuleBased_clean,RuleBased,clean,0,0,5,47,eval,18,16.85,0,0,1,110,0,,,0,0,0,0,0,L08,L08_WP001
twophase_RuleBased_clean,RuleBased,clean,0,0,5,47,eval,19,16.85,0,0,1,110,0,,,0,0,0,0,0,L08,L08_WP001
twophase_RuleBased_clean,RuleBased,clean,0,0,5,47,eval,20,176.4137,0,1,2,110,0,27,0,0,0,135.4147,0,0,L02,L02_WP001
twophase_RuleBased_clean,RuleBased,clean,0,0,5,47,eval,21,216.4137,0,1,2,110,0,27,0,0,0,135.4147,0,0,L02,L02_WP001
twophase_RuleBased_clean,RuleBased,clean,0,0,5,47,eval,22,96.85,0,0,1,110,0,,,0,0,0,0,0,L08,L08_WP001
twophase_RuleBased_clean,RuleBased,clean,0,0,5,47,eval,23,561.427,1,1,2,54,0,27,0,0,0,0,0,0,L02,L02_WP001
twophase_RuleBased_clean,RuleBased,clean,0,0,5,47,eval,24,601.427,1,1,2,54,0,27,0,0,0,0,0,0,L02,L02_WP001
twophase_RuleBased_clean,RuleBased,clean,0,0,5,47,eval,25,176.85,0,0,1,110,0,,,0,0,0,0,0,L08,L08_WP001
twophase_RuleBased_clean,RuleBased,clean,0,0,5,47,eval,26,336.4137,0,1,2,110,0,27,0,0,0,135.4147,0,0,L02,L02_WP001
twophase_RuleBased_clean,RuleBased,clean,0,0,5,47,eval,27,376.4137,0,1,2,110,0,27,0,0,0,135.4147,0,0,L02,L02_WP001
twophase_RuleBased_clean,RuleBased,clean,0,0,5,47,eval,28,256.85,0,0,1,110,0,,,0,0,0,0,0,L08,L08_WP001
twophase_RuleBased_clean,RuleBased,clean,0,0,5,47,eval,29,256.85,0,0,1,110,0,,,0,0,0,0,0,L08,L08_WP001
twophase_RuleBased_clean,RuleBased,clean,0,0,5,47,eval,30,416.4137,0,1,2,110,0,27,0,0,0,135.4147,0,0,L02,L02_WP001
twophase_RuleBased_clean,RuleBased,clean,0,0,6,48,eval,1,240.811,1,1,2,54,0,27,0,0,0,0,0,0,L02,L02_WP001
twophase_RuleBased_clean,RuleBased,clean,0,0,6,48,eval,2,-54.0297,0,1,2,110,0,27,0,0,0,211.3795,0,0,L02,L02_WP001
twophase_RuleBased_clean,RuleBased,clean,0,0,6,48,eval,3,321.549,1,1,2,52,0,25,0,0,0,0,0,0,L08,L08_WP001
twophase_RuleBased_clean,RuleBased,clean,0,0,6,48,eval,4,361.549,1,1,2,52,0,25,0,0,0,0,0,0,L08,L08_WP001
twophase_RuleBased_clean,RuleBased,clean,0,0,6,48,eval,5,401.549,1,1,2,52,0,25,0,0,0,0,0,0,L08,L08_WP001
twophase_RuleBased_clean,RuleBased,clean,0,0,6,48,eval,6,99.5584,0,1,2,110,0,25,0,0,0,216.8626,0,0,L08,L08_WP001
twophase_RuleBased_clean,RuleBased,clean,0,0,6,48,eval,7,139.5584,0,1,2,110,0,25,0,0,0,216.8626,0,0,L08,L08_WP001
twophase_RuleBased_clean,RuleBased,clean,0,0,6,48,eval,8,179.5584,0,1,2,110,0,25,0,0,0,216.8626,0,0,L08,L08_WP001
twophase_RuleBased_clean,RuleBased,clean,0,0,6,48,eval,9,219.5584,0,1,2,110,0,25,0,0,0,216.8626,0,0,L08,L08_WP001
twophase_RuleBased_clean,RuleBased,clean,0,0,6,48,eval,10,601.549,1,1,2,52,0,25,0,0,0,0,0,0,L08,L08_WP001
twophase_RuleBased_clean,RuleBased,clean,0,0,6,48,eval,11,640.811,1,1,2,54,0,27,0,0,0,0,0,0,L02,L02_WP001
twophase_RuleBased_clean,RuleBased,clean,0,0,6,48,eval,12,339.5584,0,1,2,110,0,25,0,0,0,216.8626,0,0,L08,L08_WP001
twophase_RuleBased_clean,RuleBased,clean,0,0,6,48,eval,13,379.5584,0,1,2,110,0,25,0,0,0,216.8626,0,0,L08,L08_WP001
twophase_RuleBased_clean,RuleBased,clean,0,0,6,48,eval,14,761.549,1,1,2,52,0,25,0,0,0,0,0,0,L08,L08_WP001
twophase_RuleBased_clean,RuleBased,clean,0,0,6,48,eval,15,459.5584,0,1,2,110,0,25,0,0,0,216.8626,0,0,L08,L08_WP001
twophase_RuleBased_clean,RuleBased,clean,0,0,6,48,eval,16,840.811,1,1,2,54,0,27,0,0,0,0,0,0,L02,L02_WP001
twophase_RuleBased_clean,RuleBased,clean,0,0,6,48,eval,17,545.9703,0,1,2,110,0,27,0,0,0,211.3795,0,0,L02,L02_WP001
twophase_RuleBased_clean,RuleBased,clean,0,0,6,48,eval,18,920.811,1,1,2,54,0,27,0,0,0,0,0,0,L02,L02_WP001
twophase_RuleBased_clean,RuleBased,clean,0,0,6,48,eval,19,961.549,1,1,2,52,0,25,0,0,0,0,0,0,L08,L08_WP001
twophase_RuleBased_clean,RuleBased,clean,0,0,6,48,eval,20,1000.811,1,1,2,54,0,27,0,0,0,0,0,0,L02,L02_WP001
twophase_RuleBased_clean,RuleBased,clean,0,0,6,48,eval,21,1040.811,1,1,2,54,0,27,0,0,0,0,0,0,L02,L02_WP001
twophase_RuleBased_clean,RuleBased,clean,0,0,6,48,eval,22,1081.549,1,1,2,52,0,25,0,0,0,0,0,0,L08,L08_WP001
twophase_RuleBased_clean,RuleBased,clean,0,0,6,48,eval,23,785.9703,0,1,2,110,0,27,0,0,0,211.3795,0,0,L02,L02_WP001
twophase_RuleBased_clean,RuleBased,clean,0,0,6,48,eval,24,825.9703,0,1,2,110,0,27,0,0,0,211.3795,0,0,L02,L02_WP001
twophase_RuleBased_clean,RuleBased,clean,0,0,6,48,eval,25,859.5584,0,1,2,110,0,25,0,0,0,216.8626,0,0,L08,L08_WP001
twophase_RuleBased_clean,RuleBased,clean,0,0,6,48,eval,26,899.5584,0,1,2,110,0,25,0,0,0,216.8626,0,0,L08,L08_WP001
twophase_RuleBased_clean,RuleBased,clean,0,0,6,48,eval,27,939.5584,0,1,2,110,0,25,0,0,0,216.8626,0,0,L08,L08_WP001
twophase_RuleBased_clean,RuleBased,clean,0,0,6,48,eval,28,979.5584,0,1,2,110,0,25,0,0,0,216.8626,0,0,L08,L08_WP001
twophase_RuleBased_clean,RuleBased,clean,0,0,6,48,eval,29,1360.811,1,1,2,54,0,27,0,0,0,0,0,0,L02,L02_WP001
twophase_RuleBased_clean,RuleBased,clean,0,0,6,48,eval,30,1400.811,1,1,2,54,0,27,0,0,0,0,0,0,L02,L02_WP001
twophase_RuleBased_clean,RuleBased,clean,0,0,7,49,eval,1,-71.1354,0,1,2,110,0,27,0,0,0,208.6626,0,0,L02,L02_WP001
twophase_RuleBased_clean,RuleBased,clean,0,0,7,49,eval,2,280.666,1,1,2,54,0,27,0,0,0,0,0,0,L02,L02_WP001
twophase_RuleBased_clean,RuleBased,clean,0,0,7,49,eval,3,-125.158,0,0,1,110,0,,,0,0,0,0,0,L08,L08_WP001
twophase_RuleBased_clean,RuleBased,clean,0,0,7,49,eval,4,8.8646,0,1,2,110,0,27,0,0,0,208.6626,0,0,L02,L02_WP001
twophase_RuleBased_clean,RuleBased,clean,0,0,7,49,eval,5,-85.158,0,0,1,110,0,,,0,0,0,0,0,L08,L08_WP001
twophase_RuleBased_clean,RuleBased,clean,0,0,7,49,eval,6,360.666,1,1,2,54,0,27,0,0,0,0,0,0,L02,L02_WP001
twophase_RuleBased_clean,RuleBased,clean,0,0,7,49,eval,7,88.8646,0,1,2,110,0,27,0,0,0,208.6626,0,0,L02,L02_WP001
twophase_RuleBased_clean,RuleBased,clean,0,0,7,49,eval,8,128.8646,0,1,2,110,0,27,0,0,0,208.6626,0,0,L02,L02_WP001
twophase_RuleBased_clean,RuleBased,clean,0,0,7,49,eval,9,168.8646,0,1,2,110,0,27,0,0,0,208.6626,0,0,L02,L02_WP001
twophase_RuleBased_clean,RuleBased,clean,0,0,7,49,eval,10,74.842,0,0,1,110,0,,,0,0,0,0,0,L08,L08_WP001
twophase_RuleBased_clean,RuleBased,clean,0,0,7,49,eval,11,74.842,0,0,1,110,0,,,0,0,0,0,0,L08,L08_WP001
twophase_RuleBased_clean,RuleBased,clean,0,0,7,49,eval,12,208.8646,0,1,2,110,0,27,0,0,0,208.6626,0,0,L02,L02_WP001
twophase_RuleBased_clean,RuleBased,clean,0,0,7,49,eval,13,560.666,1,1,2,54,0,27,0,0,0,0,0,0,L02,L02_WP001
twophase_RuleBased_clean,RuleBased,clean,0,0,7,49,eval,14,288.8646,0,1,2,110,0,27,0,0,0,208.6626,0,0,L02,L02_WP001
twophase_RuleBased_clean,RuleBased,clean,0,0,7,49,eval,15,640.666,1,1,2,54,0,27,0,0,0,0,0,0,L02,L02_WP001
twophase_RuleBased_clean,RuleBased,clean,0,0,7,49,eval,16,680.666,1,1,2,54,0,27,0,0,0,0,0,0,L02,L02_WP001
twophase_RuleBased_clean,RuleBased,clean,0,0,7,49,eval,17,274.842,0,0,1,110,0,,,0,0,0,0,0,L08,L08_WP001
twophase_RuleBased_clean,RuleBased,clean,0,0,7,49,eval,18,274.842,0,0,1,110,0,,,0,0,0,0,0,L08,L08_WP001
twophase_RuleBased_clean,RuleBased,clean,0,0,7,49,eval,19,720.666,1,1,2,54,0,27,0,0,0,0,0,0,L02,L02_WP001
twophase_RuleBased_clean,RuleBased,clean,0,0,7,49,eval,20,448.8646,0,1,2,110,0,27,0,0,0,208.6626,0,0,L02,L02_WP001
twophase_RuleBased_clean,RuleBased,clean,0,0,7,49,eval,21,488.8646,0,1,2,110,0,27,0,0,0,208.6626,0,0,L02,L02_WP001
twophase_RuleBased_clean,RuleBased,clean,0,0,7,49,eval,22,528.8646,0,1,2,110,0,27,0,0,0,208.6626,0,0,L02,L02_WP001
twophase_RuleBased_clean,RuleBased,clean,0,0,7,49,eval,23,880.666,1,1,2,54,0,27,0,0,0,0,0,0,L02,L02_WP001
twophase_RuleBased_clean,RuleBased,clean,0,0,7,49,eval,24,608.8646,0,1,2,110,0,27,0,0,0,208.6626,0,0,L02,L02_WP001
twophase_RuleBased_clean,RuleBased,clean,0,0,7,49,eval,25,514.842,0,0,1,110,0,,,0,0,0,0,0,L08,L08_WP001
twophase_RuleBased_clean,RuleBased,clean,0,0,7,49,eval,26,514.842,0,0,1,110,0,,,0,0,0,0,0,L08,L08_WP001
twophase_RuleBased_clean,RuleBased,clean,0,0,7,49,eval,27,514.842,0,0,1,110,0,,,0,0,0,0,0,L08,L08_WP001
twophase_RuleBased_clean,RuleBased,clean,0,0,7,49,eval,28,960.666,1,1,2,54,0,27,0,0,0,0,0,0,L02,L02_WP001
twophase_RuleBased_clean,RuleBased,clean,0,0,7,49,eval,29,554.842,0,0,1,110,0,,,0,0,0,0,0,L08,L08_WP001
twophase_RuleBased_clean,RuleBased,clean,0,0,7,49,eval,30,554.842,0,0,1,110,0,,,0,0,0,0,0,L08,L08_WP001
twophase_RuleBased_mid,RuleBased,mid,0.1,0.2,0,42,eval,1,-223.1361,0,0,1,110,0,,,1,1,6.1898,14,24,L02,L02_WP001
twophase_RuleBased_mid,RuleBased,mid,0.1,0.2,0,42,eval,2,-223.0095,0,0,1,110,0,,,1,1,6.0391,9,15,L02,L02_WP001
twophase_RuleBased_mid,RuleBased,mid,0.1,0.2,0,42,eval,3,-222.4944,0,0,1,110,0,,,1,1,5.7278,6,28,L02,L02_WP001
twophase_RuleBased_mid,RuleBased,mid,0.1,0.2,0,42,eval,4,-155.5447,0,1,2,110,0,25,5.9422,3,1,211.1462,48,27,L08,L08_WP001
twophase_RuleBased_mid,RuleBased,mid,0.1,0.2,0,42,eval,5,173.4942,1,1,2,50,0,25,0.7246,4,1,5.8093,9,7,L08,L08_WP001
twophase_RuleBased_mid,RuleBased,mid,0.1,0.2,0,42,eval,6,-142.7851,0,0,1,110,0,,,1,1,6.0425,4,17,L02,L02_WP001
twophase_RuleBased_mid,RuleBased,mid,0.1,0.2,0,42,eval,7,-143.1817,0,0,1,110,0,,,1,1,5.8876,10,24,L02,L02_WP001
twophase_RuleBased_mid,RuleBased,mid,0.1,0.2,0,42,eval,8,-95.9264,0,1,2,110,0,25,4.1269,4,1,208.4782,38,29,L08,L08_WP001
twophase_RuleBased_mid,RuleBased,mid,0.1,0.2,0,42,eval,9,-102.8213,0,0,1,110,0,,,1,1,6.0011,7,26,L02,L02_WP001
twophase_RuleBased_mid,RuleBased,mid,0.1,0.2,0,42,eval,10,245.3621,1,1,2,50,0,25,5.1874,4,1,6.4211,14,9,L08,L08_WP001
twophase_RuleBased_mid,RuleBased,mid,0.1,0.2,0,42,eval,11,-37.7613,0,0,1,110,0,,,0,0,5.8368,10,18,L02,L02_WP001
twophase_RuleBased_mid,RuleBased,mid,0.1,0.2,0,42,eval,12,26.5912,0,1,2,110,0,25,3.2724,2,1,211.3801,53,23,L08,L08_WP001
twophase_RuleBased_mid,RuleBased,mid,0.1,0.2,0,42,eval,13,334.1487,1,1,2,50,0,25,3.9014,4,1,5.4701,12,12,L08,L08_WP001
twophase_RuleBased_mid,RuleBased,mid,0.1,0.2,0,42,eval,14,55.2044,0,1,2,110,0,25,4.5125,4,1,211.9159,32,19,L08,L08_WP001
twophase_RuleBased_mid,RuleBased,mid,0.1,0.2,0,42,eval,15,56.9352,0,0,1,110,0,,,1,1,6.1005,9,20,L02,L02_WP001
twophase_RuleBased_mid,RuleBased,mid,0.1,0.2,0,42,eval,16,57.2462,0,0,1,110,0,,,1,1,5.6993,5,20,L02,L02_WP001
twophase_RuleBased_mid,RuleBased,mid,0.1,0.2,0,42,eval,17,56.8449,0,0,1,110,0,,,1,1,6.4671,13,23,L02,L02_WP001
twophase_RuleBased_mid,RuleBased,mid,0.1,0.2,0,42,eval,18,57.1241,0,0,1,110,0,,,1,1,5.6975,9,17,L02,L02_WP001
twophase_RuleBased_mid,RuleBased,mid,0.1,0.2,0,42,eval,19,100.8208,0,1,2,110,0,25,1.1246,4,1,211.5366,43,17,L08,L08_WP001
twophase_RuleBased_mid,RuleBased,mid,0.1,0.2,0,42,eval,20,479.0488,1,1,2,50,0,25,0.4501,3,1,5.5614,10,9,L08,L08_WP001
twophase_RuleBased_mid,RuleBased,mid,0.1,0.2,0,42,eval,21,162.254,0,0,1,110,0,,,0,0,5.8023,9,18,L02,L02_WP001
twophase_RuleBased_mid,RuleBased,mid,0.1,0.2,0,42,eval,22,137.0296,0,0,1,110,0,,,1,1,5.9601,7,27,L02,L02_WP001
twophase_RuleBased_mid,RuleBased,mid,0.1,0.2,0,42,eval,23,136.8777,0,0,1,110,0,,,1,1,6.2097,9,26,L02,L02_WP001
twophase_RuleBased_mid,RuleBased,mid,0.1,0.2,0,42,eval,24,495.4682,1,1,2,50,0,25,5.8429,4,1,5.224,10,5,L08,L08_WP001
twophase_RuleBased_mid,RuleBased,mid,0.1,0.2,0,42,eval,25,214.5695,0,1,2,110,0,25,4.972,4,1,211.7696,45,17,L08,L08_WP001
twophase_RuleBased_mid,RuleBased,mid,0.1,0.2,0,42,eval,26,599.0359,1,1,2,50,0,25,3.9159,3,1,6.0977,17,10,L08,L08_WP001
twophase_RuleBased_mid,RuleBased,mid,0.1,0.2,0,42,eval,27,257.3556,0,0,1,110,0,,,1,1,5.5306,7,21,L02,L02_WP001
twophase_RuleBased_mid,RuleBased,mid,0.1,0.2,0,42,eval,28,257.2124,0,0,1,110,0,,,1,1,5.9305,11,26,L02,L02_WP001
twophase_RuleBased_mid,RuleBased,mid,0.1,0.2,0,42,eval,29,324.1157,0,1,2,110,0,25,6.2663,3,1,211.3916,38,24,L08,L08_WP001
twophase_RuleBased_mid,RuleBased,mid,0.1,0.2,0,42,eval,30,341.1696,0,1,2,110,0,25,0.5047,4,1,210.8956,53,25,L08,L08_WP001
twophase_RuleBased_mid,RuleBased,mid,0.1,0.2,1,43,eval,1,-226.4664,0,0,1,110,0,,,1,1,5.8878,11,24,L02,L02_WP001
twophase_RuleBased_mid,RuleBased,mid,0.1,0.2,1,43,eval,2,-570.585,0,0,1,110,0,,,14,1,5.8801,42,20,L08,L08_WP001
twophase_RuleBased_mid,RuleBased,mid,0.1,0.2,1,43,eval,3,-370.4613,0,0,1,110,0,,,6,1,5.7601,42,17,L08,L08_WP001
twophase_RuleBased_mid,RuleBased,mid,0.1,0.2,1,43,eval,4,-201.1452,0,0,1,110,0,,,0,0,5.762,4,24,L02,L02_WP001
twophase_RuleBased_mid,RuleBased,mid,0.1,0.2,1,43,eval,5,-470.4956,0,0,1,110,0,,,10,1,5.7889,41,27,L08,L08_WP001
twophase_RuleBased_mid,RuleBased,mid,0.1,0.2,1,43,eval,6,-445.596,0,0,1,110,0,,,9,1,5.7731,50,25,L08,L08_WP001
twophase_RuleBased_mid,RuleBased,mid,0.1,0.2,1,43,eval,7,-226.5285,0,0,1,110,0,,,1,1,6.4524,6,25,L02,L02_WP001
twophase_RuleBased_mid,RuleBased,mid,0.1,0.2,1,43,eval,8,-226.2963,0,0,1,110,0,,,1,1,5.8494,8,23,L02,L02_WP001
twophase_RuleBased_mid,RuleBased,mid,0.1,0.2,1,43,eval,9,-201.23,0,0,1,110,0,,,0,0,5.8748,5,22,L02,L02_WP001
twophase_RuleBased_mid,RuleBased,mid,0.1,0.2,1,43,eval,10,-201.3392,0,0,1,110,0,,,0,0,5.8697,8,24,L02,L02_WP001
twophase_RuleBased_mid,RuleBased,mid,0.1,0.2,1,43,eval,11,-226.3382,0,0,1,110,0,,,1,1,5.8508,7,28,L02,L02_WP001
twophase_RuleBased_mid,RuleBased,mid,0.1,0.2,1,43,eval,12,-445.8199,0,0,1,110,0,,,9,1,6.2559,58,19,L08,L08_WP001
twophase_RuleBased_mid,RuleBased,mid,0.1,0.2,1,43,eval,13,-226.5439,0,0,1,110,0,,,1,1,6.1708,11,28,L02,L02_WP001
twophase_RuleBased_mid,RuleBased,mid,0.1,0.2,1,43,eval,14,-201.3705,0,0,1,110,0,,,0,0,6.0119,11,26,L02,L02_WP001
twophase_RuleBased_mid,RuleBased,mid,0.1,0.2,1,43,eval,15,-495.7973,0,0,1,110,0,,,11,1,6.1306,36,18,L08,L08_WP001
twophase_RuleBased_mid,RuleBased,mid,0.1,0.2,1,43,eval,16,-201.4106,0,0,1,110,0,,,0,0,5.9508,7,27,L02,L02_WP001
twophase_RuleBased_mid,RuleBased,mid,0.1,0.2,1,43,eval,17,-226.2027,0,0,1,110,0,,,1,1,5.7481,6,20,L02,L02_WP001
twophase_RuleBased_mid,RuleBased,mid,0.1,0.2,1,43,eval,18,-320.5725,0,0,1,110,0,,,4,1,5.8467,47,31,L08,L08_WP001
twophase_RuleBased_mid,RuleBased,mid,0.1,0.2,1,43,eval,19,-395.4969,0,0,1,110,0,,,7,1,5.6553,37,21,L08,L08_WP001
twophase_RuleBased_mid,RuleBased,mid,0.1,0.2,1,43,eval,20,-420.7638,0,0,1,110,0,,,8,1,6.3023,56,20,L08,L08_WP001
twophase_RuleBased_mid,RuleBased,mid,0.1,0.2,1,43,eval,21,-395.4569,0,0,1,110,0,,,7,1,6.0126,52,26,L08,L08_WP001
twophase_RuleBased_mid,RuleBased,mid,0.1,0.2,1,43,eval,22,-226.5008,0,0,1,110,0,,,1,1,6.3007,10,32,L02,L02_WP001
twophase_RuleBased_mid,RuleBased,mid,0.1,0.2,1,43,eval,23,-226.3279,0,0,1,110,0,,,1,1,5.8935,10,22,L02,L02_WP001
twophase_RuleBased_mid,RuleBased,mid,0.1,0.2,1,43,eval,24,-226.4309,0,0,1,110,0,,,1,1,5.6938,9,28,L02,L02_WP001
twophase_RuleBased_mid,RuleBased,mid,0.1,0.2,1,43,eval,25,-420.6427,0,0,1,110,0,,,8,1,6.1072,51,26,L08,L08_WP001
twophase_RuleBased_mid,RuleBased,mid,0.1,0.2,1,43,eval,26,-345.5862,0,0,1,110,0,,,5,1,5.857,41,24,L08,L08_WP001
twophase_RuleBased_mid,RuleBased,mid,0.1,0.2,1,43,eval,27,-445.5106,0,0,1,110,0,,,9,1,5.8503,44,20,L08,L08_WP001
twophase_RuleBased_mid,RuleBased,mid,0.1,0.2,1,43,eval,28,-201.397,0,0,1,110,0,,,0,0,5.7188,11,15,L02,L02_WP001
twophase_RuleBased_mid,RuleBased,mid,0.1,0.2,1,43,eval,29,-345.4924,0,0,1,110,0,,,5,1,5.8197,43,21,L08,L08_WP001
twophase_RuleBased_mid,RuleBased,mid,0.1,0.2,1,43,eval,30,-470.866,0,0,1,110,0,,,10,1,6.2784,50,17,L08,L08_WP001
twophase_RuleBased_mid,RuleBased,mid,0.1,0.2,2,44,eval,1,-217.1298,0,0,1,110,0,,,0,0,5.9585,6,21,L08,L08_WP001
twophase_RuleBased_mid,RuleBased,mid,0.1,0.2,2,44,eval,2,-160.2309,0,1,2,110,0,27,4.5008,4,1,190.2419,34,28,L02,L02_WP001
twophase_RuleBased_mid,RuleBased,mid,0.1,0.2,2,44,eval,3,-177.3693,0,0,1,110,0,,,0,0,6.1939,9,17,L08,L08_WP001
twophase_RuleBased_mid,RuleBased,mid,0.1,0.2,2,44,eval,4,196.1446,1,1,2,54,0,27,7.3652,3,1,5.554,13,10,L02,L02_WP001
twophase_RuleBased_mid,RuleBased,mid,0.1,0.2,2,44,eval,5,-64.8209,0,1,2,110,0,27,16.2368,3,1,190.5411,42,23,L02,L02_WP001
twophase_RuleBased_mid,RuleBased,mid,0.1,0.2,2,44,eval,6,-97.6461,0,0,1,110,0,,,0,0,6.5669,11,16,L08,L08_WP001
twophase_RuleBased_mid,RuleBased,mid,0.1,0.2,2,44,eval,7,255.0031,1,1,2,54,0,27,0.9558,4,1,5.881,20,15,L02,L02_WP001
twophase_RuleBased_mid,RuleBased,mid,0.1,0.2,2,44,eval,8,343.6216,1,1,2,54,0,27,2.6512,2,1,6.0097,17,9,L02,L02_WP001
twophase_RuleBased_mid,RuleBased,mid,0.1,0.2,2,44,eval,9,329.9292,1,1,2,54,0,27,6.2155,4,1,6.008,9,15,L02,L02_WP001
twophase_RuleBased_mid,RuleBased,mid,0.1,0.2,2,44,eval,10,22.9598,0,0,1,110,0,,,0,0,5.9213,6,24,L08,L08_WP001
twophase_RuleBased_mid,RuleBased,mid,0.1,0.2,2,44,eval,11,395.3753,1,1,2,54,0,27,5.5381,3,1,5.9547,17,16,L02,L02_WP001
twophase_RuleBased_mid,RuleBased,mid,0.1,0.2,2,44,eval,12,63.0183,0,0,1,110,0,,,0,0,5.8785,3,25,L08,L08_WP001
twophase_RuleBased_mid,RuleBased,mid,0.1,0.2,2,44,eval,13,441.0632,1,1,2,54,0,27,3.343,3,1,6.1536,17,13,L02,L02_WP001
twophase_RuleBased_mid,RuleBased,mid,0.1,0.2,2,44,eval,14,161.096,0,1,2,110,0,27,2.5581,4,1,190.6533,42,27,L02,L02_WP001
twophase_RuleBased_mid,RuleBased,mid,0.1,0.2,2,44,eval,15,142.6022,0,0,1,110,0,,,0,0,6.2786,8,21,L08,L08_WP001
twophase_RuleBased_mid,RuleBased,mid,0.1,0.2,2,44,eval,16,478.6109,1,1,2,54,0,27,12.4999,4,1,6.2684,16,10,L02,L02_WP001
twophase_RuleBased_mid,RuleBased,mid,0.1,0.2,2,44,eval,17,554.8324,1,1,2,54,0,27,7.2805,3,1,5.7071,10,8,L02,L02_WP001
twophase_RuleBased_mid,RuleBased,mid,0.1,0.2,2,44,eval,18,600.2843,1,1,2,54,0,27,3.1202,3,1,6.7361,25,13,L02,L02_WP001
twophase_RuleBased_mid,RuleBased,mid,0.1,0.2,2,44,eval,19,612.328,1,1,2,54,0,27,7.8335,4,1,5.8102,11,7,L02,L02_WP001
twophase_RuleBased_mid,RuleBased,mid,0.1,0.2,2,44,eval,20,675.438,1,1,2,54,0,27,9.3812,3,1,6.2955,19,12,L02,L02_WP001
twophase_RuleBased_mid,RuleBased,mid,0.1,0.2,2,44,eval,21,342.9353,0,0,1,110,0,,,0,0,5.8548,5,23,L08,L08_WP001
twophase_RuleBased_mid,RuleBased,mid,0.1,0.2,2,44,eval,22,343.2815,0,0,1,110,0,,,0,0,5.5664,4,24,L08,L08_WP001
twophase_RuleBased_mid,RuleBased,mid,0.1,0.2,2,44,eval,23,342.8755,0,0,1,110,0,,,0,0,6.0075,5,19,L08,L08_WP001
twophase_RuleBased_mid,RuleBased,mid,0.1,0.2,2,44,eval,24,342.694,0,0,1,110,0,,,0,0,6.165,8,18,L08,L08_WP001
twophase_RuleBased_mid,RuleBased,mid,0.1,0.2,2,44,eval,25,342.778,0,0,1,110,0,,,0,0,5.8458,11,19,L08,L08_WP001
twophase_RuleBased_mid,RuleBased,mid,0.1,0.2,2,44,eval,26,692.2472,1,1,2,54,0,27,6.7473,4,1,5.7885,16,6,L02,L02_WP001
twophase_RuleBased_mid,RuleBased,mid,0.1,0.2,2,44,eval,27,382.9548,0,0,1,110,0,,,0,0,5.7493,8,21,L08,L08_WP001
twophase_RuleBased_mid,RuleBased,mid,0.1,0.2,2,44,eval,28,438.8912,0,1,2,110,0,27,5.7101,4,1,189.8348,43,21,L02,L02_WP001
twophase_RuleBased_mid,RuleBased,mid,0.1,0.2,2,44,eval,29,422.6744,0,0,1,110,0,,,0,0,6.439,6,26,L08,L08_WP001
twophase_RuleBased_mid,RuleBased,mid,0.1,0.2,2,44,eval,30,422.6865,0,0,1,110,0,,,0,0,6.147,6,22,L08,L08_WP001
twophase_RuleBased_mid,RuleBased,mid,0.1,0.2,3,45,eval,1,-226.3676,0,0,1,110,0,,,0,0,5.8776,40,16,L08,L08_WP001
twophase_RuleBased_mid,RuleBased,mid,0.1,0.2,3,45,eval,2,-226.7962,0,0,1,110,0,,,0,0,5.9728,44,26,L08,L08_WP001
twophase_RuleBased_mid,RuleBased,mid,0.1,0.2,3,45,eval,3,-226.7438,0,0,1,110,0,,,0,0,6.1687,49,20,L08,L08_WP001
twophase_RuleBased_mid,RuleBased,mid,0.1,0.2,3,45,eval,4,-226.6214,0,0,1,110,0,,,0,0,6.0021,44,31,L08,L08_WP001
twophase_RuleBased_mid,RuleBased,mid,0.1,0.2,3,45,eval,5,-98.1796,0,1,2,110,0,27,8.339,1,1,145.5373,32,11,L02,L02_WP001
twophase_RuleBased_mid,RuleBased,mid,0.1,0.2,3,45,eval,6,-186.5328,0,0,1,110,0,,,0,0,5.7277,43,29,L08,L08_WP001
twophase_RuleBased_mid,RuleBased,mid,0.1,0.2,3,45,eval,7,-186.7107,0,0,1,110,0,,,0,0,6.2495,52,21,L08,L08_WP001
twophase_RuleBased_mid,RuleBased,mid,0.1,0.2,3,45,eval,8,-186.7769,0,0,1,110,0,,,0,0,5.7226,37,17,L08,L08_WP001
twophase_RuleBased_mid,RuleBased,mid,0.1,0.2,3,45,eval,9,219.0209,1,1,2,54,0,27,1.7188,2,1,5.9246,15,12,L02,L02_WP001
twophase_RuleBased_mid,RuleBased,mid,0.1,0.2,3,45,eval,10,-146.7741,0,0,1,110,0,,,0,0,6.0865,51,18,L08,L08_WP001
twophase_RuleBased_mid,RuleBased,mid,0.1,0.2,3,45,eval,11,10.5653,0,1,2,110,0,27,3.6556,0,0,145.9276,28,18,L02,L02_WP001
twophase_RuleBased_mid,RuleBased,mid,0.1,0.2,3,45,eval,12,-106.5943,0,0,1,110,0,,,0,0,6.0393,49,25,L08,L08_WP001
twophase_RuleBased_mid,RuleBased,mid,0.1,0.2,3,45,eval,13,328.4486,1,1,2,54,0,27,0.6616,1,1,6.1986,18,6,L02,L02_WP001
twophase_RuleBased_mid,RuleBased,mid,0.1,0.2,3,45,eval,14,-66.7211,0,0,1,110,0,,,0,0,6.0001,48,23,L08,L08_WP001
twophase_RuleBased_mid,RuleBased,mid,0.1,0.2,3,45,eval,15,63.2705,0,1,2,110,0,27,6.6286,1,1,145.5177,32,23,L02,L02_WP001
twophase_RuleBased_mid,RuleBased,mid,0.1,0.2,3,45,eval,16,104.4273,0,1,2,110,0,27,5.2121,1,1,145.6356,25,24,L02,L02_WP001
twophase_RuleBased_mid,RuleBased,mid,0.1,0.2,3,45,eval,17,13.4158,0,0,1,110,0,,,0,0,6.1478,48,22,L08,L08_WP001
twophase_RuleBased_mid,RuleBased,mid,0.1,0.2,3,45,eval,18,13.3586,0,0,1,110,0,,,0,0,5.7757,40,23,L08,L08_WP001
twophase_RuleBased_mid,RuleBased,mid,0.1,0.2,3,45,eval,19,13.5866,0,0,1,110,0,,,0,0,5.9207,37,12,L08,L08_WP001
twophase_RuleBased_mid,RuleBased,mid,0.1,0.2,3,45,eval,20,13.5711,0,0,1,110,0,,,0,0,5.6588,35,18,L08,L08_WP001
twophase_RuleBased_mid,RuleBased,mid,0.1,0.2,3,45,eval,21,13.2375,0,0,1,110,0,,,0,0,6.1934,46,26,L08,L08_WP001
twophase_RuleBased_mid,RuleBased,mid,0.1,0.2,3,45,eval,22,13.2524,0,0,1,110,0,,,0,0,6.0711,51,23,L08,L08_WP001
twophase_RuleBased_mid,RuleBased,mid,0.1,0.2,3,45,eval,23,412.7487,1,1,2,54,0,27,15.1727,2,1,5.775,14,15,L02,L02_WP001
twophase_RuleBased_mid,RuleBased,mid,0.1,0.2,3,45,eval,24,184.9856,0,1,2,110,0,27,4.5061,1,1,145.509,31,19,L02,L02_WP001
twophase_RuleBased_mid,RuleBased,mid,0.1,0.2,3,45,eval,25,93.6434,0,0,1,110,0,,,0,0,5.7821,37,27,L08,L08_WP001
twophase_RuleBased_mid,RuleBased,mid,0.1,0.2,3,45,eval,26,522.8349,1,1,2,54,0,27,1.2863,1,1,6.0433,10,6,L02,L02_WP001
twophase_RuleBased_mid,RuleBased,mid,0.1,0.2,3,45,eval,27,591.2401,1,1,2,54,0,27,8.6379,0,0,6.085,19,13,L02,L02_WP001
twophase_RuleBased_mid,RuleBased,mid,0.1,0.2,3,45,eval,28,306.8698,0,1,2,110,0,27,1.987,1,1,145.7545,40,27,L02,L02_WP001
twophase_RuleBased_mid,RuleBased,mid,0.1,0.2,3,45,eval,29,213.1746,0,0,1,110,0,,,0,0,6.0988,50,16,L08,L08_WP001
twophase_RuleBased_mid,RuleBased,mid,0.1,0.2,3,45,eval,30,616.0106,1,1,2,54,0,27,4.8867,2,1,5.6671,17,12,L02,L02_WP001
twophase_RuleBased_mid,RuleBased,mid,0.1,0.2,4,46,eval,1,-220.3971,0,0,1,110,0,,,0,0,6.1248,37,29,L08,L08_WP001
twophase_RuleBased_mid,RuleBased,mid,0.1,0.2,4,46,eval,2,-220.1254,0,0,1,110,0,,,0,0,5.5836,41,23,L08,L08_WP001
twophase_RuleBased_mid,RuleBased,mid,0.1,0.2,4,46,eval,3,-220.5195,0,0,1,110,0,,,0,0,6.1111,39,29,L08,L08_WP001
twophase_RuleBased_mid,RuleBased,mid,0.1,0.2,4,46,eval,4,-201.8916,0,0,1,110,0,,,0,0,5.9926,11,26,L02,L02_WP001
twophase_RuleBased_mid,RuleBased,mid,0.1,0.2,4,46,eval,5,-220.3589,0,0,1,110,0,,,0,0,5.9772,37,17,L08,L08_WP001
twophase_RuleBased_mid,RuleBased,mid,0.1,0.2,4,46,eval,6,-220.7153,0,0,1,110,0,,,0,0,6.2756,45,24,L08,L08_WP001
twophase_RuleBased_mid,RuleBased,mid,0.1,0.2,4,46,eval,7,-220.3255,0,0,1,110,0,,,0,0,5.7986,43,17,L08,L08_WP001
twophase_RuleBased_mid,RuleBased,mid,0.1,0.2,4,46,eval,8,-202.0571,0,0,1,110,0,,,0,0,6.0967,11,20,L02,L02_WP001
twophase_RuleBased_mid,RuleBased,mid,0.1,0.2,4,46,eval,9,-202.0511,0,0,1,110,0,,,0,0,6.0832,12,23,L02,L02_WP001
twophase_RuleBased_mid,RuleBased,mid,0.1,0.2,4,46,eval,10,-201.6906,0,0,1,110,0,,,0,0,6.0712,5,23,L02,L02_WP001
twophase_RuleBased_mid,RuleBased,mid,0.1,0.2,4,46,eval,11,-202.027,0,0,1,110,0,,,0,0,6.2063,7,17,L02,L02_WP001
twophase_RuleBased_mid,RuleBased,mid,0.1,0.2,4,46,eval,12,-220.411,0,0,1,110,0,,,0,0,5.7384,42,20,L08,L08_WP001
twophase_RuleBased_mid,RuleBased,mid,0.1,0.2,4,46,eval,13,-220.5434,0,0,1,110,0,,,0,0,5.9815,51,20,L08,L08_WP001
twophase_RuleBased_mid,RuleBased,mid,0.1,0.2,4,46,eval,14,-220.4851,0,0,1,110,0,,,0,0,6.0403,43,22,L08,L08_WP001
twophase_RuleBased_mid,RuleBased,mid,0.1,0.2,4,46,eval,15,-220.6857,0,0,1,110,0,,,0,0,6.2869,48,25,L08,L08_WP001
twophase_RuleBased_mid,RuleBased,mid,0.1,0.2,4,46,eval,16,-220.3675,0,0,1,110,0,,,0,0,5.7794,43,19,L08,L08_WP001
twophase_RuleBased_mid,RuleBased,mid,0.1,0.2,4,46,eval,17,-220.6747,0,0,1,110,0,,,0,0,6.2151,57,22,L08,L08_WP001
twophase_RuleBased_mid,RuleBased,mid,0.1,0.2,4,46,eval,18,-202.0244,0,0,1,110,0,,,0,0,6.3356,4,22,L02,L02_WP001
twophase_RuleBased_mid,RuleBased,mid,0.1,0.2,4,46,eval,19,-201.8762,0,0,1,110,0,,,0,0,5.8445,5,25,L02,L02_WP001
twophase_RuleBased_mid,RuleBased,mid,0.1,0.2,4,46,eval,20,-220.4705,0,0,1,110,0,,,0,0,5.7272,48,17,L08,L08_WP001
twophase_RuleBased_mid,RuleBased,mid,0.1,0.2,4,46,eval,21,-201.9014,0,0,1,110,0,,,0,0,5.9889,9,17,L02,L02_WP001
twophase_RuleBased_mid,RuleBased,mid,0.1,0.2,4,46,eval,22,-220.3621,0,0,1,110,0,,,0,0,5.7527,40,30,L08,L08_WP001
twophase_RuleBased_mid,RuleBased,mid,0.1,0.2,4,46,eval,23,-220.3003,0,0,1,110,0,,,0,0,6.0596,51,20,L08,L08_WP001
twophase_RuleBased_mid,RuleBased,mid,0.1,0.2,4,46,eval,24,-201.9057,0,0,1,110,0,,,0,0,6.0492,11,22,L02,L02_WP001
twophase_RuleBased_mid,RuleBased,mid,0.1,0.2,4,46,eval,25,-201.9089,0,0,1,110,0,,,0,0,5.6575,9,27,L02,L02_WP001
twophase_RuleBased_mid,RuleBased,mid,0.1,0.2,4,46,eval,26,-220.4058,0,0,1,110,0,,,0,0,6.0713,53,23,L08,L08_WP001
twophase_RuleBased_mid,RuleBased,mid,0.1,0.2,4,46,eval,27,-202.0265,0,0,1,110,0,,,0,0,6.0176,10,30,L02,L02_WP001
twophase_RuleBased_mid,RuleBased,mid,0.1,0.2,4,46,eval,28,-201.873,0,0,1,110,0,,,0,0,5.7905,10,22,L02,L02_WP001
twophase_RuleBased_mid,RuleBased,mid,0.1,0.2,4,46,eval,29,-201.907,0,0,1,110,0,,,0,0,5.968,7,26,L02,L02_WP001
twophase_RuleBased_mid,RuleBased,mid,0.1,0.2,4,46,eval,30,-220.498,0,0,1,110,0,,,0,0,6.053,48,28,L08,L08_WP001
twophase_RuleBased_mid,RuleBased,mid,0.1,0.2,5,47,eval,1,-98.699,0,1,2,110,0,27,9.9239,1,1,137.544,31,22,L02,L02_WP001
twophase_RuleBased_mid,RuleBased,mid,0.1,0.2,5,47,eval,2,-186.3437,0,0,1,110,0,,,0,0,5.7005,46,20,L08,L08_WP001
twophase_RuleBased_mid,RuleBased,mid,0.1,0.2,5,47,eval,3,-51.8534,0,1,2,110,0,27,1.4261,1,1,137.6532,30,18,L02,L02_WP001
twophase_RuleBased_mid,RuleBased,mid,0.1,0.2,5,47,eval,4,-146.1395,0,0,1,110,0,,,0,0,5.5983,36,18,L08,L08_WP001
twophase_RuleBased_mid,RuleBased,mid,0.1,0.2,5,47,eval,5,-146.435,0,0,1,110,0,,,0,0,5.7891,41,19,L08,L08_WP001
twophase_RuleBased_mid,RuleBased,mid,0.1,0.2,5,47,eval,6,277.3881,1,1,2,54,0,27,5.2524,1,1,6.0069,19,10,L02,L02_WP001
twophase_RuleBased_mid,RuleBased,mid,0.1,0.2,5,47,eval,7,-106.1022,0,0,1,110,0,,,0,0,5.7471,38,27,L08,L08_WP001
twophase_RuleBased_mid,RuleBased,mid,0.1,0.2,5,47,eval,8,-106.1878,0,0,1,110,0,,,0,0,5.7968,50,21,L08,L08_WP001
twophase_RuleBased_mid,RuleBased,mid,0.1,0.2,5,47,eval,9,309.4838,1,1,2,54,0,27,0.1711,2,1,5.8775,13,14,L02,L02_WP001
twophase_RuleBased_mid,RuleBased,mid,0.1,0.2,5,47,eval,10,-66.3071,0,0,1,110,0,,,0,0,5.6433,35,22,L08,L08_WP001
twophase_RuleBased_mid,RuleBased,mid,0.1,0.2,5,47,eval,11,-66.612,0,0,1,110,0,,,0,0,6.0937,53,26,L08,L08_WP001
twophase_RuleBased_mid,RuleBased,mid,0.1,0.2,5,47,eval,12,341.4601,1,1,2,54,0,27,8.7996,2,1,6.3423,22,11,L02,L02_WP001
twophase_RuleBased_mid,RuleBased,mid,0.1,0.2,5,47,eval,13,-26.5665,0,0,1,110,0,,,0,0,6.1056,46,19,L08,L08_WP001
twophase_RuleBased_mid,RuleBased,mid,0.1,0.2,5,47,eval,14,-26.6054,0,0,1,110,0,,,0,0,5.9821,47,18,L08,L08_WP001
twophase_RuleBased_mid,RuleBased,mid,0.1,0.2,5,47,eval,15,105.0319,0,1,2,110,0,27,5.034,1,1,137.7329,31,21,L02,L02_WP001
twophase_RuleBased_mid,RuleBased,mid,0.1,0.2,5,47,eval,16,13.8556,0,0,1,110,0,,,0,0,5.608,39,18,L08,L08_WP001
twophase_RuleBased_mid,RuleBased,mid,0.1,0.2,5,47,eval,17,13.4021,0,0,1,110,0,,,0,0,6.094,48,19,L08,L08_WP001
twophase_RuleBased_mid,RuleBased,mid,0.1,0.2,5,47,eval,18,13.4884,0,0,1,110,0,,,0,0,5.8351,49,19,L08,L08_WP001
twophase_RuleBased_mid,RuleBased,mid,0.1,0.2,5,47,eval,19,13.7784,0,0,1,110,0,,,0,0,5.6581,41,24,L08,L08_WP001
twophase_RuleBased_mid,RuleBased,mid,0.1,0.2,5,47,eval,20,148.3707,0,1,2,110,0,27,0.9904,1,1,137.3852,34,23,L02,L02_WP001
twophase_RuleBased_mid,RuleBased,mid,0.1,0.2,5,47,eval,21,204.2634,0,1,2,110,0,27,12.2278,0,0,137.6654,32,32,L02,L02_WP001
twophase_RuleBased_mid,RuleBased,mid,0.1,0.2,5,47,eval,22,93.5894,0,0,1,110,0,,,0,0,6.3024,57,30,L08,L08_WP001
twophase_RuleBased_mid,RuleBased,mid,0.1,0.2,5,47,eval,23,506.1557,1,1,2,54,0,27,1.5272,2,1,6.1725,22,11,L02,L02_WP001
twophase_RuleBased_mid,RuleBased,mid,0.1,0.2,5,47,eval,24,566.1044,1,1,2,54,0,27,5.6064,1,1,6.2452,16,12,L02,L02_WP001
twophase_RuleBased_mid,RuleBased,mid,0.1,0.2,5,47,eval,25,173.2344,0,0,1,110,0,,,0,0,6.2187,52,24,L08,L08_WP001
twophase_RuleBased_mid,RuleBased,mid,0.1,0.2,5,47,eval,26,329.6626,0,1,2,110,0,27,5.9648,0,0,137.367,17,19,L02,L02_WP001
twophase_RuleBased_mid,RuleBased,mid,0.1,0.2,5,47,eval,27,348.9707,0,1,2,110,0,27,0.4856,1,1,137.3109,36,18,L02,L02_WP001
twophase_RuleBased_mid,RuleBased,mid,0.1,0.2,5,47,eval,28,253.337,0,0,1,110,0,,,0,0,6.0962,52,28,L08,L08_WP001
twophase_RuleBased_mid,RuleBased,mid,0.1,0.2,5,47,eval,29,253.4925,0,0,1,110,0,,,0,0,5.8778,47,17,L08,L08_WP001
twophase_RuleBased_mid,RuleBased,mid,0.1,0.2,5,47,eval,30,383.0808,0,1,2,110,0,27,7.5171,1,1,137.5339,27,21,L02,L02_WP001
twophase_RuleBased_mid,RuleBased,mid,0.1,0.2,6,48,eval,1,180.6674,1,1,2,54,0,27,0.7869,2,1,5.8724,16,9,L02,L02_WP001
twophase_RuleBased_mid,RuleBased,mid,0.1,0.2,6,48,eval,2,-82.257,0,1,2,110,0,27,1.2722,1,1,213.0671,48,18,L02,L02_WP001
twophase_RuleBased_mid,RuleBased,mid,0.1,0.2,6,48,eval,3,209.0033,1,1,2,52,0,25,2.9241,4,1,6.3998,20,10,L08,L08_WP001
twophase_RuleBased_mid,RuleBased,mid,0.1,0.2,6,48,eval,4,278.3113,1,1,2,52,0,25,5.4542,3,1,5.8329,14,14,L08,L08_WP001
twophase_RuleBased_mid,RuleBased,mid,0.1,0.2,6,48,eval,5,297.5597,1,1,2,52,0,25,1.8024,4,1,5.9635,20,5,L08,L08_WP001
twophase_RuleBased_mid,RuleBased,mid,0.1,0.2,6,48,eval,6,22.3773,0,1,2,110,0,25,0.2053,3,1,218.5344,43,27,L08,L08_WP001
twophase_RuleBased_mid,RuleBased,mid,0.1,0.2,6,48,eval,7,61.2143,0,1,2,110,0,25,1.8093,3,1,218.0717,50,21,L08,L08_WP001
twophase_RuleBased_mid,RuleBased,mid,0.1,0.2,6,48,eval,8,127.1583,0,1,2,110,0,25,0.1879,2,1,218.5299,43,28,L08,L08_WP001
twophase_RuleBased_mid,RuleBased,mid,0.1,0.2,6,48,eval,9,167.1013,0,1,2,110,0,25,1.0081,2,1,218.3317,29,24,L08,L08_WP001
twophase_RuleBased_mid,RuleBased,mid,0.1,0.2,6,48,eval,10,497.6089,1,1,2,52,0,25,1.4284,4,1,5.8215,12,12,L08,L08_WP001
twophase_RuleBased_mid,RuleBased,mid,0.1,0.2,6,48,eval,11,606.2013,1,1,2,54,0,27,9.0572,1,1,6.099,24,14,L02,L02_WP001
twophase_RuleBased_mid,RuleBased,mid,0.1,0.2,6,48,eval,12,257.7277,0,1,2,110,0,25,6.2852,3,1,218.2138,49,19,L08,L08_WP001
twophase_RuleBased_mid,RuleBased,mid,0.1,0.2,6,48,eval,13,298.2902,0,1,2,110,0,25,5.3733,3,1,218.2133,49,19,L08,L08_WP001
twophase_RuleBased_mid,RuleBased,mid,0.1,0.2,6,48,eval,14,671.2488,1,1,2,52,0,25,2.461,3,1,6.3404,23,12,L08,L08_WP001
twophase_RuleBased_mid,RuleBased,mid,0.1,0.2,6,48,eval,15,432.3407,0,1,2,110,0,25,0.5697,1,1,217.9883,47,24,L08,L08_WP001
twophase_RuleBased_mid,RuleBased,mid,0.1,0.2,6,48,eval,16,778.6362,1,1,2,54,0,27,5.2674,2,1,6.7138,25,10,L02,L02_WP001
twophase_RuleBased_mid,RuleBased,mid,0.1,0.2,6,48,eval,17,514.0617,0,1,2,110,0,27,5.6103,1,1,213.4828,46,18,L02,L02_WP001
twophase_RuleBased_mid,RuleBased,mid,0.1,0.2,6,48,eval,18,861.8577,1,1,2,54,0,27,6.243,2,1,6.0774,24,9,L02,L02_WP001
twophase_RuleBased_mid,RuleBased,mid,0.1,0.2,6,48,eval,19,881.533,1,1,2,52,0,25,3.3442,3,1,5.8365,17,6,L08,L08_WP001
twophase_RuleBased_mid,RuleBased,mid,0.1,0.2,6,48,eval,20,946.7684,1,1,2,54,0,27,3.0242,2,1,5.7752,17,10,L02,L02_WP001
twophase_RuleBased_mid,RuleBased,mid,0.1,0.2,6,48,eval,21,974.9177,1,1,2,54,0,27,11.3931,2,1,6.4451,23,4,L02,L02_WP001
twophase_RuleBased_mid,RuleBased,mid,0.1,0.2,6,48,eval,22,1021.3318,1,1,2,52,0,25,3.003,2,1,6.0519,16,9,L08,L08_WP001
twophase_RuleBased_mid,RuleBased,mid,0.1,0.2,6,48,eval,23,752.9344,0,1,2,110,0,27,7.344,1,1,213.0761,52,18,L02,L02_WP001
twophase_RuleBased_mid,RuleBased,mid,0.1,0.2,6,48,eval,24,795.696,0,1,2,110,0,27,3.7402,1,1,213.3246,57,21,L02,L02_WP001
twophase_RuleBased_mid,RuleBased,mid,0.1,0.2,6,48,eval,25,807.5486,0,1,2,110,0,25,0.1111,2,1,218.5357,46,17,L08,L08_WP001
twophase_RuleBased_mid,RuleBased,mid,0.1,0.2,6,48,eval,26,821.762,0,1,2,110,0,25,0.9543,3,1,219.0694,49,27,L08,L08_WP001
twophase_RuleBased_mid,RuleBased,mid,0.1,0.2,6,48,eval,27,908.497,0,1,2,110,0,25,5.1397,1,1,218.3363,49,20,L08,L08_WP001
twophase_RuleBased_mid,RuleBased,mid,0.1,0.2,6,48,eval,28,925.7892,0,1,2,110,0,25,2.0378,2,1,218.4126,47,24,L08,L08_WP001
twophase_RuleBased_mid,RuleBased,mid,0.1,0.2,6,48,eval,29,1304.002,1,1,2,54,0,27,2.5222,2,1,6.2091,21,12,L02,L02_WP001
twophase_RuleBased_mid,RuleBased,mid,0.1,0.2,6,48,eval,30,1344.9736,1,1,2,54,0,27,3.2568,2,1,6.4534,22,15,L02,L02_WP001
twophase_RuleBased_mid,RuleBased,mid,0.1,0.2,7,49,eval,1,-62.3512,0,1,2,110,0,27,3.7279,0,0,185.6205,41,18,L02,L02_WP001
twophase_RuleBased_mid,RuleBased,mid,0.1,0.2,7,49,eval,2,273.3732,1,1,2,54,0,27,3.2317,0,0,5.9095,21,11,L02,L02_WP001
twophase_RuleBased_mid,RuleBased,mid,0.1,0.2,7,49,eval,3,-153.434,0,0,1,110,0,,,1,1,6.1517,7,21,L08,L08_WP001
twophase_RuleBased_mid,RuleBased,mid,0.1,0.2,7,49,eval,4,16.953,0,1,2,110,0,27,0.2318,0,0,186.1651,40,16,L02,L02_WP001
twophase_RuleBased_mid,RuleBased,mid,0.1,0.2,7,49,eval,5,-138.2474,0,0,1,110,0,,,2,1,5.7892,4,18,L08,L08_WP001
twophase_RuleBased_mid,RuleBased,mid,0.1,0.2,7,49,eval,6,355.7482,1,1,2,54,0,27,0.3109,0,0,5.6968,16,7,L02,L02_WP001
twophase_RuleBased_mid,RuleBased,mid,0.1,0.2,7,49,eval,7,97.8616,0,1,2,110,0,27,3.3925,0,0,185.5149,38,18,L02,L02_WP001
twophase_RuleBased_mid,RuleBased,mid,0.1,0.2,7,49,eval,8,139.4364,0,1,2,110,0,27,1.478,0,0,185.7899,36,20,L02,L02_WP001
twophase_RuleBased_mid,RuleBased,mid,0.1,0.2,7,49,eval,9,172.8383,0,1,2,110,0,27,5.657,0,0,185.9397,32,28,L02,L02_WP001
twophase_RuleBased_mid,RuleBased,mid,0.1,0.2,7,49,eval,10,21.5523,0,0,1,110,0,,,2,1,6.3354,9,18,L08,L08_WP001
twophase_RuleBased_mid,RuleBased,mid,0.1,0.2,7,49,eval,11,21.6203,0,0,1,110,0,,,2,1,5.7532,6,25,L08,L08_WP001
twophase_RuleBased_mid,RuleBased,mid,0.1,0.2,7,49,eval,12,210.9704,0,1,2,110,0,27,11.8923,0,0,185.7107,36,20,L02,L02_WP001
twophase_RuleBased_mid,RuleBased,mid,0.1,0.2,7,49,eval,13,552.4837,1,1,2,54,0,27,7.5006,0,0,6.005,13,14,L02,L02_WP001
twophase_RuleBased_mid,RuleBased,mid,0.1,0.2,7,49,eval,14,297.1048,0,1,2,110,0,27,4.5685,0,0,185.4685,30,24,L02,L02_WP001
twophase_RuleBased_mid,RuleBased,mid,0.1,0.2,7,49,eval,15,626.5895,1,1,2,54,0,27,7.8046,0,0,5.9161,16,11,L02,L02_WP001
twophase_RuleBased_mid,RuleBased,mid,0.1,0.2,7,49,eval,16,672.2091,1,1,2,54,0,27,6.226,0,0,5.68,17,11,L02,L02_WP001
twophase_RuleBased_mid,RuleBased,mid,0.1,0.2,7,49,eval,17,221.5999,0,0,1,110,0,,,2,1,5.982,7,22,L08,L08_WP001
twophase_RuleBased_mid,RuleBased,mid,0.1,0.2,7,49,eval,18,246.9695,0,0,1,110,0,,,1,1,5.6293,5,23,L08,L08_WP001
twophase_RuleBased_mid,RuleBased,mid,0.1,0.2,7,49,eval,19,708.4826,1,1,2,54,0,27,9.1495,0,0,5.733,16,9,L02,L02_WP001
twophase_RuleBased_mid,RuleBased,mid,0.1,0.2,7,49,eval,20,445.1628,0,1,2,110,0,27,4.3691,0,0,204.0482,47,26,L02,L02_WP001
twophase_RuleBased_mid,RuleBased,mid,0.1,0.2,7,49,eval,21,483.3203,0,1,2,110,0,27,10.45,0,0,188.3468,38,26,L02,L02_WP001
twophase_RuleBased_mid,RuleBased,mid,0.1,0.2,7,49,eval,22,539.9682,0,1,2,110,0,27,1.109,0,0,185.402,30,24,L02,L02_WP001
twophase_RuleBased_mid,RuleBased,mid,0.1,0.2,7,49,eval,23,875.9168,1,1,2,54,0,27,2.3519,0,0,6.1873,20,7,L02,L02_WP001
twophase_RuleBased_mid,RuleBased,mid,0.1,0.2,7,49,eval,24,617.9727,0,1,2,110,0,27,3.4555,0,0,185.9675,31,20,L02,L02_WP001
twophase_RuleBased_mid,RuleBased,mid,0.1,0.2,7,49,eval,25,461.452,0,0,1,110,0,,,2,1,6.1749,9,24,L08,L08_WP001
twophase_RuleBased_mid,RuleBased,mid,0.1,0.2,7,49,eval,26,461.8787,0,0,1,110,0,,,2,1,5.6465,5,19,L08,L08_WP001
twophase_RuleBased_mid,RuleBased,mid,0.1,0.2,7,49,eval,27,486.6754,0,0,1,110,0,,,1,1,5.6417,7,24,L08,L08_WP001
twophase_RuleBased_mid,RuleBased,mid,0.1,0.2,7,49,eval,28,948.2677,1,1,2,54,0,27,6.5176,0,0,6.0293,17,12,L02,L02_WP001
twophase_RuleBased_mid,RuleBased,mid,0.1,0.2,7,49,eval,29,501.643,0,0,1,110,0,,,2,1,5.9935,3,20,L08,L08_WP001
twophase_RuleBased_mid,RuleBased,mid,0.1,0.2,7,49,eval,30,526.3786,0,0,1,110,0,,,1,1,6.0955,9,13,L08,L08_WP001
twophase_RuleBased_harsh,RuleBased,harsh,0.25,0.4,0,42,eval,1,-227.4886,0,0,1,110,0,,,1,1,13.5958,32,42,L02,L02_WP001
twophase_RuleBased_harsh,RuleBased,harsh,0.25,0.4,0,42,eval,2,-227.2092,0,0,1,110,0,,,1,1,13.2916,25,36,L02,L02_WP001
twophase_RuleBased_harsh,RuleBased,harsh,0.25,0.4,0,42,eval,3,-226.0801,0,0,1,110,0,,,1,1,12.6074,23,51,L02,L02_WP001
twophase_RuleBased_harsh,RuleBased,harsh,0.25,0.4,0,42,eval,4,-189.1535,0,1,2,110,0,25,13.3701,4,1,213.0813,139,40,L08,L08_WP001
twophase_RuleBased_harsh,RuleBased,harsh,0.25,0.4,0,42,eval,5,238.2706,1,1,2,50,0,25,1.6304,1,1,13.071,46,19,L08,L08_WP001
twophase_RuleBased_harsh,RuleBased,harsh,0.25,0.4,0,42,eval,6,-146.6732,0,0,1,110,0,,,1,1,13.2873,26,41,L02,L02_WP001
twophase_RuleBased_harsh,RuleBased,harsh,0.25,0.4,0,42,eval,7,-147.5565,0,0,1,110,0,,,1,1,12.9176,30,46,L02,L02_WP001
twophase_RuleBased_harsh,RuleBased,harsh,0.25,0.4,0,42,eval,8,-132.4385,0,1,2,110,0,25,9.2855,5,1,212.1285,132,49,L08,L08_WP001
twophase_RuleBased_harsh,RuleBased,harsh,0.25,0.4,0,42,eval,9,-106.7446,0,0,1,110,0,,,1,1,13.134,23,51,L02,L02_WP001
twophase_RuleBased_harsh,RuleBased,harsh,0.25,0.4,0,42,eval,10,253.8761,1,1,2,50,0,25,11.6717,3,1,14.4224,57,22,L08,L08_WP001
twophase_RuleBased_harsh,RuleBased,harsh,0.25,0.4,0,42,eval,11,-66.6779,0,0,1,110,0,,,1,1,12.8735,31,37,L02,L02_WP001
twophase_RuleBased_harsh,RuleBased,harsh,0.25,0.4,0,42,eval,12,-3.9787,0,1,2,110,0,25,7.363,3,1,212.7041,143,39,L08,L08_WP001
twophase_RuleBased_harsh,RuleBased,harsh,0.25,0.4,0,42,eval,13,324.7483,1,1,2,50,0,25,8.7782,4,1,12.2801,42,19,L08,L08_WP001
twophase_RuleBased_harsh,RuleBased,harsh,0.25,0.4,0,42,eval,14,81.6007,0,1,2,110,0,25,10.1532,3,1,211.5404,130,41,L08,L08_WP001
twophase_RuleBased_harsh,RuleBased,harsh,0.25,0.4,0,42,eval,15,52.6901,0,0,1,110,0,,,1,1,13.3766,26,40,L02,L02_WP001
twophase_RuleBased_harsh,RuleBased,harsh,0.25,0.4,0,42,eval,16,53.3562,0,0,1,110,0,,,1,1,12.5616,27,47,L02,L02_WP001
twophase_RuleBased_harsh,RuleBased,harsh,0.25,0.4,0,42,eval,17,52.5311,0,0,1,110,0,,,1,1,14.1263,29,40,L02,L02_WP001
twophase_RuleBased_harsh,RuleBased,harsh,0.25,0.4,0,42,eval,18,53.0913,0,0,1,110,0,,,1,1,12.5339,28,36,L02,L02_WP001
twophase_RuleBased_harsh,RuleBased,harsh,0.25,0.4,0,42,eval,19,96.784,0,1,2,110,0,25,2.5304,4,1,212.8155,138,44,L08,L08_WP001
twophase_RuleBased_harsh,RuleBased,harsh,0.25,0.4,0,42,eval,20,469.5272,1,1,2,50,0,25,1.0128,3,1,12.4717,50,22,L08,L08_WP001
twophase_RuleBased_harsh,RuleBased,harsh,0.25,0.4,0,42,eval,21,133.3839,0,0,1,110,0,,,1,1,12.7259,26,41,L02,L02_WP001
twophase_RuleBased_harsh,RuleBased,harsh,0.25,0.4,0,42,eval,22,132.8895,0,0,1,110,0,,,1,1,13.1163,28,49,L02,L02_WP001
twophase_RuleBased_harsh,RuleBased,harsh,0.25,0.4,0,42,eval,23,132.5843,0,0,1,110,0,,,1,1,13.6087,29,49,L02,L02_WP001
twophase_RuleBased_harsh,RuleBased,harsh,0.25,0.4,0,42,eval,24,462.7192,1,1,2,50,0,25,13.1464,5,1,11.7217,46,13,L08,L08_WP001
twophase_RuleBased_harsh,RuleBased,harsh,0.25,0.4,0,42,eval,25,212.4671,0,1,2,110,0,25,11.187,4,1,213.44,138,37,L08,L08_WP001
twophase_RuleBased_harsh,RuleBased,harsh,0.25,0.4,0,42,eval,26,589.4929,1,1,2,50,0,25,8.8107,3,1,13.7047,50,21,L08,L08_WP001
twophase_RuleBased_harsh,RuleBased,harsh,0.25,0.4,0,42,eval,27,253.6017,0,0,1,110,0,,,1,1,12.1895,24,50,L02,L02_WP001
twophase_RuleBased_harsh,RuleBased,harsh,0.25,0.4,0,42,eval,28,253.2883,0,0,1,110,0,,,1,1,12.988,29,44,L02,L02_WP001
twophase_RuleBased_harsh,RuleBased,harsh,0.25,0.4,0,42,eval,29,309.4093,0,1,2,110,0,25,14.0991,3,1,214.5659,150,43,L08,L08_WP001
twophase_RuleBased_harsh,RuleBased,harsh,0.25,0.4,0,42,eval,30,340.5795,0,1,2,110,0,25,1.1357,4,1,213.7222,141,47,L08,L08_WP001
twophase_RuleBased_harsh,RuleBased,harsh,0.25,0.4,1,43,eval,1,-205.565,0,0,1,110,0,,,0,0,12.9714,27,45,L02,L02_WP001
twophase_RuleBased_harsh,RuleBased,harsh,0.25,0.4,1,43,eval,2,-799.6063,0,0,1,110,0,,,23,1,13.2302,145,44,L08,L08_WP001
twophase_RuleBased_harsh,RuleBased,harsh,0.25,0.4,1,43,eval,3,-699.328,0,0,1,110,0,,,19,1,12.9601,138,38,L08,L08_WP001
twophase_RuleBased_harsh,RuleBased,harsh,0.25,0.4,1,43,eval,4,-204.8234,0,0,1,110,0,,,0,0,12.5894,25,45,L02,L02_WP001
twophase_RuleBased_harsh,RuleBased,harsh,0.25,0.4,1,43,eval,5,-824.405,0,0,1,110,0,,,24,1,13.0251,150,37,L08,L08_WP001
twophase_RuleBased_harsh,RuleBased,harsh,0.25,0.4,1,43,eval,6,-699.6309,0,0,1,110,0,,,19,1,12.9894,143,49,L08,L08_WP001
twophase_RuleBased_harsh,RuleBased,harsh,0.25,0.4,1,43,eval,7,-230.7205,0,0,1,110,0,,,1,1,14.1766,27,44,L02,L02_WP001
twophase_RuleBased_harsh,RuleBased,harsh,0.25,0.4,1,43,eval,8,-230.169,0,0,1,110,0,,,1,1,12.7643,25,41,L02,L02_WP001
twophase_RuleBased_harsh,RuleBased,harsh,0.25,0.4,1,43,eval,9,-205.0649,0,0,1,110,0,,,0,0,12.9686,30,47,L02,L02_WP001
twophase_RuleBased_harsh,RuleBased,harsh,0.25,0.4,1,43,eval,10,-205.2955,0,0,1,110,0,,,0,0,12.9219,27,44,L02,L02_WP001
twophase_RuleBased_harsh,RuleBased,harsh,0.25,0.4,1,43,eval,11,-230.2848,0,0,1,110,0,,,1,1,12.8451,28,47,L02,L02_WP001
twophase_RuleBased_harsh,RuleBased,harsh,0.25,0.4,1,43,eval,12,-750.1348,0,0,1,110,0,,,21,1,14.0758,161,45,L08,L08_WP001
twophase_RuleBased_harsh,RuleBased,harsh,0.25,0.4,1,43,eval,13,-230.7696,0,0,1,110,0,,,1,1,13.6064,29,47,L02,L02_WP001
twophase_RuleBased_harsh,RuleBased,harsh,0.25,0.4,1,43,eval,14,-205.3834,0,0,1,110,0,,,0,0,13.2456,27,44,L02,L02_WP001
twophase_RuleBased_harsh,RuleBased,harsh,0.25,0.4,1,43,eval,15,-750.0838,0,0,1,110,0,,,21,1,13.7938,147,44,L08,L08_WP001
twophase_RuleBased_harsh,RuleBased,harsh,0.25,0.4,1,43,eval,16,-230.407,0,0,1,110,0,,,1,1,12.9928,28,46,L02,L02_WP001
twophase_RuleBased_harsh,RuleBased,harsh,0.25,0.4,1,43,eval,17,-229.973,0,0,1,110,0,,,1,1,12.5843,23,42,L02,L02_WP001
twophase_RuleBased_harsh,RuleBased,harsh,0.25,0.4,1,43,eval,18,-624.5782,0,0,1,110,0,,,16,1,13.1551,145,47,L08,L08_WP001
twophase_RuleBased_harsh,RuleBased,harsh,0.25,0.4,1,43,eval,19,-799.408,0,0,1,110,0,,,23,1,12.7244,142,43,L08,L08_WP001
twophase_RuleBased_harsh,RuleBased,harsh,0.25,0.4,1,43,eval,20,-775.0086,0,0,1,110,0,,,22,1,14.1801,162,48,L08,L08_WP001
twophase_RuleBased_harsh,RuleBased,harsh,0.25,0.4,1,43,eval,21,-699.3179,0,0,1,110,0,,,19,1,13.5284,145,42,L08,L08_WP001
twophase_RuleBased_harsh,RuleBased,harsh,0.25,0.4,1,43,eval,22,-230.6375,0,0,1,110,0,,,1,1,13.7957,30,61,L02,L02_WP001
twophase_RuleBased_harsh,RuleBased,harsh,0.25,0.4,1,43,eval,23,-205.2175,0,0,1,110,0,,,0,0,12.8908,27,46,L02,L02_WP001
twophase_RuleBased_harsh,RuleBased,harsh,0.25,0.4,1,43,eval,24,-230.5505,0,0,1,110,0,,,1,1,12.5859,32,51,L02,L02_WP001
twophase_RuleBased_harsh,RuleBased,harsh,0.25,0.4,1,43,eval,25,-774.736,0,0,1,110,0,,,22,1,13.7412,145,47,L08,L08_WP001
twophase_RuleBased_harsh,RuleBased,harsh,0.25,0.4,1,43,eval,26,-774.609,0,0,1,110,0,,,22,1,13.1782,153,43,L08,L08_WP001
twophase_RuleBased_harsh,RuleBased,harsh,0.25,0.4,1,43,eval,27,-899.4388,0,0,1,110,0,,,27,1,13.1632,152,39,L08,L08_WP001
twophase_RuleBased_harsh,RuleBased,harsh,0.25,0.4,1,43,eval,28,-230.4279,0,0,1,110,0,,,1,1,12.5753,29,40,L02,L02_WP001
twophase_RuleBased_harsh,RuleBased,harsh,0.25,0.4,1,43,eval,29,-774.3979,0,0,1,110,0,,,22,1,13.0944,152,46,L08,L08_WP001
twophase_RuleBased_harsh,RuleBased,harsh,0.25,0.4,1,43,eval,30,-875.2384,0,0,1,110,0,,,26,1,14.1265,159,34,L08,L08_WP001
twophase_RuleBased_harsh,RuleBased,harsh,0.25,0.4,2,44,eval,1,-221.0874,0,0,1,110,0,,,0,0,13.2455,24,45,L08,L08_WP001
twophase_RuleBased_harsh,RuleBased,harsh,0.25,0.4,2,44,eval,2,-217.4437,0,1,2,110,0,27,10.1269,6,1,192.7228,134,47,L02,L02_WP001
twophase_RuleBased_harsh,RuleBased,harsh,0.25,0.4,2,44,eval,3,-181.6161,0,0,1,110,0,,,0,0,13.7219,27,44,L08,L08_WP001
twophase_RuleBased_harsh,RuleBased,harsh,0.25,0.4,2,44,eval,4,158.5132,1,1,2,54,0,27,16.5716,4,1,12.3557,50,24,L02,L02_WP001
twophase_RuleBased_harsh,RuleBased,harsh,0.25,0.4,2,44,eval,5,-99.8119,0,1,2,110,0,27,36.5328,4,1,193.4242,136,43,L02,L02_WP001
twophase_RuleBased_harsh,RuleBased,harsh,0.25,0.4,2,44,eval,6,-102.2435,0,0,1,110,0,,,0,0,14.5707,31,47,L08,L08_WP001
twophase_RuleBased_harsh,RuleBased,harsh,0.25,0.4,2,44,eval,7,272.1954,1,1,2,54,0,27,2.1505,3,1,13.1135,63,24,L02,L02_WP001
twophase_RuleBased_harsh,RuleBased,harsh,0.25,0.4,2,44,eval,8,309.0951,1,1,2,54,0,27,5.9652,3,1,13.3537,55,21,L02,L02_WP001
twophase_RuleBased_harsh,RuleBased,harsh,0.25,0.4,2,44,eval,9,315.7704,1,1,2,54,0,27,13.985,4,1,13.4312,62,21,L02,L02_WP001
twophase_RuleBased_harsh,RuleBased,harsh,0.25,0.4,2,44,eval,10,19.1086,0,0,1,110,0,,,0,0,13.1482,23,44,L08,L08_WP001
twophase_RuleBased_harsh,RuleBased,harsh,0.25,0.4,2,44,eval,11,381.7623,1,1,2,54,0,27,12.4608,3,1,13.3807,57,27,L02,L02_WP001
twophase_RuleBased_harsh,RuleBased,harsh,0.25,0.4,2,44,eval,12,59.2171,0,0,1,110,0,,,0,0,13.077,23,46,L08,L08_WP001
twophase_RuleBased_harsh,RuleBased,harsh,0.25,0.4,2,44,eval,13,384.5793,1,1,2,54,0,27,7.5217,5,1,13.72,56,25,L02,L02_WP001
twophase_RuleBased_harsh,RuleBased,harsh,0.25,0.4,2,44,eval,14,180.5536,0,1,2,110,0,27,5.7557,3,1,193.6355,134,52,L02,L02_WP001
twophase_RuleBased_harsh,RuleBased,harsh,0.25,0.4,2,44,eval,15,138.3077,0,0,1,110,0,,,0,0,13.8974,26,42,L08,L08_WP001
twophase_RuleBased_harsh,RuleBased,harsh,0.25,0.4,2,44,eval,16,457.405,1,1,2,54,0,27,28.1248,4,1,14.022,55,25,L02,L02_WP001
twophase_RuleBased_harsh,RuleBased,harsh,0.25,0.4,2,44,eval,17,540.581,1,1,2,54,0,27,16.3811,3,1,12.6103,51,19,L02,L02_WP001
twophase_RuleBased_harsh,RuleBased,harsh,0.25,0.4,2,44,eval,18,567.8121,1,1,2,54,0,27,7.0205,4,1,15.11,59,22,L02,L02_WP001
twophase_RuleBased_harsh,RuleBased,harsh,0.25,0.4,2,44,eval,19,576.1728,1,1,2,54,0,27,17.6253,5,1,12.9536,51,22,L02,L02_WP001
twophase_RuleBased_harsh,RuleBased,harsh,0.25,0.4,2,44,eval,20,661.9194,1,1,2,54,0,27,21.1077,3,1,14.045,64,24,L02,L02_WP001
twophase_RuleBased_harsh,RuleBased,harsh,0.25,0.4,2,44,eval,21,339.0157,0,0,1,110,0,,,0,0,13.0907,27,41,L08,L08_WP001
twophase_RuleBased_harsh,RuleBased,harsh,0.25,0.4,2,44,eval,22,339.8334,0,0,1,110,0,,,0,0,12.3854,18,44,L08,L08_WP001
twophase_RuleBased_harsh,RuleBased,harsh,0.25,0.4,2,44,eval,23,338.9283,0,0,1,110,0,,,0,0,13.3167,21,35,L08,L08_WP001
twophase_RuleBased_harsh,RuleBased,harsh,0.25,0.4,2,44,eval,24,338.551,0,0,1,110,0,,,0,0,13.6244,25,45,L08,L08_WP001
twophase_RuleBased_harsh,RuleBased,harsh,0.25,0.4,2,44,eval,25,338.6851,0,0,1,110,0,,,0,0,13.0183,25,47,L08,L08_WP001
twophase_RuleBased_harsh,RuleBased,harsh,0.25,0.4,2,44,eval,26,680.9968,1,1,2,54,0,27,15.1815,4,1,12.8926,50,14,L02,L02_WP001
twophase_RuleBased_harsh,RuleBased,harsh,0.25,0.4,2,44,eval,27,379.0698,0,0,1,110,0,,,0,0,12.8234,27,39,L08,L08_WP001
twophase_RuleBased_harsh,RuleBased,harsh,0.25,0.4,2,44,eval,28,430.5801,0,1,2,110,0,27,12.8478,4,1,191.8142,128,38,L02,L02_WP001
twophase_RuleBased_harsh,RuleBased,harsh,0.25,0.4,2,44,eval,29,418.4871,0,0,1,110,0,,,0,0,14.2475,27,47,L08,L08_WP001
twophase_RuleBased_harsh,RuleBased,harsh,0.25,0.4,2,44,eval,30,418.4987,0,0,1,110,0,,,0,0,13.666,24,43,L08,L08_WP001
twophase_RuleBased_harsh,RuleBased,harsh,0.25,0.4,3,45,eval,1,-230.1832,0,0,1,110,0,,,0,0,13.2246,135,40,L08,L08_WP001
twophase_RuleBased_harsh,RuleBased,harsh,0.25,0.4,3,45,eval,2,-231.1477,0,0,1,110,0,,,0,0,13.4387,148,44,L08,L08_WP001
twophase_RuleBased_harsh,RuleBased,harsh,0.25,0.4,3,45,eval,3,-231.0298,0,0,1,110,0,,,0,0,13.8795,152,42,L08,L08_WP001
twophase_RuleBased_harsh,RuleBased,harsh,0.25,0.4,3,45,eval,4,-230.7545,0,0,1,110,0,,,0,0,13.5047,150,46,L08,L08_WP001
twophase_RuleBased_harsh,RuleBased,harsh,0.25,0.4,3,45,eval,5,-109.3683,0,1,2,110,0,27,18.7628,1,1,148.0007,105,33,L02,L02_WP001
twophase_RuleBased_harsh,RuleBased,harsh,0.25,0.4,3,45,eval,6,-190.555,0,0,1,110,0,,,0,0,12.8874,146,54,L08,L08_WP001
twophase_RuleBased_harsh,RuleBased,harsh,0.25,0.4,3,45,eval,7,-190.9553,0,0,1,110,0,,,0,0,14.0613,157,32,L08,L08_WP001
twophase_RuleBased_harsh,RuleBased,harsh,0.25,0.4,3,45,eval,8,-191.1043,0,0,1,110,0,,,0,0,12.8758,143,41,L08,L08_WP001
twophase_RuleBased_harsh,RuleBased,harsh,0.25,0.4,3,45,eval,9,204.5846,1,1,2,54,0,27,3.8673,2,1,13.2473,55,27,L02,L02_WP001
twophase_RuleBased_harsh,RuleBased,harsh,0.25,0.4,3,45,eval,10,-151.0979,0,0,1,110,0,,,0,0,13.6947,149,39,L08,L08_WP001
twophase_RuleBased_harsh,RuleBased,harsh,0.25,0.4,3,45,eval,11,-20.96,0,1,2,110,0,27,8.2252,1,1,148.9102,105,43,L02,L02_WP001
twophase_RuleBased_harsh,RuleBased,harsh,0.25,0.4,3,45,eval,12,-110.6935,0,0,1,110,0,,,0,0,13.5884,159,49,L08,L08_WP001
twophase_RuleBased_harsh,RuleBased,harsh,0.25,0.4,3,45,eval,13,319.5616,1,1,2,54,0,27,1.4887,1,1,13.7589,56,20,L02,L02_WP001
twophase_RuleBased_harsh,RuleBased,harsh,0.25,0.4,3,45,eval,14,-70.9787,0,0,1,110,0,,,0,0,13.5002,147,49,L08,L08_WP001
twophase_RuleBased_harsh,RuleBased,harsh,0.25,0.4,3,45,eval,15,53.8889,0,1,2,110,0,27,14.9144,1,1,147.989,107,42,L02,L02_WP001
twophase_RuleBased_harsh,RuleBased,harsh,0.25,0.4,3,45,eval,16,96.5127,0,1,2,110,0,27,11.7273,1,1,148.1858,103,46,L02,L02_WP001
twophase_RuleBased_harsh,RuleBased,harsh,0.25,0.4,3,45,eval,17,9.3294,0,0,1,110,0,,,0,0,13.8325,150,42,L08,L08_WP001
twophase_RuleBased_harsh,RuleBased,harsh,0.25,0.4,3,45,eval,18,9.2006,0,0,1,110,0,,,0,0,12.9954,148,47,L08,L08_WP001
twophase_RuleBased_harsh,RuleBased,harsh,0.25,0.4,3,45,eval,19,9.7136,0,0,1,110,0,,,0,0,13.3216,150,41,L08,L08_WP001
twophase_RuleBased_harsh,RuleBased,harsh,0.25,0.4,3,45,eval,20,9.6786,0,0,1,110,0,,,0,0,12.7323,140,30,L08,L08_WP001
twophase_RuleBased_harsh,RuleBased,harsh,0.25,0.4,3,45,eval,21,8.9281,0,0,1,110,0,,,0,0,13.9352,148,53,L08,L08_WP001
twophase_RuleBased_harsh,RuleBased,harsh,0.25,0.4,3,45,eval,22,8.9617,0,0,1,110,0,,,0,0,13.6599,158,37,L08,L08_WP001
twophase_RuleBased_harsh,RuleBased,harsh,0.25,0.4,3,45,eval,23,397.787,1,1,2,54,0,27,34.1385,2,1,12.8826,55,25,L02,L02_WP001
twophase_RuleBased_harsh,RuleBased,harsh,0.25,0.4,3,45,eval,24,177.7353,0,1,2,110,0,27,10.1388,1,1,147.9584,112,39,L02,L02_WP001
twophase_RuleBased_harsh,RuleBased,harsh,0.25,0.4,3,45,eval,25,89.8413,0,0,1,110,0,,,0,0,13.0098,144,44,L08,L08_WP001
twophase_RuleBased_harsh,RuleBased,harsh,0.25,0.4,3,45,eval,26,509.6249,1,1,2,54,0,27,2.8943,1,1,13.526,58,23,L02,L02_WP001
twophase_RuleBased_harsh,RuleBased,harsh,0.25,0.4,3,45,eval,27,529.5789,1,1,2,54,0,27,19.4354,2,1,13.6082,51,23,L02,L02_WP001
twophase_RuleBased_harsh,RuleBased,harsh,0.25,0.4,3,45,eval,28,327.0012,0,1,2,110,0,27,4.4707,0,0,148.4693,118,45,L02,L02_WP001
twophase_RuleBased_harsh,RuleBased,harsh,0.25,0.4,3,45,eval,29,208.7866,0,0,1,110,0,,,0,0,13.7223,152,45,L08,L08_WP001
twophase_RuleBased_harsh,RuleBased,harsh,0.25,0.4,3,45,eval,30,598.3755,1,1,2,54,0,27,10.995,2,1,12.6182,53,24,L02,L02_WP001
twophase_RuleBased_harsh,RuleBased,harsh,0.25,0.4,4,46,eval,1,-224.4173,0,0,1,110,0,,,0,0,13.7808,168,55,L08,L08_WP001
twophase_RuleBased_harsh,RuleBased,harsh,0.25,0.4,4,46,eval,2,-223.806,0,0,1,110,0,,,0,0,12.5632,149,47,L08,L08_WP001
twophase_RuleBased_harsh,RuleBased,harsh,0.25,0.4,4,46,eval,3,-224.6927,0,0,1,110,0,,,0,0,13.7499,158,52,L08,L08_WP001
twophase_RuleBased_harsh,RuleBased,harsh,0.25,0.4,4,46,eval,4,-205.9203,0,0,1,110,0,,,0,0,13.1907,31,47,L02,L02_WP001
twophase_RuleBased_harsh,RuleBased,harsh,0.25,0.4,4,46,eval,5,-224.3312,0,0,1,110,0,,,0,0,13.4488,143,38,L08,L08_WP001
twophase_RuleBased_harsh,RuleBased,harsh,0.25,0.4,4,46,eval,6,-225.1331,0,0,1,110,0,,,0,0,14.12,159,41,L08,L08_WP001
twophase_RuleBased_harsh,RuleBased,harsh,0.25,0.4,4,46,eval,7,-224.2562,0,0,1,110,0,,,0,0,13.0468,158,47,L08,L08_WP001
twophase_RuleBased_harsh,RuleBased,harsh,0.25,0.4,4,46,eval,8,-206.2854,0,0,1,110,0,,,0,0,13.4193,26,46,L02,L02_WP001
twophase_RuleBased_harsh,RuleBased,harsh,0.25,0.4,4,46,eval,9,-206.2649,0,0,1,110,0,,,0,0,13.3039,31,48,L02,L02_WP001
twophase_RuleBased_harsh,RuleBased,harsh,0.25,0.4,4,46,eval,10,-205.397,0,0,1,110,0,,,0,0,13.1998,25,41,L02,L02_WP001
twophase_RuleBased_harsh,RuleBased,harsh,0.25,0.4,4,46,eval,11,-206.2165,0,0,1,110,0,,,0,0,13.653,27,44,L02,L02_WP001
twophase_RuleBased_harsh,RuleBased,harsh,0.25,0.4,4,46,eval,12,-224.4485,0,0,1,110,0,,,0,0,12.9114,146,35,L08,L08_WP001
twophase_RuleBased_harsh,RuleBased,harsh,0.25,0.4,4,46,eval,13,-224.7465,0,0,1,110,0,,,0,0,13.4583,136,50,L08,L08_WP001
twophase_RuleBased_harsh,RuleBased,harsh,0.25,0.4,4,46,eval,14,-224.6153,0,0,1,110,0,,,0,0,13.5906,151,45,L08,L08_WP001
twophase_RuleBased_harsh,RuleBased,harsh,0.25,0.4,4,46,eval,15,-225.0666,0,0,1,110,0,,,0,0,14.1454,166,47,L08,L08_WP001
twophase_RuleBased_harsh,RuleBased,harsh,0.25,0.4,4,46,eval,16,-224.3506,0,0,1,110,0,,,0,0,13.0036,154,43,L08,L08_WP001
twophase_RuleBased_harsh,RuleBased,harsh,0.25,0.4,4,46,eval,17,-225.0419,0,0,1,110,0,,,0,0,13.9839,158,46,L08,L08_WP001
twophase_RuleBased_harsh,RuleBased,harsh,0.25,0.4,4,46,eval,18,-206.1894,0,0,1,110,0,,,0,0,13.8306,33,43,L02,L02_WP001
twophase_RuleBased_harsh,RuleBased,harsh,0.25,0.4,4,46,eval,19,-205.8758,0,0,1,110,0,,,0,0,12.8038,29,58,L02,L02_WP001
twophase_RuleBased_harsh,RuleBased,harsh,0.25,0.4,4,46,eval,20,-224.5824,0,0,1,110,0,,,0,0,12.8861,133,35,L08,L08_WP001
twophase_RuleBased_harsh,RuleBased,harsh,0.25,0.4,4,46,eval,21,-205.8891,0,0,1,110,0,,,0,0,13.075,26,35,L02,L02_WP001
twophase_RuleBased_harsh,RuleBased,harsh,0.25,0.4,4,46,eval,22,-224.3385,0,0,1,110,0,,,0,0,12.9435,143,44,L08,L08_WP001
twophase_RuleBased_harsh,RuleBased,harsh,0.25,0.4,4,46,eval,23,-224.1993,0,0,1,110,0,,,0,0,13.634,145,39,L08,L08_WP001
twophase_RuleBased_harsh,RuleBased,harsh,0.25,0.4,4,46,eval,24,-205.9641,0,0,1,110,0,,,0,0,13.295,28,44,L02,L02_WP001
twophase_RuleBased_harsh,RuleBased,harsh,0.25,0.4,4,46,eval,25,-205.9381,0,0,1,110,0,,,0,0,12.3872,28,45,L02,L02_WP001
twophase_RuleBased_harsh,RuleBased,harsh,0.25,0.4,4,46,eval,26,-224.4368,0,0,1,110,0,,,0,0,13.6604,146,42,L08,L08_WP001
twophase_RuleBased_harsh,RuleBased,harsh,0.25,0.4,4,46,eval,27,-206.2236,0,0,1,110,0,,,0,0,13.216,28,48,L02,L02_WP001
twophase_RuleBased_harsh,RuleBased,harsh,0.25,0.4,4,46,eval,28,-205.867,0,0,1,110,0,,,0,0,12.7103,32,42,L02,L02_WP001
twophase_RuleBased_harsh,RuleBased,harsh,0.25,0.4,4,46,eval,29,-205.9441,0,0,1,110,0,,,0,0,13.1327,27,52,L02,L02_WP001
twophase_RuleBased_harsh,RuleBased,harsh,0.25,0.4,4,46,eval,30,-224.6442,0,0,1,110,0,,,0,0,13.6192,152,52,L08,L08_WP001
twophase_RuleBased_harsh,RuleBased,harsh,0.25,0.4,5,47,eval,1,-111.3138,0,1,2,110,0,27,22.3288,1,1,140.1993,96,41,L02,L02_WP001
twophase_RuleBased_harsh,RuleBased,harsh,0.25,0.4,5,47,eval,2,-190.3358,0,0,1,110,0,,,0,0,12.8261,147,46,L08,L08_WP001
twophase_RuleBased_harsh,RuleBased,harsh,0.25,0.4,5,47,eval,3,-55.9494,0,1,2,110,0,27,3.2088,1,1,140.5584,94,34,L02,L02_WP001
twophase_RuleBased_harsh,RuleBased,harsh,0.25,0.4,5,47,eval,4,-149.8763,0,0,1,110,0,,,0,0,12.5961,152,44,L08,L08_WP001
twophase_RuleBased_harsh,RuleBased,harsh,0.25,0.4,5,47,eval,5,-150.5414,0,0,1,110,0,,,0,0,13.0254,145,48,L08,L08_WP001
twophase_RuleBased_harsh,RuleBased,harsh,0.25,0.4,5,47,eval,6,238.6218,1,1,2,54,0,27,11.8178,2,1,13.5036,52,23,L02,L02_WP001
twophase_RuleBased_harsh,RuleBased,harsh,0.25,0.4,5,47,eval,7,-109.7924,0,0,1,110,0,,,0,0,12.9311,134,49,L08,L08_WP001
twophase_RuleBased_harsh,RuleBased,harsh,0.25,0.4,5,47,eval,8,-109.985,0,0,1,110,0,,,0,0,13.0429,149,45,L08,L08_WP001
twophase_RuleBased_harsh,RuleBased,harsh,0.25,0.4,5,47,eval,9,307.0754,1,1,2,54,0,27,0.385,2,1,13.106,54,25,L02,L02_WP001
twophase_RuleBased_harsh,RuleBased,harsh,0.25,0.4,5,47,eval,10,-70.2535,0,0,1,110,0,,,0,0,12.6974,148,49,L08,L08_WP001
twophase_RuleBased_harsh,RuleBased,harsh,0.25,0.4,5,47,eval,11,-70.9394,0,0,1,110,0,,,0,0,13.7108,149,48,L08,L08_WP001
twophase_RuleBased_harsh,RuleBased,harsh,0.25,0.4,5,47,eval,12,329.0351,1,1,2,54,0,27,19.7991,2,1,14.0935,54,24,L02,L02_WP001
twophase_RuleBased_harsh,RuleBased,harsh,0.25,0.4,5,47,eval,13,-30.8372,0,0,1,110,0,,,0,0,13.7377,152,43,L08,L08_WP001
twophase_RuleBased_harsh,RuleBased,harsh,0.25,0.4,5,47,eval,14,-30.9247,0,0,1,110,0,,,0,0,13.4597,155,34,L08,L08_WP001
twophase_RuleBased_harsh,RuleBased,harsh,0.25,0.4,5,47,eval,15,97.0998,0,1,2,110,0,27,11.3266,1,1,140.5644,114,43,L02,L02_WP001
twophase_RuleBased_harsh,RuleBased,harsh,0.25,0.4,5,47,eval,16,10.1125,0,0,1,110,0,,,0,0,12.6181,144,42,L08,L08_WP001
twophase_RuleBased_harsh,RuleBased,harsh,0.25,0.4,5,47,eval,17,9.0923,0,0,1,110,0,,,0,0,13.7116,158,40,L08,L08_WP001
twophase_RuleBased_harsh,RuleBased,harsh,0.25,0.4,5,47,eval,18,9.2864,0,0,1,110,0,,,0,0,13.129,145,46,L08,L08_WP001
twophase_RuleBased_harsh,RuleBased,harsh,0.25,0.4,5,47,eval,19,9.9388,0,0,1,110,0,,,0,0,12.7307,141,45,L08,L08_WP001
twophase_RuleBased_harsh,RuleBased,harsh,0.25,0.4,5,47,eval,20,144.5803,0,1,2,110,0,27,2.2283,1,1,139.84,113,55,L02,L02_WP001
twophase_RuleBased_harsh,RuleBased,harsh,0.25,0.4,5,47,eval,21,166.1214,0,1,2,110,0,27,27.5126,1,1,140.4759,110,46,L02,L02_WP001
twophase_RuleBased_harsh,RuleBased,harsh,0.25,0.4,5,47,eval,22,89.5137,0,0,1,110,0,,,0,0,14.1805,155,53,L08,L08_WP001
twophase_RuleBased_harsh,RuleBased,harsh,0.25,0.4,5,47,eval,23,524.5895,1,1,2,54,0,27,3.4363,1,1,13.759,53,18,L02,L02_WP001
twophase_RuleBased_harsh,RuleBased,harsh,0.25,0.4,5,47,eval,24,553.2341,1,1,2,54,0,27,12.6143,1,1,13.8997,60,22,L02,L02_WP001
twophase_RuleBased_harsh,RuleBased,harsh,0.25,0.4,5,47,eval,25,168.7149,0,0,1,110,0,,,0,0,13.9922,155,55,L08,L08_WP001
twophase_RuleBased_harsh,RuleBased,harsh,0.25,0.4,5,47,eval,26,296.2401,0,1,2,110,0,27,13.4208,1,1,139.8058,104,44,L02,L02_WP001
twophase_RuleBased_harsh,RuleBased,harsh,0.25,0.4,5,47,eval,27,345.9232,0,1,2,110,0,27,1.0925,1,1,139.6983,105,44,L02,L02_WP001
twophase_RuleBased_harsh,RuleBased,harsh,0.25,0.4,5,47,eval,28,248.9457,0,0,1,110,0,,,0,0,13.7165,146,51,L08,L08_WP001
twophase_RuleBased_harsh,RuleBased,harsh,0.25,0.4,5,47,eval,29,249.2956,0,0,1,110,0,,,0,0,13.2251,141,39,L08,L08_WP001
twophase_RuleBased_harsh,RuleBased,harsh,0.25,0.4,5,47,eval,30,372.7001,0,1,2,110,0,27,16.9134,1,1,140.1885,105,48,L02,L02_WP001
twophase_RuleBased_harsh,RuleBased,harsh,0.25,0.4,6,48,eval,1,193.0362,1,1,2,54,0,27,1.7706,1,1,12.9691,59,21,L02,L02_WP001
twophase_RuleBased_harsh,RuleBased,harsh,0.25,0.4,6,48,eval,2,-86.2608,0,1,2,110,0,27,2.8625,1,1,215.1422,158,41,L02,L02_WP001
twophase_RuleBased_harsh,RuleBased,harsh,0.25,0.4,6,48,eval,3,193.3442,1,1,2,52,0,25,6.5793,4,1,14.2649,52,17,L08,L08_WP001
twophase_RuleBased_harsh,RuleBased,harsh,0.25,0.4,6,48,eval,4,293.023,1,1,2,52,0,25,12.2719,2,1,13.0844,52,23,L08,L08_WP001
twophase_RuleBased_harsh,RuleBased,harsh,0.25,0.4,6,48,eval,5,292.6027,1,1,2,52,0,25,4.0554,4,1,13.2673,49,11,L08,L08_WP001
twophase_RuleBased_harsh,RuleBased,harsh,0.25,0.4,6,48,eval,6,19.6531,0,1,2,110,0,25,0.462,3,1,220.6239,154,46,L08,L08_WP001
twophase_RuleBased_harsh,RuleBased,harsh,0.25,0.4,6,48,eval,7,82.0184,0,1,2,110,0,25,4.071,2,1,219.6048,154,46,L08,L08_WP001
twophase_RuleBased_harsh,RuleBased,harsh,0.25,0.4,6,48,eval,8,124.1647,0,1,2,110,0,25,0.4228,2,1,220.6058,155,47,L08,L08_WP001
twophase_RuleBased_harsh,RuleBased,harsh,0.25,0.4,6,48,eval,9,164.0272,0,1,2,110,0,25,2.2682,2,1,220.1724,155,47,L08,L08_WP001
twophase_RuleBased_harsh,RuleBased,harsh,0.25,0.4,6,48,eval,10,517.6961,1,1,2,52,0,25,3.2138,3,1,13.0247,48,26,L08,L08_WP001
twophase_RuleBased_harsh,RuleBased,harsh,0.25,0.4,6,48,eval,11,594.2135,1,1,2,54,0,27,20.3788,1,1,13.5934,59,22,L02,L02_WP001
twophase_RuleBased_harsh,RuleBased,harsh,0.25,0.4,6,48,eval,12,249.1852,0,1,2,110,0,25,14.1417,3,1,219.9081,170,45,L08,L08_WP001
twophase_RuleBased_harsh,RuleBased,harsh,0.25,0.4,6,48,eval,13,315.4612,0,1,2,110,0,25,12.0899,2,1,219.896,155,40,L08,L08_WP001
twophase_RuleBased_harsh,RuleBased,harsh,0.25,0.4,6,48,eval,14,658.2071,1,1,2,52,0,25,5.5372,3,1,14.2537,49,20,L08,L08_WP001
twophase_RuleBased_harsh,RuleBased,harsh,0.25,0.4,6,48,eval,15,429.5837,0,1,2,110,0,25,1.2819,1,1,219.372,158,45,L08,L08_WP001
twophase_RuleBased_harsh,RuleBased,harsh,0.25,0.4,6,48,eval,16,763.4422,1,1,2,54,0,27,11.8517,2,1,14.9865,60,20,L02,L02_WP001
twophase_RuleBased_harsh,RuleBased,harsh,0.25,0.4,6,48,eval,17,505.4318,0,1,2,110,0,27,12.6231,1,1,216.1118,161,40,L02,L02_WP001
twophase_RuleBased_harsh,RuleBased,harsh,0.25,0.4,6,48,eval,18,850.7111,1,1,2,54,0,27,14.0468,2,1,13.4434,53,17,L02,L02_WP001
twophase_RuleBased_harsh,RuleBased,harsh,0.25,0.4,6,48,eval,19,875.2666,1,1,2,52,0,25,7.5244,3,1,13.1108,53,13,L08,L08_WP001
twophase_RuleBased_harsh,RuleBased,harsh,0.25,0.4,6,48,eval,20,941.7308,1,1,2,54,0,27,6.8045,2,1,12.9113,57,26,L02,L02_WP001
twophase_RuleBased_harsh,RuleBased,harsh,0.25,0.4,6,48,eval,21,955.5856,1,1,2,54,0,27,25.6346,2,1,14.3645,55,19,L02,L02_WP001
twophase_RuleBased_harsh,RuleBased,harsh,0.25,0.4,6,48,eval,22,1008.569,1,1,2,52,0,25,6.7567,2,1,13.5643,56,18,L08,L08_WP001
twophase_RuleBased_harsh,RuleBased,harsh,0.25,0.4,6,48,eval,23,742.9324,0,1,2,110,0,27,16.5239,1,1,215.1435,156,55,L02,L02_WP001
twophase_RuleBased_harsh,RuleBased,harsh,0.25,0.4,6,48,eval,24,789.1362,0,1,2,110,0,27,8.4153,1,1,215.7161,157,45,L02,L02_WP001
twophase_RuleBased_harsh,RuleBased,harsh,0.25,0.4,6,48,eval,25,805.0333,0,1,2,110,0,25,0.2499,2,1,220.6313,153,42,L08,L08_WP001
twophase_RuleBased_harsh,RuleBased,harsh,0.25,0.4,6,48,eval,26,818.2689,0,1,2,110,0,25,2.1472,3,1,221.8216,158,53,L08,L08_WP001
twophase_RuleBased_harsh,RuleBased,harsh,0.25,0.4,6,48,eval,27,900.9212,0,1,2,110,0,25,11.5644,1,1,220.1723,148,42,L08,L08_WP001
twophase_RuleBased_harsh,RuleBased,harsh,0.25,0.4,6,48,eval,28,921.076,0,1,2,110,0,25,4.585,2,1,220.3545,162,47,L08,L08_WP001
twophase_RuleBased_harsh,RuleBased,harsh,0.25,0.4,6,48,eval,29,1295.4971,1,1,2,54,0,27,5.675,2,1,13.927,61,23,L02,L02_WP001
twophase_RuleBased_harsh,RuleBased,harsh,0.25,0.4,6,48,eval,30,1337.7016,1,1,2,54,0,27,7.3279,2,1,14.3952,64,25,L02,L02_WP001
twophase_RuleBased_harsh,RuleBased,harsh,0.25,0.4,7,49,eval,1,-68.6671,0,1,2,110,0,27,8.3877,0,0,187.7795,124,44,L02,L02_WP001
twophase_RuleBased_harsh,RuleBased,harsh,0.25,0.4,7,49,eval,2,264.2662,1,1,2,54,0,27,7.2714,0,0,13.2493,54,23,L02,L02_WP001
twophase_RuleBased_harsh,RuleBased,harsh,0.25,0.4,7,49,eval,3,-157.4775,0,0,1,110,0,,,1,1,13.6693,28,39,L08,L08_WP001
twophase_RuleBased_harsh,RuleBased,harsh,0.25,0.4,7,49,eval,4,5.2235,0,1,2,110,0,27,0.5215,0,0,205.6029,145,36,L02,L02_WP001
twophase_RuleBased_harsh,RuleBased,harsh,0.25,0.4,7,49,eval,5,-142.0697,0,0,1,110,0,,,2,1,12.8937,24,42,L08,L08_WP001
twophase_RuleBased_harsh,RuleBased,harsh,0.25,0.4,7,49,eval,6,349.6436,1,1,2,54,0,27,0.6996,0,0,12.5634,53,18,L02,L02_WP001
twophase_RuleBased_harsh,RuleBased,harsh,0.25,0.4,7,49,eval,7,91.8726,0,1,2,110,0,27,7.6332,0,0,187.4898,125,42,L02,L02_WP001
twophase_RuleBased_harsh,RuleBased,harsh,0.25,0.4,7,49,eval,8,135.3732,0,1,2,110,0,27,3.3255,0,0,188.1022,118,35,L02,L02_WP001
twophase_RuleBased_harsh,RuleBased,harsh,0.25,0.4,7,49,eval,9,164.554,0,1,2,110,0,27,12.7283,0,0,188.256,118,49,L02,L02_WP001
twophase_RuleBased_harsh,RuleBased,harsh,0.25,0.4,7,49,eval,10,67.4972,0,0,1,110,0,,,0,0,14.0401,20,46,L08,L08_WP001
twophase_RuleBased_harsh,RuleBased,harsh,0.25,0.4,7,49,eval,11,17.6568,0,0,1,110,0,,,2,1,12.7974,21,40,L08,L08_WP001
twophase_RuleBased_harsh,RuleBased,harsh,0.25,0.4,7,49,eval,12,197.6983,0,1,2,110,0,27,26.7576,0,0,188.0326,113,47,L02,L02_WP001
twophase_RuleBased_harsh,RuleBased,harsh,0.25,0.4,7,49,eval,13,542.2938,1,1,2,54,0,27,16.8763,0,0,13.3003,52,24,L02,L02_WP001
twophase_RuleBased_harsh,RuleBased,harsh,0.25,0.4,7,49,eval,14,265.1083,0,1,2,110,0,27,10.279,1,1,187.4461,123,46,L02,L02_WP001
twophase_RuleBased_harsh,RuleBased,harsh,0.25,0.4,7,49,eval,15,609.0137,1,1,2,54,0,27,17.5604,0,0,13.222,64,19,L02,L02_WP001
twophase_RuleBased_harsh,RuleBased,harsh,0.25,0.4,7,49,eval,16,661.6538,1,1,2,54,0,27,14.0085,0,0,12.6965,53,24,L02,L02_WP001
twophase_RuleBased_harsh,RuleBased,harsh,0.25,0.4,7,49,eval,17,217.6295,0,0,1,110,0,,,2,1,13.2398,23,45,L08,L08_WP001
twophase_RuleBased_harsh,RuleBased,harsh,0.25,0.4,7,49,eval,18,218.4461,0,0,1,110,0,,,2,1,12.4687,21,43,L08,L08_WP001
twophase_RuleBased_harsh,RuleBased,harsh,0.25,0.4,7,49,eval,19,693.2813,1,1,2,54,0,27,20.5864,0,0,12.7415,52,23,L02,L02_WP001
twophase_RuleBased_harsh,RuleBased,harsh,0.25,0.4,7,49,eval,20,438.2629,0,1,2,110,0,27,9.8304,0,0,205.9706,138,46,L02,L02_WP001
twophase_RuleBased_harsh,RuleBased,harsh,0.25,0.4,7,49,eval,21,470.2262,0,1,2,110,0,27,23.5126,0,0,190.8639,134,44,L02,L02_WP001
twophase_RuleBased_harsh,RuleBased,harsh,0.25,0.4,7,49,eval,22,536.5665,0,1,2,110,0,27,2.4952,0,0,187.2968,115,45,L02,L02_WP001
twophase_RuleBased_harsh,RuleBased,harsh,0.25,0.4,7,49,eval,23,869.9953,1,1,2,54,0,27,5.2919,0,0,13.8235,61,20,L02,L02_WP001
twophase_RuleBased_harsh,RuleBased,harsh,0.25,0.4,7,49,eval,24,612.0872,0,1,2,110,0,27,7.7748,0,0,188.5461,126,45,L02,L02_WP001
twophase_RuleBased_harsh,RuleBased,harsh,0.25,0.4,7,49,eval,25,482.2986,0,0,1,110,0,,,1,1,13.6541,23,42,L08,L08_WP001
twophase_RuleBased_harsh,RuleBased,harsh,0.25,0.4,7,49,eval,26,458.2368,0,0,1,110,0,,,2,1,12.5312,23,38,L08,L08_WP001
twophase_RuleBased_harsh,RuleBased,harsh,0.25,0.4,7,49,eval,27,482.7779,0,0,1,110,0,,,1,1,12.5348,24,41,L08,L08_WP001
twophase_RuleBased_harsh,RuleBased,harsh,0.25,0.4,7,49,eval,28,932.8068,1,1,2,54,0,27,14.6646,0,0,13.3511,53,25,L02,L02_WP001
twophase_RuleBased_harsh,RuleBased,harsh,0.25,0.4,7,49,eval,29,497.6993,0,0,1,110,0,,,2,1,13.345,24,40,L08,L08_WP001
twophase_RuleBased_harsh,RuleBased,harsh,0.25,0.4,7,49,eval,30,497.1068,0,0,1,110,0,,,2,1,13.5435,22,35,L08,L08_WP001
twophase_DQN_clean,DQN,clean,0,0,0,42,eval,1,480.416,0,0,1,110,0,,,0,0,0,0,0,L02,L02_WP001
twophase_DQN_clean,DQN,clean,0,0,0,42,eval,2,420.318,0,1,2,110,61,25,0,0,0,98.5862,0,0,L08,L08_WP001
twophase_DQN_clean,DQN,clean,0,0,0,42,eval,3,460.318,0,1,2,110,61,25,0,0,0,98.5862,0,0,L08,L08_WP001
twophase_DQN_clean,DQN,clean,0,0,0,42,eval,4,560.416,0,0,1,110,0,,,0,0,0,0,0,L02,L02_WP001
twophase_DQN_clean,DQN,clean,0,0,0,42,eval,5,560.416,0,0,1,110,0,,,0,0,0,0,0,L02,L02_WP001
twophase_DQN_clean,DQN,clean,0,0,0,42,eval,6,560.416,0,0,1,110,0,,,0,0,0,0,0,L02,L02_WP001
twophase_DQN_clean,DQN,clean,0,0,0,42,eval,7,560.416,0,0,1,110,0,,,0,0,0,0,0,L02,L02_WP001
twophase_DQN_clean,DQN,clean,0,0,0,42,eval,8,560.416,0,0,1,110,0,,,0,0,0,0,0,L02,L02_WP001
twophase_DQN_clean,DQN,clean,0,0,0,42,eval,9,500.318,0,1,2,110,61,25,0,0,0,98.5862,0,0,L08,L08_WP001
twophase_DQN_clean,DQN,clean,0,0,0,42,eval,10,600.416,0,0,1,110,0,,,0,0,0,0,0,L02,L02_WP001
twophase_DQN_clean,DQN,clean,0,0,0,42,eval,11,600.416,0,0,1,110,0,,,0,0,0,0,0,L02,L02_WP001
twophase_DQN_clean,DQN,clean,0,0,0,42,eval,12,600.416,0,0,1,110,0,,,0,0,0,0,0,L02,L02_WP001
twophase_DQN_clean,DQN,clean,0,0,0,42,eval,13,540.318,0,1,2,110,61,25,0,0,0,98.5862,0,0,L08,L08_WP001
twophase_DQN_clean,DQN,clean,0,0,0,42,eval,14,830.322,0,1,2,110,0,25,0,0,0,0,0,0,L08,L08_WP001
twophase_DQN_clean,DQN,clean,0,0,0,42,eval,15,870.322,0,1,2,110,0,25,0,0,0,0,0,0,L08,L08_WP001
twophase_DQN_clean,DQN,clean,0,0,0,42,eval,16,720.416,0,0,1,110,0,,,0,0,0,0,0,L02,L02_WP001
twophase_DQN_clean,DQN,clean,0,0,0,42,eval,17,720.416,0,0,1,110,0,,,0,0,0,0,0,L02,L02_WP001
twophase_DQN_clean,DQN,clean,0,0,0,42,eval,18,720.416,0,0,1,110,0,,,0,0,0,0,0,L02,L02_WP001
twophase_DQN_clean,DQN,clean,0,0,0,42,eval,19,720.416,0,0,1,110,0,,,0,0,0,0,0,L02,L02_WP001
twophase_DQN_clean,DQN,clean,0,0,0,42,eval,20,660.318,0,1,2,110,61,25,0,0,0,98.5862,0,0,L08,L08_WP001
twophase_DQN_clean,DQN,clean,0,0,0,42,eval,21,700.318,0,1,2,110,61,25,0,0,0,98.5862,0,0,L08,L08_WP001
twophase_DQN_clean,DQN,clean,0,0,0,42,eval,22,990.322,0,1,2,110,0,25,0,0,0,0,0,0,L08,L08_WP001
twophase_DQN_clean,DQN,clean,0,0,0,42,eval,23,840.416,0,0,1,110,0,,,0,0,0,0,0,L02,L02_WP001
twophase_DQN_clean,DQN,clean,0,0,0,42,eval,24,1030.322,0,1,2,110,0,25,0,0,0,0,0,0,L08,L08_WP001
twophase_DQN_clean,DQN,clean,0,0,0,42,eval,25,820.318,0,1,2,110,61,25,0,0,0,98.5862,0,0,L08,L08_WP001
twophase_DQN_clean,DQN,clean,0,0,0,42,eval,26,920.416,0,0,1,110,0,,,0,0,0,0,0,L02,L02_WP001
twophase_DQN_clean,DQN,clean,0,0,0,42,eval,27,920.416,0,0,1,110,0,,,0,0,0,0,0,L02,L02_WP001
twophase_DQN_clean,DQN,clean,0,0,0,42,eval,28,1110.322,0,1,2,110,0,25,0,0,0,0,0,0,L08,L08_WP001
twophase_DQN_clean,DQN,clean,0,0,0,42,eval,29,960.416,0,0,1,110,0,,,0,0,0,0,0,L02,L02_WP001
twophase_DQN_clean,DQN,clean,0,0,0,42,eval,30,1150.322,0,1,2,110,0,25,0,0,0,0,0,0,L08,L08_WP001
twophase_DQN_clean,DQN,clean,0,0,1,43,eval,1,562.535,0,0,1,110,0,,,0,0,0,0,0,L02,L02_WP001
twophase_DQN_clean,DQN,clean,0,0,1,43,eval,2,536.3,0,0,1,110,0,,,0,0,0,0,0,L08,L08_WP001
twophase_DQN_clean,DQN,clean,0,0,1,43,eval,3,562.535,0,0,1,110,0,,,0,0,0,0,0,L02,L02_WP001
twophase_DQN_clean,DQN,clean,0,0,1,43,eval,4,536.3,0,0,1,110,0,,,0,0,0,0,0,L08,L08_WP001
twophase_DQN_clean,DQN,clean,0,0,1,43,eval,5,562.535,0,0,1,110,0,,,0,0,0,0,0,L02,L02_WP001
twophase_DQN_clean,DQN,clean,0,0,1,43,eval,6,536.3,0,0,1,110,0,,,0,0,0,0,0,L08,L08_WP001
twophase_DQN_clean,DQN,clean,0,0,1,43,eval,7,562.535,0,0,1,110,0,,,0,0,0,0,0,L02,L02_WP001
twophase_DQN_clean,DQN,clean,0,0,1,43,eval,8,536.3,0,0,1,110,0,,,0,0,0,0,0,L08,L08_WP001
twophase_DQN_clean,DQN,clean,0,0,1,43,eval,9,536.3,0,0,1,110,0,,,0,0,0,0,0,L08,L08_WP001
twophase_DQN_clean,DQN,clean,0,0,1,43,eval,10,536.3,0,0,1,110,0,,,0,0,0,0,0,L08,L08_WP001
twophase_DQN_clean,DQN,clean,0,0,1,43,eval,11,536.3,0,0,1,110,0,,,0,0,0,0,0,L08,L08_WP001
twophase_DQN_clean,DQN,clean,0,0,1,43,eval,12,562.535,0,0,1,110,0,,,0,0,0,0,0,L02,L02_WP001
twophase_DQN_clean,DQN,clean,0,0,1,43,eval,13,562.535,0,0,1,110,0,,,0,0,0,0,0,L02,L02_WP001
twophase_DQN_clean,DQN,clean,0,0,1,43,eval,14,562.535,0,0,1,110,0,,,0,0,0,0,0,L02,L02_WP001
twophase_DQN_clean,DQN,clean,0,0,1,43,eval,15,536.3,0,0,1,110,0,,,0,0,0,0,0,L08,L08_WP001
twophase_DQN_clean,DQN,clean,0,0,1,43,eval,16,562.535,0,0,1,110,0,,,0,0,0,0,0,L02,L02_WP001
twophase_DQN_clean,DQN,clean,0,0,1,43,eval,17,562.535,0,0,1,110,0,,,0,0,0,0,0,L02,L02_WP001
twophase_DQN_clean,DQN,clean,0,0,1,43,eval,18,562.535,0,0,1,110,0,,,0,0,0,0,0,L02,L02_WP001
twophase_DQN_clean,DQN,clean,0,0,1,43,eval,19,536.3,0,0,1,110,0,,,0,0,0,0,0,L08,L08_WP001
twophase_DQN_clean,DQN,clean,0,0,1,43,eval,20,536.3,0,0,1,110,0,,,0,0,0,0,0,L08,L08_WP001
twophase_DQN_clean,DQN,clean,0,0,1,43,eval,21,536.3,0,0,1,110,0,,,0,0,0,0,0,L08,L08_WP001
twophase_DQN_clean,DQN,clean,0,0,1,43,eval,22,536.3,0,0,1,110,0,,,0,0,0,0,0,L08,L08_WP001
twophase_DQN_clean,DQN,clean,0,0,1,43,eval,23,536.3,0,0,1,110,0,,,0,0,0,0,0,L08,L08_WP001
twophase_DQN_clean,DQN,clean,0,0,1,43,eval,24,536.3,0,0,1,110,0,,,0,0,0,0,0,L08,L08_WP001
twophase_DQN_clean,DQN,clean,0,0,1,43,eval,25,536.3,0,0,1,110,0,,,0,0,0,0,0,L08,L08_WP001
twophase_DQN_clean,DQN,clean,0,0,1,43,eval,26,536.3,0,0,1,110,0,,,0,0,0,0,0,L08,L08_WP001
twophase_DQN_clean,DQN,clean,0,0,1,43,eval,27,536.3,0,0,1,110,0,,,0,0,0,0,0,L08,L08_WP001
twophase_DQN_clean,DQN,clean,0,0,1,43,eval,28,536.3,0,0,1,110,0,,,0,0,0,0,0,L08,L08_WP001
twophase_DQN_clean,DQN,clean,0,0,1,43,eval,29,562.535,0,0,1,110,0,,,0,0,0,0,0,L02,L02_WP001
twophase_DQN_clean,DQN,clean,0,0,1,43,eval,30,562.535,0,0,1,110,0,,,0,0,0,0,0,L02,L02_WP001
twophase_DQN_clean,DQN,clean,0,0,2,44,eval,1,-199.385,0,0,1,110,0,,,0,0,0,0,0,L02,L02_WP001
twophase_DQN_clean,DQN,clean,0,0,2,44,eval,2,-199.385,0,0,1,110,0,,,0,0,0,0,0,L02,L02_WP001
twophase_DQN_clean,DQN,clean,0,0,2,44,eval,3,-206.117,0,0,1,110,0,,,0,0,0,0,0,L08,L08_WP001
twophase_DQN_clean,DQN,clean,0,0,2,44,eval,4,-206.117,0,0,1,110,0,,,0,0,0,0,0,L08,L08_WP001
twophase_DQN_clean,DQN,clean,0,0,2,44,eval,5,-206.117,0,0,1,110,0,,,0,0,0,0,0,L08,L08_WP001
twophase_DQN_clean,DQN,clean,0,0,2,44,eval,6,-199.385,0,0,1,110,0,,,0,0,0,0,0,L02,L02_WP001
twophase_DQN_clean,DQN,clean,0,0,2,44,eval,7,-206.117,0,0,1,110,0,,,0,0,0,0,0,L08,L08_WP001
twophase_DQN_clean,DQN,clean,0,0,2,44,eval,8,-199.385,0,0,1,110,0,,,0,0,0,0,0,L02,L02_WP001
twophase_DQN_clean,DQN,clean,0,0,2,44,eval,9,-206.117,0,0,1,110,0,,,0,0,0,0,0,L08,L08_WP001
twophase_DQN_clean,DQN,clean,0,0,2,44,eval,10,-206.117,0,0,1,110,0,,,0,0,0,0,0,L08,L08_WP001
twophase_DQN_clean,DQN,clean,0,0,2,44,eval,11,-199.385,0,0,1,110,0,,,0,0,0,0,0,L02,L02_WP001
twophase_DQN_clean,DQN,clean,0,0,2,44,eval,12,-206.117,0,0,1,110,0,,,0,0,0,0,0,L08,L08_WP001
twophase_DQN_clean,DQN,clean,0,0,2,44,eval,13,-199.385,0,0,1,110,0,,,0,0,0,0,0,L02,L02_WP001
twophase_DQN_clean,DQN,clean,0,0,2,44,eval,14,-199.385,0,0,1,110,0,,,0,0,0,0,0,L02,L02_WP001
twophase_DQN_clean,DQN,clean,0,0,2,44,eval,15,-206.117,0,0,1,110,0,,,0,0,0,0,0,L08,L08_WP001
twophase_DQN_clean,DQN,clean,0,0,2,44,eval,16,-199.385,0,0,1,110,0,,,0,0,0,0,0,L02,L02_WP001
twophase_DQN_clean,DQN,clean,0,0,2,44,eval,17,-199.385,0,0,1,110,0,,,0,0,0,0,0,L02,L02_WP001
twophase_DQN_clean,DQN,clean,0,0,2,44,eval,18,-199.385,0,0,1,110,0,,,0,0,0,0,0,L02,L02_WP001
twophase_DQN_clean,DQN,clean,0,0,2,44,eval,19,-206.117,0,0,1,110,0,,,0,0,0,0,0,L08,L08_WP001
twophase_DQN_clean,DQN,clean,0,0,2,44,eval,20,-206.117,0,0,1,110,0,,,0,0,0,0,0,L08,L08_WP001
twophase_DQN_clean,DQN,clean,0,0,2,44,eval,21,-206.117,0,0,1,110,0,,,0,0,0,0,0,L08,L08_WP001
twophase_DQN_clean,DQN,clean,0,0,2,44,eval,22,-206.117,0,0,1,110,0,,,0,0,0,0,0,L08,L08_WP001
twophase_DQN_clean,DQN,clean,0,0,2,44,eval,23,-199.385,0,0,1,110,0,,,0,0,0,0,0,L02,L02_WP001
twophase_DQN_clean,DQN,clean,0,0,2,44,eval,24,-199.385,0,0,1,110,0,,,0,0,0,0,0,L02,L02_WP001
twophase_DQN_clean,DQN,clean,0,0,2,44,eval,25,-199.385,0,0,1,110,0,,,0,0,0,0,0,L02,L02_WP001
twophase_DQN_clean,DQN,clean,0,0,2,44,eval,26,-206.117,0,0,1,110,0,,,0,0,0,0,0,L08,L08_WP001
twophase_DQN_clean,DQN,clean,0,0,2,44,eval,27,-206.117,0,0,1,110,0,,,0,0,0,0,0,L08,L08_WP001
twophase_DQN_clean,DQN,clean,0,0,2,44,eval,28,-199.385,0,0,1,110,0,,,0,0,0,0,0,L02,L02_WP001
twophase_DQN_clean,DQN,clean,0,0,2,44,eval,29,-206.117,0,0,1,110,0,,,0,0,0,0,0,L08,L08_WP001
twophase_DQN_clean,DQN,clean,0,0,2,44,eval,30,-206.117,0,0,1,110,0,,,0,0,0,0,0,L08,L08_WP001
twophase_DQN_clean,DQN,clean,0,0,3,45,eval,1,243.134,0,0,1,110,0,,,0,0,0,0,0,L02,L02_WP001
twophase_DQN_clean,DQN,clean,0,0,3,45,eval,2,243.134,0,0,1,110,0,,,0,0,0,0,0,L02,L02_WP001
twophase_DQN_clean,DQN,clean,0,0,3,45,eval,3,216.685,0,0,1,110,0,,,0,0,0,0,0,L08,L08_WP001
twophase_DQN_clean,DQN,clean,0,0,3,45,eval,4,216.685,0,0,1,110,0,,,0,0,0,0,0,L08,L08_WP001
twophase_DQN_clean,DQN,clean,0,0,3,45,eval,5,216.685,0,0,1,110,0,,,0,0,0,0,0,L08,L08_WP001
twophase_DQN_clean,DQN,clean,0,0,3,45,eval,6,243.134,0,0,1,110,0,,,0,0,0,0,0,L02,L02_WP001
twophase_DQN_clean,DQN,clean,0,0,3,45,eval,7,216.685,0,0,1,110,0,,,0,0,0,0,0,L08,L08_WP001
twophase_DQN_clean,DQN,clean,0,0,3,45,eval,8,216.685,0,0,1,110,0,,,0,0,0,0,0,L08,L08_WP001
twophase_DQN_clean,DQN,clean,0,0,3,45,eval,9,243.134,0,0,1,110,0,,,0,0,0,0,0,L02,L02_WP001
twophase_DQN_clean,DQN,clean,0,0,3,45,eval,10,243.134,0,0,1,110,0,,,0,0,0,0,0,L02,L02_WP001
twophase_DQN_clean,DQN,clean,0,0,3,45,eval,11,216.685,0,0,1,110,0,,,0,0,0,0,0,L08,L08_WP001
twophase_DQN_clean,DQN,clean,0,0,3,45,eval,12,243.134,0,0,1,110,0,,,0,0,0,0,0,L02,L02_WP001
twophase_DQN_clean,DQN,clean,0,0,3,45,eval,13,216.685,0,0,1,110,0,,,0,0,0,0,0,L08,L08_WP001
twophase_DQN_clean,DQN,clean,0,0,3,45,eval,14,216.685,0,0,1,110,0,,,0,0,0,0,0,L08,L08_WP001
twophase_DQN_clean,DQN,clean,0,0,3,45,eval,15,243.134,0,0,1,110,0,,,0,0,0,0,0,L02,L02_WP001
twophase_DQN_clean,DQN,clean,0,0,3,45,eval,16,243.134,0,0,1,110,0,,,0,0,0,0,0,L02,L02_WP001
twophase_DQN_clean,DQN,clean,0,0,3,45,eval,17,216.685,0,0,1,110,0,,,0,0,0,0,0,L08,L08_WP001
twophase_DQN_clean,DQN,clean,0,0,3,45,eval,18,243.134,0,0,1,110,0,,,0,0,0,0,0,L02,L02_WP001
twophase_DQN_clean,DQN,clean,0,0,3,45,eval,19,243.134,0,0,1,110,0,,,0,0,0,0,0,L02,L02_WP001
twophase_DQN_clean,DQN,clean,0,0,3,45,eval,20,243.134,0,0,1,110,0,,,0,0,0,0,0,L02,L02_WP001
twophase_DQN_clean,DQN,clean,0,0,3,45,eval,21,216.685,0,0,1,110,0,,,0,0,0,0,0,L08,L08_WP001
twophase_DQN_clean,DQN,clean,0,0,3,45,eval,22,243.134,0,0,1,110,0,,,0,0,0,0,0,L02,L02_WP001
twophase_DQN_clean,DQN,clean,0,0,3,45,eval,23,216.685,0,0,1,110,0,,,0,0,0,0,0,L08,L08_WP001
twophase_DQN_clean,DQN,clean,0,0,3,45,eval,24,243.134,0,0,1,110,0,,,0,0,0,0,0,L02,L02_WP001
twophase_DQN_clean,DQN,clean,0,0,3,45,eval,25,243.134,0,0,1,110,0,,,0,0,0,0,0,L02,L02_WP001
twophase_DQN_clean,DQN,clean,0,0,3,45,eval,26,243.134,0,0,1,110,0,,,0,0,0,0,0,L02,L02_WP001
twophase_DQN_clean,DQN,clean,0,0,3,45,eval,27,216.685,0,0,1,110,0,,,0,0,0,0,0,L08,L08_WP001
twophase_DQN_clean,DQN,clean,0,0,3,45,eval,28,243.134,0,0,1,110,0,,,0,0,0,0,0,L02,L02_WP001
twophase_DQN_clean,DQN,clean,0,0,3,45,eval,29,243.134,0,0,1,110,0,,,0,0,0,0,0,L02,L02_WP001
twophase_DQN_clean,DQN,clean,0,0,3,45,eval,30,216.685,0,0,1,110,0,,,0,0,0,0,0,L08,L08_WP001
twophase_DQN_clean,DQN,clean,0,0,4,46,eval,1,500.289,0,0,1,110,0,,,0,0,0,0,0,L08,L08_WP001
twophase_DQN_clean,DQN,clean,0,0,4,46,eval,2,500.289,0,0,1,110,0,,,0,0,0,0,0,L08,L08_WP001
twophase_DQN_clean,DQN,clean,0,0,4,46,eval,3,500.289,0,0,1,110,0,,,0,0,0,0,0,L08,L08_WP001
twophase_DQN_clean,DQN,clean,0,0,4,46,eval,4,500.289,0,0,1,110,0,,,0,0,0,0,0,L08,L08_WP001
twophase_DQN_clean,DQN,clean,0,0,4,46,eval,5,520.747,0,0,1,110,0,,,0,0,0,0,0,L02,L02_WP001
twophase_DQN_clean,DQN,clean,0,0,4,46,eval,6,500.289,0,0,1,110,0,,,0,0,0,0,0,L08,L08_WP001
twophase_DQN_clean,DQN,clean,0,0,4,46,eval,7,520.747,0,0,1,110,0,,,0,0,0,0,0,L02,L02_WP001
twophase_DQN_clean,DQN,clean,0,0,4,46,eval,8,500.289,0,0,1,110,0,,,0,0,0,0,0,L08,L08_WP001
twophase_DQN_clean,DQN,clean,0,0,4,46,eval,9,520.747,0,0,1,110,0,,,0,0,0,0,0,L02,L02_WP001
twophase_DQN_clean,DQN,clean,0,0,4,46,eval,10,500.289,0,0,1,110,0,,,0,0,0,0,0,L08,L08_WP001
twophase_DQN_clean,DQN,clean,0,0,4,46,eval,11,520.747,0,0,1,110,0,,,0,0,0,0,0,L02,L02_WP001
twophase_DQN_clean,DQN,clean,0,0,4,46,eval,12,500.289,0,0,1,110,0,,,0,0,0,0,0,L08,L08_WP001
twophase_DQN_clean,DQN,clean,0,0,4,46,eval,13,520.747,0,0,1,110,0,,,0,0,0,0,0,L02,L02_WP001
twophase_DQN_clean,DQN,clean,0,0,4,46,eval,14,500.289,0,0,1,110,0,,,0,0,0,0,0,L08,L08_WP001
twophase_DQN_clean,DQN,clean,0,0,4,46,eval,15,500.289,0,0,1,110,0,,,0,0,0,0,0,L08,L08_WP001
twophase_DQN_clean,DQN,clean,0,0,4,46,eval,16,500.289,0,0,1,110,0,,,0,0,0,0,0,L08,L08_WP001
twophase_DQN_clean,DQN,clean,0,0,4,46,eval,17,520.747,0,0,1,110,0,,,0,0,0,0,0,L02,L02_WP001
twophase_DQN_clean,DQN,clean,0,0,4,46,eval,18,520.747,0,0,1,110,0,,,0,0,0,0,0,L02,L02_WP001
twophase_DQN_clean,DQN,clean,0,0,4,46,eval,19,520.747,0,0,1,110,0,,,0,0,0,0,0,L02,L02_WP001
twophase_DQN_clean,DQN,clean,0,0,4,46,eval,20,500.289,0,0,1,110,0,,,0,0,0,0,0,L08,L08_WP001
twophase_DQN_clean,DQN,clean,0,0,4,46,eval,21,520.747,0,0,1,110,0,,,0,0,0,0,0,L02,L02_WP001
twophase_DQN_clean,DQN,clean,0,0,4,46,eval,22,520.747,0,0,1,110,0,,,0,0,0,0,0,L02,L02_WP001
twophase_DQN_clean,DQN,clean,0,0,4,46,eval,23,500.289,0,0,1,110,0,,,0,0,0,0,0,L08,L08_WP001
twophase_DQN_clean,DQN,clean,0,0,4,46,eval,24,500.289,0,0,1,110,0,,,0,0,0,0,0,L08,L08_WP001
twophase_DQN_clean,DQN,clean,0,0,4,46,eval,25,500.289,0,0,1,110,0,,,0,0,0,0,0,L08,L08_WP001
twophase_DQN_clean,DQN,clean,0,0,4,46,eval,26,500.289,0,0,1,110,0,,,0,0,0,0,0,L08,L08_WP001
twophase_DQN_clean,DQN,clean,0,0,4,46,eval,27,500.289,0,0,1,110,0,,,0,0,0,0,0,L08,L08_WP001
twophase_DQN_clean,DQN,clean,0,0,4,46,eval,28,500.289,0,0,1,110,0,,,0,0,0,0,0,L08,L08_WP001
twophase_DQN_clean,DQN,clean,0,0,4,46,eval,29,500.289,0,0,1,110,0,,,0,0,0,0,0,L08,L08_WP001
twophase_DQN_clean,DQN,clean,0,0,4,46,eval,30,520.747,0,0,1,110,0,,,0,0,0,0,0,L02,L02_WP001
twophase_DQN_clean,DQN,clean,0,0,5,47,eval,1,936.85,0,0,1,110,0,,,0,0,0,0,0,L08,L08_WP001
twophase_DQN_clean,DQN,clean,0,0,5,47,eval,2,1146.783,0,1,2,110,1,27,0,0,0,0,0,0,L02,L02_WP001
twophase_DQN_clean,DQN,clean,0,0,5,47,eval,3,976.85,0,0,1,110,0,,,0,0,0,0,0,L08,L08_WP001
twophase_DQN_clean,DQN,clean,0,0,5,47,eval,4,976.85,0,0,1,110,0,,,0,0,0,0,0,L08,L08_WP001
twophase_DQN_clean,DQN,clean,0,0,5,47,eval,5,1187.809,0,1,2,110,1,27,0,0,0,0,0,0,L02,L02_WP001
twophase_DQN_clean,DQN,clean,0,0,5,47,eval,6,1016.85,0,0,1,110,0,,,0,0,0,0,0,L08,L08_WP001
twophase_DQN_clean,DQN,clean,0,0,5,47,eval,7,1226.783,0,1,2,110,1,27,0,0,0,0,0,0,L02,L02_WP001
twophase_DQN_clean,DQN,clean,0,0,5,47,eval,8,1056.85,0,0,1,110,0,,,0,0,0,0,0,L08,L08_WP001
twophase_DQN_clean,DQN,clean,0,0,5,47,eval,9,1056.85,0,0,1,110,0,,,0,0,0,0,0,L08,L08_WP001
twophase_DQN_clean,DQN,clean,0,0,5,47,eval,10,1056.85,0,0,1,110,0,,,0,0,0,0,0,L08,L08_WP001
twophase_DQN_clean,DQN,clean,0,0,5,47,eval,11,1056.85,0,0,1,110,0,,,0,0,0,0,0,L08,L08_WP001
twophase_DQN_clean,DQN,clean,0,0,5,47,eval,12,1056.85,0,0,1,110,0,,,0,0,0,0,0,L08,L08_WP001
twophase_DQN_clean,DQN,clean,0,0,5,47,eval,13,1056.85,0,0,1,110,0,,,0,0,0,0,0,L08,L08_WP001
twophase_DQN_clean,DQN,clean,0,0,5,47,eval,14,1267.809,0,1,2,110,1,27,0,0,0,0,0,0,L02,L02_WP001
twophase_DQN_clean,DQN,clean,0,0,5,47,eval,15,1096.85,0,0,1,110,0,,,0,0,0,0,0,L08,L08_WP001
twophase_DQN_clean,DQN,clean,0,0,5,47,eval,16,1306.783,0,1,2,110,1,27,0,0,0,0,0,0,L02,L02_WP001
twophase_DQN_clean,DQN,clean,0,0,5,47,eval,17,1136.85,0,0,1,110,0,,,0,0,0,0,0,L08,L08_WP001
twophase_DQN_clean,DQN,clean,0,0,5,47,eval,18,1136.85,0,0,1,110,0,,,0,0,0,0,0,L08,L08_WP001
twophase_DQN_clean,DQN,clean,0,0,5,47,eval,19,1347.809,0,1,2,110,1,27,0,0,0,0,0,0,L02,L02_WP001
twophase_DQN_clean,DQN,clean,0,0,5,47,eval,20,1176.85,0,0,1,110,0,,,0,0,0,0,0,L08,L08_WP001
twophase_DQN_clean,DQN,clean,0,0,5,47,eval,21,1387.809,0,1,2,110,1,27,0,0,0,0,0,0,L02,L02_WP001
twophase_DQN_clean,DQN,clean,0,0,5,47,eval,22,1216.85,0,0,1,110,0,,,0,0,0,0,0,L08,L08_WP001
twophase_DQN_clean,DQN,clean,0,0,5,47,eval,23,1427.809,0,1,2,110,1,27,0,0,0,0,0,0,L02,L02_WP001
twophase_DQN_clean,DQN,clean,0,0,5,47,eval,24,1467.809,0,1,2,110,1,27,0,0,0,0,0,0,L02,L02_WP001
twophase_DQN_clean,DQN,clean,0,0,5,47,eval,25,1296.85,0,0,1,110,0,,,0,0,0,0,0,L08,L08_WP001
twophase_DQN_clean,DQN,clean,0,0,5,47,eval,26,1296.85,0,0,1,110,0,,,0,0,0,0,0,L08,L08_WP001
twophase_DQN_clean,DQN,clean,0,0,5,47,eval,27,1296.85,0,0,1,110,0,,,0,0,0,0,0,L08,L08_WP001
twophase_DQN_clean,DQN,clean,0,0,5,47,eval,28,1506.783,0,1,2,110,1,27,0,0,0,0,0,0,L02,L02_WP001
twophase_DQN_clean,DQN,clean,0,0,5,47,eval,29,1546.783,0,1,2,110,1,27,0,0,0,0,0,0,L02,L02_WP001
twophase_DQN_clean,DQN,clean,0,0,5,47,eval,30,1376.85,0,0,1,110,0,,,0,0,0,0,0,L08,L08_WP001
twophase_DQN_clean,DQN,clean,0,0,6,48,eval,1,2882.568,1,1,2,50,0,25,0,0,0,0,0,0,L08,L08_WP001
twophase_DQN_clean,DQN,clean,0,0,6,48,eval,2,2617.861,0,1,2,110,0,27,0,0,0,189.7004,0,0,L02,L02_WP001
twophase_DQN_clean,DQN,clean,0,0,6,48,eval,3,2651.7226,0,1,2,110,0,25,0,0,0,194.4911,0,0,L08,L08_WP001
twophase_DQN_clean,DQN,clean,0,0,6,48,eval,4,3002.568,1,1,2,50,0,25,0,0,0,0,0,0,L08,L08_WP001
twophase_DQN_clean,DQN,clean,0,0,6,48,eval,5,2731.7226,0,1,2,110,0,25,0,0,0,194.4911,0,0,L08,L08_WP001
twophase_DQN_clean,DQN,clean,0,0,6,48,eval,6,2777.861,0,1,2,110,0,27,0,0,0,189.7004,0,0,L02,L02_WP001
twophase_DQN_clean,DQN,clean,0,0,6,48,eval,7,2817.861,0,1,2,110,0,27,0,0,0,189.7004,0,0,L02,L02_WP001
twophase_DQN_clean,DQN,clean,0,0,6,48,eval,8,2857.861,0,1,2,110,0,27,0,0,0,189.7004,0,0,L02,L02_WP001
twophase_DQN_clean,DQN,clean,0,0,6,48,eval,9,2891.7226,0,1,2,110,0,25,0,0,0,194.4911,0,0,L08,L08_WP001
twophase_DQN_clean,DQN,clean,0,0,6,48,eval,10,3241.83,1,1,2,52,0,27,0,0,0,0,0,0,L02,L02_WP001
twophase_DQN_clean,DQN,clean,0,0,6,48,eval,11,3281.83,1,1,2,52,0,27,0,0,0,0,0,0,L02,L02_WP001
twophase_DQN_clean,DQN,clean,0,0,6,48,eval,12,3322.568,1,1,2,50,0,25,0,0,0,0,0,0,L08,L08_WP001
twophase_DQN_clean,DQN,clean,0,0,6,48,eval,13,3362.568,1,1,2,50,0,25,0,0,0,0,0,0,L08,L08_WP001
twophase_DQN_clean,DQN,clean,0,0,6,48,eval,14,3091.7226,0,1,2,110,0,25,0,0,0,194.4911,0,0,L08,L08_WP001
twophase_DQN_clean,DQN,clean,0,0,6,48,eval,15,3137.861,0,1,2,110,0,27,0,0,0,189.7004,0,0,L02,L02_WP001
twophase_DQN_clean,DQN,clean,0,0,6,48,eval,16,3171.7226,0,1,2,110,0,25,0,0,0,194.4911,0,0,L08,L08_WP001
twophase_DQN_clean,DQN,clean,0,0,6,48,eval,17,3521.83,1,1,2,52,0,27,0,0,0,0,0,0,L02,L02_WP001
twophase_DQN_clean,DQN,clean,0,0,6,48,eval,18,3251.7226,0,1,2,110,0,25,0,0,0,194.4911,0,0,L08,L08_WP001
twophase_DQN_clean,DQN,clean,0,0,6,48,eval,19,3602.568,1,1,2,50,0,25,0,0,0,0,0,0,L08,L08_WP001
twophase_DQN_clean,DQN,clean,0,0,6,48,eval,20,3642.568,1,1,2,50,0,25,0,0,0,0,0,0,L08,L08_WP001
twophase_DQN_clean,DQN,clean,0,0,6,48,eval,21,3681.83,1,1,2,52,0,27,0,0,0,0,0,0,L02,L02_WP001
twophase_DQN_clean,DQN,clean,0,0,6,48,eval,22,3411.7226,0,1,2,110,0,25,0,0,0,194.4911,0,0,L08,L08_WP001
twophase_DQN_clean,DQN,clean,0,0,6,48,eval,23,3451.7226,0,1,2,110,0,25,0,0,0,194.4911,0,0,L08,L08_WP001
twophase_DQN_clean,DQN,clean,0,0,6,48,eval,24,3497.861,0,1,2,110,0,27,0,0,0,189.7004,0,0,L02,L02_WP001
twophase_DQN_clean,DQN,clean,0,0,6,48,eval,25,3842.568,1,1,2,50,0,25,0,0,0,0,0,0,L08,L08_WP001
twophase_DQN_clean,DQN,clean,0,0,6,48,eval,26,3577.861,0,1,2,110,0,27,0,0,0,189.7004,0,0,L02,L02_WP001
twophase_DQN_clean,DQN,clean,0,0,6,48,eval,27,3617.861,0,1,2,110,0,27,0,0,0,189.7004,0,0,L02,L02_WP001
twophase_DQN_clean,DQN,clean,0,0,6,48,eval,28,3961.83,1,1,2,52,0,27,0,0,0,0,0,0,L02,L02_WP001
twophase_DQN_clean,DQN,clean,0,0,6,48,eval,29,4002.568,1,1,2,50,0,25,0,0,0,0,0,0,L08,L08_WP001
twophase_DQN_clean,DQN,clean,0,0,6,48,eval,30,3737.861,0,1,2,110,0,27,0,0,0,189.7004,0,0,L02,L02_WP001
twophase_DQN_clean,DQN,clean,0,0,7,49,eval,1,1805.3343,0,1,2,110,0,27,0,0,0,160.4109,0,0,L02,L02_WP001
twophase_DQN_clean,DQN,clean,0,0,7,49,eval,2,1678.467,0,0,1,110,0,,,0,0,0,0,0,L08,L08_WP001
twophase_DQN_clean,DQN,clean,0,0,7,49,eval,3,1678.467,0,0,1,110,0,,,0,0,0,0,0,L08,L08_WP001
twophase_DQN_clean,DQN,clean,0,0,7,49,eval,4,1845.3343,0,1,2,110,0,27,0,0,0,160.4109,0,0,L02,L02_WP001
twophase_DQN_clean,DQN,clean,0,0,7,49,eval,5,1911.613,0,1,2,110,0,27,0,0,0,0,0,0,L02,L02_WP001
twophase_DQN_clean,DQN,clean,0,0,7,49,eval,6,1951.613,0,1,2,110,0,27,0,0,0,0,0,0,L02,L02_WP001
twophase_DQN_clean,DQN,clean,0,0,7,49,eval,7,1991.613,0,1,2,110,0,27,0,0,0,0,0,0,L02,L02_WP001
twophase_DQN_clean,DQN,clean,0,0,7,49,eval,8,1838.467,0,0,1,110,0,,,0,0,0,0,0,L08,L08_WP001
twophase_DQN_clean,DQN,clean,0,0,7,49,eval,9,1838.467,0,0,1,110,0,,,0,0,0,0,0,L08,L08_WP001
twophase_DQN_clean,DQN,clean,0,0,7,49,eval,10,1838.467,0,0,1,110,0,,,0,0,0,0,0,L08,L08_WP001
twophase_DQN_clean,DQN,clean,0,0,7,49,eval,11,1838.467,0,0,1,110,0,,,0,0,0,0,0,L08,L08_WP001
twophase_DQN_clean,DQN,clean,0,0,7,49,eval,12,1838.467,0,0,1,110,0,,,0,0,0,0,0,L08,L08_WP001
twophase_DQN_clean,DQN,clean,0,0,7,49,eval,13,1838.467,0,0,1,110,0,,,0,0,0,0,0,L08,L08_WP001
twophase_DQN_clean,DQN,clean,0,0,7,49,eval,14,2005.3343,0,1,2,110,0,27,0,0,0,160.4109,0,0,L02,L02_WP001
twophase_DQN_clean,DQN,clean,0,0,7,49,eval,15,2045.3343,0,1,2,110,0,27,0,0,0,160.4109,0,0,L02,L02_WP001
twophase_DQN_clean,DQN,clean,0,0,7,49,eval,16,2085.3343,0,1,2,110,0,27,0,0,0,160.4109,0,0,L02,L02_WP001
twophase_DQN_clean,DQN,clean,0,0,7,49,eval,17,1958.467,0,0,1,110,0,,,0,0,0,0,0,L08,L08_WP001
twophase_DQN_clean,DQN,clean,0,0,7,49,eval,18,2125.3343,0,1,2,110,0,27,0,0,0,160.4109,0,0,L02,L02_WP001
twophase_DQN_clean,DQN,clean,0,0,7,49,eval,19,2191.613,0,1,2,110,0,27,0,0,0,0,0,0,L02,L02_WP001
twophase_DQN_clean,DQN,clean,0,0,7,49,eval,20,2038.467,0,0,1,110,0,,,0,0,0,0,0,L08,L08_WP001
twophase_DQN_clean,DQN,clean,0,0,7,49,eval,21,2038.467,0,0,1,110,0,,,0,0,0,0,0,L08,L08_WP001
twophase_DQN_clean,DQN,clean,0,0,7,49,eval,22,2231.613,0,1,2,110,0,27,0,0,0,0,0,0,L02,L02_WP001
twophase_DQN_clean,DQN,clean,0,0,7,49,eval,23,2078.467,0,0,1,110,0,,,0,0,0,0,0,L08,L08_WP001
twophase_DQN_clean,DQN,clean,0,0,7,49,eval,24,2271.613,0,1,2,110,0,27,0,0,0,0,0,0,L02,L02_WP001
twophase_DQN_clean,DQN,clean,0,0,7,49,eval,25,2118.467,0,0,1,110,0,,,0,0,0,0,0,L08,L08_WP001
twophase_DQN_clean,DQN,clean,0,0,7,49,eval,26,2118.467,0,0,1,110,0,,,0,0,0,0,0,L08,L08_WP001
twophase_DQN_clean,DQN,clean,0,0,7,49,eval,27,2118.467,0,0,1,110,0,,,0,0,0,0,0,L08,L08_WP001
twophase_DQN_clean,DQN,clean,0,0,7,49,eval,28,2118.467,0,0,1,110,0,,,0,0,0,0,0,L08,L08_WP001
twophase_DQN_clean,DQN,clean,0,0,7,49,eval,29,2118.467,0,0,1,110,0,,,0,0,0,0,0,L08,L08_WP001
twophase_DQN_clean,DQN,clean,0,0,7,49,eval,30,2285.3343,0,1,2,110,0,27,0,0,0,160.4109,0,0,L02,L02_WP001
twophase_DQN_mid,DQN,mid,0.1,0.2,0,42,eval,1,1057.2896,0,0,1,110,0,,,0,0,5.7406,45,24,L02,L02_WP001
twophase_DQN_mid,DQN,mid,0.1,0.2,0,42,eval,2,1065.851,0,0,1,110,0,,,0,0,5.7541,38,27,L08,L08_WP001
twophase_DQN_mid,DQN,mid,0.1,0.2,0,42,eval,3,1065.6125,0,0,1,110,0,,,0,0,6.0645,44,22,L08,L08_WP001
twophase_DQN_mid,DQN,mid,0.1,0.2,0,42,eval,4,1056.9925,0,0,1,110,0,,,0,0,5.9861,46,22,L02,L02_WP001
twophase_DQN_mid,DQN,mid,0.1,0.2,0,42,eval,5,1057.2039,0,0,1,110,0,,,0,0,5.725,39,16,L02,L02_WP001
twophase_DQN_mid,DQN,mid,0.1,0.2,0,42,eval,6,1057.0528,0,0,1,110,0,,,0,0,5.8669,44,28,L02,L02_WP001
twophase_DQN_mid,DQN,mid,0.1,0.2,0,42,eval,7,1056.9057,0,0,1,110,0,,,0,0,6.034,40,16,L02,L02_WP001
twophase_DQN_mid,DQN,mid,0.1,0.2,0,42,eval,8,1057.017,0,0,1,110,0,,,0,0,6.3645,48,16,L02,L02_WP001
twophase_DQN_mid,DQN,mid,0.1,0.2,0,42,eval,9,1065.0728,0,0,1,110,0,,,0,0,6.0477,48,21,L08,L08_WP001
twophase_DQN_mid,DQN,mid,0.1,0.2,0,42,eval,10,1057.3041,0,0,1,110,0,,,0,0,5.7502,42,35,L02,L02_WP001
twophase_DQN_mid,DQN,mid,0.1,0.2,0,42,eval,11,1057.4108,0,0,1,110,0,,,0,0,5.4384,42,20,L02,L02_WP001
twophase_DQN_mid,DQN,mid,0.1,0.2,0,42,eval,12,1057.0486,0,0,1,110,0,,,0,0,6.0289,62,25,L02,L02_WP001
twophase_DQN_mid,DQN,mid,0.1,0.2,0,42,eval,13,1063.599,0,0,1,110,0,,,0,0,5.9946,46,19,L08,L08_WP001
twophase_DQN_mid,DQN,mid,0.1,0.2,0,42,eval,14,1065.943,0,0,1,110,0,,,0,0,5.9228,45,19,L08,L08_WP001
twophase_DQN_mid,DQN,mid,0.1,0.2,0,42,eval,15,1064.4212,0,0,1,110,0,,,0,0,5.8183,44,22,L08,L08_WP001
twophase_DQN_mid,DQN,mid,0.1,0.2,0,42,eval,16,1056.8743,0,0,1,110,0,,,0,0,6.1388,44,22,L02,L02_WP001
twophase_DQN_mid,DQN,mid,0.1,0.2,0,42,eval,17,1056.9588,0,0,1,110,0,,,0,0,6.204,54,20,L02,L02_WP001
twophase_DQN_mid,DQN,mid,0.1,0.2,0,42,eval,18,1057.1731,0,0,1,110,0,,,0,0,5.9838,48,23,L02,L02_WP001
twophase_DQN_mid,DQN,mid,0.1,0.2,0,42,eval,19,1057.3846,0,0,1,110,0,,,0,0,5.7558,29,18,L02,L02_WP001
twophase_DQN_mid,DQN,mid,0.1,0.2,0,42,eval,20,1063.6259,0,0,1,110,0,,,0,0,6.042,46,23,L08,L08_WP001
twophase_DQN_mid,DQN,mid,0.1,0.2,0,42,eval,21,1066.2161,0,0,1,110,0,,,0,0,5.8372,41,22,L08,L08_WP001
twophase_DQN_mid,DQN,mid,0.1,0.2,0,42,eval,22,1065.8342,0,0,1,110,0,,,0,0,6.1292,46,27,L08,L08_WP001
twophase_DQN_mid,DQN,mid,0.1,0.2,0,42,eval,23,1057.2386,0,0,1,110,0,,,0,0,5.5926,36,22,L02,L02_WP001
twophase_DQN_mid,DQN,mid,0.1,0.2,0,42,eval,24,1067.3188,0,0,1,110,0,,,0,0,5.8778,45,25,L08,L08_WP001
twophase_DQN_mid,DQN,mid,0.1,0.2,0,42,eval,25,1065.8501,0,0,1,110,0,,,0,0,6.087,49,21,L08,L08_WP001
twophase_DQN_mid,DQN,mid,0.1,0.2,0,42,eval,26,1056.8916,0,0,1,110,0,,,0,0,6.2802,47,20,L02,L02_WP001
twophase_DQN_mid,DQN,mid,0.1,0.2,0,42,eval,27,1057.1106,0,0,1,110,0,,,0,0,5.8604,43,27,L02,L02_WP001
twophase_DQN_mid,DQN,mid,0.1,0.2,0,42,eval,28,1066.1696,0,0,1,110,0,,,0,0,5.954,41,23,L08,L08_WP001
twophase_DQN_mid,DQN,mid,0.1,0.2,0,42,eval,29,1057.1858,0,0,1,110,0,,,0,0,5.9339,38,24,L02,L02_WP001
twophase_DQN_mid,DQN,mid,0.1,0.2,0,42,eval,30,1065.3297,0,0,1,110,0,,,0,0,6.0868,43,20,L08,L08_WP001
twophase_DQN_mid,DQN,mid,0.1,0.2,1,43,eval,1,1305.4724,0,0,1,110,0,,,0,0,6.0434,45,22,L02,L02_WP001
twophase_DQN_mid,DQN,mid,0.1,0.2,1,43,eval,2,1285.7274,0,0,1,110,0,,,1,1,5.6724,39,16,L08,L08_WP001
twophase_DQN_mid,DQN,mid,0.1,0.2,1,43,eval,3,1292.7515,0,0,1,110,0,,,1,1,6.0325,40,19,L02,L02_WP001
twophase_DQN_mid,DQN,mid,0.1,0.2,1,43,eval,4,1284.5227,0,0,1,110,0,,,1,1,5.8456,43,21,L08,L08_WP001
twophase_DQN_mid,DQN,mid,0.1,0.2,1,43,eval,5,1294.1775,0,0,1,110,0,,,1,1,5.7312,37,19,L02,L02_WP001
twophase_DQN_mid,DQN,mid,0.1,0.2,1,43,eval,6,1233.6303,0,0,1,110,0,,,3,1,6.0677,52,26,L08,L08_WP001
twophase_DQN_mid,DQN,mid,0.1,0.2,1,43,eval,7,1305.7983,0,0,1,110,0,,,0,0,6.1491,54,21,L02,L02_WP001
twophase_DQN_mid,DQN,mid,0.1,0.2,1,43,eval,8,1284.7166,0,0,1,110,0,,,1,1,6.1699,43,24,L08,L08_WP001
twophase_DQN_mid,DQN,mid,0.1,0.2,1,43,eval,9,1286.2912,0,0,1,110,0,,,1,1,5.8536,39,14,L08,L08_WP001
twophase_DQN_mid,DQN,mid,0.1,0.2,1,43,eval,10,1285.4226,0,0,1,110,0,,,1,1,6.0038,55,18,L08,L08_WP001
twophase_DQN_mid,DQN,mid,0.1,0.2,1,43,eval,11,1284.7624,0,0,1,110,0,,,1,1,5.8962,44,21,L08,L08_WP001
twophase_DQN_mid,DQN,mid,0.1,0.2,1,43,eval,12,1305.5195,0,0,1,110,0,,,0,0,6.2022,46,24,L02,L02_WP001
twophase_DQN_mid,DQN,mid,0.1,0.2,1,43,eval,13,1305.8587,0,0,1,110,0,,,0,0,5.7186,44,27,L02,L02_WP001
twophase_DQN_mid,DQN,mid,0.1,0.2,1,43,eval,14,1292.7654,0,0,1,110,0,,,1,1,6.2062,46,24,L02,L02_WP001
twophase_DQN_mid,DQN,mid,0.1,0.2,1,43,eval,15,1234.1872,0,0,1,110,0,,,3,1,5.8654,31,21,L08,L08_WP001
twophase_DQN_mid,DQN,mid,0.1,0.2,1,43,eval,16,1292.5304,0,0,1,110,0,,,1,1,6.2272,40,16,L02,L02_WP001
twophase_DQN_mid,DQN,mid,0.1,0.2,1,43,eval,17,1306.9758,0,0,1,110,0,,,0,0,5.8802,45,24,L02,L02_WP001
twophase_DQN_mid,DQN,mid,0.1,0.2,1,43,eval,18,1304.5969,0,0,1,110,0,,,0,0,6.3357,48,23,L02,L02_WP001
twophase_DQN_mid,DQN,mid,0.1,0.2,1,43,eval,19,1448.387,0,1,2,110,0,51,2.6407,2,1,5.7956,11,26,L08,L08_WP001
twophase_DQN_mid,DQN,mid,0.1,0.2,1,43,eval,20,1351.5117,0,0,1,110,0,,,0,0,5.6037,39,19,L08,L08_WP001
twophase_DQN_mid,DQN,mid,0.1,0.2,1,43,eval,21,1325.0619,0,0,1,110,0,,,1,1,5.6146,30,23,L08,L08_WP001
twophase_DQN_mid,DQN,mid,0.1,0.2,1,43,eval,22,1325.1216,0,0,1,110,0,,,1,1,6.0414,43,21,L08,L08_WP001
twophase_DQN_mid,DQN,mid,0.1,0.2,1,43,eval,23,1325.1827,0,0,1,110,0,,,1,1,6.2004,48,22,L08,L08_WP001
twophase_DQN_mid,DQN,mid,0.1,0.2,1,43,eval,24,1299.0978,0,0,1,110,0,,,2,1,6.4181,49,26,L08,L08_WP001
twophase_DQN_mid,DQN,mid,0.1,0.2,1,43,eval,25,1439.1334,0,1,2,110,0,37,3.8912,4,1,6.3317,17,23,L08,L08_WP001
twophase_DQN_mid,DQN,mid,0.1,0.2,1,43,eval,26,1340.0843,0,0,1,110,0,,,2,1,5.5212,34,29,L08,L08_WP001
twophase_DQN_mid,DQN,mid,0.1,0.2,1,43,eval,27,1365.0707,0,0,1,110,0,,,1,1,5.6855,36,23,L08,L08_WP001
twophase_DQN_mid,DQN,mid,0.1,0.2,1,43,eval,28,1534.1667,0,1,2,110,0,31,0.0795,2,1,5.7334,9,16,L08,L08_WP001
twophase_DQN_mid,DQN,mid,0.1,0.2,1,43,eval,29,1412.2547,0,0,1,110,0,,,1,1,6.3659,47,23,L02,L02_WP001
twophase_DQN_mid,DQN,mid,0.1,0.2,1,43,eval,30,1361.9643,0,0,1,110,0,,,3,1,6.0736,45,12,L02,L02_WP001
twophase_DQN_mid,DQN,mid,0.1,0.2,2,44,eval,1,-247.1329,0,0,1,110,0,,,3,1,6.0802,51,31,L02,L02_WP001
twophase_DQN_mid,DQN,mid,0.1,0.2,2,44,eval,2,-228.294,0,0,1,110,1,,,2,1,5.9204,45,21,L02,L02_WP001
twophase_DQN_mid,DQN,mid,0.1,0.2,2,44,eval,3,-193.4775,0,0,1,110,0,,,1,1,5.6359,36,24,L08,L08_WP001
twophase_DQN_mid,DQN,mid,0.1,0.2,2,44,eval,4,-167.6029,0,0,1,110,0,,,0,0,5.987,49,23,L08,L08_WP001
twophase_DQN_mid,DQN,mid,0.1,0.2,2,44,eval,5,-168.5195,0,0,1,110,0,,,0,0,6.0034,42,20,L08,L08_WP001
twophase_DQN_mid,DQN,mid,0.1,0.2,2,44,eval,6,-182.9809,0,0,1,110,2,,,0,0,5.9475,45,21,L02,L02_WP001
twophase_DQN_mid,DQN,mid,0.1,0.2,2,44,eval,7,-167.4738,0,0,1,110,0,,,0,0,5.8149,42,21,L08,L08_WP001
twophase_DQN_mid,DQN,mid,0.1,0.2,2,44,eval,8,-196.0726,0,0,1,110,0,,,1,1,5.7855,42,28,L02,L02_WP001
twophase_DQN_mid,DQN,mid,0.1,0.2,2,44,eval,9,-167.0243,0,0,1,110,0,,,0,0,5.83,48,29,L08,L08_WP001
twophase_DQN_mid,DQN,mid,0.1,0.2,2,44,eval,10,-167.5902,0,0,1,110,0,,,0,0,5.629,36,31,L08,L08_WP001
twophase_DQN_mid,DQN,mid,0.1,0.2,2,44,eval,11,-196.3092,0,0,1,110,0,,,1,1,5.8339,46,25,L02,L02_WP001
twophase_DQN_mid,DQN,mid,0.1,0.2,2,44,eval,12,-170.2959,0,0,1,110,0,,,0,0,6.0732,41,21,L08,L08_WP001
twophase_DQN_mid,DQN,mid,0.1,0.2,2,44,eval,13,-298.4577,0,0,1,110,0,,,5,1,5.3722,47,29,L02,L02_WP001
twophase_DQN_mid,DQN,mid,0.1,0.2,2,44,eval,14,-208.1305,0,0,1,110,3,,,1,1,6.142,48,29,L02,L02_WP001
twophase_DQN_mid,DQN,mid,0.1,0.2,2,44,eval,15,-167.7664,0,0,1,110,0,,,0,0,5.698,29,30,L08,L08_WP001
twophase_DQN_mid,DQN,mid,0.1,0.2,2,44,eval,16,-197.7034,0,0,1,110,0,,,1,1,6.0331,39,22,L02,L02_WP001
twophase_DQN_mid,DQN,mid,0.1,0.2,2,44,eval,17,-207.4308,0,0,1,110,3,,,1,1,5.7416,41,25,L02,L02_WP001
twophase_DQN_mid,DQN,mid,0.1,0.2,2,44,eval,18,-208.6594,0,0,1,110,3,,,1,1,6.1604,46,24,L02,L02_WP001
twophase_DQN_mid,DQN,mid,0.1,0.2,2,44,eval,19,-168.3302,0,0,1,110,0,,,0,0,5.8562,40,29,L08,L08_WP001
twophase_DQN_mid,DQN,mid,0.1,0.2,2,44,eval,20,-168.0413,0,0,1,110,0,,,0,0,5.7152,39,28,L08,L08_WP001
twophase_DQN_mid,DQN,mid,0.1,0.2,2,44,eval,21,-172.6606,0,0,1,110,0,,,1,1,5.8695,14,20,L08,L08_WP001
twophase_DQN_mid,DQN,mid,0.1,0.2,2,44,eval,22,-172.2238,0,0,1,110,0,,,1,1,5.8389,12,23,L08,L08_WP001
twophase_DQN_mid,DQN,mid,0.1,0.2,2,44,eval,23,-196.5929,0,0,1,110,0,,,1,1,6.0799,44,22,L02,L02_WP001
twophase_DQN_mid,DQN,mid,0.1,0.2,2,44,eval,24,-179.1905,0,0,1,110,1,,,0,0,5.7986,34,22,L02,L02_WP001
twophase_DQN_mid,DQN,mid,0.1,0.2,2,44,eval,25,-179.2722,0,0,1,110,1,,,0,0,6.0454,48,17,L02,L02_WP001
twophase_DQN_mid,DQN,mid,0.1,0.2,2,44,eval,26,-166.8976,0,0,1,110,0,,,0,0,6.2348,57,22,L08,L08_WP001
twophase_DQN_mid,DQN,mid,0.1,0.2,2,44,eval,27,-167.7459,0,0,1,110,0,,,0,0,6.1431,54,21,L08,L08_WP001
twophase_DQN_mid,DQN,mid,0.1,0.2,2,44,eval,28,-200.4854,0,0,1,110,1,,,1,1,5.6313,37,17,L02,L02_WP001
twophase_DQN_mid,DQN,mid,0.1,0.2,2,44,eval,29,-168.4838,0,0,1,110,0,,,0,0,5.9228,47,20,L08,L08_WP001
twophase_DQN_mid,DQN,mid,0.1,0.2,2,44,eval,30,-168.0772,0,0,1,110,0,,,0,0,6.2715,53,16,L08,L08_WP001
twophase_DQN_mid,DQN,mid,0.1,0.2,3,45,eval,1,867.6203,0,0,1,110,0,,,0,0,5.8368,45,27,L02,L02_WP001
twophase_DQN_mid,DQN,mid,0.1,0.2,3,45,eval,2,869.1899,0,0,1,110,0,,,0,0,5.9452,44,20,L02,L02_WP001
twophase_DQN_mid,DQN,mid,0.1,0.2,3,45,eval,3,849.7007,0,0,1,110,0,,,1,1,5.7959,40,25,L08,L08_WP001
twophase_DQN_mid,DQN,mid,0.1,0.2,3,45,eval,4,749.7457,0,0,1,110,0,,,5,1,5.9183,39,28,L08,L08_WP001
twophase_DQN_mid,DQN,mid,0.1,0.2,3,45,eval,5,730.7075,0,0,1,110,2,,,5,1,6.0497,50,16,L08,L08_WP001
twophase_DQN_mid,DQN,mid,0.1,0.2,3,45,eval,6,964.0703,0,1,2,110,2,69,15.5587,3,1,5.9799,20,22,L02,L02_WP001
twophase_DQN_mid,DQN,mid,0.1,0.2,3,45,eval,7,889.09,0,0,1,110,0,,,1,1,5.5718,35,19,L08,L08_WP001
twophase_DQN_mid,DQN,mid,0.1,0.2,3,45,eval,8,881.5316,0,0,1,110,1,,,1,1,6.1024,41,22,L08,L08_WP001
twophase_DQN_mid,DQN,mid,0.1,0.2,3,45,eval,9,1074.4903,0,1,2,110,0,67,2.1798,1,1,5.9553,22,16,L02,L02_WP001
twophase_DQN_mid,DQN,mid,0.1,0.2,3,45,eval,10,947.6656,0,0,1,110,0,,,0,0,5.6682,46,24,L02,L02_WP001
twophase_DQN_mid,DQN,mid,0.1,0.2,3,45,eval,11,862.0825,0,0,1,110,2,,,3,1,5.8752,47,26,L08,L08_WP001
twophase_DQN_mid,DQN,mid,0.1,0.2,3,45,eval,12,947.3918,0,0,1,110,0,,,0,0,5.842,45,19,L02,L02_WP001
twophase_DQN_mid,DQN,mid,0.1,0.2,3,45,eval,13,891.6363,0,0,1,110,3,,,2,1,6.4142,58,22,L08,L08_WP001
twophase_DQN_mid,DQN,mid,0.1,0.2,3,45,eval,14,914.2819,0,0,1,110,4,,,1,1,5.8234,40,25,L08,L08_WP001
twophase_DQN_mid,DQN,mid,0.1,0.2,3,45,eval,15,947.9743,0,0,1,110,0,,,0,0,5.7232,44,21,L02,L02_WP001
twophase_DQN_mid,DQN,mid,0.1,0.2,3,45,eval,16,948.3844,0,0,1,110,0,,,0,0,6.0514,55,15,L02,L02_WP001
twophase_DQN_mid,DQN,mid,0.1,0.2,3,45,eval,17,813.2608,0,0,1,110,4,,,5,1,5.8639,42,20,L08,L08_WP001
twophase_DQN_mid,DQN,mid,0.1,0.2,3,45,eval,18,946.5878,0,0,1,110,0,,,0,0,5.8842,47,25,L02,L02_WP001
twophase_DQN_mid,DQN,mid,0.1,0.2,3,45,eval,19,947.0466,0,0,1,110,0,,,0,0,6.3822,53,29,L02,L02_WP001
twophase_DQN_mid,DQN,mid,0.1,0.2,3,45,eval,20,948.8426,0,0,1,110,0,,,0,0,5.7459,32,20,L02,L02_WP001
twophase_DQN_mid,DQN,mid,0.1,0.2,3,45,eval,21,909.2557,0,0,1,110,3,,,1,1,6.0576,41,16,L08,L08_WP001
twophase_DQN_mid,DQN,mid,0.1,0.2,3,45,eval,22,947.0141,0,0,1,110,0,,,0,0,5.8931,45,24,L02,L02_WP001
twophase_DQN_mid,DQN,mid,0.1,0.2,3,45,eval,23,916.1199,0,0,1,110,1,,,1,1,5.6631,40,20,L08,L08_WP001
twophase_DQN_mid,DQN,mid,0.1,0.2,3,45,eval,24,947.4668,0,0,1,110,0,,,0,0,6.1661,46,17,L02,L02_WP001
twophase_DQN_mid,DQN,mid,0.1,0.2,3,45,eval,25,948.1499,0,0,1,110,0,,,0,0,5.9248,46,21,L02,L02_WP001
twophase_DQN_mid,DQN,mid,0.1,0.2,3,45,eval,26,899.8248,0,0,1,110,0,,,2,1,6.1391,54,21,L02,L02_WP001
twophase_DQN_mid,DQN,mid,0.1,0.2,3,45,eval,27,903.2747,0,0,1,110,0,,,2,1,6.2291,46,24,L08,L08_WP001
twophase_DQN_mid,DQN,mid,0.1,0.2,3,45,eval,28,899.7164,0,0,1,110,0,,,2,1,6.0751,46,20,L02,L02_WP001
twophase_DQN_mid,DQN,mid,0.1,0.2,3,45,eval,29,947.5234,0,0,1,110,0,,,0,0,6.2623,49,22,L02,L02_WP001
twophase_DQN_mid,DQN,mid,0.1,0.2,3,45,eval,30,779.3309,0,0,1,110,12,,,5,1,5.8045,40,26,L08,L08_WP001
twophase_DQN_mid,DQN,mid,0.1,0.2,4,46,eval,1,2535.0905,0,0,1,110,0,,,0,0,6.0172,47,24,L08,L08_WP001
twophase_DQN_mid,DQN,mid,0.1,0.2,4,46,eval,2,2534.1416,0,0,1,110,0,,,0,0,5.8644,46,23,L08,L08_WP001
twophase_DQN_mid,DQN,mid,0.1,0.2,4,46,eval,3,2536.1479,0,0,1,110,0,,,0,0,5.9018,44,23,L08,L08_WP001
twophase_DQN_mid,DQN,mid,0.1,0.2,4,46,eval,4,2535.2729,0,0,1,110,0,,,0,0,6.0099,55,23,L08,L08_WP001
twophase_DQN_mid,DQN,mid,0.1,0.2,4,46,eval,5,2557.9204,0,0,1,110,0,,,0,0,5.8008,23,22,L02,L02_WP001
twophase_DQN_mid,DQN,mid,0.1,0.2,4,46,eval,6,2535.0989,0,0,1,110,0,,,0,0,5.7433,34,21,L08,L08_WP001
twophase_DQN_mid,DQN,mid,0.1,0.2,4,46,eval,7,2557.4288,0,0,1,110,0,,,0,0,6.0385,16,22,L02,L02_WP001
twophase_DQN_mid,DQN,mid,0.1,0.2,4,46,eval,8,2534.3497,0,0,1,110,0,,,0,0,5.74,42,22,L08,L08_WP001
twophase_DQN_mid,DQN,mid,0.1,0.2,4,46,eval,9,2556.7216,0,0,1,110,0,,,0,0,6.0593,23,27,L02,L02_WP001
twophase_DQN_mid,DQN,mid,0.1,0.2,4,46,eval,10,2679.7929,0,1,2,110,0,33,2.7479,2,1,97.8376,34,24,L08,L08_WP001
twophase_DQN_mid,DQN,mid,0.1,0.2,4,46,eval,11,2597.3369,0,0,1,110,0,,,0,0,6.2644,19,21,L02,L02_WP001
twophase_DQN_mid,DQN,mid,0.1,0.2,4,46,eval,12,2575.5849,0,0,1,110,0,,,0,0,5.7616,47,28,L08,L08_WP001
twophase_DQN_mid,DQN,mid,0.1,0.2,4,46,eval,13,2597.9942,0,0,1,110,0,,,0,0,5.7456,19,13,L02,L02_WP001
twophase_DQN_mid,DQN,mid,0.1,0.2,4,46,eval,14,2575.18,0,0,1,110,0,,,0,0,5.9776,47,19,L08,L08_WP001
twophase_DQN_mid,DQN,mid,0.1,0.2,4,46,eval,15,2575.533,0,0,1,110,0,,,0,0,5.924,44,21,L08,L08_WP001
twophase_DQN_mid,DQN,mid,0.1,0.2,4,46,eval,16,2575.8656,0,0,1,110,0,,,0,0,5.5168,37,18,L08,L08_WP001
twophase_DQN_mid,DQN,mid,0.1,0.2,4,46,eval,17,2597.7762,0,0,1,110,0,,,0,0,5.923,25,21,L02,L02_WP001
twophase_DQN_mid,DQN,mid,0.1,0.2,4,46,eval,18,2598.516,0,0,1,110,0,,,0,0,5.9527,23,23,L02,L02_WP001
twophase_DQN_mid,DQN,mid,0.1,0.2,4,46,eval,19,2597.7566,0,0,1,110,0,,,0,0,6.2808,22,22,L02,L02_WP001
twophase_DQN_mid,DQN,mid,0.1,0.2,4,46,eval,20,2575.6465,0,0,1,110,0,,,0,0,5.6394,48,22,L08,L08_WP001
twophase_DQN_mid,DQN,mid,0.1,0.2,4,46,eval,21,2598.1896,0,0,1,110,0,,,0,0,5.7864,15,18,L02,L02_WP001
twophase_DQN_mid,DQN,mid,0.1,0.2,4,46,eval,22,2598.7891,0,0,1,110,0,,,0,0,5.9334,22,25,L02,L02_WP001
twophase_DQN_mid,DQN,mid,0.1,0.2,4,46,eval,23,2575.9577,0,0,1,110,0,,,0,0,5.8991,45,24,L08,L08_WP001
twophase_DQN_mid,DQN,mid,0.1,0.2,4,46,eval,24,2575.1823,0,0,1,110,0,,,0,0,5.6772,37,13,L08,L08_WP001
twophase_DQN_mid,DQN,mid,0.1,0.2,4,46,eval,25,2575.6589,0,0,1,110,0,,,0,0,5.8715,41,17,L08,L08_WP001
twophase_DQN_mid,DQN,mid,0.1,0.2,4,46,eval,26,2574.9379,0,0,1,110,0,,,0,0,5.8369,43,24,L08,L08_WP001
twophase_DQN_mid,DQN,mid,0.1,0.2,4,46,eval,27,2576.6095,0,0,1,110,0,,,0,0,5.826,44,26,L08,L08_WP001
twophase_DQN_mid,DQN,mid,0.1,0.2,4,46,eval,28,2574.5976,0,0,1,110,0,,,0,0,5.9941,53,19,L08,L08_WP001
twophase_DQN_mid,DQN,mid,0.1,0.2,4,46,eval,29,2575.2254,0,0,1,110,0,,,0,0,5.8062,39,26,L08,L08_WP001
twophase_DQN_mid,DQN,mid,0.1,0.2,4,46,eval,30,2597.0273,0,0,1,110,0,,,0,0,5.8861,20,22,L02,L02_WP001
twophase_DQN_mid,DQN,mid,0.1,0.2,5,47,eval,1,400.9942,0,0,1,110,0,,,1,1,5.9658,49,20,L08,L08_WP001
twophase_DQN_mid,DQN,mid,0.1,0.2,5,47,eval,2,430.8618,0,0,1,110,0,,,0,0,5.9358,50,25,L02,L02_WP001
twophase_DQN_mid,DQN,mid,0.1,0.2,5,47,eval,3,401.5213,0,0,1,110,0,,,1,1,5.8433,47,15,L08,L08_WP001
twophase_DQN_mid,DQN,mid,0.1,0.2,5,47,eval,4,398.5867,0,0,1,110,1,,,1,1,6.0904,49,22,L08,L08_WP001
twophase_DQN_mid,DQN,mid,0.1,0.2,5,47,eval,5,431.2695,0,0,1,110,0,,,0,0,5.663,36,24,L02,L02_WP001
twophase_DQN_mid,DQN,mid,0.1,0.2,5,47,eval,6,397.7441,0,0,1,110,1,,,1,1,5.9425,52,21,L08,L08_WP001
twophase_DQN_mid,DQN,mid,0.1,0.2,5,47,eval,7,431.0206,0,0,1,110,0,,,0,0,5.9971,44,16,L02,L02_WP001
twophase_DQN_mid,DQN,mid,0.1,0.2,5,47,eval,8,401.5937,0,0,1,110,0,,,1,1,5.7654,50,23,L08,L08_WP001
twophase_DQN_mid,DQN,mid,0.1,0.2,5,47,eval,9,365.9932,0,0,1,110,3,,,2,1,5.6466,35,19,L08,L08_WP001
twophase_DQN_mid,DQN,mid,0.1,0.2,5,47,eval,10,390.9066,0,0,1,110,3,,,1,1,5.9048,34,22,L08,L08_WP001
twophase_DQN_mid,DQN,mid,0.1,0.2,5,47,eval,11,393.3875,0,0,1,110,2,,,1,1,5.7927,50,20,L08,L08_WP001
twophase_DQN_mid,DQN,mid,0.1,0.2,5,47,eval,12,394.9225,0,0,1,110,2,,,1,1,6.2262,50,22,L08,L08_WP001
twophase_DQN_mid,DQN,mid,0.1,0.2,5,47,eval,13,401.8651,0,0,1,110,0,,,1,1,5.7486,43,23,L08,L08_WP001
twophase_DQN_mid,DQN,mid,0.1,0.2,5,47,eval,14,431.2144,0,0,1,110,0,,,0,0,5.8375,49,9,L02,L02_WP001
twophase_DQN_mid,DQN,mid,0.1,0.2,5,47,eval,15,401.5708,0,0,1,110,0,,,1,1,5.3896,31,30,L08,L08_WP001
twophase_DQN_mid,DQN,mid,0.1,0.2,5,47,eval,16,430.3849,0,0,1,110,0,,,0,0,6.0569,42,30,L02,L02_WP001
twophase_DQN_mid,DQN,mid,0.1,0.2,5,47,eval,17,401.2496,0,0,1,110,0,,,1,1,6.0651,44,26,L08,L08_WP001
twophase_DQN_mid,DQN,mid,0.1,0.2,5,47,eval,18,401.3145,0,0,1,110,0,,,1,1,6.0037,47,21,L08,L08_WP001
twophase_DQN_mid,DQN,mid,0.1,0.2,5,47,eval,19,431.2524,0,0,1,110,0,,,0,0,6.0845,54,33,L02,L02_WP001
twophase_DQN_mid,DQN,mid,0.1,0.2,5,47,eval,20,327.7824,0,0,1,110,0,,,4,1,6.0758,46,20,L08,L08_WP001
twophase_DQN_mid,DQN,mid,0.1,0.2,5,47,eval,21,424.101,0,0,1,110,2,,,0,0,5.7498,38,28,L02,L02_WP001
twophase_DQN_mid,DQN,mid,0.1,0.2,5,47,eval,22,394.1236,0,0,1,110,2,,,1,1,5.9142,48,19,L08,L08_WP001
twophase_DQN_mid,DQN,mid,0.1,0.2,5,47,eval,23,431.4155,0,0,1,110,0,,,0,0,6.151,46,27,L02,L02_WP001
twophase_DQN_mid,DQN,mid,0.1,0.2,5,47,eval,24,432.9844,0,0,1,110,0,,,0,0,6.0842,44,22,L02,L02_WP001
twophase_DQN_mid,DQN,mid,0.1,0.2,5,47,eval,25,397.5822,0,0,1,110,1,,,1,1,6.0528,46,22,L08,L08_WP001
twophase_DQN_mid,DQN,mid,0.1,0.2,5,47,eval,26,401.1256,0,0,1,110,0,,,1,1,5.8294,49,20,L08,L08_WP001
twophase_DQN_mid,DQN,mid,0.1,0.2,5,47,eval,27,397.1411,0,0,1,110,1,,,1,1,6.5237,53,31,L08,L08_WP001
twophase_DQN_mid,DQN,mid,0.1,0.2,5,47,eval,28,430.4802,0,0,1,110,0,,,0,0,5.8899,41,21,L02,L02_WP001
twophase_DQN_mid,DQN,mid,0.1,0.2,5,47,eval,29,431.0592,0,0,1,110,0,,,0,0,5.6155,35,20,L02,L02_WP001
twophase_DQN_mid,DQN,mid,0.1,0.2,5,47,eval,30,401.7208,0,0,1,110,0,,,1,1,5.9448,39,22,L08,L08_WP001
twophase_DQN_mid,DQN,mid,0.1,0.2,6,48,eval,1,743.5788,0,0,1,110,0,,,0,0,5.6114,39,23,L08,L08_WP001
twophase_DQN_mid,DQN,mid,0.1,0.2,6,48,eval,2,742.6042,0,0,1,110,1,,,0,0,5.9478,42,25,L02,L02_WP001
twophase_DQN_mid,DQN,mid,0.1,0.2,6,48,eval,3,745.2851,0,0,1,110,0,,,0,0,6.1731,50,24,L08,L08_WP001
twophase_DQN_mid,DQN,mid,0.1,0.2,6,48,eval,4,742.8211,0,0,1,110,0,,,0,0,5.9002,37,26,L08,L08_WP001
twophase_DQN_mid,DQN,mid,0.1,0.2,6,48,eval,5,745.7925,0,0,1,110,0,,,0,0,6.0868,49,23,L08,L08_WP001
twophase_DQN_mid,DQN,mid,0.1,0.2,6,48,eval,6,744.7223,0,0,1,110,0,,,0,0,5.5282,31,20,L02,L02_WP001
twophase_DQN_mid,DQN,mid,0.1,0.2,6,48,eval,7,746.3569,0,0,1,110,0,,,0,0,5.9897,49,20,L02,L02_WP001
twophase_DQN_mid,DQN,mid,0.1,0.2,6,48,eval,8,746.3031,0,0,1,110,0,,,0,0,6.1666,53,18,L02,L02_WP001
twophase_DQN_mid,DQN,mid,0.1,0.2,6,48,eval,9,743.3174,0,0,1,110,0,,,0,0,6.0036,50,25,L08,L08_WP001
twophase_DQN_mid,DQN,mid,0.1,0.2,6,48,eval,10,742.776,0,0,1,110,1,,,0,0,5.8721,47,22,L02,L02_WP001
twophase_DQN_mid,DQN,mid,0.1,0.2,6,48,eval,11,747.5697,0,0,1,110,0,,,0,0,6.1125,46,26,L02,L02_WP001
twophase_DQN_mid,DQN,mid,0.1,0.2,6,48,eval,12,743.9851,0,0,1,110,0,,,0,0,5.8077,47,22,L08,L08_WP001
twophase_DQN_mid,DQN,mid,0.1,0.2,6,48,eval,13,744.9537,0,0,1,110,0,,,0,0,5.6195,34,24,L08,L08_WP001
twophase_DQN_mid,DQN,mid,0.1,0.2,6,48,eval,14,744.4376,0,0,1,110,0,,,0,0,6.1013,48,27,L08,L08_WP001
twophase_DQN_mid,DQN,mid,0.1,0.2,6,48,eval,15,748.1081,0,0,1,110,0,,,0,0,6.0282,47,31,L02,L02_WP001
twophase_DQN_mid,DQN,mid,0.1,0.2,6,48,eval,16,743.8935,0,0,1,110,0,,,0,0,6.258,54,29,L08,L08_WP001
twophase_DQN_mid,DQN,mid,0.1,0.2,6,48,eval,17,745.2658,0,0,1,110,0,,,0,0,5.8887,43,18,L02,L02_WP001
twophase_DQN_mid,DQN,mid,0.1,0.2,6,48,eval,18,743.189,0,0,1,110,0,,,0,0,5.7213,43,19,L08,L08_WP001
twophase_DQN_mid,DQN,mid,0.1,0.2,6,48,eval,19,744.4162,0,0,1,110,0,,,0,0,5.9521,41,20,L08,L08_WP001
twophase_DQN_mid,DQN,mid,0.1,0.2,6,48,eval,20,743.8982,0,0,1,110,0,,,0,0,5.9172,46,20,L08,L08_WP001
twophase_DQN_mid,DQN,mid,0.1,0.2,6,48,eval,21,745.3171,0,0,1,110,0,,,0,0,6.0037,45,26,L02,L02_WP001
twophase_DQN_mid,DQN,mid,0.1,0.2,6,48,eval,22,742.7579,0,0,1,110,0,,,0,0,5.7166,42,24,L08,L08_WP001
twophase_DQN_mid,DQN,mid,0.1,0.2,6,48,eval,23,743.3369,0,0,1,110,0,,,0,0,6.4561,58,17,L08,L08_WP001
twophase_DQN_mid,DQN,mid,0.1,0.2,6,48,eval,24,744.4679,0,0,1,110,0,,,0,0,6.0692,45,19,L02,L02_WP001
twophase_DQN_mid,DQN,mid,0.1,0.2,6,48,eval,25,743.6595,0,0,1,110,0,,,0,0,6.1555,54,23,L08,L08_WP001
twophase_DQN_mid,DQN,mid,0.1,0.2,6,48,eval,26,745.6078,0,0,1,110,0,,,0,0,5.7934,44,23,L02,L02_WP001
twophase_DQN_mid,DQN,mid,0.1,0.2,6,48,eval,27,744.3115,0,0,1,110,1,,,0,0,5.7488,41,23,L02,L02_WP001
twophase_DQN_mid,DQN,mid,0.1,0.2,6,48,eval,28,742.8395,0,0,1,110,1,,,0,0,5.8534,43,24,L02,L02_WP001
twophase_DQN_mid,DQN,mid,0.1,0.2,6,48,eval,29,745.1967,0,0,1,110,0,,,0,0,5.8424,46,24,L08,L08_WP001
twophase_DQN_mid,DQN,mid,0.1,0.2,6,48,eval,30,747.6005,0,0,1,110,0,,,0,0,5.8405,42,19,L02,L02_WP001
twophase_DQN_mid,DQN,mid,0.1,0.2,7,49,eval,1,2911.4364,0,1,2,110,0,39,6.1439,0,0,163.7584,34,24,L02,L02_WP001
twophase_DQN_mid,DQN,mid,0.1,0.2,7,49,eval,2,2927.9767,0,1,2,110,0,47,2.2925,2,1,7.1813,12,22,L08,L08_WP001
twophase_DQN_mid,DQN,mid,0.1,0.2,7,49,eval,3,2820.5241,0,0,1,110,0,,,0,0,5.6271,40,20,L08,L08_WP001
twophase_DQN_mid,DQN,mid,0.1,0.2,7,49,eval,4,2998.2137,0,1,2,110,0,43,10.9391,0,0,141.1149,35,28,L02,L02_WP001
twophase_DQN_mid,DQN,mid,0.1,0.2,7,49,eval,5,3224.5674,1,1,2,104,0,51,2.7417,0,0,5.7259,24,29,L02,L02_WP001
twophase_DQN_mid,DQN,mid,0.1,0.2,7,49,eval,6,3109.8067,0,1,2,110,0,39,7.2616,0,0,5.982,25,17,L02,L02_WP001
twophase_DQN_mid,DQN,mid,0.1,0.2,7,49,eval,7,3308.0284,1,1,2,106,0,59,2.6268,0,0,5.7408,31,24,L02,L02_WP001
twophase_DQN_mid,DQN,mid,0.1,0.2,7,49,eval,8,2960.0786,0,0,1,110,0,,,1,1,6.0694,44,15,L08,L08_WP001
twophase_DQN_mid,DQN,mid,0.1,0.2,7,49,eval,9,2980.5996,0,0,1,110,0,,,0,0,5.9853,40,17,L08,L08_WP001
twophase_DQN_mid,DQN,mid,0.1,0.2,7,49,eval,10,2940.5217,0,0,1,110,0,,,2,1,5.5387,26,20,L08,L08_WP001
twophase_DQN_mid,DQN,mid,0.1,0.2,7,49,eval,11,2980.182,0,0,1,110,0,,,0,0,6.078,48,25,L08,L08_WP001
twophase_DQN_mid,DQN,mid,0.1,0.2,7,49,eval,12,2980.7006,0,0,1,110,0,,,0,0,5.6776,43,24,L08,L08_WP001
twophase_DQN_mid,DQN,mid,0.1,0.2,7,49,eval,13,2885.9495,0,0,1,110,0,,,4,1,6.3115,51,22,L08,L08_WP001
twophase_DQN_mid,DQN,mid,0.1,0.2,7,49,eval,14,2997.0613,0,0,1,110,0,,,0,0,5.7028,40,19,L02,L02_WP001
twophase_DQN_mid,DQN,mid,0.1,0.2,7,49,eval,15,3157.3486,0,1,2,110,0,33,0.387,0,0,169.5135,37,26,L02,L02_WP001
twophase_DQN_mid,DQN,mid,0.1,0.2,7,49,eval,16,3184.701,0,1,2,110,1,35,7.2531,0,0,170.7459,38,20,L02,L02_WP001
twophase_DQN_mid,DQN,mid,0.1,0.2,7,49,eval,17,2993.7872,0,0,1,110,0,,,3,1,5.9028,48,22,L08,L08_WP001
twophase_DQN_mid,DQN,mid,0.1,0.2,7,49,eval,18,3264.826,0,1,2,110,0,35,4.2537,0,0,94.9806,14,17,L02,L02_WP001
twophase_DQN_mid,DQN,mid,0.1,0.2,7,49,eval,19,3512.3664,1,1,2,72,0,43,10.91,0,0,5.9156,24,14,L02,L02_WP001
twophase_DQN_mid,DQN,mid,0.1,0.2,7,49,eval,20,3140.635,0,0,1,110,0,,,0,0,6.0895,45,18,L08,L08_WP001
twophase_DQN_mid,DQN,mid,0.1,0.2,7,49,eval,21,3140.0142,0,0,1,110,0,,,0,0,6.3325,55,22,L08,L08_WP001
twophase_DQN_mid,DQN,mid,0.1,0.2,7,49,eval,22,3553.9157,1,1,2,76,0,41,4.9491,0,0,5.8712,24,18,L02,L02_WP001
twophase_DQN_mid,DQN,mid,0.1,0.2,7,49,eval,23,3180.5729,0,0,1,110,0,,,0,0,5.9298,46,17,L08,L08_WP001
twophase_DQN_mid,DQN,mid,0.1,0.2,7,49,eval,24,3196.8909,0,0,1,110,0,,,0,0,6.0572,45,22,L02,L02_WP001
twophase_DQN_mid,DQN,mid,0.1,0.2,7,49,eval,25,3013.0839,0,0,1,110,0,,,7,1,6.0076,39,30,L08,L08_WP001
twophase_DQN_mid,DQN,mid,0.1,0.2,7,49,eval,26,3163.2063,0,0,1,110,0,,,1,1,5.8368,45,22,L08,L08_WP001
twophase_DQN_mid,DQN,mid,0.1,0.2,7,49,eval,27,3087.1476,0,0,1,110,0,,,4,1,5.6307,37,19,L08,L08_WP001
twophase_DQN_mid,DQN,mid,0.1,0.2,7,49,eval,28,3180.4851,0,0,1,110,0,,,0,0,6.1285,50,25,L08,L08_WP001
twophase_DQN_mid,DQN,mid,0.1,0.2,7,49,eval,29,3206.8724,0,1,2,110,0,71,4.3767,7,1,5.7951,30,31,L08,L08_WP001
twophase_DQN_mid,DQN,mid,0.1,0.2,7,49,eval,30,3381.9456,0,1,2,110,1,27,3.709,0,0,184.093,25,27,L02,L02_WP001
twophase_DQN_harsh,DQN,harsh,0.25,0.4,0,42,eval,1,1814.9556,0,1,2,110,0,55,11.086,3,1,13.6017,48,51,L02,L02_WP001
twophase_DQN_harsh,DQN,harsh,0.25,0.4,0,42,eval,2,1595.7351,0,0,1,110,0,,,6,1,12.8554,142,43,L08,L08_WP001
twophase_DQN_harsh,DQN,harsh,0.25,0.4,0,42,eval,3,1595.7095,0,0,1,110,0,,,6,1,13.4793,141,47,L08,L08_WP001
twophase_DQN_harsh,DQN,harsh,0.25,0.4,0,42,eval,4,1883.1699,0,1,2,110,1,47,4.2567,2,1,13.1888,37,43,L02,L02_WP001
twophase_DQN_harsh,DQN,harsh,0.25,0.4,0,42,eval,5,1797.7612,0,1,2,110,0,55,5.4639,7,1,13.2856,61,42,L02,L02_WP001
twophase_DQN_harsh,DQN,harsh,0.25,0.4,0,42,eval,6,1985.0156,0,1,2,110,1,53,8.0536,1,1,13.0948,44,51,L02,L02_WP001
twophase_DQN_harsh,DQN,harsh,0.25,0.4,0,42,eval,7,1894.0022,0,1,2,110,1,53,11.9233,6,1,11.9457,63,40,L02,L02_WP001
twophase_DQN_harsh,DQN,harsh,0.25,0.4,0,42,eval,8,1847.5898,0,1,2,110,6,51,6.8902,9,1,13.1876,47,39,L02,L02_WP001
twophase_DQN_harsh,DQN,harsh,0.25,0.4,0,42,eval,9,1871.2882,0,0,1,110,0,,,3,1,13.2705,142,46,L08,L08_WP001
twophase_DQN_harsh,DQN,harsh,0.25,0.4,0,42,eval,10,1832.6162,0,1,2,110,0,105,20.2678,10,1,92.8004,122,43,L02,L02_WP001
twophase_DQN_harsh,DQN,harsh,0.25,0.4,0,42,eval,11,2077.5636,0,1,2,110,0,55,3.034,4,1,12.5655,51,48,L02,L02_WP001
twophase_DQN_harsh,DQN,harsh,0.25,0.4,0,42,eval,12,2009.9559,0,0,1,110,0,,,1,1,14.1478,128,48,L02,L02_WP001
twophase_DQN_harsh,DQN,harsh,0.25,0.4,0,42,eval,13,1851.8774,0,0,1,110,0,,,7,1,14.0657,143,31,L08,L08_WP001
twophase_DQN_harsh,DQN,harsh,0.25,0.4,0,42,eval,14,1902.5084,0,0,1,110,0,,,5,1,13.1929,139,44,L08,L08_WP001
twophase_DQN_harsh,DQN,harsh,0.25,0.4,0,42,eval,15,2005.3054,0,1,2,110,0,67,8.8212,8,1,12.9062,68,40,L08,L08_WP001
twophase_DQN_harsh,DQN,harsh,0.25,0.4,0,42,eval,16,2196.4026,0,1,2,110,1,51,14.7255,2,1,12.3075,41,39,L02,L02_WP001
twophase_DQN_harsh,DQN,harsh,0.25,0.4,0,42,eval,17,2185.1498,0,1,2,110,6,57,19.7825,3,1,13.5417,48,48,L02,L02_WP001
twophase_DQN_harsh,DQN,harsh,0.25,0.4,0,42,eval,18,2298.1277,0,1,2,110,0,53,19.319,1,1,34.4523,61,51,L02,L02_WP001
twophase_DQN_harsh,DQN,harsh,0.25,0.4,0,42,eval,19,2192.6716,0,1,2,110,0,87,4.4161,7,1,13.2533,106,42,L02,L02_WP001
twophase_DQN_harsh,DQN,harsh,0.25,0.4,0,42,eval,20,2103.6359,0,0,1,110,0,,,5,1,13.7408,144,48,L08,L08_WP001
twophase_DQN_harsh,DQN,harsh,0.25,0.4,0,42,eval,21,2255.9059,0,1,2,110,0,87,2.471,6,1,12.4276,87,45,L08,L08_WP001
twophase_DQN_harsh,DQN,harsh,0.25,0.4,0,42,eval,22,2369.8098,0,1,2,110,0,81,5.253,3,1,12.4921,99,53,L08,L08_WP001
twophase_DQN_harsh,DQN,harsh,0.25,0.4,0,42,eval,23,2344.6116,0,1,2,110,0,55,29.5201,5,1,15.1106,91,45,L02,L02_WP001
twophase_DQN_harsh,DQN,harsh,0.25,0.4,0,42,eval,24,2345.827,0,0,1,110,0,,,0,0,13.4986,156,52,L08,L08_WP001
twophase_DQN_harsh,DQN,harsh,0.25,0.4,0,42,eval,25,2417.0111,0,1,2,110,0,99,3.9038,4,1,13.3409,103,41,L08,L08_WP001
twophase_DQN_harsh,DQN,harsh,0.25,0.4,0,42,eval,26,2443.7121,0,1,2,110,0,73,6.8692,5,1,12.0162,77,39,L02,L02_WP001
twophase_DQN_harsh,DQN,harsh,0.25,0.4,0,42,eval,27,2502.0055,0,1,2,110,0,83,10.912,4,1,13.206,99,48,L02,L02_WP001
twophase_DQN_harsh,DQN,harsh,0.25,0.4,0,42,eval,28,2416.3565,0,0,1,110,0,,,2,1,13.5072,151,46,L08,L08_WP001
twophase_DQN_harsh,DQN,harsh,0.25,0.4,0,42,eval,29,2401.0567,0,1,2,110,3,63,28.5968,9,1,13.3593,68,51,L02,L02_WP001
twophase_DQN_harsh,DQN,harsh,0.25,0.4,0,42,eval,30,2505.5538,0,0,1,110,0,,,0,0,13.7832,158,48,L08,L08_WP001
twophase_DQN_harsh,DQN,harsh,0.25,0.4,1,43,eval,1,223.172,0,0,1,110,0,,,0,0,12.8872,147,40,L02,L02_WP001
twophase_DQN_harsh,DQN,harsh,0.25,0.4,1,43,eval,2,93.331,0,0,1,110,0,,,5,1,13.0456,147,41,L08,L08_WP001
twophase_DQN_harsh,DQN,harsh,0.25,0.4,1,43,eval,3,223.7413,0,0,1,110,0,,,0,0,13.0387,150,41,L02,L02_WP001
twophase_DQN_harsh,DQN,harsh,0.25,0.4,1,43,eval,4,216.969,0,0,1,110,0,,,0,0,13.5753,149,56,L08,L08_WP001
twophase_DQN_harsh,DQN,harsh,0.25,0.4,1,43,eval,5,199.1972,0,0,1,110,0,,,1,1,13.5596,154,46,L02,L02_WP001
twophase_DQN_harsh,DQN,harsh,0.25,0.4,1,43,eval,6,213.6341,0,0,1,110,0,,,0,0,13.0722,144,47,L08,L08_WP001
twophase_DQN_harsh,DQN,harsh,0.25,0.4,1,43,eval,7,75.1654,0,0,1,110,0,,,6,1,13.3628,157,39,L02,L02_WP001
twophase_DQN_harsh,DQN,harsh,0.25,0.4,1,43,eval,8,116.4893,0,0,1,110,0,,,4,1,12.6856,140,53,L08,L08_WP001
twophase_DQN_harsh,DQN,harsh,0.25,0.4,1,43,eval,9,160.8334,0,0,1,110,0,,,2,1,13.799,150,45,L08,L08_WP001
twophase_DQN_harsh,DQN,harsh,0.25,0.4,1,43,eval,10,187.2153,0,0,1,110,0,,,1,1,12.9451,143,45,L08,L08_WP001
twophase_DQN_harsh,DQN,harsh,0.25,0.4,1,43,eval,11,185.8175,0,0,1,110,0,,,1,1,13.4954,155,45,L08,L08_WP001
twophase_DQN_harsh,DQN,harsh,0.25,0.4,1,43,eval,12,221.1314,0,0,1,110,0,,,0,0,13.3564,149,49,L02,L02_WP001
twophase_DQN_harsh,DQN,harsh,0.25,0.4,1,43,eval,13,222.4132,0,0,1,110,0,,,0,0,12.4126,139,45,L02,L02_WP001
twophase_DQN_harsh,DQN,harsh,0.25,0.4,1,43,eval,14,223.5319,0,0,1,110,0,,,0,0,13.4391,154,39,L02,L02_WP001
twophase_DQN_harsh,DQN,harsh,0.25,0.4,1,43,eval,15,165.2803,0,0,1,110,0,,,2,1,13.2874,151,56,L08,L08_WP001
twophase_DQN_harsh,DQN,harsh,0.25,0.4,1,43,eval,16,200.0434,0,0,1,110,0,,,1,1,12.8682,148,48,L02,L02_WP001
twophase_DQN_harsh,DQN,harsh,0.25,0.4,1,43,eval,17,222.0307,0,0,1,110,0,,,0,0,13.7956,146,37,L02,L02_WP001
twophase_DQN_harsh,DQN,harsh,0.25,0.4,1,43,eval,18,178.6349,0,0,1,110,0,,,2,1,13.981,149,47,L02,L02_WP001
twophase_DQN_harsh,DQN,harsh,0.25,0.4,1,43,eval,19,209.8635,0,0,1,110,0,,,0,0,13.6171,151,58,L08,L08_WP001
twophase_DQN_harsh,DQN,harsh,0.25,0.4,1,43,eval,20,207.2586,0,0,1,110,1,,,0,0,12.6974,141,47,L08,L08_WP001
twophase_DQN_harsh,DQN,harsh,0.25,0.4,1,43,eval,21,210.464,0,0,1,110,0,,,0,0,12.9183,145,42,L08,L08_WP001
twophase_DQN_harsh,DQN,harsh,0.25,0.4,1,43,eval,22,41.5518,0,0,1,110,0,,,7,1,13.4629,152,47,L08,L08_WP001
twophase_DQN_harsh,DQN,harsh,0.25,0.4,1,43,eval,23,158.8839,0,0,1,110,1,,,2,1,13.262,154,41,L08,L08_WP001
twophase_DQN_harsh,DQN,harsh,0.25,0.4,1,43,eval,24,117.632,0,0,1,110,0,,,4,1,13.4511,156,48,L08,L08_WP001
twophase_DQN_harsh,DQN,harsh,0.25,0.4,1,43,eval,25,210.3493,0,0,1,110,0,,,0,0,13.5972,147,55,L08,L08_WP001
twophase_DQN_harsh,DQN,harsh,0.25,0.4,1,43,eval,26,206.6382,0,0,1,110,1,,,0,0,13.3131,154,48,L08,L08_WP001
twophase_DQN_harsh,DQN,harsh,0.25,0.4,1,43,eval,27,44.1008,0,0,1,110,0,,,7,1,12.367,149,49,L08,L08_WP001
twophase_DQN_harsh,DQN,harsh,0.25,0.4,1,43,eval,28,149.2698,0,0,1,110,4,,,2,1,12.8919,142,36,L08,L08_WP001
twophase_DQN_harsh,DQN,harsh,0.25,0.4,1,43,eval,29,210.7775,0,0,1,110,0,,,1,1,12.6398,112,39,L02,L02_WP001
twophase_DQN_harsh,DQN,harsh,0.25,0.4,1,43,eval,30,222.1724,0,0,1,110,0,,,0,0,13.2251,153,40,L02,L02_WP001
twophase_DQN_harsh,DQN,harsh,0.25,0.4,2,44,eval,1,527.807,0,0,1,110,1,,,2,1,13.1383,153,43,L02,L02_WP001
twophase_DQN_harsh,DQN,harsh,0.25,0.4,2,44,eval,2,577.2995,0,0,1,110,1,,,0,0,13.3017,150,36,L02,L02_WP001
twophase_DQN_harsh,DQN,harsh,0.25,0.4,2,44,eval,3,585.0891,0,0,1,110,0,,,0,0,12.5036,136,44,L08,L08_WP001
twophase_DQN_harsh,DQN,harsh,0.25,0.4,2,44,eval,4,585.9407,0,0,1,110,0,,,0,0,13.3815,142,41,L08,L08_WP001
twophase_DQN_harsh,DQN,harsh,0.25,0.4,2,44,eval,5,584.0709,0,0,1,110,0,,,0,0,13.3527,149,44,L08,L08_WP001
twophase_DQN_harsh,DQN,harsh,0.25,0.4,2,44,eval,6,579.9796,0,0,1,110,0,,,0,0,12.258,133,36,L02,L02_WP001
twophase_DQN_harsh,DQN,harsh,0.25,0.4,2,44,eval,7,583.6079,0,0,1,110,0,,,0,0,13.6979,146,47,L08,L08_WP001
twophase_DQN_harsh,DQN,harsh,0.25,0.4,2,44,eval,8,559.524,0,0,1,110,0,,,1,1,12.6654,148,53,L02,L02_WP001
twophase_DQN_harsh,DQN,harsh,0.25,0.4,2,44,eval,9,432.6268,0,0,1,110,0,,,6,1,14.0584,144,46,L08,L08_WP001
twophase_DQN_harsh,DQN,harsh,0.25,0.4,2,44,eval,10,585.7196,0,0,1,110,0,,,0,0,13.7406,143,53,L08,L08_WP001
twophase_DQN_harsh,DQN,harsh,0.25,0.4,2,44,eval,11,559.4763,0,0,1,110,0,,,1,1,12.9385,143,43,L02,L02_WP001
twophase_DQN_harsh,DQN,harsh,0.25,0.4,2,44,eval,12,589.0659,0,0,1,110,0,,,0,0,13.0879,143,42,L08,L08_WP001
twophase_DQN_harsh,DQN,harsh,0.25,0.4,2,44,eval,13,578.8813,0,0,1,110,0,,,0,0,14.0626,150,52,L02,L02_WP001
twophase_DQN_harsh,DQN,harsh,0.25,0.4,2,44,eval,14,559.4596,0,0,1,110,0,,,1,1,13.5183,160,42,L02,L02_WP001
twophase_DQN_harsh,DQN,harsh,0.25,0.4,2,44,eval,15,571.5325,0,0,1,110,0,,,1,1,12.6531,105,48,L08,L08_WP001
twophase_DQN_harsh,DQN,harsh,0.25,0.4,2,44,eval,16,558.6381,0,0,1,110,0,,,1,1,13.5849,159,48,L02,L02_WP001
twophase_DQN_harsh,DQN,harsh,0.25,0.4,2,44,eval,17,568.7274,0,0,1,110,3,,,0,0,13.5108,138,43,L02,L02_WP001
twophase_DQN_harsh,DQN,harsh,0.25,0.4,2,44,eval,18,554.9551,0,0,1,110,1,,,1,1,13.3448,148,52,L02,L02_WP001
twophase_DQN_harsh,DQN,harsh,0.25,0.4,2,44,eval,19,586.5973,0,0,1,110,0,,,0,0,13.4654,144,46,L08,L08_WP001
twophase_DQN_harsh,DQN,harsh,0.25,0.4,2,44,eval,20,586.6301,0,0,1,110,0,,,0,0,12.8963,148,45,L08,L08_WP001
twophase_DQN_harsh,DQN,harsh,0.25,0.4,2,44,eval,21,586.1092,0,0,1,110,0,,,0,0,13.1616,148,37,L08,L08_WP001
twophase_DQN_harsh,DQN,harsh,0.25,0.4,2,44,eval,22,585.7077,0,0,1,110,0,,,0,0,13.5081,145,42,L08,L08_WP001
twophase_DQN_harsh,DQN,harsh,0.25,0.4,2,44,eval,23,580.5243,0,0,1,110,0,,,0,0,13.6202,148,39,L02,L02_WP001
twophase_DQN_harsh,DQN,harsh,0.25,0.4,2,44,eval,24,575.9116,0,0,1,110,1,,,0,0,13.4039,148,42,L02,L02_WP001
twophase_DQN_harsh,DQN,harsh,0.25,0.4,2,44,eval,25,558.6082,0,0,1,110,0,,,1,1,13.0404,149,36,L02,L02_WP001
twophase_DQN_harsh,DQN,harsh,0.25,0.4,2,44,eval,26,586.6252,0,0,1,110,0,,,0,0,13.3076,154,42,L08,L08_WP001
twophase_DQN_harsh,DQN,harsh,0.25,0.4,2,44,eval,27,581.5705,0,0,1,110,0,,,0,0,13.218,142,50,L08,L08_WP001
twophase_DQN_harsh,DQN,harsh,0.25,0.4,2,44,eval,28,579.8214,0,0,1,110,0,,,0,0,12.8802,151,50,L02,L02_WP001
twophase_DQN_harsh,DQN,harsh,0.25,0.4,2,44,eval,29,584.9276,0,0,1,110,0,,,0,0,13.77,153,38,L08,L08_WP001
twophase_DQN_harsh,DQN,harsh,0.25,0.4,2,44,eval,30,584.6195,0,0,1,110,0,,,0,0,13.0054,151,42,L08,L08_WP001
twophase_DQN_harsh,DQN,harsh,0.25,0.4,3,45,eval,1,829.6035,0,1,2,110,0,77,10.1417,2,1,14.4245,81,48,L02,L02_WP001
twophase_DQN_harsh,DQN,harsh,0.25,0.4,3,45,eval,2,900.1765,0,1,2,110,4,73,23.1608,0,0,13.1696,90,45,L02,L02_WP001
twophase_DQN_harsh,DQN,harsh,0.25,0.4,3,45,eval,3,705.9374,0,0,1,110,7,,,2,1,13.2858,140,50,L08,L08_WP001
twophase_DQN_harsh,DQN,harsh,0.25,0.4,3,45,eval,4,720.6514,0,1,2,110,1,94,3.0034,9,1,13.0572,89,52,L08,L08_WP001
twophase_DQN_harsh,DQN,harsh,0.25,0.4,3,45,eval,5,563.9905,0,0,1,110,4,,,10,1,13.1075,124,45,L08,L08_WP001
twophase_DQN_harsh,DQN,harsh,0.25,0.4,3,45,eval,6,759.9003,0,0,1,110,0,,,3,1,41.1495,134,37,L02,L02_WP001
twophase_DQN_harsh,DQN,harsh,0.25,0.4,3,45,eval,7,750.9736,0,0,1,110,2,,,3,1,12.7963,120,51,L08,L08_WP001
twophase_DQN_harsh,DQN,harsh,0.25,0.4,3,45,eval,8,539.4489,0,0,1,110,12,,,10,1,12.8379,124,50,L08,L08_WP001
twophase_DQN_harsh,DQN,harsh,0.25,0.4,3,45,eval,9,799.9391,0,0,1,110,0,,,1,1,13.7594,145,41,L02,L02_WP001
twophase_DQN_harsh,DQN,harsh,0.25,0.4,3,45,eval,10,810.3585,0,0,1,110,0,,,1,1,14.0248,168,53,L02,L02_WP001
twophase_DQN_harsh,DQN,harsh,0.25,0.4,3,45,eval,11,566.5451,0,0,1,110,1,,,10,1,13.0623,101,49,L08,L08_WP001
twophase_DQN_harsh,DQN,harsh,0.25,0.4,3,45,eval,12,952.7583,0,1,2,110,0,89,6.1456,2,1,15.3973,98,40,L02,L02_WP001
twophase_DQN_harsh,DQN,harsh,0.25,0.4,3,45,eval,13,952.803,0,1,2,110,6,73,6.248,3,1,13.2304,69,43,L08,L08_WP001
twophase_DQN_harsh,DQN,harsh,0.25,0.4,3,45,eval,14,741.84,0,1,2,110,12,80,1.8441,12,1,13.5119,95,47,L08,L08_WP001
twophase_DQN_harsh,DQN,harsh,0.25,0.4,3,45,eval,15,822.8005,0,0,1,110,1,,,5,1,12.8602,140,40,L02,L02_WP001
twophase_DQN_harsh,DQN,harsh,0.25,0.4,3,45,eval,16,1036.13,0,1,2,110,1,102,13.8014,3,1,14.2639,120,44,L02,L02_WP001
twophase_DQN_harsh,DQN,harsh,0.25,0.4,3,45,eval,17,929.4729,0,1,2,110,6,70,29.1946,8,1,13.2803,75,43,L08,L08_WP001
twophase_DQN_harsh,DQN,harsh,0.25,0.4,3,45,eval,18,931.838,0,0,1,110,0,,,4,1,13.5908,149,49,L02,L02_WP001
twophase_DQN_harsh,DQN,harsh,0.25,0.4,3,45,eval,19,1000.8677,0,0,1,110,0,,,1,1,13.7574,149,53,L02,L02_WP001
twophase_DQN_harsh,DQN,harsh,0.25,0.4,3,45,eval,20,1035.166,0,1,2,110,0,95,11.4172,6,1,43.9154,70,51,L02,L02_WP001
twophase_DQN_harsh,DQN,harsh,0.25,0.4,3,45,eval,21,857.6462,0,0,1,110,11,,,7,1,14.216,127,45,L08,L08_WP001
twophase_DQN_harsh,DQN,harsh,0.25,0.4,3,45,eval,22,947.3038,0,0,1,110,0,,,5,1,13.7205,159,47,L02,L02_WP001
twophase_DQN_harsh,DQN,harsh,0.25,0.4,3,45,eval,23,1115.418,0,1,2,110,1,108,23.5918,4,1,12.8645,139,46,L08,L08_WP001
twophase_DQN_harsh,DQN,harsh,0.25,0.4,3,45,eval,24,1262.3763,0,1,2,110,0,65,9.3998,1,1,12.7603,87,37,L02,L02_WP001
twophase_DQN_harsh,DQN,harsh,0.25,0.4,3,45,eval,25,1027.4336,0,0,1,110,0,,,5,1,87.2195,135,47,L02,L02_WP001
twophase_DQN_harsh,DQN,harsh,0.25,0.4,3,45,eval,26,1319.8033,0,1,2,110,0,87,9.23,0,0,13.5531,105,46,L02,L02_WP001
twophase_DQN_harsh,DQN,harsh,0.25,0.4,3,45,eval,27,1289.1788,0,1,2,110,8,81,1.4349,2,1,13.4418,86,47,L08,L08_WP001
twophase_DQN_harsh,DQN,harsh,0.25,0.4,3,45,eval,28,1180.4326,0,0,1,110,0,,,2,1,48.9002,119,43,L02,L02_WP001
twophase_DQN_harsh,DQN,harsh,0.25,0.4,3,45,eval,29,1019.9392,0,0,1,110,0,,,8,1,71.8922,135,48,L02,L02_WP001
twophase_DQN_harsh,DQN,harsh,0.25,0.4,3,45,eval,30,1034.4845,0,0,1,110,20,,,5,1,13.7458,127,41,L08,L08_WP001
twophase_DQN_harsh,DQN,harsh,0.25,0.4,4,46,eval,1,2125.8967,0,1,2,110,0,101,20.5249,4,1,12.5801,119,51,L08,L08_WP001
twophase_DQN_harsh,DQN,harsh,0.25,0.4,4,46,eval,2,2054.668,0,0,1,110,0,,,2,1,14.0001,113,44,L08,L08_WP001
twophase_DQN_harsh,DQN,harsh,0.25,0.4,4,46,eval,3,2135.8053,0,1,2,110,0,51,13.9389,6,1,13.1887,53,40,L08,L08_WP001
twophase_DQN_harsh,DQN,harsh,0.25,0.4,4,46,eval,4,2202.8575,0,1,2,110,0,65,4.2139,5,1,12.6236,69,53,L08,L08_WP001
twophase_DQN_harsh,DQN,harsh,0.25,0.4,4,46,eval,5,2358.2914,0,1,2,110,0,69,17.9388,0,0,17.405,68,43,L02,L02_WP001
twophase_DQN_harsh,DQN,harsh,0.25,0.4,4,46,eval,6,2232.9638,0,1,2,110,0,67,2.4664,7,1,12.7565,46,39,L08,L08_WP001
twophase_DQN_harsh,DQN,harsh,0.25,0.4,4,46,eval,7,2377.2037,0,1,2,110,0,67,6.9253,3,1,11.5695,50,46,L02,L02_WP001
twophase_DQN_harsh,DQN,harsh,0.25,0.4,4,46,eval,8,2295.8166,0,0,1,110,0,,,0,0,13.382,142,40,L08,L08_WP001
twophase_DQN_harsh,DQN,harsh,0.25,0.4,4,46,eval,9,2436.947,0,1,2,110,0,59,13.4629,2,1,13.043,63,53,L02,L02_WP001
twophase_DQN_harsh,DQN,harsh,0.25,0.4,4,46,eval,10,2311.2872,0,0,1,110,0,,,1,1,13.1725,153,46,L08,L08_WP001
twophase_DQN_harsh,DQN,harsh,0.25,0.4,4,46,eval,11,2431.0393,0,1,2,110,0,71,4.5954,4,1,12.4786,72,44,L02,L02_WP001
twophase_DQN_harsh,DQN,harsh,0.25,0.4,4,46,eval,12,2326.1416,0,1,2,110,0,75,26.095,9,1,13.1174,70,46,L08,L08_WP001
twophase_DQN_harsh,DQN,harsh,0.25,0.4,4,46,eval,13,2504.7758,0,1,2,110,0,65,19.1233,4,1,12.7836,55,45,L02,L02_WP001
twophase_DQN_harsh,DQN,harsh,0.25,0.4,4,46,eval,14,2525.8091,0,1,2,110,0,73,2.3997,5,1,11.536,70,33,L08,L08_WP001
twophase_DQN_harsh,DQN,harsh,0.25,0.4,4,46,eval,15,2419.1801,0,1,2,110,0,71,25.3266,10,1,13.4546,67,47,L08,L08_WP001
twophase_DQN_harsh,DQN,harsh,0.25,0.4,4,46,eval,16,2636.0889,0,1,2,110,0,91,19.2487,3,1,13.3232,94,44,L08,L08_WP001
twophase_DQN_harsh,DQN,harsh,0.25,0.4,4,46,eval,17,2702.0836,0,1,2,110,0,51,3.3676,3,1,12.5909,49,39,L02,L02_WP001
twophase_DQN_harsh,DQN,harsh,0.25,0.4,4,46,eval,18,2635.3851,0,0,1,110,0,,,0,0,13.8616,143,53,L02,L02_WP001
twophase_DQN_harsh,DQN,harsh,0.25,0.4,4,46,eval,19,2536.5837,0,1,2,110,0,41,12.2689,11,1,14.0306,37,40,L02,L02_WP001
twophase_DQN_harsh,DQN,harsh,0.25,0.4,4,46,eval,20,2595.7822,0,1,2,110,0,63,14.6854,10,1,11.8323,36,44,L08,L08_WP001
twophase_DQN_harsh,DQN,harsh,0.25,0.4,4,46,eval,21,2764.0856,0,1,2,110,0,61,12.9575,5,1,12.4532,37,44,L02,L02_WP001
twophase_DQN_harsh,DQN,harsh,0.25,0.4,4,46,eval,22,2860.1692,0,1,2,110,0,87,34.7246,2,1,17.4719,56,41,L02,L02_WP001
twophase_DQN_harsh,DQN,harsh,0.25,0.4,4,46,eval,23,2840.5085,0,1,2,110,0,73,11.4875,5,1,13.0329,61,45,L08,L08_WP001
twophase_DQN_harsh,DQN,harsh,0.25,0.4,4,46,eval,24,2882.3639,0,1,2,110,0,71,5.2573,5,1,12.8816,76,38,L08,L08_WP001
twophase_DQN_harsh,DQN,harsh,0.25,0.4,4,46,eval,25,2755.1145,0,0,1,110,0,,,4,1,13.5342,159,40,L08,L08_WP001
twophase_DQN_harsh,DQN,harsh,0.25,0.4,4,46,eval,26,3018.5518,0,1,2,110,0,61,14.0474,1,1,13.3007,54,46,L08,L08_WP001
twophase_DQN_harsh,DQN,harsh,0.25,0.4,4,46,eval,27,2991.7736,0,1,2,110,0,109,16.0434,3,1,13.1999,125,47,L08,L08_WP001
twophase_DQN_harsh,DQN,harsh,0.25,0.4,4,46,eval,28,2886.7425,0,0,1,110,0,,,2,1,12.2339,140,42,L08,L08_WP001
twophase_DQN_harsh,DQN,harsh,0.25,0.4,4,46,eval,29,2907.8158,0,0,1,110,0,,,2,1,13.2289,123,55,L08,L08_WP001
twophase_DQN_harsh,DQN,harsh,0.25,0.4,4,46,eval,30,3027.4591,0,1,2,110,0,59,14.989,4,1,11.9082,52,41,L02,L02_WP001
twophase_DQN_harsh,DQN,harsh,0.25,0.4,5,47,eval,1,1522.8129,0,1,2,110,0,99,19.9466,9,1,13.6873,127,48,L08,L08_WP001
twophase_DQN_harsh,DQN,harsh,0.25,0.4,5,47,eval,2,1610.4758,0,0,1,110,0,,,1,1,13.1886,148,41,L02,L02_WP001
twophase_DQN_harsh,DQN,harsh,0.25,0.4,5,47,eval,3,1468.1367,0,1,2,110,0,97,13.8145,13,1,13.2278,126,35,L08,L08_WP001
twophase_DQN_harsh,DQN,harsh,0.25,0.4,5,47,eval,4,1438.5443,0,0,1,110,0,,,9,1,13.7711,156,49,L08,L08_WP001
twophase_DQN_harsh,DQN,harsh,0.25,0.4,5,47,eval,5,1669.0797,0,0,1,110,0,,,0,0,14.051,151,43,L02,L02_WP001
twophase_DQN_harsh,DQN,harsh,0.25,0.4,5,47,eval,6,1749.4968,0,1,2,110,1,46,8.4476,4,1,11.7142,53,41,L08,L08_WP001
twophase_DQN_harsh,DQN,harsh,0.25,0.4,5,47,eval,7,1709.3533,0,0,1,110,0,,,0,0,13.4026,142,40,L02,L02_WP001
twophase_DQN_harsh,DQN,harsh,0.25,0.4,5,47,eval,8,1739.6361,0,1,2,110,0,61,10.8101,6,1,11.8507,59,41,L08,L08_WP001
twophase_DQN_harsh,DQN,harsh,0.25,0.4,5,47,eval,9,1519.7026,0,0,1,110,0,,,9,1,12.8358,149,48,L08,L08_WP001
twophase_DQN_harsh,DQN,harsh,0.25,0.4,5,47,eval,10,1663.9763,0,1,2,110,0,101,11.0683,10,1,12.9443,102,44,L08,L08_WP001
twophase_DQN_harsh,DQN,harsh,0.25,0.4,5,47,eval,11,1841.9549,0,1,2,110,1,57,5.6239,5,1,11.9834,66,48,L08,L08_WP001
twophase_DQN_harsh,DQN,harsh,0.25,0.4,5,47,eval,12,1563.7743,0,0,1,110,0,,,11,1,13.8287,110,48,L08,L08_WP001
twophase_DQN_harsh,DQN,harsh,0.25,0.4,5,47,eval,13,1560.6381,0,0,1,110,0,,,11,1,12.7342,119,46,L08,L08_WP001
twophase_DQN_harsh,DQN,harsh,0.25,0.4,5,47,eval,14,1831.247,0,0,1,110,0,,,0,0,13.1015,144,39,L02,L02_WP001
twophase_DQN_harsh,DQN,harsh,0.25,0.4,5,47,eval,15,1626.6009,0,0,1,110,0,,,8,1,12.1965,142,47,L08,L08_WP001
twophase_DQN_harsh,DQN,harsh,0.25,0.4,5,47,eval,16,1757.5642,0,0,1,110,0,,,3,1,13.3006,159,48,L02,L02_WP001
twophase_DQN_harsh,DQN,harsh,0.25,0.4,5,47,eval,17,1958.2223,0,1,2,110,0,87,2.6282,2,1,13.7686,81,44,L08,L08_WP001
twophase_DQN_harsh,DQN,harsh,0.25,0.4,5,47,eval,18,1816.0252,0,1,2,110,0,71,4.5623,9,1,13.1961,56,38,L08,L08_WP001
twophase_DQN_harsh,DQN,harsh,0.25,0.4,5,47,eval,19,1862.3431,0,0,1,110,0,,,2,1,13.6784,145,46,L02,L02_WP001
twophase_DQN_harsh,DQN,harsh,0.25,0.4,5,47,eval,20,1879.1067,0,0,1,110,0,,,1,1,13.9536,150,45,L08,L08_WP001
twophase_DQN_harsh,DQN,harsh,0.25,0.4,5,47,eval,21,1908.3958,0,0,1,110,1,,,0,0,13.1014,132,51,L02,L02_WP001
twophase_DQN_harsh,DQN,harsh,0.25,0.4,5,47,eval,22,2015.0974,0,1,2,110,0,55,9.1261,3,1,12.809,57,38,L08,L08_WP001
twophase_DQN_harsh,DQN,harsh,0.25,0.4,5,47,eval,23,1905.9626,0,0,1,110,0,,,2,1,13.3,153,42,L02,L02_WP001
twophase_DQN_harsh,DQN,harsh,0.25,0.4,5,47,eval,24,1951.1493,0,0,1,110,0,,,0,0,13.9385,152,41,L02,L02_WP001
twophase_DQN_harsh,DQN,harsh,0.25,0.4,5,47,eval,25,1692.9903,0,0,1,110,0,,,10,1,14.0454,135,41,L08,L08_WP001
twophase_DQN_harsh,DQN,harsh,0.25,0.4,5,47,eval,26,1747.7932,0,0,1,110,0,,,8,1,13.29,147,40,L08,L08_WP001
twophase_DQN_harsh,DQN,harsh,0.25,0.4,5,47,eval,27,2077.4479,0,1,2,110,0,59,12.278,2,1,14.1312,61,52,L08,L08_WP001
twophase_DQN_harsh,DQN,harsh,0.25,0.4,5,47,eval,28,1990.5147,0,0,1,110,0,,,0,0,13.1998,145,43,L02,L02_WP001
twophase_DQN_harsh,DQN,harsh,0.25,0.4,5,47,eval,29,1991.0635,0,0,1,110,0,,,0,0,12.7091,144,42,L02,L02_WP001
twophase_DQN_harsh,DQN,harsh,0.25,0.4,5,47,eval,30,1930.2161,0,1,2,110,0,61,33.8419,9,1,13.1937,73,44,L08,L08_WP001
twophase_DQN_harsh,DQN,harsh,0.25,0.4,6,48,eval,1,1262.8799,0,0,1,110,0,,,0,0,12.5047,153,52,L08,L08_WP001
twophase_DQN_harsh,DQN,harsh,0.25,0.4,6,48,eval,2,1254.7306,0,0,1,110,2,,,0,0,12.8177,139,45,L02,L02_WP001
twophase_DQN_harsh,DQN,harsh,0.25,0.4,6,48,eval,3,1260.0246,0,0,1,110,0,,,0,0,14.0339,150,42,L08,L08_WP001
twophase_DQN_harsh,DQN,harsh,0.25,0.4,6,48,eval,4,1261.7743,0,0,1,110,0,,,0,0,13.6709,155,43,L08,L08_WP001
twophase_DQN_harsh,DQN,harsh,0.25,0.4,6,48,eval,5,1189.7369,0,0,1,110,0,,,3,1,13.3134,143,45,L08,L08_WP001
twophase_DQN_harsh,DQN,harsh,0.25,0.4,6,48,eval,6,1195.9834,0,0,1,110,1,,,3,1,13.4654,145,43,L02,L02_WP001
twophase_DQN_harsh,DQN,harsh,0.25,0.4,6,48,eval,7,1409.5711,0,1,2,110,0,103,15.0754,1,1,13.9555,139,46,L02,L02_WP001
twophase_DQN_harsh,DQN,harsh,0.25,0.4,6,48,eval,8,1281.4017,0,0,1,110,5,,,0,0,13.7782,147,46,L02,L02_WP001
twophase_DQN_harsh,DQN,harsh,0.25,0.4,6,48,eval,9,1228.7884,0,0,1,110,0,,,3,1,13.3382,143,39,L08,L08_WP001
twophase_DQN_harsh,DQN,harsh,0.25,0.4,6,48,eval,10,1414.1222,0,1,2,110,0,59,10.1871,3,1,13.8474,61,45,L02,L02_WP001
twophase_DQN_harsh,DQN,harsh,0.25,0.4,6,48,eval,11,1339.0305,0,0,1,110,1,,,0,0,12.846,152,44,L02,L02_WP001
twophase_DQN_harsh,DQN,harsh,0.25,0.4,6,48,eval,12,1340.0149,0,0,1,110,0,,,0,0,13.585,142,48,L08,L08_WP001
twophase_DQN_harsh,DQN,harsh,0.25,0.4,6,48,eval,13,1318.4101,0,0,1,110,0,,,1,1,13.3318,154,49,L08,L08_WP001
twophase_DQN_harsh,DQN,harsh,0.25,0.4,6,48,eval,14,1217.7681,0,0,1,110,0,,,5,1,14.1417,141,41,L08,L08_WP001
twophase_DQN_harsh,DQN,harsh,0.25,0.4,6,48,eval,15,1322.6276,0,0,1,110,1,,,1,1,13.4399,151,60,L02,L02_WP001
twophase_DQN_harsh,DQN,harsh,0.25,0.4,6,48,eval,16,1194.031,0,0,1,110,0,,,6,1,13.057,147,38,L08,L08_WP001
twophase_DQN_harsh,DQN,harsh,0.25,0.4,6,48,eval,17,1480.3676,0,1,2,110,0,69,16.3517,1,1,43.0171,64,39,L02,L02_WP001
twophase_DQN_harsh,DQN,harsh,0.25,0.4,6,48,eval,18,1260.3921,0,0,1,110,0,,,5,1,13.2552,145,39,L08,L08_WP001
twophase_DQN_harsh,DQN,harsh,0.25,0.4,6,48,eval,19,1356.4646,0,0,1,110,0,,,1,1,13.2474,145,45,L08,L08_WP001
twophase_DQN_harsh,DQN,harsh,0.25,0.4,6,48,eval,20,1382.7524,0,0,1,110,0,,,0,0,13.2757,153,49,L08,L08_WP001
twophase_DQN_harsh,DQN,harsh,0.25,0.4,6,48,eval,21,1377.1089,0,0,1,110,1,,,0,0,12.7505,149,40,L02,L02_WP001
twophase_DQN_harsh,DQN,harsh,0.25,0.4,6,48,eval,22,1282.3565,0,0,1,110,0,,,4,1,14.1119,156,41,L08,L08_WP001
twophase_DQN_harsh,DQN,harsh,0.25,0.4,6,48,eval,23,1335.2063,0,0,1,110,0,,,2,1,13.0594,149,45,L08,L08_WP001
twophase_DQN_harsh,DQN,harsh,0.25,0.4,6,48,eval,24,1379.4528,0,0,1,110,1,,,0,0,12.7345,140,48,L02,L02_WP001
twophase_DQN_harsh,DQN,harsh,0.25,0.4,6,48,eval,25,1333.5942,0,0,1,110,0,,,2,1,13.3864,150,48,L08,L08_WP001
twophase_DQN_harsh,DQN,harsh,0.25,0.4,6,48,eval,26,1354.2684,0,0,1,110,7,,,0,0,13.1005,135,47,L02,L02_WP001
twophase_DQN_harsh,DQN,harsh,0.25,0.4,6,48,eval,27,1363.6857,0,0,1,110,5,,,0,0,13.6945,145,45,L02,L02_WP001
twophase_DQN_harsh,DQN,harsh,0.25,0.4,6,48,eval,28,1331.7267,0,0,1,110,0,,,2,1,12.626,139,44,L02,L02_WP001
twophase_DQN_harsh,DQN,harsh,0.25,0.4,6,48,eval,29,1333.3683,0,0,1,110,0,,,2,1,12.7718,139,43,L08,L08_WP001
twophase_DQN_harsh,DQN,harsh,0.25,0.4,6,48,eval,30,1551.7344,0,1,2,110,0,55,3.6989,1,1,12.5741,65,40,L02,L02_WP001
twophase_DQN_harsh,DQN,harsh,0.25,0.4,7,49,eval,1,4041.6942,0,1,2,110,0,63,13.8933,0,0,105.0342,107,42,L02,L02_WP001
twophase_DQN_harsh,DQN,harsh,0.25,0.4,7,49,eval,2,3662.4277,0,0,1,110,0,,,10,1,14.0562,130,53,L08,L08_WP001
twophase_DQN_harsh,DQN,harsh,0.25,0.4,7,49,eval,3,4033.7628,0,1,2,110,0,35,0.7719,3,1,12.9624,88,41,L08,L08_WP001
twophase_DQN_harsh,DQN,harsh,0.25,0.4,7,49,eval,4,4135.0422,0,1,2,110,0,63,3.2404,0,0,14.6764,65,41,L02,L02_WP001
twophase_DQN_harsh,DQN,harsh,0.25,0.4,7,49,eval,5,4167.9775,0,1,2,110,0,75,4.9502,0,0,12.8659,44,44,L02,L02_WP001
twophase_DQN_harsh,DQN,harsh,0.25,0.4,7,49,eval,6,4212.158,0,1,2,110,0,55,9.8617,0,0,12.5405,51,41,L02,L02_WP001
twophase_DQN_harsh,DQN,harsh,0.25,0.4,7,49,eval,7,4228.0925,0,1,2,110,0,67,19.9913,0,0,12.5334,64,48,L02,L02_WP001
twophase_DQN_harsh,DQN,harsh,0.25,0.4,7,49,eval,8,4189.3893,0,1,2,110,0,63,11.0149,4,1,15.4828,113,44,L08,L08_WP001
twophase_DQN_harsh,DQN,harsh,0.25,0.4,7,49,eval,9,4181.5055,0,1,2,110,0,51,14.4574,6,1,12.4842,118,39,L08,L08_WP001
twophase_DQN_harsh,DQN,harsh,0.25,0.4,7,49,eval,10,4313.3271,0,1,2,110,0,51,8.5992,2,1,15.2809,106,39,L08,L08_WP001
twophase_DQN_harsh,DQN,harsh,0.25,0.4,7,49,eval,11,4385.867,0,1,2,110,0,59,1.6471,1,1,14.5377,105,53,L08,L08_WP001
twophase_DQN_harsh,DQN,harsh,0.25,0.4,7,49,eval,12,4338.8635,0,1,2,110,5,43,3.1217,3,1,150.9782,109,38,L08,L08_WP001
twophase_DQN_harsh,DQN,harsh,0.25,0.4,7,49,eval,13,4447.3305,0,1,2,110,0,53,1.6812,2,1,12.7254,65,44,L08,L08_WP001
twophase_DQN_harsh,DQN,harsh,0.25,0.4,7,49,eval,14,4528.284,0,1,2,110,2,41,6.5644,0,0,98.168,99,37,L02,L02_WP001
twophase_DQN_harsh,DQN,harsh,0.25,0.4,7,49,eval,15,4562.1722,0,1,2,110,0,65,15.0932,0,0,93.4844,114,50,L02,L02_WP001
twophase_DQN_harsh,DQN,harsh,0.25,0.4,7,49,eval,16,4599.7822,0,1,2,110,0,73,3.7105,0,0,14.6221,60,44,L02,L02_WP001
twophase_DQN_harsh,DQN,harsh,0.25,0.4,7,49,eval,17,4761.3201,1,1,2,94,0,37,4.8325,3,1,13.5754,100,34,L08,L08_WP001
twophase_DQN_harsh,DQN,harsh,0.25,0.4,7,49,eval,18,4685.9361,0,1,2,110,0,63,11.3088,0,0,13.1266,45,47,L02,L02_WP001
twophase_DQN_harsh,DQN,harsh,0.25,0.4,7,49,eval,19,4722.9769,0,1,2,110,0,75,11.0624,0,0,13.6605,68,46,L02,L02_WP001
twophase_DQN_harsh,DQN,harsh,0.25,0.4,7,49,eval,20,4662.7586,0,1,2,110,2,43,22.9771,3,1,141.1623,110,40,L08,L08_WP001
twophase_DQN_harsh,DQN,harsh,0.25,0.4,7,49,eval,21,4770.3481,0,1,2,110,0,71,13.2933,1,1,14.3045,71,48,L08,L08_WP001
twophase_DQN_harsh,DQN,harsh,0.25,0.4,7,49,eval,22,4845.8747,0,1,2,110,0,61,17.7491,0,0,13.0389,88,51,L02,L02_WP001
twophase_DQN_harsh,DQN,harsh,0.25,0.4,7,49,eval,23,4830.004,0,1,2,110,0,35,24.4409,2,1,14.8,36,44,L08,L08_WP001
twophase_DQN_harsh,DQN,harsh,0.25,0.4,7,49,eval,24,5090.1719,1,1,2,106,0,45,4.7564,0,0,12.5965,109,43,L02,L02_WP001
twophase_DQN_harsh,DQN,harsh,0.25,0.4,7,49,eval,25,4925.6516,0,1,2,110,0,45,2.5573,2,1,106.5337,90,50,L08,L08_WP001
twophase_DQN_harsh,DQN,harsh,0.25,0.4,7,49,eval,26,4840.4291,0,1,2,110,0,69,0.7531,7,1,71.3897,111,48,L08,L08_WP001
twophase_DQN_harsh,DQN,harsh,0.25,0.4,7,49,eval,27,4937.278,0,1,2,110,0,53,12.576,4,1,13.4407,91,51,L08,L08_WP001
twophase_DQN_harsh,DQN,harsh,0.25,0.4,7,49,eval,28,5006.7897,0,1,2,110,0,59,12.9072,3,1,14.8645,75,36,L08,L08_WP001
twophase_DQN_harsh,DQN,harsh,0.25,0.4,7,49,eval,29,5071.7859,0,1,2,110,1,71,6.6153,2,1,12.7359,80,45,L08,L08_WP001
twophase_DQN_harsh,DQN,harsh,0.25,0.4,7,49,eval,30,5166.2823,0,1,2,110,0,65,1.8665,0,0,15.7803,45,53,L02,L02_WP001
