config_id,pairing,condition,noise_std,packet_error_rate,seed,env_seed,phase,episode,direction,agent,reward,success,steps,collisions,cte_mean,iala_violations,dropped_frames,docking_accuracy,lane,vessel_collisions,vessel_collision_flag,collision_contact_steps,near_misses,min_cpa,encounter_steps,give_way_events,head_on_events
twoway_Rule_vs_Rule_clean,Rule_vs_Rule,clean,0,0,0,42,eval,1,inbound,RuleBased,-120.282,0,59,0,0,0,0,,L02,0,0,0,0,246.7851,0,0,0
twoway_Rule_vs_Rule_clean,Rule_vs_Rule,clean,0,0,0,42,eval,2,inbound,RuleBased,-120.282,0,59,0,0,0,0,,L02,0,0,0,0,246.7851,0,0,0
twoway_Rule_vs_Rule_clean,Rule_vs_Rule,clean,0,0,0,42,eval,3,inbound,RuleBased,-122.112,0,59,0,0,0,0,,L02,0,0,0,0,226.7401,0,0,0
twoway_Rule_vs_Rule_clean,Rule_vs_Rule,clean,0,0,0,42,eval,4,inbound,RuleBased,70.818,1,14,0,0,0,0,0,L08,1,1,1,1,0,3,1,1
twoway_Rule_vs_Rule_clean,Rule_vs_Rule,clean,0,0,0,42,eval,5,inbound,RuleBased,70.818,1,14,0,0,0,0,0,L08,1,1,1,1,0,3,1,1
twoway_Rule_vs_Rule_clean,Rule_vs_Rule,clean,0,0,0,42,eval,6,inbound,RuleBased,70.818,1,14,0,0,0,0,0,L08,1,1,1,1,0,3,1,1
twoway_Rule_vs_Rule_clean,Rule_vs_Rule,clean,0,0,0,42,eval,7,inbound,RuleBased,70.818,1,14,0,0,0,0,0,L08,1,1,1,1,0,3,1,1
twoway_Rule_vs_Rule_clean,Rule_vs_Rule,clean,0,0,0,42,eval,8,inbound,RuleBased,-122.112,0,59,0,0,0,0,,L02,0,0,0,0,226.7401,0,0,0
twoway_Rule_vs_Rule_clean,Rule_vs_Rule,clean,0,0,0,42,eval,9,inbound,RuleBased,-120.282,0,59,0,0,0,0,,L02,0,0,0,0,246.7851,0,0,0
twoway_Rule_vs_Rule_clean,Rule_vs_Rule,clean,0,0,0,42,eval,10,inbound,RuleBased,44.499,1,13,0,0,0,0,0,L08,1,1,2,0,0,2,1,1
twoway_Rule_vs_Rule_clean,Rule_vs_Rule,clean,0,0,0,42,eval,11,inbound,RuleBased,70.818,1,14,0,0,0,0,0,L08,1,1,1,1,0,3,1,1
twoway_Rule_vs_Rule_clean,Rule_vs_Rule,clean,0,0,0,42,eval,12,inbound,RuleBased,-120.282,0,59,0,0,0,0,,L02,0,0,0,0,246.7851,0,0,0
twoway_Rule_vs_Rule_clean,Rule_vs_Rule,clean,0,0,0,42,eval,13,inbound,RuleBased,44.499,1,13,0,0,0,0,0,L08,1,1,2,0,0,2,1,1
twoway_Rule_vs_Rule_clean,Rule_vs_Rule,clean,0,0,0,42,eval,14,inbound,RuleBased,-121.257,0,59,0,0,0,0,,L02,0,0,0,0,239.7016,0,0,0
twoway_Rule_vs_Rule_clean,Rule_vs_Rule,clean,0,0,0,42,eval,15,inbound,RuleBased,-120.282,0,59,0,0,0,0,,L02,0,0,0,0,246.7851,0,0,0
twoway_Rule_vs_Rule_clean,Rule_vs_Rule,clean,0,0,0,42,eval,16,inbound,RuleBased,43.135,1,15,0,0,0,0,0,L08,1,1,2,0,0,2,1,1
twoway_Rule_vs_Rule_clean,Rule_vs_Rule,clean,0,0,0,42,eval,17,inbound,RuleBased,44.499,1,13,0,0,0,0,0,L08,1,1,2,0,0,2,1,1
twoway_Rule_vs_Rule_clean,Rule_vs_Rule,clean,0,0,0,42,eval,18,inbound,RuleBased,70.818,1,14,0,0,0,0,0,L08,1,1,1,1,0,3,1,1
twoway_Rule_vs_Rule_clean,Rule_vs_Rule,clean,0,0,0,42,eval,19,inbound,RuleBased,44.499,1,13,0,0,0,0,0,L08,1,1,2,0,0,2,1,1
twoway_Rule_vs_Rule_clean,Rule_vs_Rule,clean,0,0,0,42,eval,20,inbound,RuleBased,-122.112,0,59,0,0,0,0,,L02,0,0,0,0,226.7401,0,0,0
twoway_Rule_vs_Rule_clean,Rule_vs_Rule,clean,0,0,0,42,eval,21,inbound,RuleBased,-122.112,0,59,0,0,0,0,,L02,0,0,0,0,226.7401,0,0,0
twoway_Rule_vs_Rule_clean,Rule_vs_Rule,clean,0,0,0,42,eval,22,inbound,RuleBased,-121.257,0,59,0,0,0,0,,L02,0,0,0,0,239.7016,0,0,0
twoway_Rule_vs_Rule_clean,Rule_vs_Rule,clean,0,0,0,42,eval,23,inbound,RuleBased,44.499,1,13,0,0,0,0,0,L08,1,1,2,0,0,2,1,1
twoway_Rule_vs_Rule_clean,Rule_vs_Rule,clean,0,0,0,42,eval,24,inbound,RuleBased,-123.089,0,59,0,0,0,0,,L02,0,0,0,0,200.1605,0,0,0
twoway_Rule_vs_Rule_clean,Rule_vs_Rule,clean,0,0,0,42,eval,25,inbound,RuleBased,70.818,1,14,0,0,0,0,0,L08,1,1,1,1,0,3,1,1
twoway_Rule_vs_Rule_clean,Rule_vs_Rule,clean,0,0,0,42,eval,26,inbound,RuleBased,43.135,1,15,0,0,0,0,0,L08,1,1,2,0,0,2,1,1
twoway_Rule_vs_Rule_clean,Rule_vs_Rule,clean,0,0,0,42,eval,27,inbound,RuleBased,44.499,1,13,0,0,0,0,0,L08,1,1,2,0,0,2,1,1
twoway_Rule_vs_Rule_clean,Rule_vs_Rule,clean,0,0,0,42,eval,28,inbound,RuleBased,-120.282,0,59,0,0,0,0,,L02,0,0,0,0,246.7851,0,0,0
twoway_Rule_vs_Rule_clean,Rule_vs_Rule,clean,0,0,0,42,eval,29,inbound,RuleBased,-123.089,0,59,0,0,0,0,,L02,0,0,0,0,200.1605,0,0,0
twoway_Rule_vs_Rule_clean,Rule_vs_Rule,clean,0,0,0,42,eval,30,inbound,RuleBased,-121.257,0,59,0,0,0,0,,L02,0,0,0,0,239.7016,0,0,0
twoway_Rule_vs_Rule_clean,Rule_vs_Rule,clean,0,0,0,42,eval,1,outbound,RuleBased,-175.5727,0,59,0,315.0692,0,0,,L02,0,0,0,0,246.7851,0,0,0
twoway_Rule_vs_Rule_clean,Rule_vs_Rule,clean,0,0,0,42,eval,2,outbound,RuleBased,-175.5727,0,59,0,315.0692,0,0,,L02,0,0,0,0,246.7851,0,0,0
twoway_Rule_vs_Rule_clean,Rule_vs_Rule,clean,0,0,0,42,eval,3,outbound,RuleBased,-174.1292,0,59,0,306.1136,0,0,,L02,0,0,0,0,226.7401,0,0,0
twoway_Rule_vs_Rule_clean,Rule_vs_Rule,clean,0,0,0,42,eval,4,outbound,RuleBased,72.818,1,11,0,0,0,0,0,L08,1,1,1,1,0,3,1,1
twoway_Rule_vs_Rule_clean,Rule_vs_Rule,clean,0,0,0,42,eval,5,outbound,RuleBased,72.818,1,11,0,0,0,0,0,L08,1,1,1,1,0,3,1,1
twoway_Rule_vs_Rule_clean,Rule_vs_Rule,clean,0,0,0,42,eval,6,outbound,RuleBased,71.969,1,12,0,0,0,0,0,L08,1,1,1,1,0,3,1,1
twoway_Rule_vs_Rule_clean,Rule_vs_Rule,clean,0,0,0,42,eval,7,outbound,RuleBased,71.197,1,13,0,0,0,0,0,L08,1,1,1,1,0,3,1,1
twoway_Rule_vs_Rule_clean,Rule_vs_Rule,clean,0,0,0,42,eval,8,outbound,RuleBased,-193.515,0,59,0,311.5426,0,0,,L02,0,0,0,0,226.7401,0,0,0
twoway_Rule_vs_Rule_clean,Rule_vs_Rule,clean,0,0,0,42,eval,9,outbound,RuleBased,-195.204,0,59,0,321.8508,0,0,,L02,0,0,0,0,246.7851,0,0,0
twoway_Rule_vs_Rule_clean,Rule_vs_Rule,clean,0,0,0,42,eval,10,outbound,RuleBased,49.969,1,12,0,0,0,0,0,L08,1,1,2,0,0,2,1,1
twoway_Rule_vs_Rule_clean,Rule_vs_Rule,clean,0,0,0,42,eval,11,outbound,RuleBased,71.969,1,12,0,0,0,0,0,L08,1,1,1,1,0,3,1,1
twoway_Rule_vs_Rule_clean,Rule_vs_Rule,clean,0,0,0,42,eval,12,outbound,RuleBased,-175.5727,0,59,0,315.0692,0,0,,L02,0,0,0,0,246.7851,0,0,0
twoway_Rule_vs_Rule_clean,Rule_vs_Rule,clean,0,0,0,42,eval,13,outbound,RuleBased,50.818,1,11,0,0,0,0,0,L08,1,1,2,0,0,2,1,1
twoway_Rule_vs_Rule_clean,Rule_vs_Rule,clean,0,0,0,42,eval,14,outbound,RuleBased,-174.1292,0,59,0,306.1136,0,0,,L02,0,0,0,0,239.7016,0,0,0
twoway_Rule_vs_Rule_clean,Rule_vs_Rule,clean,0,0,0,42,eval,15,outbound,RuleBased,-195.204,0,59,0,321.8508,0,0,,L02,0,0,0,0,246.7851,0,0,0
twoway_Rule_vs_Rule_clean,Rule_vs_Rule,clean,0,0,0,42,eval,16,outbound,RuleBased,50.818,1,11,0,0,0,0,0,L08,1,1,2,0,0,2,1,1
twoway_Rule_vs_Rule_clean,Rule_vs_Rule,clean,0,0,0,42,eval,17,outbound,RuleBased,49.197,1,13,0,0,0,0,0,L08,1,1,2,0,0,2,1,1
twoway_Rule_vs_Rule_clean,Rule_vs_Rule,clean,0,0,0,42,eval,18,outbound,RuleBased,72.818,1,11,0,0,0,0,0,L08,1,1,1,1,0,3,1,1
twoway_Rule_vs_Rule_clean,Rule_vs_Rule,clean,0,0,0,42,eval,19,outbound,RuleBased,49.969,1,12,0,0,0,0,0,L08,1,1,2,0,0,2,1,1
twoway_Rule_vs_Rule_clean,Rule_vs_Rule,clean,0,0,0,42,eval,20,outbound,RuleBased,-174.1292,0,59,0,306.1136,0,0,,L02,0,0,0,0,226.7401,0,0,0
twoway_Rule_vs_Rule_clean,Rule_vs_Rule,clean,0,0,0,42,eval,21,outbound,RuleBased,-175.5727,0,59,0,315.0692,0,0,,L02,0,0,0,0,226.7401,0,0,0
twoway_Rule_vs_Rule_clean,Rule_vs_Rule,clean,0,0,0,42,eval,22,outbound,RuleBased,-193.515,0,59,0,311.5426,0,0,,L02,0,0,0,0,239.7016,0,0,0
twoway_Rule_vs_Rule_clean,Rule_vs_Rule,clean,0,0,0,42,eval,23,outbound,RuleBased,50.818,1,11,0,0,0,0,0,L08,1,1,2,0,0,2,1,1
twoway_Rule_vs_Rule_clean,Rule_vs_Rule,clean,0,0,0,42,eval,24,outbound,RuleBased,-193.515,0,59,0,311.5426,0,0,,L02,0,0,0,0,200.1605,0,0,0
twoway_Rule_vs_Rule_clean,Rule_vs_Rule,clean,0,0,0,42,eval,25,outbound,RuleBased,72.818,1,11,0,0,0,0,0,L08,1,1,1,1,0,3,1,1
twoway_Rule_vs_Rule_clean,Rule_vs_Rule,clean,0,0,0,42,eval,26,outbound,RuleBased,49.969,1,12,0,0,0,0,0,L08,1,1,2,0,0,2,1,1
twoway_Rule_vs_Rule_clean,Rule_vs_Rule,clean,0,0,0,42,eval,27,outbound,RuleBased,50.818,1,11,0,0,0,0,0,L08,1,1,2,0,0,2,1,1
twoway_Rule_vs_Rule_clean,Rule_vs_Rule,clean,0,0,0,42,eval,28,outbound,RuleBased,-193.515,0,59,0,311.5426,0,0,,L02,0,0,0,0,246.7851,0,0,0
twoway_Rule_vs_Rule_clean,Rule_vs_Rule,clean,0,0,0,42,eval,29,outbound,RuleBased,-174.1292,0,59,0,306.1136,0,0,,L02,0,0,0,0,200.1605,0,0,0
twoway_Rule_vs_Rule_clean,Rule_vs_Rule,clean,0,0,0,42,eval,30,outbound,RuleBased,-193.515,0,59,0,311.5426,0,0,,L02,0,0,0,0,239.7016,0,0,0
twoway_Rule_vs_Rule_clean,Rule_vs_Rule,clean,0,0,1,43,eval,1,inbound,RuleBased,-129.143,0,59,0,0,0,0,,L08,0,0,0,0,113.719,0,0,0
twoway_Rule_vs_Rule_clean,Rule_vs_Rule,clean,0,0,1,43,eval,2,inbound,RuleBased,-128.076,0,59,0,0,0,0,,L08,0,0,0,0,102.9563,0,0,0
twoway_Rule_vs_Rule_clean,Rule_vs_Rule,clean,0,0,1,43,eval,3,inbound,RuleBased,-121.159,0,59,0,0,0,0,,L02,0,0,0,0,132.484,0,0,0
twoway_Rule_vs_Rule_clean,Rule_vs_Rule,clean,0,0,1,43,eval,4,inbound,RuleBased,-127.056,0,59,0,0,0,0,,L08,0,0,0,0,113.719,0,0,0
twoway_Rule_vs_Rule_clean,Rule_vs_Rule,clean,0,0,1,43,eval,5,inbound,RuleBased,-127.056,0,59,0,0,0,0,,L08,0,0,0,0,113.719,0,0,0
twoway_Rule_vs_Rule_clean,Rule_vs_Rule,clean,0,0,1,43,eval,6,inbound,RuleBased,-124.946,0,59,0,0,0,0,,L02,0,0,0,0,132.484,0,0,0
twoway_Rule_vs_Rule_clean,Rule_vs_Rule,clean,0,0,1,43,eval,7,inbound,RuleBased,-123.026,0,59,0,0,0,0,,L02,0,0,0,0,132.484,0,0,0
twoway_Rule_vs_Rule_clean,Rule_vs_Rule,clean,0,0,1,43,eval,8,inbound,RuleBased,-123.026,0,59,0,0,0,0,,L02,0,0,0,0,132.484,0,0,0
twoway_Rule_vs_Rule_clean,Rule_vs_Rule,clean,0,0,1,43,eval,9,inbound,RuleBased,-122.078,0,59,0,0,0,0,,L02,0,0,0,0,130,0,0,0
twoway_Rule_vs_Rule_clean,Rule_vs_Rule,clean,0,0,1,43,eval,10,inbound,RuleBased,-129.143,0,59,0,0,0,0,,L08,0,0,0,0,113.719,0,0,0
twoway_Rule_vs_Rule_clean,Rule_vs_Rule,clean,0,0,1,43,eval,11,inbound,RuleBased,-129.143,0,59,0,0,0,0,,L08,0,0,0,0,113.719,0,0,0
twoway_Rule_vs_Rule_clean,Rule_vs_Rule,clean,0,0,1,43,eval,12,inbound,RuleBased,-129.143,0,59,0,0,0,0,,L08,0,0,0,0,113.719,0,0,0
twoway_Rule_vs_Rule_clean,Rule_vs_Rule,clean,0,0,1,43,eval,13,inbound,RuleBased,-124.036,0,59,0,0,0,0,,L02,0,0,0,0,130,0,0,0
twoway_Rule_vs_Rule_clean,Rule_vs_Rule,clean,0,0,1,43,eval,14,inbound,RuleBased,-128.076,0,59,0,0,0,0,,L08,0,0,0,0,102.9563,0,0,0
twoway_Rule_vs_Rule_clean,Rule_vs_Rule,clean,0,0,1,43,eval,15,inbound,RuleBased,-128.076,0,59,0,0,0,0,,L08,0,0,0,0,102.9563,0,0,0
twoway_Rule_vs_Rule_clean,Rule_vs_Rule,clean,0,0,1,43,eval,16,inbound,RuleBased,-123.026,0,59,0,0,0,0,,L02,0,0,0,0,132.484,0,0,0
twoway_Rule_vs_Rule_clean,Rule_vs_Rule,clean,0,0,1,43,eval,17,inbound,RuleBased,-127.056,0,59,0,0,0,0,,L08,0,0,0,0,113.719,0,0,0
twoway_Rule_vs_Rule_clean,Rule_vs_Rule,clean,0,0,1,43,eval,18,inbound,RuleBased,-122.078,0,59,0,0,0,0,,L02,0,0,0,0,130,0,0,0
twoway_Rule_vs_Rule_clean,Rule_vs_Rule,clean,0,0,1,43,eval,19,inbound,RuleBased,-129.143,0,59,0,0,0,0,,L08,0,0,0,0,113.719,0,0,0
twoway_Rule_vs_Rule_clean,Rule_vs_Rule,clean,0,0,1,43,eval,20,inbound,RuleBased,-127.056,0,59,0,0,0,0,,L08,0,0,0,0,113.719,0,0,0
twoway_Rule_vs_Rule_clean,Rule_vs_Rule,clean,0,0,1,43,eval,21,inbound,RuleBased,-124.036,0,59,0,0,0,0,,L02,0,0,0,0,130,0,0,0
twoway_Rule_vs_Rule_clean,Rule_vs_Rule,clean,0,0,1,43,eval,22,inbound,RuleBased,-129.143,0,59,0,0,0,0,,L08,0,0,0,0,113.719,0,0,0
twoway_Rule_vs_Rule_clean,Rule_vs_Rule,clean,0,0,1,43,eval,23,inbound,RuleBased,-124.946,0,59,0,0,0,0,,L02,0,0,0,0,132.484,0,0,0
twoway_Rule_vs_Rule_clean,Rule_vs_Rule,clean,0,0,1,43,eval,24,inbound,RuleBased,-123.026,0,59,0,0,0,0,,L02,0,0,0,0,132.484,0,0,0
twoway_Rule_vs_Rule_clean,Rule_vs_Rule,clean,0,0,1,43,eval,25,inbound,RuleBased,-122.078,0,59,0,0,0,0,,L02,0,0,0,0,130,0,0,0
twoway_Rule_vs_Rule_clean,Rule_vs_Rule,clean,0,0,1,43,eval,26,inbound,RuleBased,-124.036,0,59,0,0,0,0,,L02,0,0,0,0,130,0,0,0
twoway_Rule_vs_Rule_clean,Rule_vs_Rule,clean,0,0,1,43,eval,27,inbound,RuleBased,-123.026,0,59,0,0,0,0,,L02,0,0,0,0,132.484,0,0,0
twoway_Rule_vs_Rule_clean,Rule_vs_Rule,clean,0,0,1,43,eval,28,inbound,RuleBased,-127.056,0,59,0,0,0,0,,L08,0,0,0,0,113.719,0,0,0
twoway_Rule_vs_Rule_clean,Rule_vs_Rule,clean,0,0,1,43,eval,29,inbound,RuleBased,-127.056,0,59,0,0,0,0,,L08,0,0,0,0,113.719,0,0,0
twoway_Rule_vs_Rule_clean,Rule_vs_Rule,clean,0,0,1,43,eval,30,inbound,RuleBased,-124.946,0,59,0,0,0,0,,L02,0,0,0,0,132.484,0,0,0
twoway_Rule_vs_Rule_clean,Rule_vs_Rule,clean,0,0,1,43,eval,1,outbound,RuleBased,-114.549,0,59,0,0,0,0,,L08,0,0,0,0,113.719,0,0,0
twoway_Rule_vs_Rule_clean,Rule_vs_Rule,clean,0,0,1,43,eval,2,outbound,RuleBased,-114.549,0,59,0,0,0,0,,L08,0,0,0,0,102.9563,0,0,0
twoway_Rule_vs_Rule_clean,Rule_vs_Rule,clean,0,0,1,43,eval,3,outbound,RuleBased,-114.549,0,59,0,0,0,0,,L02,0,0,0,0,132.484,0,0,0
twoway_Rule_vs_Rule_clean,Rule_vs_Rule,clean,0,0,1,43,eval,4,outbound,RuleBased,-114.549,0,59,0,0,0,0,,L08,0,0,0,0,113.719,0,0,0
twoway_Rule_vs_Rule_clean,Rule_vs_Rule,clean,0,0,1,43,eval,5,outbound,RuleBased,-114.549,0,59,0,0,0,0,,L08,0,0,0,0,113.719,0,0,0
twoway_Rule_vs_Rule_clean,Rule_vs_Rule,clean,0,0,1,43,eval,6,outbound,RuleBased,-114.549,0,59,0,0,0,0,,L02,0,0,0,0,132.484,0,0,0
twoway_Rule_vs_Rule_clean,Rule_vs_Rule,clean,0,0,1,43,eval,7,outbound,RuleBased,-114.549,0,59,0,0,0,0,,L02,0,0,0,0,132.484,0,0,0
twoway_Rule_vs_Rule_clean,Rule_vs_Rule,clean,0,0,1,43,eval,8,outbound,RuleBased,-114.549,0,59,0,0,0,0,,L02,0,0,0,0,132.484,0,0,0
twoway_Rule_vs_Rule_clean,Rule_vs_Rule,clean,0,0,1,43,eval,9,outbound,RuleBased,-114.549,0,59,0,0,0,0,,L02,0,0,0,0,130,0,0,0
twoway_Rule_vs_Rule_clean,Rule_vs_Rule,clean,0,0,1,43,eval,10,outbound,RuleBased,-114.549,0,59,0,0,0,0,,L08,0,0,0,0,113.719,0,0,0
twoway_Rule_vs_Rule_clean,Rule_vs_Rule,clean,0,0,1,43,eval,11,outbound,RuleBased,-114.549,0,59,0,0,0,0,,L08,0,0,0,0,113.719,0,0,0
twoway_Rule_vs_Rule_clean,Rule_vs_Rule,clean,0,0,1,43,eval,12,outbound,RuleBased,-114.549,0,59,0,0,0,0,,L08,0,0,0,0,113.719,0,0,0
twoway_Rule_vs_Rule_clean,Rule_vs_Rule,clean,0,0,1,43,eval,13,outbound,RuleBased,-114.549,0,59,0,0,0,0,,L02,0,0,0,0,130,0,0,0
twoway_Rule_vs_Rule_clean,Rule_vs_Rule,clean,0,0,1,43,eval,14,outbound,RuleBased,-114.549,0,59,0,0,0,0,,L08,0,0,0,0,102.9563,0,0,0
twoway_Rule_vs_Rule_clean,Rule_vs_Rule,clean,0,0,1,43,eval,15,outbound,RuleBased,-114.549,0,59,0,0,0,0,,L08,0,0,0,0,102.9563,0,0,0
twoway_Rule_vs_Rule_clean,Rule_vs_Rule,clean,0,0,1,43,eval,16,outbound,RuleBased,-114.549,0,59,0,0,0,0,,L02,0,0,0,0,132.484,0,0,0
twoway_Rule_vs_Rule_clean,Rule_vs_Rule,clean,0,0,1,43,eval,17,outbound,RuleBased,-114.549,0,59,0,0,0,0,,L08,0,0,0,0,113.719,0,0,0
twoway_Rule_vs_Rule_clean,Rule_vs_Rule,clean,0,0,1,43,eval,18,outbound,RuleBased,-114.549,0,59,0,0,0,0,,L02,0,0,0,0,130,0,0,0
twoway_Rule_vs_Rule_clean,Rule_vs_Rule,clean,0,0,1,43,eval,19,outbound,RuleBased,-114.549,0,59,0,0,0,0,,L08,0,0,0,0,113.719,0,0,0
twoway_Rule_vs_Rule_clean,Rule_vs_Rule,clean,0,0,1,43,eval,20,outbound,RuleBased,-114.549,0,59,0,0,0,0,,L08,0,0,0,0,113.719,0,0,0
twoway_Rule_vs_Rule_clean,Rule_vs_Rule,clean,0,0,1,43,eval,21,outbound,RuleBased,-114.549,0,59,0,0,0,0,,L02,0,0,0,0,130,0,0,0
twoway_Rule_vs_Rule_clean,Rule_vs_Rule,clean,0,0,1,43,eval,22,outbound,RuleBased,-114.549,0,59,0,0,0,0,,L08,0,0,0,0,113.719,0,0,0
twoway_Rule_vs_Rule_clean,Rule_vs_Rule,clean,0,0,1,43,eval,23,outbound,RuleBased,-114.549,0,59,0,0,0,0,,L02,0,0,0,0,132.484,0,0,0
twoway_Rule_vs_Rule_clean,Rule_vs_Rule,clean,0,0,1,43,eval,24,outbound,RuleBased,-114.549,0,59,0,0,0,0,,L02,0,0,0,0,132.484,0,0,0
twoway_Rule_vs_Rule_clean,Rule_vs_Rule,clean,0,0,1,43,eval,25,outbound,RuleBased,-114.549,0,59,0,0,0,0,,L02,0,0,0,0,130,0,0,0
twoway_Rule_vs_Rule_clean,Rule_vs_Rule,clean,0,0,1,43,eval,26,outbound,RuleBased,-114.549,0,59,0,0,0,0,,L02,0,0,0,0,130,0,0,0
twoway_Rule_vs_Rule_clean,Rule_vs_Rule,clean,0,0,1,43,eval,27,outbound,RuleBased,-114.549,0,59,0,0,0,0,,L02,0,0,0,0,132.484,0,0,0
twoway_Rule_vs_Rule_clean,Rule_vs_Rule,clean,0,0,1,43,eval,28,outbound,RuleBased,-114.549,0,59,0,0,0,0,,L08,0,0,0,0,113.719,0,0,0
twoway_Rule_vs_Rule_clean,Rule_vs_Rule,clean,0,0,1,43,eval,29,outbound,RuleBased,-114.549,0,59,0,0,0,0,,L08,0,0,0,0,113.719,0,0,0
twoway_Rule_vs_Rule_clean,Rule_vs_Rule,clean,0,0,1,43,eval,30,outbound,RuleBased,-114.549,0,59,0,0,0,0,,L02,0,0,0,0,132.484,0,0,0
twoway_Rule_vs_Rule_clean,Rule_vs_Rule,clean,0,0,2,44,eval,1,inbound,RuleBased,-133.048,0,59,0,0,0,0,,L08,0,0,0,0,113.719,0,0,0
twoway_Rule_vs_Rule_clean,Rule_vs_Rule,clean,0,0,2,44,eval,2,inbound,RuleBased,44.659,1,13,0,0,0,0,0,L02,1,1,2,0,0,2,1,1
twoway_Rule_vs_Rule_clean,Rule_vs_Rule,clean,0,0,2,44,eval,3,inbound,RuleBased,69.58,1,16,0,0,0,0,0,L02,1,1,1,1,0,3,1,1
twoway_Rule_vs_Rule_clean,Rule_vs_Rule,clean,0,0,2,44,eval,4,inbound,RuleBased,-130.845,0,59,0,0,0,0,,L08,0,0,0,0,113.719,0,0,0
twoway_Rule_vs_Rule_clean,Rule_vs_Rule,clean,0,0,2,44,eval,5,inbound,RuleBased,-133.048,0,59,0,0,0,0,,L08,0,0,0,0,113.719,0,0,0
twoway_Rule_vs_Rule_clean,Rule_vs_Rule,clean,0,0,2,44,eval,6,inbound,RuleBased,-133.048,0,59,0,0,0,0,,L08,0,0,0,0,113.719,0,0,0
twoway_Rule_vs_Rule_clean,Rule_vs_Rule,clean,0,0,2,44,eval,7,inbound,RuleBased,-131.979,0,59,0,0,0,0,,L08,0,0,0,0,102.9563,0,0,0
twoway_Rule_vs_Rule_clean,Rule_vs_Rule,clean,0,0,2,44,eval,8,inbound,RuleBased,-130.845,0,59,0,0,0,0,,L08,0,0,0,0,113.719,0,0,0
twoway_Rule_vs_Rule_clean,Rule_vs_Rule,clean,0,0,2,44,eval,9,inbound,RuleBased,-131.979,0,59,0,0,0,0,,L08,0,0,0,0,102.9563,0,0,0
twoway_Rule_vs_Rule_clean,Rule_vs_Rule,clean,0,0,2,44,eval,10,inbound,RuleBased,69.58,1,16,0,0,0,0,0,L02,1,1,1,1,0,3,1,1
twoway_Rule_vs_Rule_clean,Rule_vs_Rule,clean,0,0,2,44,eval,11,inbound,RuleBased,-131.979,0,59,0,0,0,0,,L08,0,0,0,0,102.9563,0,0,0
twoway_Rule_vs_Rule_clean,Rule_vs_Rule,clean,0,0,2,44,eval,12,inbound,RuleBased,-130.845,0,59,0,0,0,0,,L08,0,0,0,0,113.719,0,0,0
twoway_Rule_vs_Rule_clean,Rule_vs_Rule,clean,0,0,2,44,eval,13,inbound,RuleBased,-130.845,0,59,0,0,0,0,,L08,0,0,0,0,113.719,0,0,0
twoway_Rule_vs_Rule_clean,Rule_vs_Rule,clean,0,0,2,44,eval,14,inbound,RuleBased,-130.845,0,59,0,0,0,0,,L08,0,0,0,0,113.719,0,0,0
twoway_Rule_vs_Rule_clean,Rule_vs_Rule,clean,0,0,2,44,eval,15,inbound,RuleBased,-130.845,0,59,0,0,0,0,,L08,0,0,0,0,113.719,0,0,0
twoway_Rule_vs_Rule_clean,Rule_vs_Rule,clean,0,0,2,44,eval,16,inbound,RuleBased,-130.845,0,59,0,0,0,0,,L08,0,0,0,0,113.719,0,0,0
twoway_Rule_vs_Rule_clean,Rule_vs_Rule,clean,0,0,2,44,eval,17,inbound,RuleBased,43.315,1,15,0,0,0,0,0,L02,1,1,2,0,0,2,1,1
twoway_Rule_vs_Rule_clean,Rule_vs_Rule,clean,0,0,2,44,eval,18,inbound,RuleBased,-131.979,0,59,0,0,0,0,,L08,0,0,0,0,102.9563,0,0,0
twoway_Rule_vs_Rule_clean,Rule_vs_Rule,clean,0,0,2,44,eval,19,inbound,RuleBased,-131.979,0,59,0,0,0,0,,L08,0,0,0,0,102.9563,0,0,0
twoway_Rule_vs_Rule_clean,Rule_vs_Rule,clean,0,0,2,44,eval,20,inbound,RuleBased,69.58,1,16,0,0,0,0,0,L02,1,1,1,1,0,3,1,1
twoway_Rule_vs_Rule_clean,Rule_vs_Rule,clean,0,0,2,44,eval,21,inbound,RuleBased,43.315,1,15,0,0,0,0,0,L02,1,1,2,0,0,2,1,1
twoway_Rule_vs_Rule_clean,Rule_vs_Rule,clean,0,0,2,44,eval,22,inbound,RuleBased,-131.979,0,59,0,0,0,0,,L08,0,0,0,0,102.9563,0,0,0
twoway_Rule_vs_Rule_clean,Rule_vs_Rule,clean,0,0,2,44,eval,23,inbound,RuleBased,41.884,1,17,0,0,0,0,0,L02,1,1,2,0,0,2,1,1
twoway_Rule_vs_Rule_clean,Rule_vs_Rule,clean,0,0,2,44,eval,24,inbound,RuleBased,69.58,1,16,0,0,0,0,0,L02,1,1,1,1,0,3,1,1
twoway_Rule_vs_Rule_clean,Rule_vs_Rule,clean,0,0,2,44,eval,25,inbound,RuleBased,70.972,1,14,0,0,0,0,0,L02,1,1,1,1,0,3,1,1
twoway_Rule_vs_Rule_clean,Rule_vs_Rule,clean,0,0,2,44,eval,26,inbound,RuleBased,-131.979,0,59,0,0,0,0,,L08,0,0,0,0,102.9563,0,0,0
twoway_Rule_vs_Rule_clean,Rule_vs_Rule,clean,0,0,2,44,eval,27,inbound,RuleBased,69.58,1,16,0,0,0,0,0,L02,1,1,1,1,0,3,1,1
twoway_Rule_vs_Rule_clean,Rule_vs_Rule,clean,0,0,2,44,eval,28,inbound,RuleBased,-130.845,0,59,0,0,0,0,,L08,0,0,0,0,113.719,0,0,0
twoway_Rule_vs_Rule_clean,Rule_vs_Rule,clean,0,0,2,44,eval,29,inbound,RuleBased,43.315,1,15,0,0,0,0,0,L02,1,1,2,0,0,2,1,1
twoway_Rule_vs_Rule_clean,Rule_vs_Rule,clean,0,0,2,44,eval,30,inbound,RuleBased,69.58,1,16,0,0,0,0,0,L02,1,1,1,1,0,3,1,1
twoway_Rule_vs_Rule_clean,Rule_vs_Rule,clean,0,0,2,44,eval,1,outbound,RuleBased,-167.4622,0,59,0,237.3608,0,0,,L08,0,0,0,0,113.719,0,0,0
twoway_Rule_vs_Rule_clean,Rule_vs_Rule,clean,0,0,2,44,eval,2,outbound,RuleBased,50.592,1,12,0,0,0,0,0,L02,1,1,2,0,0,2,1,1
twoway_Rule_vs_Rule_clean,Rule_vs_Rule,clean,0,0,2,44,eval,3,outbound,RuleBased,71.929,1,13,0,0,0,0,0,L02,1,1,1,1,0,3,1,1
twoway_Rule_vs_Rule_clean,Rule_vs_Rule,clean,0,0,2,44,eval,4,outbound,RuleBased,-166.435,0,59,0,231.9741,0,0,,L08,0,0,0,0,113.719,0,0,0
twoway_Rule_vs_Rule_clean,Rule_vs_Rule,clean,0,0,2,44,eval,5,outbound,RuleBased,-166.435,0,59,0,231.9741,0,0,,L08,0,0,0,0,113.719,0,0,0
twoway_Rule_vs_Rule_clean,Rule_vs_Rule,clean,0,0,2,44,eval,6,outbound,RuleBased,-167.4622,0,59,0,237.3608,0,0,,L08,0,0,0,0,113.719,0,0,0
twoway_Rule_vs_Rule_clean,Rule_vs_Rule,clean,0,0,2,44,eval,7,outbound,RuleBased,-166.435,0,59,0,231.9741,0,0,,L08,0,0,0,0,102.9563,0,0,0
twoway_Rule_vs_Rule_clean,Rule_vs_Rule,clean,0,0,2,44,eval,8,outbound,RuleBased,-166.435,0,59,0,231.9741,0,0,,L08,0,0,0,0,113.719,0,0,0
twoway_Rule_vs_Rule_clean,Rule_vs_Rule,clean,0,0,2,44,eval,9,outbound,RuleBased,-166.435,0,59,0,231.9741,0,0,,L08,0,0,0,0,102.9563,0,0,0
twoway_Rule_vs_Rule_clean,Rule_vs_Rule,clean,0,0,2,44,eval,10,outbound,RuleBased,72.592,1,12,0,0,0,0,0,L02,1,1,1,1,0,3,1,1
twoway_Rule_vs_Rule_clean,Rule_vs_Rule,clean,0,0,2,44,eval,11,outbound,RuleBased,-167.4622,0,59,0,237.3608,0,0,,L08,0,0,0,0,102.9563,0,0,0
twoway_Rule_vs_Rule_clean,Rule_vs_Rule,clean,0,0,2,44,eval,12,outbound,RuleBased,-166.435,0,59,0,231.9741,0,0,,L08,0,0,0,0,113.719,0,0,0
twoway_Rule_vs_Rule_clean,Rule_vs_Rule,clean,0,0,2,44,eval,13,outbound,RuleBased,-166.8722,0,59,0,234.2691,0,0,,L08,0,0,0,0,113.719,0,0,0
twoway_Rule_vs_Rule_clean,Rule_vs_Rule,clean,0,0,2,44,eval,14,outbound,RuleBased,-167.4622,0,59,0,237.3608,0,0,,L08,0,0,0,0,113.719,0,0,0
twoway_Rule_vs_Rule_clean,Rule_vs_Rule,clean,0,0,2,44,eval,15,outbound,RuleBased,-167.4622,0,59,0,237.3608,0,0,,L08,0,0,0,0,113.719,0,0,0
twoway_Rule_vs_Rule_clean,Rule_vs_Rule,clean,0,0,2,44,eval,16,outbound,RuleBased,-167.4622,0,59,0,237.3608,0,0,,L08,0,0,0,0,113.719,0,0,0
twoway_Rule_vs_Rule_clean,Rule_vs_Rule,clean,0,0,2,44,eval,17,outbound,RuleBased,51.372,1,11,0,0,0,0,0,L02,1,1,2,0,0,2,1,1
twoway_Rule_vs_Rule_clean,Rule_vs_Rule,clean,0,0,2,44,eval,18,outbound,RuleBased,-166.8722,0,59,0,234.2691,0,0,,L08,0,0,0,0,102.9563,0,0,0
twoway_Rule_vs_Rule_clean,Rule_vs_Rule,clean,0,0,2,44,eval,19,outbound,RuleBased,-166.435,0,59,0,231.9741,0,0,,L08,0,0,0,0,102.9563,0,0,0
twoway_Rule_vs_Rule_clean,Rule_vs_Rule,clean,0,0,2,44,eval,20,outbound,RuleBased,71.929,1,13,0,0,0,0,0,L02,1,1,1,1,0,3,1,1
twoway_Rule_vs_Rule_clean,Rule_vs_Rule,clean,0,0,2,44,eval,21,outbound,RuleBased,50.592,1,12,0,0,0,0,0,L02,1,1,2,0,0,2,1,1
twoway_Rule_vs_Rule_clean,Rule_vs_Rule,clean,0,0,2,44,eval,22,outbound,RuleBased,-166.435,0,59,0,231.9741,0,0,,L08,0,0,0,0,102.9563,0,0,0
twoway_Rule_vs_Rule_clean,Rule_vs_Rule,clean,0,0,2,44,eval,23,outbound,RuleBased,51.372,1,11,0,0,0,0,0,L02,1,1,2,0,0,2,1,1
twoway_Rule_vs_Rule_clean,Rule_vs_Rule,clean,0,0,2,44,eval,24,outbound,RuleBased,71.197,1,14,0,0,0,0,0,L02,1,1,1,1,0,3,1,1
twoway_Rule_vs_Rule_clean,Rule_vs_Rule,clean,0,0,2,44,eval,25,outbound,RuleBased,73.372,1,11,0,0,0,0,0,L02,1,1,1,1,0,3,1,1
twoway_Rule_vs_Rule_clean,Rule_vs_Rule,clean,0,0,2,44,eval,26,outbound,RuleBased,-166.435,0,59,0,231.9741,0,0,,L08,0,0,0,0,102.9563,0,0,0
twoway_Rule_vs_Rule_clean,Rule_vs_Rule,clean,0,0,2,44,eval,27,outbound,RuleBased,71.929,1,13,0,0,0,0,0,L02,1,1,1,1,0,3,1,1
twoway_Rule_vs_Rule_clean,Rule_vs_Rule,clean,0,0,2,44,eval,28,outbound,RuleBased,-167.4622,0,59,0,237.3608,0,0,,L08,0,0,0,0,113.719,0,0,0
twoway_Rule_vs_Rule_clean,Rule_vs_Rule,clean,0,0,2,44,eval,29,outbound,RuleBased,50.592,1,12,0,0,0,0,0,L02,1,1,2,0,0,2,1,1
twoway_Rule_vs_Rule_clean,Rule_vs_Rule,clean,0,0,2,44,eval,30,outbound,RuleBased,73.372,1,11,0,0,0,0,0,L02,1,1,1,1,0,3,1,1
twoway_Rule_vs_Rule_clean,Rule_vs_Rule,clean,0,0,3,45,eval,1,inbound,RuleBased,-124.176,0,59,0,0,0,0,,L08,0,0,0,0,102.9563,0,0,0
twoway_Rule_vs_Rule_clean,Rule_vs_Rule,clean,0,0,3,45,eval,2,inbound,RuleBased,-125.041,0,59,0,0,0,0,,L08,0,0,0,0,113.719,0,0,0
twoway_Rule_vs_Rule_clean,Rule_vs_Rule,clean,0,0,3,45,eval,3,inbound,RuleBased,-125.041,0,59,0,0,0,0,,L08,0,0,0,0,113.719,0,0,0
twoway_Rule_vs_Rule_clean,Rule_vs_Rule,clean,0,0,3,45,eval,4,inbound,RuleBased,-124.176,0,59,0,0,0,0,,L08,0,0,0,0,102.9563,0,0,0
twoway_Rule_vs_Rule_clean,Rule_vs_Rule,clean,0,0,3,45,eval,5,inbound,RuleBased,-125.041,0,59,0,0,0,0,,L08,0,0,0,0,113.719,0,0,0
twoway_Rule_vs_Rule_clean,Rule_vs_Rule,clean,0,0,3,45,eval,6,inbound,RuleBased,-123.188,0,59,0,0,0,0,,L08,0,0,0,0,113.719,0,0,0
twoway_Rule_vs_Rule_clean,Rule_vs_Rule,clean,0,0,3,45,eval,7,inbound,RuleBased,-124.176,0,59,0,0,0,0,,L08,0,0,0,0,102.9563,0,0,0
twoway_Rule_vs_Rule_clean,Rule_vs_Rule,clean,0,0,3,45,eval,8,inbound,RuleBased,70.851,1,14,0,0,0,0,0,L02,1,1,1,1,0,3,1,1
twoway_Rule_vs_Rule_clean,Rule_vs_Rule,clean,0,0,3,45,eval,9,inbound,RuleBased,-125.041,0,59,0,0,0,0,,L08,0,0,0,0,113.719,0,0,0
twoway_Rule_vs_Rule_clean,Rule_vs_Rule,clean,0,0,3,45,eval,10,inbound,RuleBased,-124.176,0,59,0,0,0,0,,L08,0,0,0,0,102.9563,0,0,0
twoway_Rule_vs_Rule_clean,Rule_vs_Rule,clean,0,0,3,45,eval,11,inbound,RuleBased,69.472,1,16,0,0,0,0,0,L02,1,1,1,1,0,3,1,1
twoway_Rule_vs_Rule_clean,Rule_vs_Rule,clean,0,0,3,45,eval,12,inbound,RuleBased,43.195,1,15,0,0,0,0,0,L02,1,1,2,0,0,2,1,1
twoway_Rule_vs_Rule_clean,Rule_vs_Rule,clean,0,0,3,45,eval,13,inbound,RuleBased,-123.188,0,59,0,0,0,0,,L08,0,0,0,0,113.719,0,0,0
twoway_Rule_vs_Rule_clean,Rule_vs_Rule,clean,0,0,3,45,eval,14,inbound,RuleBased,69.472,1,16,0,0,0,0,0,L02,1,1,1,1,0,3,1,1
twoway_Rule_vs_Rule_clean,Rule_vs_Rule,clean,0,0,3,45,eval,15,inbound,RuleBased,-123.188,0,59,0,0,0,0,,L08,0,0,0,0,113.719,0,0,0
twoway_Rule_vs_Rule_clean,Rule_vs_Rule,clean,0,0,3,45,eval,16,inbound,RuleBased,70.851,1,14,0,0,0,0,0,L02,1,1,1,1,0,3,1,1
twoway_Rule_vs_Rule_clean,Rule_vs_Rule,clean,0,0,3,45,eval,17,inbound,RuleBased,70.851,1,14,0,0,0,0,0,L02,1,1,1,1,0,3,1,1
twoway_Rule_vs_Rule_clean,Rule_vs_Rule,clean,0,0,3,45,eval,18,inbound,RuleBased,70.851,1,14,0,0,0,0,0,L02,1,1,1,1,0,3,1,1
twoway_Rule_vs_Rule_clean,Rule_vs_Rule,clean,0,0,3,45,eval,19,inbound,RuleBased,70.851,1,14,0,0,0,0,0,L02,1,1,1,1,0,3,1,1
twoway_Rule_vs_Rule_clean,Rule_vs_Rule,clean,0,0,3,45,eval,20,inbound,RuleBased,-124.176,0,59,0,0,0,0,,L08,0,0,0,0,102.9563,0,0,0
twoway_Rule_vs_Rule_clean,Rule_vs_Rule,clean,0,0,3,45,eval,21,inbound,RuleBased,-123.188,0,59,0,0,0,0,,L08,0,0,0,0,113.719,0,0,0
twoway_Rule_vs_Rule_clean,Rule_vs_Rule,clean,0,0,3,45,eval,22,inbound,RuleBased,43.195,1,15,0,0,0,0,0,L02,1,1,2,0,0,2,1,1
twoway_Rule_vs_Rule_clean,Rule_vs_Rule,clean,0,0,3,45,eval,23,inbound,RuleBased,-124.176,0,59,0,0,0,0,,L08,0,0,0,0,102.9563,0,0,0
twoway_Rule_vs_Rule_clean,Rule_vs_Rule,clean,0,0,3,45,eval,24,inbound,RuleBased,44.532,1,13,0,0,0,0,0,L02,1,1,2,0,0,2,1,1
twoway_Rule_vs_Rule_clean,Rule_vs_Rule,clean,0,0,3,45,eval,25,inbound,RuleBased,-124.176,0,59,0,0,0,0,,L08,0,0,0,0,102.9563,0,0,0
twoway_Rule_vs_Rule_clean,Rule_vs_Rule,clean,0,0,3,45,eval,26,inbound,RuleBased,-125.041,0,59,0,0,0,0,,L08,0,0,0,0,113.719,0,0,0
twoway_Rule_vs_Rule_clean,Rule_vs_Rule,clean,0,0,3,45,eval,27,inbound,RuleBased,69.472,1,16,0,0,0,0,0,L02,1,1,1,1,0,3,1,1
twoway_Rule_vs_Rule_clean,Rule_vs_Rule,clean,0,0,3,45,eval,28,inbound,RuleBased,-124.176,0,59,0,0,0,0,,L08,0,0,0,0,102.9563,0,0,0
twoway_Rule_vs_Rule_clean,Rule_vs_Rule,clean,0,0,3,45,eval,29,inbound,RuleBased,-125.041,0,59,0,0,0,0,,L08,0,0,0,0,113.719,0,0,0
twoway_Rule_vs_Rule_clean,Rule_vs_Rule,clean,0,0,3,45,eval,30,inbound,RuleBased,43.195,1,15,0,0,0,0,0,L02,1,1,2,0,0,2,1,1
twoway_Rule_vs_Rule_clean,Rule_vs_Rule,clean,0,0,3,45,eval,1,outbound,RuleBased,-166.9415,0,59,0,186.1351,0,0,,L08,0,0,0,0,102.9563,0,0,0
twoway_Rule_vs_Rule_clean,Rule_vs_Rule,clean,0,0,3,45,eval,2,outbound,RuleBased,-166.9415,0,59,0,186.1351,0,0,,L08,0,0,0,0,113.719,0,0,0
twoway_Rule_vs_Rule_clean,Rule_vs_Rule,clean,0,0,3,45,eval,3,outbound,RuleBased,-166.9273,0,59,0,186.0611,0,0,,L08,0,0,0,0,113.719,0,0,0
twoway_Rule_vs_Rule_clean,Rule_vs_Rule,clean,0,0,3,45,eval,4,outbound,RuleBased,-166.9415,0,59,0,186.1351,0,0,,L08,0,0,0,0,102.9563,0,0,0
twoway_Rule_vs_Rule_clean,Rule_vs_Rule,clean,0,0,3,45,eval,5,outbound,RuleBased,-166.927,0,59,0,186.0599,0,0,,L08,0,0,0,0,113.719,0,0,0
twoway_Rule_vs_Rule_clean,Rule_vs_Rule,clean,0,0,3,45,eval,6,outbound,RuleBased,-166.9273,0,59,0,186.0611,0,0,,L08,0,0,0,0,113.719,0,0,0
twoway_Rule_vs_Rule_clean,Rule_vs_Rule,clean,0,0,3,45,eval,7,outbound,RuleBased,-166.9273,0,59,0,186.0611,0,0,,L08,0,0,0,0,102.9563,0,0,0
twoway_Rule_vs_Rule_clean,Rule_vs_Rule,clean,0,0,3,45,eval,8,outbound,RuleBased,71.05,1,14,0,0,0,0,0,L02,1,1,1,1,0,3,1,1
twoway_Rule_vs_Rule_clean,Rule_vs_Rule,clean,0,0,3,45,eval,9,outbound,RuleBased,-166.9415,0,59,0,186.1351,0,0,,L08,0,0,0,0,113.719,0,0,0
twoway_Rule_vs_Rule_clean,Rule_vs_Rule,clean,0,0,3,45,eval,10,outbound,RuleBased,-166.9415,0,59,0,186.1351,0,0,,L08,0,0,0,0,102.9563,0,0,0
twoway_Rule_vs_Rule_clean,Rule_vs_Rule,clean,0,0,3,45,eval,11,outbound,RuleBased,71.05,1,14,0,0,0,0,0,L02,1,1,1,1,0,3,1,1
twoway_Rule_vs_Rule_clean,Rule_vs_Rule,clean,0,0,3,45,eval,12,outbound,RuleBased,49.05,1,14,0,0,0,0,0,L02,1,1,2,0,0,2,1,1
twoway_Rule_vs_Rule_clean,Rule_vs_Rule,clean,0,0,3,45,eval,13,outbound,RuleBased,-166.927,0,59,0,186.0599,0,0,,L08,0,0,0,0,113.719,0,0,0
twoway_Rule_vs_Rule_clean,Rule_vs_Rule,clean,0,0,3,45,eval,14,outbound,RuleBased,71.05,1,14,0,0,0,0,0,L02,1,1,1,1,0,3,1,1
twoway_Rule_vs_Rule_clean,Rule_vs_Rule,clean,0,0,3,45,eval,15,outbound,RuleBased,-166.9273,0,59,0,186.0611,0,0,,L08,0,0,0,0,113.719,0,0,0
twoway_Rule_vs_Rule_clean,Rule_vs_Rule,clean,0,0,3,45,eval,16,outbound,RuleBased,71.726,1,13,0,0,0,0,0,L02,1,1,1,1,0,3,1,1
twoway_Rule_vs_Rule_clean,Rule_vs_Rule,clean,0,0,3,45,eval,17,outbound,RuleBased,72.436,1,12,0,0,0,0,0,L02,1,1,1,1,0,3,1,1
twoway_Rule_vs_Rule_clean,Rule_vs_Rule,clean,0,0,3,45,eval,18,outbound,RuleBased,72.436,1,12,0,0,0,0,0,L02,1,1,1,1,0,3,1,1
twoway_Rule_vs_Rule_clean,Rule_vs_Rule,clean,0,0,3,45,eval,19,outbound,RuleBased,72.436,1,12,0,0,0,0,0,L02,1,1,1,1,0,3,1,1
twoway_Rule_vs_Rule_clean,Rule_vs_Rule,clean,0,0,3,45,eval,20,outbound,RuleBased,-166.927,0,59,0,186.0599,0,0,,L08,0,0,0,0,102.9563,0,0,0
twoway_Rule_vs_Rule_clean,Rule_vs_Rule,clean,0,0,3,45,eval,21,outbound,RuleBased,-166.9273,0,59,0,186.0611,0,0,,L08,0,0,0,0,113.719,0,0,0
twoway_Rule_vs_Rule_clean,Rule_vs_Rule,clean,0,0,3,45,eval,22,outbound,RuleBased,49.05,1,14,0,0,0,0,0,L02,1,1,2,0,0,2,1,1
twoway_Rule_vs_Rule_clean,Rule_vs_Rule,clean,0,0,3,45,eval,23,outbound,RuleBased,-166.9273,0,59,0,186.0611,0,0,,L08,0,0,0,0,102.9563,0,0,0
twoway_Rule_vs_Rule_clean,Rule_vs_Rule,clean,0,0,3,45,eval,24,outbound,RuleBased,49.05,1,14,0,0,0,0,0,L02,1,1,2,0,0,2,1,1
twoway_Rule_vs_Rule_clean,Rule_vs_Rule,clean,0,0,3,45,eval,25,outbound,RuleBased,-166.927,0,59,0,186.0599,0,0,,L08,0,0,0,0,102.9563,0,0,0
twoway_Rule_vs_Rule_clean,Rule_vs_Rule,clean,0,0,3,45,eval,26,outbound,RuleBased,-166.927,0,59,0,186.0599,0,0,,L08,0,0,0,0,113.719,0,0,0
twoway_Rule_vs_Rule_clean,Rule_vs_Rule,clean,0,0,3,45,eval,27,outbound,RuleBased,73.15,1,11,0,0,0,0,0,L02,1,1,1,1,0,3,1,1
twoway_Rule_vs_Rule_clean,Rule_vs_Rule,clean,0,0,3,45,eval,28,outbound,RuleBased,-166.9273,0,59,0,186.0611,0,0,,L08,0,0,0,0,102.9563,0,0,0
twoway_Rule_vs_Rule_clean,Rule_vs_Rule,clean,0,0,3,45,eval,29,outbound,RuleBased,-166.9273,0,59,0,186.0611,0,0,,L08,0,0,0,0,113.719,0,0,0
twoway_Rule_vs_Rule_clean,Rule_vs_Rule,clean,0,0,3,45,eval,30,outbound,RuleBased,49.05,1,14,0,0,0,0,0,L02,1,1,2,0,0,2,1,1
twoway_Rule_vs_Rule_clean,Rule_vs_Rule,clean,0,0,4,46,eval,1,inbound,RuleBased,-123.407,0,59,0,0,0,0,,L02,0,0,0,0,132.484,0,0,0
twoway_Rule_vs_Rule_clean,Rule_vs_Rule,clean,0,0,4,46,eval,2,inbound,RuleBased,44.837,1,13,0,0,0,0,0,L08,1,1,2,0,0,2,1,1
twoway_Rule_vs_Rule_clean,Rule_vs_Rule,clean,0,0,4,46,eval,3,inbound,RuleBased,43.376,1,15,0,0,0,0,0,L08,1,1,2,0,0,2,1,1
twoway_Rule_vs_Rule_clean,Rule_vs_Rule,clean,0,0,4,46,eval,4,inbound,RuleBased,43.376,1,15,0,0,0,0,0,L08,1,1,2,0,0,2,1,1
twoway_Rule_vs_Rule_clean,Rule_vs_Rule,clean,0,0,4,46,eval,5,inbound,RuleBased,44.837,1,13,0,0,0,0,0,L08,1,1,2,0,0,2,1,1
twoway_Rule_vs_Rule_clean,Rule_vs_Rule,clean,0,0,4,46,eval,6,inbound,RuleBased,-122.372,0,59,0,0,0,0,,L02,0,0,0,0,130,0,0,0
twoway_Rule_vs_Rule_clean,Rule_vs_Rule,clean,0,0,4,46,eval,7,inbound,RuleBased,43.376,1,15,0,0,0,0,0,L08,1,1,2,0,0,2,1,1
twoway_Rule_vs_Rule_clean,Rule_vs_Rule,clean,0,0,4,46,eval,8,inbound,RuleBased,43.376,1,15,0,0,0,0,0,L08,1,1,2,0,0,2,1,1
twoway_Rule_vs_Rule_clean,Rule_vs_Rule,clean,0,0,4,46,eval,9,inbound,RuleBased,44.837,1,13,0,0,0,0,0,L08,1,1,2,0,0,2,1,1
twoway_Rule_vs_Rule_clean,Rule_vs_Rule,clean,0,0,4,46,eval,10,inbound,RuleBased,71.102,1,14,0,0,0,0,0,L08,1,1,1,1,0,3,1,1
twoway_Rule_vs_Rule_clean,Rule_vs_Rule,clean,0,0,4,46,eval,11,inbound,RuleBased,-123.407,0,59,0,0,0,0,,L02,0,0,0,0,132.484,0,0,0
twoway_Rule_vs_Rule_clean,Rule_vs_Rule,clean,0,0,4,46,eval,12,inbound,RuleBased,71.102,1,14,0,0,0,0,0,L08,1,1,1,1,0,3,1,1
twoway_Rule_vs_Rule_clean,Rule_vs_Rule,clean,0,0,4,46,eval,13,inbound,RuleBased,71.102,1,14,0,0,0,0,0,L08,1,1,1,1,0,3,1,1
twoway_Rule_vs_Rule_clean,Rule_vs_Rule,clean,0,0,4,46,eval,14,inbound,RuleBased,-124.475,0,59,0,0,0,0,,L02,0,0,0,0,130,0,0,0
twoway_Rule_vs_Rule_clean,Rule_vs_Rule,clean,0,0,4,46,eval,15,inbound,RuleBased,43.376,1,15,0,0,0,0,0,L08,1,1,2,0,0,2,1,1
twoway_Rule_vs_Rule_clean,Rule_vs_Rule,clean,0,0,4,46,eval,16,inbound,RuleBased,-122.372,0,59,0,0,0,0,,L02,0,0,0,0,130,0,0,0
twoway_Rule_vs_Rule_clean,Rule_vs_Rule,clean,0,0,4,46,eval,17,inbound,RuleBased,-124.475,0,59,0,0,0,0,,L02,0,0,0,0,130,0,0,0
twoway_Rule_vs_Rule_clean,Rule_vs_Rule,clean,0,0,4,46,eval,18,inbound,RuleBased,-123.407,0,59,0,0,0,0,,L02,0,0,0,0,132.484,0,0,0
twoway_Rule_vs_Rule_clean,Rule_vs_Rule,clean,0,0,4,46,eval,19,inbound,RuleBased,-123.407,0,59,0,0,0,0,,L02,0,0,0,0,132.484,0,0,0
twoway_Rule_vs_Rule_clean,Rule_vs_Rule,clean,0,0,4,46,eval,20,inbound,RuleBased,43.376,1,15,0,0,0,0,0,L08,1,1,2,0,0,2,1,1
twoway_Rule_vs_Rule_clean,Rule_vs_Rule,clean,0,0,4,46,eval,21,inbound,RuleBased,44.837,1,13,0,0,0,0,0,L08,1,1,2,0,0,2,1,1
twoway_Rule_vs_Rule_clean,Rule_vs_Rule,clean,0,0,4,46,eval,22,inbound,RuleBased,-122.372,0,59,0,0,0,0,,L02,0,0,0,0,130,0,0,0
twoway_Rule_vs_Rule_clean,Rule_vs_Rule,clean,0,0,4,46,eval,23,inbound,RuleBased,-123.407,0,59,0,0,0,0,,L02,0,0,0,0,132.484,0,0,0
twoway_Rule_vs_Rule_clean,Rule_vs_Rule,clean,0,0,4,46,eval,24,inbound,RuleBased,-124.475,0,59,0,0,0,0,,L02,0,0,0,0,130,0,0,0
twoway_Rule_vs_Rule_clean,Rule_vs_Rule,clean,0,0,4,46,eval,25,inbound,RuleBased,-122.372,0,59,0,0,0,0,,L02,0,0,0,0,130,0,0,0
twoway_Rule_vs_Rule_clean,Rule_vs_Rule,clean,0,0,4,46,eval,26,inbound,RuleBased,-124.475,0,59,0,0,0,0,,L02,0,0,0,0,130,0,0,0
twoway_Rule_vs_Rule_clean,Rule_vs_Rule,clean,0,0,4,46,eval,27,inbound,RuleBased,-123.407,0,59,0,0,0,0,,L02,0,0,0,0,132.484,0,0,0
twoway_Rule_vs_Rule_clean,Rule_vs_Rule,clean,0,0,4,46,eval,28,inbound,RuleBased,71.102,1,14,0,0,0,0,0,L08,1,1,1,1,0,3,1,1
twoway_Rule_vs_Rule_clean,Rule_vs_Rule,clean,0,0,4,46,eval,29,inbound,RuleBased,43.376,1,15,0,0,0,0,0,L08,1,1,2,0,0,2,1,1
twoway_Rule_vs_Rule_clean,Rule_vs_Rule,clean,0,0,4,46,eval,30,inbound,RuleBased,-122.372,0,59,0,0,0,0,,L02,0,0,0,0,130,0,0,0
twoway_Rule_vs_Rule_clean,Rule_vs_Rule,clean,0,0,4,46,eval,1,outbound,RuleBased,-168.547,0,59,0,226.6186,0,0,,L02,0,0,0,0,132.484,0,0,0
twoway_Rule_vs_Rule_clean,Rule_vs_Rule,clean,0,0,4,46,eval,2,outbound,RuleBased,49.674,1,13,0,0,0,0,0,L08,1,1,2,0,0,2,1,1
twoway_Rule_vs_Rule_clean,Rule_vs_Rule,clean,0,0,4,46,eval,3,outbound,RuleBased,51.214,1,11,0,0,0,0,0,L08,1,1,2,0,0,2,1,1
twoway_Rule_vs_Rule_clean,Rule_vs_Rule,clean,0,0,4,46,eval,4,outbound,RuleBased,51.214,1,11,0,0,0,0,0,L08,1,1,2,0,0,2,1,1
twoway_Rule_vs_Rule_clean,Rule_vs_Rule,clean,0,0,4,46,eval,5,outbound,RuleBased,49.674,1,13,0,0,0,0,0,L08,1,1,2,0,0,2,1,1
twoway_Rule_vs_Rule_clean,Rule_vs_Rule,clean,0,0,4,46,eval,6,outbound,RuleBased,-168.547,0,59,0,226.6186,0,0,,L02,0,0,0,0,130,0,0,0
twoway_Rule_vs_Rule_clean,Rule_vs_Rule,clean,0,0,4,46,eval,7,outbound,RuleBased,51.214,1,11,0,0,0,0,0,L08,1,1,2,0,0,2,1,1
twoway_Rule_vs_Rule_clean,Rule_vs_Rule,clean,0,0,4,46,eval,8,outbound,RuleBased,49.674,1,13,0,0,0,0,0,L08,1,1,2,0,0,2,1,1
twoway_Rule_vs_Rule_clean,Rule_vs_Rule,clean,0,0,4,46,eval,9,outbound,RuleBased,49.674,1,13,0,0,0,0,0,L08,1,1,2,0,0,2,1,1
twoway_Rule_vs_Rule_clean,Rule_vs_Rule,clean,0,0,4,46,eval,10,outbound,RuleBased,72.465,1,12,0,0,0,0,0,L08,1,1,1,1,0,3,1,1
twoway_Rule_vs_Rule_clean,Rule_vs_Rule,clean,0,0,4,46,eval,11,outbound,RuleBased,-168.0258,0,59,0,224.105,0,0,,L02,0,0,0,0,132.484,0,0,0
twoway_Rule_vs_Rule_clean,Rule_vs_Rule,clean,0,0,4,46,eval,12,outbound,RuleBased,73.214,1,11,0,0,0,0,0,L08,1,1,1,1,0,3,1,1
twoway_Rule_vs_Rule_clean,Rule_vs_Rule,clean,0,0,4,46,eval,13,outbound,RuleBased,71.674,1,13,0,0,0,0,0,L08,1,1,1,1,0,3,1,1
twoway_Rule_vs_Rule_clean,Rule_vs_Rule,clean,0,0,4,46,eval,14,outbound,RuleBased,-168.547,0,59,0,226.6186,0,0,,L02,0,0,0,0,130,0,0,0
twoway_Rule_vs_Rule_clean,Rule_vs_Rule,clean,0,0,4,46,eval,15,outbound,RuleBased,51.214,1,11,0,0,0,0,0,L08,1,1,2,0,0,2,1,1
twoway_Rule_vs_Rule_clean,Rule_vs_Rule,clean,0,0,4,46,eval,16,outbound,RuleBased,-168.0258,0,59,0,224.105,0,0,,L02,0,0,0,0,130,0,0,0
twoway_Rule_vs_Rule_clean,Rule_vs_Rule,clean,0,0,4,46,eval,17,outbound,RuleBased,-169.211,0,59,0,229.815,0,0,,L02,0,0,0,0,130,0,0,0
twoway_Rule_vs_Rule_clean,Rule_vs_Rule,clean,0,0,4,46,eval,18,outbound,RuleBased,-169.211,0,59,0,229.815,0,0,,L02,0,0,0,0,132.484,0,0,0
twoway_Rule_vs_Rule_clean,Rule_vs_Rule,clean,0,0,4,46,eval,19,outbound,RuleBased,-167.6271,0,59,0,222.1798,0,0,,L02,0,0,0,0,132.484,0,0,0
twoway_Rule_vs_Rule_clean,Rule_vs_Rule,clean,0,0,4,46,eval,20,outbound,RuleBased,49.674,1,13,0,0,0,0,0,L08,1,1,2,0,0,2,1,1
twoway_Rule_vs_Rule_clean,Rule_vs_Rule,clean,0,0,4,46,eval,21,outbound,RuleBased,49.674,1,13,0,0,0,0,0,L08,1,1,2,0,0,2,1,1
twoway_Rule_vs_Rule_clean,Rule_vs_Rule,clean,0,0,4,46,eval,22,outbound,RuleBased,-167.6271,0,59,0,222.1798,0,0,,L02,0,0,0,0,130,0,0,0
twoway_Rule_vs_Rule_clean,Rule_vs_Rule,clean,0,0,4,46,eval,23,outbound,RuleBased,-168.0258,0,59,0,224.105,0,0,,L02,0,0,0,0,132.484,0,0,0
twoway_Rule_vs_Rule_clean,Rule_vs_Rule,clean,0,0,4,46,eval,24,outbound,RuleBased,-168.0258,0,59,0,224.105,0,0,,L02,0,0,0,0,130,0,0,0
twoway_Rule_vs_Rule_clean,Rule_vs_Rule,clean,0,0,4,46,eval,25,outbound,RuleBased,-167.6271,0,59,0,222.1798,0,0,,L02,0,0,0,0,130,0,0,0
twoway_Rule_vs_Rule_clean,Rule_vs_Rule,clean,0,0,4,46,eval,26,outbound,RuleBased,-168.547,0,59,0,226.6186,0,0,,L02,0,0,0,0,130,0,0,0
twoway_Rule_vs_Rule_clean,Rule_vs_Rule,clean,0,0,4,46,eval,27,outbound,RuleBased,-167.6271,0,59,0,222.1798,0,0,,L02,0,0,0,0,132.484,0,0,0
twoway_Rule_vs_Rule_clean,Rule_vs_Rule,clean,0,0,4,46,eval,28,outbound,RuleBased,71.674,1,13,0,0,0,0,0,L08,1,1,1,1,0,3,1,1
twoway_Rule_vs_Rule_clean,Rule_vs_Rule,clean,0,0,4,46,eval,29,outbound,RuleBased,51.214,1,11,0,0,0,0,0,L08,1,1,2,0,0,2,1,1
twoway_Rule_vs_Rule_clean,Rule_vs_Rule,clean,0,0,4,46,eval,30,outbound,RuleBased,-168.547,0,59,0,226.6186,0,0,,L02,0,0,0,0,130,0,0,0
twoway_Rule_vs_Rule_clean,Rule_vs_Rule,clean,0,0,5,47,eval,1,inbound,RuleBased,-131.241,0,59,0,0,0,0,,L08,0,0,0,0,299.4835,0,0,0
twoway_Rule_vs_Rule_clean,Rule_vs_Rule,clean,0,0,5,47,eval,2,inbound,RuleBased,71.032,1,14,0,0,0,0,0,L02,1,1,1,1,0,3,1,1
twoway_Rule_vs_Rule_clean,Rule_vs_Rule,clean,0,0,5,47,eval,3,inbound,RuleBased,43.348,1,15,0,0,0,0,0,L02,1,1,2,0,0,2,1,1
twoway_Rule_vs_Rule_clean,Rule_vs_Rule,clean,0,0,5,47,eval,4,inbound,RuleBased,71.032,1,14,0,0,0,0,0,L02,1,1,1,1,0,3,1,1
twoway_Rule_vs_Rule_clean,Rule_vs_Rule,clean,0,0,5,47,eval,5,inbound,RuleBased,-131.241,0,59,0,0,0,0,,L08,0,0,0,0,299.4835,0,0,0
twoway_Rule_vs_Rule_clean,Rule_vs_Rule,clean,0,0,5,47,eval,6,inbound,RuleBased,-174.5663,0,59,0,103.906,0,0,,L08,0,0,0,0,299.4835,0,0,0
twoway_Rule_vs_Rule_clean,Rule_vs_Rule,clean,0,0,5,47,eval,7,inbound,RuleBased,-174.5663,0,59,0,103.906,0,0,,L08,0,0,0,0,299.4835,0,0,0
twoway_Rule_vs_Rule_clean,Rule_vs_Rule,clean,0,0,5,47,eval,8,inbound,RuleBased,-131.241,0,59,0,0,0,0,,L08,0,0,0,0,299.4835,0,0,0
twoway_Rule_vs_Rule_clean,Rule_vs_Rule,clean,0,0,5,47,eval,9,inbound,RuleBased,-132.28,0,59,0,0,0,0,,L08,0,0,0,0,302.5372,0,0,0
twoway_Rule_vs_Rule_clean,Rule_vs_Rule,clean,0,0,5,47,eval,10,inbound,RuleBased,-132.28,0,59,0,0,0,0,,L08,0,0,0,0,302.5372,0,0,0
twoway_Rule_vs_Rule_clean,Rule_vs_Rule,clean,0,0,5,47,eval,11,inbound,RuleBased,71.032,1,14,0,0,0,0,0,L02,1,1,1,1,0,3,1,1
twoway_Rule_vs_Rule_clean,Rule_vs_Rule,clean,0,0,5,47,eval,12,inbound,RuleBased,71.032,1,14,0,0,0,0,0,L02,1,1,1,1,0,3,1,1
twoway_Rule_vs_Rule_clean,Rule_vs_Rule,clean,0,0,5,47,eval,13,inbound,RuleBased,44.725,1,13,0,0,0,0,0,L02,1,1,2,0,0,2,1,1
twoway_Rule_vs_Rule_clean,Rule_vs_Rule,clean,0,0,5,47,eval,14,inbound,RuleBased,-170.7376,0,59,0,103.906,0,0,,L08,0,0,0,0,299.4835,0,0,0
twoway_Rule_vs_Rule_clean,Rule_vs_Rule,clean,0,0,5,47,eval,15,inbound,RuleBased,-131.241,0,59,0,0,0,0,,L08,0,0,0,0,299.4835,0,0,0
twoway_Rule_vs_Rule_clean,Rule_vs_Rule,clean,0,0,5,47,eval,16,inbound,RuleBased,71.032,1,14,0,0,0,0,0,L02,1,1,1,1,0,3,1,1
twoway_Rule_vs_Rule_clean,Rule_vs_Rule,clean,0,0,5,47,eval,17,inbound,RuleBased,-131.241,0,59,0,0,0,0,,L08,0,0,0,0,299.4835,0,0,0
twoway_Rule_vs_Rule_clean,Rule_vs_Rule,clean,0,0,5,47,eval,18,inbound,RuleBased,-131.241,0,59,0,0,0,0,,L08,0,0,0,0,299.4835,0,0,0
twoway_Rule_vs_Rule_clean,Rule_vs_Rule,clean,0,0,5,47,eval,19,inbound,RuleBased,71.032,1,14,0,0,0,0,0,L02,1,1,1,1,0,3,1,1
twoway_Rule_vs_Rule_clean,Rule_vs_Rule,clean,0,0,5,47,eval,20,inbound,RuleBased,71.032,1,14,0,0,0,0,0,L02,1,1,1,1,0,3,1,1
twoway_Rule_vs_Rule_clean,Rule_vs_Rule,clean,0,0,5,47,eval,21,inbound,RuleBased,-132.28,0,59,0,0,0,0,,L08,0,0,0,0,302.5372,0,0,0
twoway_Rule_vs_Rule_clean,Rule_vs_Rule,clean,0,0,5,47,eval,22,inbound,RuleBased,-170.7376,0,59,0,103.906,0,0,,L08,0,0,0,0,299.4835,0,0,0
twoway_Rule_vs_Rule_clean,Rule_vs_Rule,clean,0,0,5,47,eval,23,inbound,RuleBased,44.725,1,13,0,0,0,0,0,L02,1,1,2,0,0,2,1,1
twoway_Rule_vs_Rule_clean,Rule_vs_Rule,clean,0,0,5,47,eval,24,inbound,RuleBased,-170.7376,0,59,0,103.906,0,0,,L08,0,0,0,0,299.4835,0,0,0
twoway_Rule_vs_Rule_clean,Rule_vs_Rule,clean,0,0,5,47,eval,25,inbound,RuleBased,43.348,1,15,0,0,0,0,0,L02,1,1,2,0,0,2,1,1
twoway_Rule_vs_Rule_clean,Rule_vs_Rule,clean,0,0,5,47,eval,26,inbound,RuleBased,69.682,1,16,0,0,0,0,0,L02,1,1,1,1,0,3,1,1
twoway_Rule_vs_Rule_clean,Rule_vs_Rule,clean,0,0,5,47,eval,27,inbound,RuleBased,69.682,1,16,0,0,0,0,0,L02,1,1,1,1,0,3,1,1
twoway_Rule_vs_Rule_clean,Rule_vs_Rule,clean,0,0,5,47,eval,28,inbound,RuleBased,-132.28,0,59,0,0,0,0,,L08,0,0,0,0,302.5372,0,0,0
twoway_Rule_vs_Rule_clean,Rule_vs_Rule,clean,0,0,5,47,eval,29,inbound,RuleBased,-170.7376,0,59,0,103.906,0,0,,L08,0,0,0,0,299.4835,0,0,0
twoway_Rule_vs_Rule_clean,Rule_vs_Rule,clean,0,0,5,47,eval,30,inbound,RuleBased,69.682,1,16,0,0,0,0,0,L02,1,1,1,1,0,3,1,1
twoway_Rule_vs_Rule_clean,Rule_vs_Rule,clean,0,0,5,47,eval,1,outbound,RuleBased,-165.1976,0,59,0,180.3144,0,0,,L08,0,0,0,0,299.4835,0,0,0
twoway_Rule_vs_Rule_clean,Rule_vs_Rule,clean,0,0,5,47,eval,2,outbound,RuleBased,71.145,1,14,0,0,0,0,0,L02,1,1,1,1,0,3,1,1
twoway_Rule_vs_Rule_clean,Rule_vs_Rule,clean,0,0,5,47,eval,3,outbound,RuleBased,50.583,1,12,0,0,0,0,0,L02,1,1,2,0,0,2,1,1
twoway_Rule_vs_Rule_clean,Rule_vs_Rule,clean,0,0,5,47,eval,4,outbound,RuleBased,71.889,1,13,0,0,0,0,0,L02,1,1,1,1,0,3,1,1
twoway_Rule_vs_Rule_clean,Rule_vs_Rule,clean,0,0,5,47,eval,5,outbound,RuleBased,-165.1976,0,59,0,180.3144,0,0,,L08,0,0,0,0,299.4835,0,0,0
twoway_Rule_vs_Rule_clean,Rule_vs_Rule,clean,0,0,5,47,eval,6,outbound,RuleBased,-165.1976,0,59,0,180.3145,0,0,,L08,0,0,0,0,299.4835,0,0,0
twoway_Rule_vs_Rule_clean,Rule_vs_Rule,clean,0,0,5,47,eval,7,outbound,RuleBased,-165.1976,0,59,0,180.3145,0,0,,L08,0,0,0,0,299.4835,0,0,0
twoway_Rule_vs_Rule_clean,Rule_vs_Rule,clean,0,0,5,47,eval,8,outbound,RuleBased,-165.1976,0,59,0,180.3144,0,0,,L08,0,0,0,0,299.4835,0,0,0
twoway_Rule_vs_Rule_clean,Rule_vs_Rule,clean,0,0,5,47,eval,9,outbound,RuleBased,-165.1976,0,59,0,180.3144,0,0,,L08,0,0,0,0,302.5372,0,0,0
twoway_Rule_vs_Rule_clean,Rule_vs_Rule,clean,0,0,5,47,eval,10,outbound,RuleBased,-165.1976,0,59,0,180.3144,0,0,,L08,0,0,0,0,302.5372,0,0,0
twoway_Rule_vs_Rule_clean,Rule_vs_Rule,clean,0,0,5,47,eval,11,outbound,RuleBased,71.145,1,14,0,0,0,0,0,L02,1,1,1,1,0,3,1,1
twoway_Rule_vs_Rule_clean,Rule_vs_Rule,clean,0,0,5,47,eval,12,outbound,RuleBased,72.583,1,12,0,0,0,0,0,L02,1,1,1,1,0,3,1,1
twoway_Rule_vs_Rule_clean,Rule_vs_Rule,clean,0,0,5,47,eval,13,outbound,RuleBased,50.583,1,12,0,0,0,0,0,L02,1,1,2,0,0,2,1,1
twoway_Rule_vs_Rule_clean,Rule_vs_Rule,clean,0,0,5,47,eval,14,outbound,RuleBased,-165.1976,0,59,0,180.3144,0,0,,L08,0,0,0,0,299.4835,0,0,0
twoway_Rule_vs_Rule_clean,Rule_vs_Rule,clean,0,0,5,47,eval,15,outbound,RuleBased,-165.1976,0,59,0,180.3145,0,0,,L08,0,0,0,0,299.4835,0,0,0
twoway_Rule_vs_Rule_clean,Rule_vs_Rule,clean,0,0,5,47,eval,16,outbound,RuleBased,71.889,1,13,0,0,0,0,0,L02,1,1,1,1,0,3,1,1
twoway_Rule_vs_Rule_clean,Rule_vs_Rule,clean,0,0,5,47,eval,17,outbound,RuleBased,-165.1976,0,59,0,180.3144,0,0,,L08,0,0,0,0,299.4835,0,0,0
twoway_Rule_vs_Rule_clean,Rule_vs_Rule,clean,0,0,5,47,eval,18,outbound,RuleBased,-165.1976,0,59,0,180.3145,0,0,,L08,0,0,0,0,299.4835,0,0,0
twoway_Rule_vs_Rule_clean,Rule_vs_Rule,clean,0,0,5,47,eval,19,outbound,RuleBased,72.583,1,12,0,0,0,0,0,L02,1,1,1,1,0,3,1,1
twoway_Rule_vs_Rule_clean,Rule_vs_Rule,clean,0,0,5,47,eval,20,outbound,RuleBased,72.583,1,12,0,0,0,0,0,L02,1,1,1,1,0,3,1,1
twoway_Rule_vs_Rule_clean,Rule_vs_Rule,clean,0,0,5,47,eval,21,outbound,RuleBased,-165.1976,0,59,0,180.3145,0,0,,L08,0,0,0,0,302.5372,0,0,0
twoway_Rule_vs_Rule_clean,Rule_vs_Rule,clean,0,0,5,47,eval,22,outbound,RuleBased,-165.1976,0,59,0,180.3144,0,0,,L08,0,0,0,0,299.4835,0,0,0
twoway_Rule_vs_Rule_clean,Rule_vs_Rule,clean,0,0,5,47,eval,23,outbound,RuleBased,49.145,1,14,0,0,0,0,0,L02,1,1,2,0,0,2,1,1
twoway_Rule_vs_Rule_clean,Rule_vs_Rule,clean,0,0,5,47,eval,24,outbound,RuleBased,-165.1976,0,59,0,180.3144,0,0,,L08,0,0,0,0,299.4835,0,0,0
twoway_Rule_vs_Rule_clean,Rule_vs_Rule,clean,0,0,5,47,eval,25,outbound,RuleBased,50.583,1,12,0,0,0,0,0,L02,1,1,2,0,0,2,1,1
twoway_Rule_vs_Rule_clean,Rule_vs_Rule,clean,0,0,5,47,eval,26,outbound,RuleBased,72.583,1,12,0,0,0,0,0,L02,1,1,1,1,0,3,1,1
twoway_Rule_vs_Rule_clean,Rule_vs_Rule,clean,0,0,5,47,eval,27,outbound,RuleBased,71.889,1,13,0,0,0,0,0,L02,1,1,1,1,0,3,1,1
twoway_Rule_vs_Rule_clean,Rule_vs_Rule,clean,0,0,5,47,eval,28,outbound,RuleBased,-165.1976,0,59,0,180.3144,0,0,,L08,0,0,0,0,302.5372,0,0,0
twoway_Rule_vs_Rule_clean,Rule_vs_Rule,clean,0,0,5,47,eval,29,outbound,RuleBased,-165.1976,0,59,0,180.3144,0,0,,L08,0,0,0,0,299.4835,0,0,0
twoway_Rule_vs_Rule_clean,Rule_vs_Rule,clean,0,0,5,47,eval,30,outbound,RuleBased,72.583,1,12,0,0,0,0,0,L02,1,1,1,1,0,3,1,1
twoway_Rule_vs_Rule_clean,Rule_vs_Rule,clean,0,0,6,48,eval,1,inbound,RuleBased,69.35,1,16,0,0,0,0,0,L02,1,1,1,1,0,3,1,1
twoway_Rule_vs_Rule_clean,Rule_vs_Rule,clean,0,0,6,48,eval,2,inbound,RuleBased,107.959,1,15,0,0,0,0,0,L08,0,0,0,0,239.7016,0,0,0
twoway_Rule_vs_Rule_clean,Rule_vs_Rule,clean,0,0,6,48,eval,3,inbound,RuleBased,42.975,1,15,0,0,0,0,0,L02,1,1,2,0,0,2,1,1
twoway_Rule_vs_Rule_clean,Rule_vs_Rule,clean,0,0,6,48,eval,4,inbound,RuleBased,70.629,1,14,0,0,0,0,0,L02,1,1,1,1,0,3,1,1
twoway_Rule_vs_Rule_clean,Rule_vs_Rule,clean,0,0,6,48,eval,5,inbound,RuleBased,107.959,1,15,0,0,0,0,0,L08,0,0,0,0,239.7016,0,0,0
twoway_Rule_vs_Rule_clean,Rule_vs_Rule,clean,0,0,6,48,eval,6,inbound,RuleBased,109.571,1,13,0,0,0,0,0,L08,0,0,0,0,188.1616,0,0,0
twoway_Rule_vs_Rule_clean,Rule_vs_Rule,clean,0,0,6,48,eval,7,inbound,RuleBased,108.811,1,14,0,0,0,0,0,L08,0,0,0,0,219.3749,0,0,0
twoway_Rule_vs_Rule_clean,Rule_vs_Rule,clean,0,0,6,48,eval,8,inbound,RuleBased,109.571,1,13,0,0,0,0,0,L08,0,0,0,0,188.1616,0,0,0
twoway_Rule_vs_Rule_clean,Rule_vs_Rule,clean,0,0,6,48,eval,9,inbound,RuleBased,109.571,1,13,0,0,0,0,0,L08,0,0,0,0,188.1616,0,0,0
twoway_Rule_vs_Rule_clean,Rule_vs_Rule,clean,0,0,6,48,eval,10,inbound,RuleBased,70.629,1,14,0,0,0,0,0,L02,1,1,1,1,0,3,1,1
twoway_Rule_vs_Rule_clean,Rule_vs_Rule,clean,0,0,6,48,eval,11,inbound,RuleBased,69.35,1,16,0,0,0,0,0,L02,1,1,1,1,0,3,1,1
twoway_Rule_vs_Rule_clean,Rule_vs_Rule,clean,0,0,6,48,eval,12,inbound,RuleBased,42.975,1,15,0,0,0,0,0,L02,1,1,2,0,0,2,1,1
twoway_Rule_vs_Rule_clean,Rule_vs_Rule,clean,0,0,6,48,eval,13,inbound,RuleBased,42.975,1,15,0,0,0,0,0,L02,1,1,2,0,0,2,1,1
twoway_Rule_vs_Rule_clean,Rule_vs_Rule,clean,0,0,6,48,eval,14,inbound,RuleBased,41.653,1,17,0,0,0,0,0,L02,1,1,2,0,0,2,1,1
twoway_Rule_vs_Rule_clean,Rule_vs_Rule,clean,0,0,6,48,eval,15,inbound,RuleBased,42.975,1,15,0,0,0,0,0,L02,1,1,2,0,0,2,1,1
twoway_Rule_vs_Rule_clean,Rule_vs_Rule,clean,0,0,6,48,eval,16,inbound,RuleBased,42.975,1,15,0,0,0,0,0,L02,1,1,2,0,0,2,1,1
twoway_Rule_vs_Rule_clean,Rule_vs_Rule,clean,0,0,6,48,eval,17,inbound,RuleBased,109.571,1,13,0,0,0,0,0,L08,0,0,0,0,188.1616,0,0,0
twoway_Rule_vs_Rule_clean,Rule_vs_Rule,clean,0,0,6,48,eval,18,inbound,RuleBased,44.29,1,13,0,0,0,0,0,L02,1,1,2,0,0,2,1,1
twoway_Rule_vs_Rule_clean,Rule_vs_Rule,clean,0,0,6,48,eval,19,inbound,RuleBased,109.571,1,13,0,0,0,0,0,L08,0,0,0,0,188.1616,0,0,0
twoway_Rule_vs_Rule_clean,Rule_vs_Rule,clean,0,0,6,48,eval,20,inbound,RuleBased,107.959,1,15,0,0,0,0,0,L08,0,0,0,0,239.7016,0,0,0
twoway_Rule_vs_Rule_clean,Rule_vs_Rule,clean,0,0,6,48,eval,21,inbound,RuleBased,42.975,1,15,0,0,0,0,0,L02,1,1,2,0,0,2,1,1
twoway_Rule_vs_Rule_clean,Rule_vs_Rule,clean,0,0,6,48,eval,22,inbound,RuleBased,70.629,1,14,0,0,0,0,0,L02,1,1,1,1,0,3,1,1
twoway_Rule_vs_Rule_clean,Rule_vs_Rule,clean,0,0,6,48,eval,23,inbound,RuleBased,70.629,1,14,0,0,0,0,0,L02,1,1,1,1,0,3,1,1
twoway_Rule_vs_Rule_clean,Rule_vs_Rule,clean,0,0,6,48,eval,24,inbound,RuleBased,108.811,1,14,0,0,0,0,0,L08,0,0,0,0,219.3749,0,0,0
twoway_Rule_vs_Rule_clean,Rule_vs_Rule,clean,0,0,6,48,eval,25,inbound,RuleBased,109.571,1,13,0,0,0,0,0,L08,0,0,0,0,188.1616,0,0,0
twoway_Rule_vs_Rule_clean,Rule_vs_Rule,clean,0,0,6,48,eval,26,inbound,RuleBased,42.975,1,15,0,0,0,0,0,L02,1,1,2,0,0,2,1,1
twoway_Rule_vs_Rule_clean,Rule_vs_Rule,clean,0,0,6,48,eval,27,inbound,RuleBased,70.629,1,14,0,0,0,0,0,L02,1,1,1,1,0,3,1,1
twoway_Rule_vs_Rule_clean,Rule_vs_Rule,clean,0,0,6,48,eval,28,inbound,RuleBased,107.959,1,15,0,0,0,0,0,L08,0,0,0,0,239.7016,0,0,0
twoway_Rule_vs_Rule_clean,Rule_vs_Rule,clean,0,0,6,48,eval,29,inbound,RuleBased,42.975,1,15,0,0,0,0,0,L02,1,1,2,0,0,2,1,1
twoway_Rule_vs_Rule_clean,Rule_vs_Rule,clean,0,0,6,48,eval,30,inbound,RuleBased,108.811,1,14,0,0,0,0,0,L08,0,0,0,0,219.3749,0,0,0
twoway_Rule_vs_Rule_clean,Rule_vs_Rule,clean,0,0,6,48,eval,1,outbound,RuleBased,72.409,1,12,0,0,0,0,0,L02,1,1,1,1,0,3,1,1
twoway_Rule_vs_Rule_clean,Rule_vs_Rule,clean,0,0,6,48,eval,2,outbound,RuleBased,-188.0377,0,59,0,274.854,0,0,,L08,0,0,0,0,239.7016,0,0,0
twoway_Rule_vs_Rule_clean,Rule_vs_Rule,clean,0,0,6,48,eval,3,outbound,RuleBased,51.236,1,11,0,0,0,0,0,L02,1,1,2,0,0,2,1,1
twoway_Rule_vs_Rule_clean,Rule_vs_Rule,clean,0,0,6,48,eval,4,outbound,RuleBased,72.409,1,12,0,0,0,0,0,L02,1,1,1,1,0,3,1,1
twoway_Rule_vs_Rule_clean,Rule_vs_Rule,clean,0,0,6,48,eval,5,outbound,RuleBased,-188.7275,0,59,0,278.9546,0,0,,L08,0,0,0,0,239.7016,0,0,0
twoway_Rule_vs_Rule_clean,Rule_vs_Rule,clean,0,0,6,48,eval,6,outbound,RuleBased,-187.5717,0,59,0,272.0691,0,0,,L08,0,0,0,0,188.1616,0,0,0
twoway_Rule_vs_Rule_clean,Rule_vs_Rule,clean,0,0,6,48,eval,7,outbound,RuleBased,-187.5717,0,59,0,272.0691,0,0,,L08,0,0,0,0,219.3749,0,0,0
twoway_Rule_vs_Rule_clean,Rule_vs_Rule,clean,0,0,6,48,eval,8,outbound,RuleBased,-188.7275,0,59,0,278.9546,0,0,,L08,0,0,0,0,188.1616,0,0,0
twoway_Rule_vs_Rule_clean,Rule_vs_Rule,clean,0,0,6,48,eval,9,outbound,RuleBased,-188.0377,0,59,0,274.854,0,0,,L08,0,0,0,0,188.1616,0,0,0
twoway_Rule_vs_Rule_clean,Rule_vs_Rule,clean,0,0,6,48,eval,10,outbound,RuleBased,70.926,1,14,0,0,0,0,0,L02,1,1,1,1,0,3,1,1
twoway_Rule_vs_Rule_clean,Rule_vs_Rule,clean,0,0,6,48,eval,11,outbound,RuleBased,72.409,1,12,0,0,0,0,0,L02,1,1,1,1,0,3,1,1
twoway_Rule_vs_Rule_clean,Rule_vs_Rule,clean,0,0,6,48,eval,12,outbound,RuleBased,49.708,1,13,0,0,0,0,0,L02,1,1,2,0,0,2,1,1
twoway_Rule_vs_Rule_clean,Rule_vs_Rule,clean,0,0,6,48,eval,13,outbound,RuleBased,48.926,1,14,0,0,0,0,0,L02,1,1,2,0,0,2,1,1
twoway_Rule_vs_Rule_clean,Rule_vs_Rule,clean,0,0,6,48,eval,14,outbound,RuleBased,48.926,1,14,0,0,0,0,0,L02,1,1,2,0,0,2,1,1
twoway_Rule_vs_Rule_clean,Rule_vs_Rule,clean,0,0,6,48,eval,15,outbound,RuleBased,50.409,1,12,0,0,0,0,0,L02,1,1,2,0,0,2,1,1
twoway_Rule_vs_Rule_clean,Rule_vs_Rule,clean,0,0,6,48,eval,16,outbound,RuleBased,50.409,1,12,0,0,0,0,0,L02,1,1,2,0,0,2,1,1
twoway_Rule_vs_Rule_clean,Rule_vs_Rule,clean,0,0,6,48,eval,17,outbound,RuleBased,-187.5717,0,59,0,272.0691,0,0,,L08,0,0,0,0,188.1616,0,0,0
twoway_Rule_vs_Rule_clean,Rule_vs_Rule,clean,0,0,6,48,eval,18,outbound,RuleBased,50.409,1,12,0,0,0,0,0,L02,1,1,2,0,0,2,1,1
twoway_Rule_vs_Rule_clean,Rule_vs_Rule,clean,0,0,6,48,eval,19,outbound,RuleBased,-188.0377,0,59,0,274.854,0,0,,L08,0,0,0,0,188.1616,0,0,0
twoway_Rule_vs_Rule_clean,Rule_vs_Rule,clean,0,0,6,48,eval,20,outbound,RuleBased,-188.0377,0,59,0,274.854,0,0,,L08,0,0,0,0,239.7016,0,0,0
twoway_Rule_vs_Rule_clean,Rule_vs_Rule,clean,0,0,6,48,eval,21,outbound,RuleBased,49.708,1,13,0,0,0,0,0,L02,1,1,2,0,0,2,1,1
twoway_Rule_vs_Rule_clean,Rule_vs_Rule,clean,0,0,6,48,eval,22,outbound,RuleBased,72.409,1,12,0,0,0,0,0,L02,1,1,1,1,0,3,1,1
twoway_Rule_vs_Rule_clean,Rule_vs_Rule,clean,0,0,6,48,eval,23,outbound,RuleBased,73.236,1,11,0,0,0,0,0,L02,1,1,1,1,0,3,1,1
twoway_Rule_vs_Rule_clean,Rule_vs_Rule,clean,0,0,6,48,eval,24,outbound,RuleBased,-188.0377,0,59,0,274.854,0,0,,L08,0,0,0,0,219.3749,0,0,0
twoway_Rule_vs_Rule_clean,Rule_vs_Rule,clean,0,0,6,48,eval,25,outbound,RuleBased,-187.5717,0,59,0,272.0691,0,0,,L08,0,0,0,0,188.1616,0,0,0
twoway_Rule_vs_Rule_clean,Rule_vs_Rule,clean,0,0,6,48,eval,26,outbound,RuleBased,48.926,1,14,0,0,0,0,0,L02,1,1,2,0,0,2,1,1
twoway_Rule_vs_Rule_clean,Rule_vs_Rule,clean,0,0,6,48,eval,27,outbound,RuleBased,72.409,1,12,0,0,0,0,0,L02,1,1,1,1,0,3,1,1
twoway_Rule_vs_Rule_clean,Rule_vs_Rule,clean,0,0,6,48,eval,28,outbound,RuleBased,-188.7275,0,59,0,278.9546,0,0,,L08,0,0,0,0,239.7016,0,0,0
twoway_Rule_vs_Rule_clean,Rule_vs_Rule,clean,0,0,6,48,eval,29,outbound,RuleBased,49.708,1,13,0,0,0,0,0,L02,1,1,2,0,0,2,1,1
twoway_Rule_vs_Rule_clean,Rule_vs_Rule,clean,0,0,6,48,eval,30,outbound,RuleBased,-188.0377,0,59,0,274.854,0,0,,L08,0,0,0,0,219.3749,0,0,0
twoway_Rule_vs_Rule_clean,Rule_vs_Rule,clean,0,0,7,49,eval,1,inbound,RuleBased,-126.066,0,59,0,0,0,0,,L08,0,0,0,0,113.719,0,0,0
twoway_Rule_vs_Rule_clean,Rule_vs_Rule,clean,0,0,7,49,eval,2,inbound,RuleBased,43.32,1,15,0,0,0,0,0,L02,1,1,2,0,0,2,1,1
twoway_Rule_vs_Rule_clean,Rule_vs_Rule,clean,0,0,7,49,eval,3,inbound,RuleBased,69.592,1,16,0,0,0,0,0,L02,1,1,1,1,0,3,1,1
twoway_Rule_vs_Rule_clean,Rule_vs_Rule,clean,0,0,7,49,eval,4,inbound,RuleBased,43.32,1,15,0,0,0,0,0,L02,1,1,2,0,0,2,1,1
twoway_Rule_vs_Rule_clean,Rule_vs_Rule,clean,0,0,7,49,eval,5,inbound,RuleBased,44.72,1,13,0,0,0,0,0,L02,1,1,2,0,0,2,1,1
twoway_Rule_vs_Rule_clean,Rule_vs_Rule,clean,0,0,7,49,eval,6,inbound,RuleBased,43.32,1,15,0,0,0,0,0,L02,1,1,2,0,0,2,1,1
twoway_Rule_vs_Rule_clean,Rule_vs_Rule,clean,0,0,7,49,eval,7,inbound,RuleBased,71.032,1,14,0,0,0,0,0,L02,1,1,1,1,0,3,1,1
twoway_Rule_vs_Rule_clean,Rule_vs_Rule,clean,0,0,7,49,eval,8,inbound,RuleBased,43.32,1,15,0,0,0,0,0,L02,1,1,2,0,0,2,1,1
twoway_Rule_vs_Rule_clean,Rule_vs_Rule,clean,0,0,7,49,eval,9,inbound,RuleBased,71.032,1,14,0,0,0,0,0,L02,1,1,1,1,0,3,1,1
twoway_Rule_vs_Rule_clean,Rule_vs_Rule,clean,0,0,7,49,eval,10,inbound,RuleBased,-127.056,0,59,0,0,0,0,,L08,0,0,0,0,102.9563,0,0,0
twoway_Rule_vs_Rule_clean,Rule_vs_Rule,clean,0,0,7,49,eval,11,inbound,RuleBased,71.032,1,14,0,0,0,0,0,L02,1,1,1,1,0,3,1,1
twoway_Rule_vs_Rule_clean,Rule_vs_Rule,clean,0,0,7,49,eval,12,inbound,RuleBased,-126.066,0,59,0,0,0,0,,L08,0,0,0,0,113.719,0,0,0
twoway_Rule_vs_Rule_clean,Rule_vs_Rule,clean,0,0,7,49,eval,13,inbound,RuleBased,-126.066,0,59,0,0,0,0,,L08,0,0,0,0,113.719,0,0,0
twoway_Rule_vs_Rule_clean,Rule_vs_Rule,clean,0,0,7,49,eval,14,inbound,RuleBased,-126.066,0,59,0,0,0,0,,L08,0,0,0,0,113.719,0,0,0
twoway_Rule_vs_Rule_clean,Rule_vs_Rule,clean,0,0,7,49,eval,15,inbound,RuleBased,71.032,1,14,0,0,0,0,0,L02,1,1,1,1,0,3,1,1
twoway_Rule_vs_Rule_clean,Rule_vs_Rule,clean,0,0,7,49,eval,16,inbound,RuleBased,43.32,1,15,0,0,0,0,0,L02,1,1,2,0,0,2,1,1
twoway_Rule_vs_Rule_clean,Rule_vs_Rule,clean,0,0,7,49,eval,17,inbound,RuleBased,-128.127,0,59,0,0,0,0,,L08,0,0,0,0,113.719,0,0,0
twoway_Rule_vs_Rule_clean,Rule_vs_Rule,clean,0,0,7,49,eval,18,inbound,RuleBased,-127.056,0,59,0,0,0,0,,L08,0,0,0,0,102.9563,0,0,0
twoway_Rule_vs_Rule_clean,Rule_vs_Rule,clean,0,0,7,49,eval,19,inbound,RuleBased,71.032,1,14,0,0,0,0,0,L02,1,1,1,1,0,3,1,1
twoway_Rule_vs_Rule_clean,Rule_vs_Rule,clean,0,0,7,49,eval,20,inbound,RuleBased,41.83,1,17,0,0,0,0,0,L02,1,1,2,0,0,2,1,1
twoway_Rule_vs_Rule_clean,Rule_vs_Rule,clean,0,0,7,49,eval,21,inbound,RuleBased,-127.056,0,59,0,0,0,0,,L08,0,0,0,0,102.9563,0,0,0
twoway_Rule_vs_Rule_clean,Rule_vs_Rule,clean,0,0,7,49,eval,22,inbound,RuleBased,-128.127,0,59,0,0,0,0,,L08,0,0,0,0,113.719,0,0,0
twoway_Rule_vs_Rule_clean,Rule_vs_Rule,clean,0,0,7,49,eval,23,inbound,RuleBased,-126.066,0,59,0,0,0,0,,L08,0,0,0,0,113.719,0,0,0
twoway_Rule_vs_Rule_clean,Rule_vs_Rule,clean,0,0,7,49,eval,24,inbound,RuleBased,69.592,1,16,0,0,0,0,0,L02,1,1,1,1,0,3,1,1
twoway_Rule_vs_Rule_clean,Rule_vs_Rule,clean,0,0,7,49,eval,25,inbound,RuleBased,71.032,1,14,0,0,0,0,0,L02,1,1,1,1,0,3,1,1
twoway_Rule_vs_Rule_clean,Rule_vs_Rule,clean,0,0,7,49,eval,26,inbound,RuleBased,-126.066,0,59,0,0,0,0,,L08,0,0,0,0,113.719,0,0,0
twoway_Rule_vs_Rule_clean,Rule_vs_Rule,clean,0,0,7,49,eval,27,inbound,RuleBased,-128.127,0,59,0,0,0,0,,L08,0,0,0,0,113.719,0,0,0
twoway_Rule_vs_Rule_clean,Rule_vs_Rule,clean,0,0,7,49,eval,28,inbound,RuleBased,71.032,1,14,0,0,0,0,0,L02,1,1,1,1,0,3,1,1
twoway_Rule_vs_Rule_clean,Rule_vs_Rule,clean,0,0,7,49,eval,29,inbound,RuleBased,-126.066,0,59,0,0,0,0,,L08,0,0,0,0,113.719,0,0,0
twoway_Rule_vs_Rule_clean,Rule_vs_Rule,clean,0,0,7,49,eval,30,inbound,RuleBased,43.32,1,15,0,0,0,0,0,L02,1,1,2,0,0,2,1,1
twoway_Rule_vs_Rule_clean,Rule_vs_Rule,clean,0,0,7,49,eval,1,outbound,RuleBased,-169.7225,0,59,0,252.096,0,0,,L08,0,0,0,0,113.719,0,0,0
twoway_Rule_vs_Rule_clean,Rule_vs_Rule,clean,0,0,7,49,eval,2,outbound,RuleBased,49.012,1,14,0,0,0,0,0,L02,1,1,2,0,0,2,1,1
twoway_Rule_vs_Rule_clean,Rule_vs_Rule,clean,0,0,7,49,eval,3,outbound,RuleBased,73.132,1,11,0,0,0,0,0,L02,1,1,1,1,0,3,1,1
twoway_Rule_vs_Rule_clean,Rule_vs_Rule,clean,0,0,7,49,eval,4,outbound,RuleBased,50.443,1,12,0,0,0,0,0,L02,1,1,2,0,0,2,1,1
twoway_Rule_vs_Rule_clean,Rule_vs_Rule,clean,0,0,7,49,eval,5,outbound,RuleBased,49.673,1,13,0,0,0,0,0,L02,1,1,2,0,0,2,1,1
twoway_Rule_vs_Rule_clean,Rule_vs_Rule,clean,0,0,7,49,eval,6,outbound,RuleBased,50.443,1,12,0,0,0,0,0,L02,1,1,2,0,0,2,1,1
twoway_Rule_vs_Rule_clean,Rule_vs_Rule,clean,0,0,7,49,eval,7,outbound,RuleBased,71.673,1,13,0,0,0,0,0,L02,1,1,1,1,0,3,1,1
twoway_Rule_vs_Rule_clean,Rule_vs_Rule,clean,0,0,7,49,eval,8,outbound,RuleBased,51.132,1,11,0,0,0,0,0,L02,1,1,2,0,0,2,1,1
twoway_Rule_vs_Rule_clean,Rule_vs_Rule,clean,0,0,7,49,eval,9,outbound,RuleBased,71.673,1,13,0,0,0,0,0,L02,1,1,1,1,0,3,1,1
twoway_Rule_vs_Rule_clean,Rule_vs_Rule,clean,0,0,7,49,eval,10,outbound,RuleBased,-172.8048,0,59,0,264.469,0,0,,L08,0,0,0,0,102.9563,0,0,0
twoway_Rule_vs_Rule_clean,Rule_vs_Rule,clean,0,0,7,49,eval,11,outbound,RuleBased,72.443,1,12,0,0,0,0,0,L02,1,1,1,1,0,3,1,1
twoway_Rule_vs_Rule_clean,Rule_vs_Rule,clean,0,0,7,49,eval,12,outbound,RuleBased,-169.7225,0,59,0,252.096,0,0,,L08,0,0,0,0,113.719,0,0,0
twoway_Rule_vs_Rule_clean,Rule_vs_Rule,clean,0,0,7,49,eval,13,outbound,RuleBased,-171.1819,0,59,0,257.9665,0,0,,L08,0,0,0,0,113.719,0,0,0
twoway_Rule_vs_Rule_clean,Rule_vs_Rule,clean,0,0,7,49,eval,14,outbound,RuleBased,-171.1819,0,59,0,257.9665,0,0,,L08,0,0,0,0,113.719,0,0,0
twoway_Rule_vs_Rule_clean,Rule_vs_Rule,clean,0,0,7,49,eval,15,outbound,RuleBased,71.012,1,14,0,0,0,0,0,L02,1,1,1,1,0,3,1,1
twoway_Rule_vs_Rule_clean,Rule_vs_Rule,clean,0,0,7,49,eval,16,outbound,RuleBased,49.012,1,14,0,0,0,0,0,L02,1,1,2,0,0,2,1,1
twoway_Rule_vs_Rule_clean,Rule_vs_Rule,clean,0,0,7,49,eval,17,outbound,RuleBased,-171.1819,0,59,0,257.9665,0,0,,L08,0,0,0,0,113.719,0,0,0
twoway_Rule_vs_Rule_clean,Rule_vs_Rule,clean,0,0,7,49,eval,18,outbound,RuleBased,-169.7225,0,59,0,252.096,0,0,,L08,0,0,0,0,102.9563,0,0,0
twoway_Rule_vs_Rule_clean,Rule_vs_Rule,clean,0,0,7,49,eval,19,outbound,RuleBased,71.673,1,13,0,0,0,0,0,L02,1,1,1,1,0,3,1,1
twoway_Rule_vs_Rule_clean,Rule_vs_Rule,clean,0,0,7,49,eval,20,outbound,RuleBased,51.132,1,11,0,0,0,0,0,L02,1,1,2,0,0,2,1,1
twoway_Rule_vs_Rule_clean,Rule_vs_Rule,clean,0,0,7,49,eval,21,outbound,RuleBased,-169.7225,0,59,0,252.096,0,0,,L08,0,0,0,0,102.9563,0,0,0
twoway_Rule_vs_Rule_clean,Rule_vs_Rule,clean,0,0,7,49,eval,22,outbound,RuleBased,-169.7225,0,59,0,252.096,0,0,,L08,0,0,0,0,113.719,0,0,0
twoway_Rule_vs_Rule_clean,Rule_vs_Rule,clean,0,0,7,49,eval,23,outbound,RuleBased,-171.1819,0,59,0,257.9665,0,0,,L08,0,0,0,0,113.719,0,0,0
twoway_Rule_vs_Rule_clean,Rule_vs_Rule,clean,0,0,7,49,eval,24,outbound,RuleBased,71.673,1,13,0,0,0,0,0,L02,1,1,1,1,0,3,1,1
twoway_Rule_vs_Rule_clean,Rule_vs_Rule,clean,0,0,7,49,eval,25,outbound,RuleBased,71.673,1,13,0,0,0,0,0,L02,1,1,1,1,0,3,1,1
twoway_Rule_vs_Rule_clean,Rule_vs_Rule,clean,0,0,7,49,eval,26,outbound,RuleBased,-172.8048,0,59,0,264.469,0,0,,L08,0,0,0,0,113.719,0,0,0
twoway_Rule_vs_Rule_clean,Rule_vs_Rule,clean,0,0,7,49,eval,27,outbound,RuleBased,-169.7225,0,59,0,252.096,0,0,,L08,0,0,0,0,113.719,0,0,0
twoway_Rule_vs_Rule_clean,Rule_vs_Rule,clean,0,0,7,49,eval,28,outbound,RuleBased,72.443,1,12,0,0,0,0,0,L02,1,1,1,1,0,3,1,1
twoway_Rule_vs_Rule_clean,Rule_vs_Rule,clean,0,0,7,49,eval,29,outbound,RuleBased,-172.8048,0,59,0,264.469,0,0,,L08,0,0,0,0,113.719,0,0,0
twoway_Rule_vs_Rule_clean,Rule_vs_Rule,clean,0,0,7,49,eval,30,outbound,RuleBased,49.012,1,14,0,0,0,0,0,L02,1,1,2,0,0,2,1,1
twoway_Rule_vs_Rule_mid,Rule_vs_Rule,mid,0.1,0.2,0,42,eval,1,inbound,RuleBased,-122.2858,0,59,0,6.2974,8,12,,L02,0,0,0,0,246.7851,0,0,0
twoway_Rule_vs_Rule_mid,Rule_vs_Rule,mid,0.1,0.2,0,42,eval,2,inbound,RuleBased,-121.9505,0,59,0,5.8964,2,14,,L02,0,0,0,0,246.7851,0,0,0
twoway_Rule_vs_Rule_mid,Rule_vs_Rule,mid,0.1,0.2,0,42,eval,3,inbound,RuleBased,-124.0756,0,59,0,6.3326,3,8,,L02,0,0,0,0,226.7401,0,0,0
twoway_Rule_vs_Rule_mid,Rule_vs_Rule,mid,0.1,0.2,0,42,eval,4,inbound,RuleBased,13.9463,1,14,2,4.6345,1,2,8.1836,L08,1,1,1,1,0,3,1,1
twoway_Rule_vs_Rule_mid,Rule_vs_Rule,mid,0.1,0.2,0,42,eval,5,inbound,RuleBased,42.4929,1,14,1,6.6682,4,1,3.5297,L08,1,1,1,1,0,3,1,1
twoway_Rule_vs_Rule_mid,Rule_vs_Rule,mid,0.1,0.2,0,42,eval,6,inbound,RuleBased,18.9615,1,14,2,5.4861,4,5,1.7416,L08,1,1,1,1,0,3,1,1
twoway_Rule_vs_Rule_mid,Rule_vs_Rule,mid,0.1,0.2,0,42,eval,7,inbound,RuleBased,19.3614,1,14,2,5.5716,2,2,1.3012,L08,1,1,1,1,0,3,1,1
twoway_Rule_vs_Rule_mid,Rule_vs_Rule,mid,0.1,0.2,0,42,eval,8,inbound,RuleBased,-123.6257,0,59,0,5.7655,1,18,,L02,0,0,0,0,226.7401,0,0,0
twoway_Rule_vs_Rule_mid,Rule_vs_Rule,mid,0.1,0.2,0,42,eval,9,inbound,RuleBased,-121.9667,0,59,0,5.7766,2,12,,L02,0,0,0,0,246.7851,0,0,0
twoway_Rule_vs_Rule_mid,Rule_vs_Rule,mid,0.1,0.2,0,42,eval,10,inbound,RuleBased,-7.3044,1,13,2,7.0159,5,4,1.5873,L08,1,1,2,0,0,2,1,1
twoway_Rule_vs_Rule_mid,Rule_vs_Rule,mid,0.1,0.2,0,42,eval,11,inbound,RuleBased,19.8644,1,14,2,5.2916,0,3,0.7273,L08,1,1,1,1,0,3,1,1
twoway_Rule_vs_Rule_mid,Rule_vs_Rule,mid,0.1,0.2,0,42,eval,12,inbound,RuleBased,-122.0711,0,59,0,6.1913,3,14,,L02,0,0,0,0,246.7851,0,0,0
twoway_Rule_vs_Rule_mid,Rule_vs_Rule,mid,0.1,0.2,0,42,eval,13,inbound,RuleBased,18.9326,1,13,1,4.9808,1,3,0.2986,L08,1,1,2,0,0,2,1,1
twoway_Rule_vs_Rule_mid,Rule_vs_Rule,mid,0.1,0.2,0,42,eval,14,inbound,RuleBased,-122.9056,0,59,0,5.7814,3,7,,L02,0,0,0,0,239.7016,0,0,0
twoway_Rule_vs_Rule_mid,Rule_vs_Rule,mid,0.1,0.2,0,42,eval,15,inbound,RuleBased,-122.1357,0,59,0,6.1524,5,8,,L02,0,0,0,0,246.7851,0,0,0
twoway_Rule_vs_Rule_mid,Rule_vs_Rule,mid,0.1,0.2,0,42,eval,16,inbound,RuleBased,-12.4487,1,15,2,6.0132,5,5,6.3647,L08,1,1,2,0,0,2,1,1
twoway_Rule_vs_Rule_mid,Rule_vs_Rule,mid,0.1,0.2,0,42,eval,17,inbound,RuleBased,-11.9699,1,13,2,6.3055,3,3,7.5917,L08,1,1,2,0,0,2,1,1
twoway_Rule_vs_Rule_mid,Rule_vs_Rule,mid,0.1,0.2,0,42,eval,18,inbound,RuleBased,17.0588,1,14,2,5.4473,2,3,4.1806,L08,1,1,1,1,0,3,1,1
twoway_Rule_vs_Rule_mid,Rule_vs_Rule,mid,0.1,0.2,0,42,eval,19,inbound,RuleBased,-13.1859,1,13,2,5.7959,3,5,9.1313,L08,1,1,2,0,0,2,1,1
twoway_Rule_vs_Rule_mid,Rule_vs_Rule,mid,0.1,0.2,0,42,eval,20,inbound,RuleBased,-123.9564,0,59,0,5.914,3,10,,L02,0,0,0,0,226.7401,0,0,0
twoway_Rule_vs_Rule_mid,Rule_vs_Rule,mid,0.1,0.2,0,42,eval,21,inbound,RuleBased,-123.7925,0,59,0,6.123,1,14,,L02,0,0,0,0,226.7401,0,0,0
twoway_Rule_vs_Rule_mid,Rule_vs_Rule,mid,0.1,0.2,0,42,eval,22,inbound,RuleBased,-122.8837,0,59,0,5.4614,1,18,,L02,0,0,0,0,239.7016,0,0,0
twoway_Rule_vs_Rule_mid,Rule_vs_Rule,mid,0.1,0.2,0,42,eval,23,inbound,RuleBased,-6.6571,1,13,2,6.0536,2,5,0.88,L08,1,1,2,0,0,2,1,1
twoway_Rule_vs_Rule_mid,Rule_vs_Rule,mid,0.1,0.2,0,42,eval,24,inbound,RuleBased,-125.0532,0,59,0,6.1242,3,12,,L02,0,0,0,0,200.1605,0,0,0
twoway_Rule_vs_Rule_mid,Rule_vs_Rule,mid,0.1,0.2,0,42,eval,25,inbound,RuleBased,20.0811,1,14,2,5.0633,2,5,0.3993,L08,1,1,1,1,0,3,1,1
twoway_Rule_vs_Rule_mid,Rule_vs_Rule,mid,0.1,0.2,0,42,eval,26,inbound,RuleBased,-8.4296,1,15,2,5.4333,3,4,1.3522,L08,1,1,2,0,0,2,1,1
twoway_Rule_vs_Rule_mid,Rule_vs_Rule,mid,0.1,0.2,0,42,eval,27,inbound,RuleBased,-7.8039,1,13,2,5.2472,2,3,2.4567,L08,1,1,2,0,0,2,1,1
twoway_Rule_vs_Rule_mid,Rule_vs_Rule,mid,0.1,0.2,0,42,eval,28,inbound,RuleBased,-122.2023,0,59,0,6.4986,4,10,,L02,0,0,0,0,246.7851,0,0,0
twoway_Rule_vs_Rule_mid,Rule_vs_Rule,mid,0.1,0.2,0,42,eval,29,inbound,RuleBased,-124.9815,0,59,0,6.2699,4,7,,L02,0,0,0,0,200.1605,0,0,0
twoway_Rule_vs_Rule_mid,Rule_vs_Rule,mid,0.1,0.2,0,42,eval,30,inbound,RuleBased,-123.2506,0,59,0,6.036,6,14,,L02,0,0,0,0,239.7016,0,0,0
twoway_Rule_vs_Rule_mid,Rule_vs_Rule,mid,0.1,0.2,0,42,eval,1,outbound,RuleBased,-226.2943,0,59,2,315.8748,32,12,,L02,0,0,0,0,246.7851,0,0,0
twoway_Rule_vs_Rule_mid,Rule_vs_Rule,mid,0.1,0.2,0,42,eval,2,outbound,RuleBased,-228.3417,0,59,2,307.0398,17,14,,L02,0,0,0,0,246.7851,0,0,0
twoway_Rule_vs_Rule_mid,Rule_vs_Rule,mid,0.1,0.2,0,42,eval,3,outbound,RuleBased,-224.7999,0,59,2,306.9626,19,8,,L02,0,0,0,0,226.7401,0,0,0
twoway_Rule_vs_Rule_mid,Rule_vs_Rule,mid,0.1,0.2,0,42,eval,4,outbound,RuleBased,41.4631,1,11,1,4.1576,1,2,7.6206,L08,1,1,1,1,0,3,1,1
twoway_Rule_vs_Rule_mid,Rule_vs_Rule,mid,0.1,0.2,0,42,eval,5,outbound,RuleBased,21.9003,1,11,2,6.6065,2,1,0.6736,L08,1,1,1,1,0,3,1,1
twoway_Rule_vs_Rule_mid,Rule_vs_Rule,mid,0.1,0.2,0,42,eval,6,outbound,RuleBased,19.5033,1,12,2,6.2581,2,2,2.5766,L08,1,1,1,1,0,3,1,1
twoway_Rule_vs_Rule_mid,Rule_vs_Rule,mid,0.1,0.2,0,42,eval,7,outbound,RuleBased,18.0565,1,13,2,5.7816,2,4,3.4111,L08,1,1,1,1,0,3,1,1
twoway_Rule_vs_Rule_mid,Rule_vs_Rule,mid,0.1,0.2,0,42,eval,8,outbound,RuleBased,-230.33,0,59,2,316.47,21,15,,L02,0,0,0,0,226.7401,0,0,0
twoway_Rule_vs_Rule_mid,Rule_vs_Rule,mid,0.1,0.2,0,42,eval,9,outbound,RuleBased,-231.8551,0,59,2,326.3507,27,14,,L02,0,0,0,0,246.7851,0,0,0
twoway_Rule_vs_Rule_mid,Rule_vs_Rule,mid,0.1,0.2,0,42,eval,10,outbound,RuleBased,-3.3194,1,12,2,6.4214,2,2,3.5677,L08,1,1,2,0,0,2,1,1
twoway_Rule_vs_Rule_mid,Rule_vs_Rule,mid,0.1,0.2,0,42,eval,11,outbound,RuleBased,16.8494,1,12,2,5.8163,0,5,5.898,L08,1,1,1,1,0,3,1,1
twoway_Rule_vs_Rule_mid,Rule_vs_Rule,mid,0.1,0.2,0,42,eval,12,outbound,RuleBased,-228.711,0,59,2,308.0979,24,15,,L02,0,0,0,0,246.7851,0,0,0
twoway_Rule_vs_Rule_mid,Rule_vs_Rule,mid,0.1,0.2,0,42,eval,13,outbound,RuleBased,-26.8971,1,11,3,6.9163,3,1,2.8789,L08,1,1,2,0,0,2,1,1
twoway_Rule_vs_Rule_mid,Rule_vs_Rule,mid,0.1,0.2,0,42,eval,14,outbound,RuleBased,-227.4538,0,59,2,300.1015,16,10,,L02,0,0,0,0,239.7016,0,0,0
twoway_Rule_vs_Rule_mid,Rule_vs_Rule,mid,0.1,0.2,0,42,eval,15,outbound,RuleBased,-229.4701,0,59,2,336.0166,26,5,,L02,0,0,0,0,246.7851,0,0,0
twoway_Rule_vs_Rule_mid,Rule_vs_Rule,mid,0.1,0.2,0,42,eval,16,outbound,RuleBased,20.2274,1,11,1,6.3479,2,3,6.5059,L08,1,1,2,0,0,2,1,1
twoway_Rule_vs_Rule_mid,Rule_vs_Rule,mid,0.1,0.2,0,42,eval,17,outbound,RuleBased,20.2463,1,13,1,7.3096,3,3,4.315,L08,1,1,2,0,0,2,1,1
twoway_Rule_vs_Rule_mid,Rule_vs_Rule,mid,0.1,0.2,0,42,eval,18,outbound,RuleBased,20.3496,1,11,2,4.9223,2,2,2.7229,L08,1,1,1,1,0,3,1,1
twoway_Rule_vs_Rule_mid,Rule_vs_Rule,mid,0.1,0.2,0,42,eval,19,outbound,RuleBased,45.084,1,12,0,4.406,0,4,5.796,L08,1,1,2,0,0,2,1,1
twoway_Rule_vs_Rule_mid,Rule_vs_Rule,mid,0.1,0.2,0,42,eval,20,outbound,RuleBased,-224.6584,0,59,2,306.6232,17,14,,L02,0,0,0,0,226.7401,0,0,0
twoway_Rule_vs_Rule_mid,Rule_vs_Rule,mid,0.1,0.2,0,42,eval,21,outbound,RuleBased,-226.0072,0,59,2,315.5117,22,14,,L02,0,0,0,0,226.7401,0,0,0
twoway_Rule_vs_Rule_mid,Rule_vs_Rule,mid,0.1,0.2,0,42,eval,22,outbound,RuleBased,-202.7197,0,59,1,325.2091,14,13,,L02,0,0,0,0,239.7016,0,0,0
twoway_Rule_vs_Rule_mid,Rule_vs_Rule,mid,0.1,0.2,0,42,eval,23,outbound,RuleBased,15.6051,1,11,1,6.8504,3,4,12.2001,L08,1,1,2,0,0,2,1,1
twoway_Rule_vs_Rule_mid,Rule_vs_Rule,mid,0.1,0.2,0,42,eval,24,outbound,RuleBased,-230.4755,0,59,2,317.2893,26,18,,L02,0,0,0,0,200.1605,0,0,0
twoway_Rule_vs_Rule_mid,Rule_vs_Rule,mid,0.1,0.2,0,42,eval,25,outbound,RuleBased,39.8773,1,11,1,5.5315,1,1,9.4969,L08,1,1,1,1,0,3,1,1
twoway_Rule_vs_Rule_mid,Rule_vs_Rule,mid,0.1,0.2,0,42,eval,26,outbound,RuleBased,-1.9797,1,12,2,5.5755,1,2,2.0067,L08,1,1,2,0,0,2,1,1
twoway_Rule_vs_Rule_mid,Rule_vs_Rule,mid,0.1,0.2,0,42,eval,27,outbound,RuleBased,-0.3916,1,11,2,6.5401,1,5,1.0163,L08,1,1,2,0,0,2,1,1
twoway_Rule_vs_Rule_mid,Rule_vs_Rule,mid,0.1,0.2,0,42,eval,28,outbound,RuleBased,-235.3723,0,59,2,322.2723,34,10,,L02,0,0,0,0,246.7851,0,0,0
twoway_Rule_vs_Rule_mid,Rule_vs_Rule,mid,0.1,0.2,0,42,eval,29,outbound,RuleBased,-204.8433,0,59,1,296.4382,32,11,,L02,0,0,0,0,200.1605,0,0,0
twoway_Rule_vs_Rule_mid,Rule_vs_Rule,mid,0.1,0.2,0,42,eval,30,outbound,RuleBased,-230.5017,0,59,2,316.9429,20,10,,L02,0,0,0,0,239.7016,0,0,0
twoway_Rule_vs_Rule_mid,Rule_vs_Rule,mid,0.1,0.2,1,43,eval,1,inbound,RuleBased,-131.0092,0,59,0,6.1403,4,10,,L08,0,0,0,0,113.719,0,0,0
twoway_Rule_vs_Rule_mid,Rule_vs_Rule,mid,0.1,0.2,1,43,eval,2,inbound,RuleBased,-129.8102,0,59,0,5.9686,2,14,,L08,0,0,0,0,102.9563,0,0,0
twoway_Rule_vs_Rule_mid,Rule_vs_Rule,mid,0.1,0.2,1,43,eval,3,inbound,RuleBased,-148.0103,0,59,1,6.2763,3,11,,L02,0,0,0,0,132.484,0,0,0
twoway_Rule_vs_Rule_mid,Rule_vs_Rule,mid,0.1,0.2,1,43,eval,4,inbound,RuleBased,-128.8851,0,59,0,5.8848,4,10,,L08,0,0,0,0,113.719,0,0,0
twoway_Rule_vs_Rule_mid,Rule_vs_Rule,mid,0.1,0.2,1,43,eval,5,inbound,RuleBased,-128.6084,0,59,0,5.3882,1,7,,L08,0,0,0,0,113.719,0,0,0
twoway_Rule_vs_Rule_mid,Rule_vs_Rule,mid,0.1,0.2,1,43,eval,6,inbound,RuleBased,-126.7384,0,59,0,5.9848,2,15,,L02,0,0,0,0,132.484,0,0,0
twoway_Rule_vs_Rule_mid,Rule_vs_Rule,mid,0.1,0.2,1,43,eval,7,inbound,RuleBased,-124.9747,0,59,0,6.3456,4,14,,L02,0,0,0,0,132.484,0,0,0
twoway_Rule_vs_Rule_mid,Rule_vs_Rule,mid,0.1,0.2,1,43,eval,8,inbound,RuleBased,-124.6036,0,59,0,5.2137,1,13,,L02,0,0,0,0,132.484,0,0,0
twoway_Rule_vs_Rule_mid,Rule_vs_Rule,mid,0.1,0.2,1,43,eval,9,inbound,RuleBased,-148.7133,0,59,1,5.6474,2,16,,L02,0,0,0,0,130,0,0,0
twoway_Rule_vs_Rule_mid,Rule_vs_Rule,mid,0.1,0.2,1,43,eval,10,inbound,RuleBased,-130.9436,0,59,0,6.0418,2,13,,L08,0,0,0,0,113.719,0,0,0
twoway_Rule_vs_Rule_mid,Rule_vs_Rule,mid,0.1,0.2,1,43,eval,11,inbound,RuleBased,-130.8727,0,59,0,5.9256,3,14,,L08,0,0,0,0,113.719,0,0,0
twoway_Rule_vs_Rule_mid,Rule_vs_Rule,mid,0.1,0.2,1,43,eval,12,inbound,RuleBased,-130.9594,0,59,0,6.5586,3,14,,L08,0,0,0,0,113.719,0,0,0
twoway_Rule_vs_Rule_mid,Rule_vs_Rule,mid,0.1,0.2,1,43,eval,13,inbound,RuleBased,-125.9132,0,59,0,5.9337,5,13,,L02,0,0,0,0,130,0,0,0
twoway_Rule_vs_Rule_mid,Rule_vs_Rule,mid,0.1,0.2,1,43,eval,14,inbound,RuleBased,-130.0788,0,59,0,6.4122,4,11,,L08,0,0,0,0,102.9563,0,0,0
twoway_Rule_vs_Rule_mid,Rule_vs_Rule,mid,0.1,0.2,1,43,eval,15,inbound,RuleBased,-130.2664,0,59,0,6.7803,8,14,,L08,0,0,0,0,102.9563,0,0,0
twoway_Rule_vs_Rule_mid,Rule_vs_Rule,mid,0.1,0.2,1,43,eval,16,inbound,RuleBased,-124.8281,0,59,0,5.8989,2,12,,L02,0,0,0,0,132.484,0,0,0
twoway_Rule_vs_Rule_mid,Rule_vs_Rule,mid,0.1,0.2,1,43,eval,17,inbound,RuleBased,-128.8147,0,59,0,5.6635,6,11,,L08,0,0,0,0,113.719,0,0,0
twoway_Rule_vs_Rule_mid,Rule_vs_Rule,mid,0.1,0.2,1,43,eval,18,inbound,RuleBased,-149.1786,0,59,1,6.4856,7,11,,L02,0,0,0,0,130,0,0,0
twoway_Rule_vs_Rule_mid,Rule_vs_Rule,mid,0.1,0.2,1,43,eval,19,inbound,RuleBased,-130.8382,0,59,0,5.6995,2,18,,L08,0,0,0,0,113.719,0,0,0
twoway_Rule_vs_Rule_mid,Rule_vs_Rule,mid,0.1,0.2,1,43,eval,20,inbound,RuleBased,-128.9905,0,59,0,6.216,4,16,,L08,0,0,0,0,113.719,0,0,0
twoway_Rule_vs_Rule_mid,Rule_vs_Rule,mid,0.1,0.2,1,43,eval,21,inbound,RuleBased,-125.7282,0,59,0,5.6267,5,11,,L02,0,0,0,0,130,0,0,0
twoway_Rule_vs_Rule_mid,Rule_vs_Rule,mid,0.1,0.2,1,43,eval,22,inbound,RuleBased,-131.157,0,59,0,6.3261,6,10,,L08,0,0,0,0,113.719,0,0,0
twoway_Rule_vs_Rule_mid,Rule_vs_Rule,mid,0.1,0.2,1,43,eval,23,inbound,RuleBased,-126.7785,0,59,0,6.2612,2,18,,L02,0,0,0,0,132.484,0,0,0
twoway_Rule_vs_Rule_mid,Rule_vs_Rule,mid,0.1,0.2,1,43,eval,24,inbound,RuleBased,-124.7387,0,59,0,5.8865,3,11,,L02,0,0,0,0,132.484,0,0,0
twoway_Rule_vs_Rule_mid,Rule_vs_Rule,mid,0.1,0.2,1,43,eval,25,inbound,RuleBased,-148.6721,0,59,1,5.5642,2,10,,L02,0,0,0,0,130,0,0,0
twoway_Rule_vs_Rule_mid,Rule_vs_Rule,mid,0.1,0.2,1,43,eval,26,inbound,RuleBased,-125.6024,0,59,0,5.4458,2,19,,L02,0,0,0,0,130,0,0,0
twoway_Rule_vs_Rule_mid,Rule_vs_Rule,mid,0.1,0.2,1,43,eval,27,inbound,RuleBased,-124.7855,0,59,0,5.8098,3,12,,L02,0,0,0,0,132.484,0,0,0
twoway_Rule_vs_Rule_mid,Rule_vs_Rule,mid,0.1,0.2,1,43,eval,28,inbound,RuleBased,-128.8867,0,59,0,6.3819,3,10,,L08,0,0,0,0,113.719,0,0,0
twoway_Rule_vs_Rule_mid,Rule_vs_Rule,mid,0.1,0.2,1,43,eval,29,inbound,RuleBased,-128.9133,0,59,0,6.5317,1,16,,L08,0,0,0,0,113.719,0,0,0
twoway_Rule_vs_Rule_mid,Rule_vs_Rule,mid,0.1,0.2,1,43,eval,30,inbound,RuleBased,-127.0262,0,59,0,6.2587,8,13,,L02,0,0,0,0,132.484,0,0,0
twoway_Rule_vs_Rule_mid,Rule_vs_Rule,mid,0.1,0.2,1,43,eval,1,outbound,RuleBased,-116.3949,0,59,0,6.0698,0,10,,L08,0,0,0,0,113.719,0,0,0
twoway_Rule_vs_Rule_mid,Rule_vs_Rule,mid,0.1,0.2,1,43,eval,2,outbound,RuleBased,-116.2644,0,59,0,5.8826,0,14,,L08,0,0,0,0,102.9563,0,0,0
twoway_Rule_vs_Rule_mid,Rule_vs_Rule,mid,0.1,0.2,1,43,eval,3,outbound,RuleBased,-116.2077,0,59,0,5.4864,0,11,,L02,0,0,0,0,132.484,0,0,0
twoway_Rule_vs_Rule_mid,Rule_vs_Rule,mid,0.1,0.2,1,43,eval,4,outbound,RuleBased,-116.365,0,59,0,5.8188,0,10,,L08,0,0,0,0,113.719,0,0,0
twoway_Rule_vs_Rule_mid,Rule_vs_Rule,mid,0.1,0.2,1,43,eval,5,outbound,RuleBased,-116.0936,0,59,0,5.354,0,7,,L08,0,0,0,0,113.719,0,0,0
twoway_Rule_vs_Rule_mid,Rule_vs_Rule,mid,0.1,0.2,1,43,eval,6,outbound,RuleBased,-116.2404,0,59,0,5.4111,0,15,,L02,0,0,0,0,132.484,0,0,0
twoway_Rule_vs_Rule_mid,Rule_vs_Rule,mid,0.1,0.2,1,43,eval,7,outbound,RuleBased,-116.2454,0,59,0,5.5447,0,14,,L02,0,0,0,0,132.484,0,0,0
twoway_Rule_vs_Rule_mid,Rule_vs_Rule,mid,0.1,0.2,1,43,eval,8,outbound,RuleBased,-115.937,0,59,0,4.4653,0,13,,L02,0,0,0,0,132.484,0,0,0
twoway_Rule_vs_Rule_mid,Rule_vs_Rule,mid,0.1,0.2,1,43,eval,9,outbound,RuleBased,-116.0114,0,59,0,4.9696,0,16,,L02,0,0,0,0,130,0,0,0
twoway_Rule_vs_Rule_mid,Rule_vs_Rule,mid,0.1,0.2,1,43,eval,10,outbound,RuleBased,-116.3235,0,59,0,5.9713,0,13,,L08,0,0,0,0,113.719,0,0,0
twoway_Rule_vs_Rule_mid,Rule_vs_Rule,mid,0.1,0.2,1,43,eval,11,outbound,RuleBased,-116.2703,0,59,0,5.8807,0,14,,L08,0,0,0,0,113.719,0,0,0
twoway_Rule_vs_Rule_mid,Rule_vs_Rule,mid,0.1,0.2,1,43,eval,12,outbound,RuleBased,-116.3471,0,59,0,6.4672,0,14,,L08,0,0,0,0,113.719,0,0,0
twoway_Rule_vs_Rule_mid,Rule_vs_Rule,mid,0.1,0.2,1,43,eval,13,outbound,RuleBased,-116.2256,0,59,0,5.1549,0,13,,L02,0,0,0,0,130,0,0,0
twoway_Rule_vs_Rule_mid,Rule_vs_Rule,mid,0.1,0.2,1,43,eval,14,outbound,RuleBased,-116.5307,0,59,0,6.3482,0,11,,L08,0,0,0,0,102.9563,0,0,0
twoway_Rule_vs_Rule_mid,Rule_vs_Rule,mid,0.1,0.2,1,43,eval,15,outbound,RuleBased,-116.7118,0,59,0,6.6763,0,14,,L08,0,0,0,0,102.9563,0,0,0
twoway_Rule_vs_Rule_mid,Rule_vs_Rule,mid,0.1,0.2,1,43,eval,16,outbound,RuleBased,-116.1816,0,59,0,5.1615,0,12,,L02,0,0,0,0,132.484,0,0,0
twoway_Rule_vs_Rule_mid,Rule_vs_Rule,mid,0.1,0.2,1,43,eval,17,outbound,RuleBased,-116.2918,0,59,0,5.6033,0,11,,L08,0,0,0,0,113.719,0,0,0
twoway_Rule_vs_Rule_mid,Rule_vs_Rule,mid,0.1,0.2,1,43,eval,18,outbound,RuleBased,-116.4086,0,59,0,5.5833,0,11,,L02,0,0,0,0,130,0,0,0
twoway_Rule_vs_Rule_mid,Rule_vs_Rule,mid,0.1,0.2,1,43,eval,19,outbound,RuleBased,-116.2345,0,59,0,5.6644,0,18,,L08,0,0,0,0,113.719,0,0,0
twoway_Rule_vs_Rule_mid,Rule_vs_Rule,mid,0.1,0.2,1,43,eval,20,outbound,RuleBased,-116.4605,0,59,0,6.142,0,16,,L08,0,0,0,0,113.719,0,0,0
twoway_Rule_vs_Rule_mid,Rule_vs_Rule,mid,0.1,0.2,1,43,eval,21,outbound,RuleBased,-116.0918,0,59,0,4.9813,0,11,,L02,0,0,0,0,130,0,0,0
twoway_Rule_vs_Rule_mid,Rule_vs_Rule,mid,0.1,0.2,1,43,eval,22,outbound,RuleBased,-116.5292,0,59,0,6.2143,0,10,,L08,0,0,0,0,113.719,0,0,0
twoway_Rule_vs_Rule_mid,Rule_vs_Rule,mid,0.1,0.2,1,43,eval,23,outbound,RuleBased,-116.24,0,59,0,5.5656,0,18,,L02,0,0,0,0,132.484,0,0,0
twoway_Rule_vs_Rule_mid,Rule_vs_Rule,mid,0.1,0.2,1,43,eval,24,outbound,RuleBased,-116.0953,0,59,0,5.1892,0,11,,L02,0,0,0,0,132.484,0,0,0
twoway_Rule_vs_Rule_mid,Rule_vs_Rule,mid,0.1,0.2,1,43,eval,25,outbound,RuleBased,-116.0122,0,59,0,4.8986,0,10,,L02,0,0,0,0,130,0,0,0
twoway_Rule_vs_Rule_mid,Rule_vs_Rule,mid,0.1,0.2,1,43,eval,26,outbound,RuleBased,-115.9863,0,59,0,4.9173,0,19,,L02,0,0,0,0,130,0,0,0
twoway_Rule_vs_Rule_mid,Rule_vs_Rule,mid,0.1,0.2,1,43,eval,27,outbound,RuleBased,-116.0958,0,59,0,4.9442,0,12,,L02,0,0,0,0,132.484,0,0,0
twoway_Rule_vs_Rule_mid,Rule_vs_Rule,mid,0.1,0.2,1,43,eval,28,outbound,RuleBased,-116.3519,0,59,0,6.305,0,10,,L08,0,0,0,0,113.719,0,0,0
twoway_Rule_vs_Rule_mid,Rule_vs_Rule,mid,0.1,0.2,1,43,eval,29,outbound,RuleBased,-116.3872,0,59,0,6.4364,0,16,,L08,0,0,0,0,113.719,0,0,0
twoway_Rule_vs_Rule_mid,Rule_vs_Rule,mid,0.1,0.2,1,43,eval,30,outbound,RuleBased,-116.3453,0,59,0,5.2691,0,13,,L02,0,0,0,0,132.484,0,0,0
twoway_Rule_vs_Rule_mid,Rule_vs_Rule,mid,0.1,0.2,2,44,eval,1,inbound,RuleBased,-134.7728,0,59,0,5.9312,2,11,,L08,0,0,0,0,113.719,0,0,0
twoway_Rule_vs_Rule_mid,Rule_vs_Rule,mid,0.1,0.2,2,44,eval,2,inbound,RuleBased,39.8691,1,13,0,6.1145,3,3,5.3865,L02,1,1,2,0,0,2,1,1
twoway_Rule_vs_Rule_mid,Rule_vs_Rule,mid,0.1,0.2,2,44,eval,3,inbound,RuleBased,67.7373,1,16,0,5.7724,5,3,1.6843,L02,1,1,1,1,0,3,1,1
twoway_Rule_vs_Rule_mid,Rule_vs_Rule,mid,0.1,0.2,2,44,eval,4,inbound,RuleBased,-132.6698,0,59,0,6.1838,3,16,,L08,0,0,0,0,113.719,0,0,0
twoway_Rule_vs_Rule_mid,Rule_vs_Rule,mid,0.1,0.2,2,44,eval,5,inbound,RuleBased,-134.7513,0,59,0,5.6307,1,14,,L08,0,0,0,0,113.719,0,0,0
twoway_Rule_vs_Rule_mid,Rule_vs_Rule,mid,0.1,0.2,2,44,eval,6,inbound,RuleBased,-134.7552,0,59,0,6.0379,3,10,,L08,0,0,0,0,113.719,0,0,0
twoway_Rule_vs_Rule_mid,Rule_vs_Rule,mid,0.1,0.2,2,44,eval,7,inbound,RuleBased,-133.9875,0,59,0,6.2142,5,9,,L08,0,0,0,0,219.3749,0,0,0
twoway_Rule_vs_Rule_mid,Rule_vs_Rule,mid,0.1,0.2,2,44,eval,8,inbound,RuleBased,-132.7174,0,59,0,6.2669,7,12,,L08,0,0,0,0,113.719,0,0,0
twoway_Rule_vs_Rule_mid,Rule_vs_Rule,mid,0.1,0.2,2,44,eval,9,inbound,RuleBased,-133.8767,0,59,0,6.0917,6,10,,L08,0,0,0,0,219.3749,0,0,0
twoway_Rule_vs_Rule_mid,Rule_vs_Rule,mid,0.1,0.2,2,44,eval,10,inbound,RuleBased,67.4254,1,16,0,6.6804,5,6,1.9064,L02,1,1,1,1,0,3,1,1
twoway_Rule_vs_Rule_mid,Rule_vs_Rule,mid,0.1,0.2,2,44,eval,11,inbound,RuleBased,-133.9092,0,59,0,6.8563,2,11,,L08,0,0,0,0,219.3749,0,0,0
twoway_Rule_vs_Rule_mid,Rule_vs_Rule,mid,0.1,0.2,2,44,eval,12,inbound,RuleBased,-132.72,0,59,0,6.0381,5,7,,L08,0,0,0,0,113.719,0,0,0
twoway_Rule_vs_Rule_mid,Rule_vs_Rule,mid,0.1,0.2,2,44,eval,13,inbound,RuleBased,-132.7575,0,59,0,6.3817,4,16,,L08,0,0,0,0,113.719,0,0,0
twoway_Rule_vs_Rule_mid,Rule_vs_Rule,mid,0.1,0.2,2,44,eval,14,inbound,RuleBased,-132.5506,0,59,0,5.8339,3,9,,L08,0,0,0,0,113.719,0,0,0
twoway_Rule_vs_Rule_mid,Rule_vs_Rule,mid,0.1,0.2,2,44,eval,15,inbound,RuleBased,-132.4891,0,59,0,5.7456,1,18,,L08,0,0,0,0,113.719,0,0,0
twoway_Rule_vs_Rule_mid,Rule_vs_Rule,mid,0.1,0.2,2,44,eval,16,inbound,RuleBased,-132.5028,0,59,0,5.6454,2,13,,L08,0,0,0,0,113.719,0,0,0
twoway_Rule_vs_Rule_mid,Rule_vs_Rule,mid,0.1,0.2,2,44,eval,17,inbound,RuleBased,38.9089,1,15,0,6.1478,0,4,4.9319,L02,1,1,2,0,0,2,1,1
twoway_Rule_vs_Rule_mid,Rule_vs_Rule,mid,0.1,0.2,2,44,eval,18,inbound,RuleBased,-133.8558,0,59,0,5.8681,3,18,,L08,0,0,0,0,102.9563,0,0,0
twoway_Rule_vs_Rule_mid,Rule_vs_Rule,mid,0.1,0.2,2,44,eval,19,inbound,RuleBased,-133.7665,0,59,0,6.1293,4,11,,L08,0,0,0,0,102.9563,0,0,0
twoway_Rule_vs_Rule_mid,Rule_vs_Rule,mid,0.1,0.2,2,44,eval,20,inbound,RuleBased,68.4247,1,16,0,5.3088,1,5,0.8772,L02,1,1,1,1,0,3,1,1
twoway_Rule_vs_Rule_mid,Rule_vs_Rule,mid,0.1,0.2,2,44,eval,21,inbound,RuleBased,35.672,1,15,0,5.2305,3,4,9.0703,L02,1,1,2,0,0,2,1,1
twoway_Rule_vs_Rule_mid,Rule_vs_Rule,mid,0.1,0.2,2,44,eval,22,inbound,RuleBased,-134.0947,0,59,0,6.2573,8,12,,L08,0,0,0,0,102.9563,0,0,0
twoway_Rule_vs_Rule_mid,Rule_vs_Rule,mid,0.1,0.2,2,44,eval,23,inbound,RuleBased,38.1904,1,17,0,6.0572,7,7,3.8402,L02,1,1,2,0,0,2,1,1
twoway_Rule_vs_Rule_mid,Rule_vs_Rule,mid,0.1,0.2,2,44,eval,24,inbound,RuleBased,68.4059,1,16,0,6.1394,3,3,0.8299,L02,1,1,1,1,0,3,1,1
twoway_Rule_vs_Rule_mid,Rule_vs_Rule,mid,0.1,0.2,2,44,eval,25,inbound,RuleBased,61.6924,1,14,0,5.6843,4,3,11.0226,L02,1,1,1,1,0,3,1,1
twoway_Rule_vs_Rule_mid,Rule_vs_Rule,mid,0.1,0.2,2,44,eval,26,inbound,RuleBased,-133.8701,0,59,0,5.8476,4,14,,L08,0,0,0,0,102.9563,0,0,0
twoway_Rule_vs_Rule_mid,Rule_vs_Rule,mid,0.1,0.2,2,44,eval,27,inbound,RuleBased,56.8676,1,16,0,6.0659,7,4,15.2326,L02,1,1,1,1,0,3,1,1
twoway_Rule_vs_Rule_mid,Rule_vs_Rule,mid,0.1,0.2,2,44,eval,28,inbound,RuleBased,-132.8149,0,59,0,6.0037,7,14,,L08,0,0,0,0,113.719,0,0,0
twoway_Rule_vs_Rule_mid,Rule_vs_Rule,mid,0.1,0.2,2,44,eval,29,inbound,RuleBased,40.8214,1,15,0,7.0526,4,4,2.4195,L02,1,1,2,0,0,2,1,1
twoway_Rule_vs_Rule_mid,Rule_vs_Rule,mid,0.1,0.2,2,44,eval,30,inbound,RuleBased,66.2577,1,16,0,6.2189,7,4,3.5214,L02,1,1,1,1,0,3,1,1
twoway_Rule_vs_Rule_mid,Rule_vs_Rule,mid,0.1,0.2,2,44,eval,1,outbound,RuleBased,-167.9568,0,59,0,237.7325,26,11,,L08,0,0,0,0,113.719,0,0,0
twoway_Rule_vs_Rule_mid,Rule_vs_Rule,mid,0.1,0.2,2,44,eval,2,outbound,RuleBased,49.6927,1,12,0,6.3308,4,3,0.5555,L02,1,1,2,0,0,2,1,1
twoway_Rule_vs_Rule_mid,Rule_vs_Rule,mid,0.1,0.2,2,44,eval,3,outbound,RuleBased,70.3365,1,13,0,5.8423,3,2,1.4918,L02,1,1,1,1,0,3,1,1
twoway_Rule_vs_Rule_mid,Rule_vs_Rule,mid,0.1,0.2,2,44,eval,4,outbound,RuleBased,-166.951,0,59,0,232.5938,21,17,,L08,0,0,0,0,113.719,0,0,0
twoway_Rule_vs_Rule_mid,Rule_vs_Rule,mid,0.1,0.2,2,44,eval,5,outbound,RuleBased,-166.947,0,59,0,232.718,19,13,,L08,0,0,0,0,113.719,0,0,0
twoway_Rule_vs_Rule_mid,Rule_vs_Rule,mid,0.1,0.2,2,44,eval,6,outbound,RuleBased,-168.0158,0,59,0,237.9209,22,10,,L08,0,0,0,0,113.719,0,0,0
twoway_Rule_vs_Rule_mid,Rule_vs_Rule,mid,0.1,0.2,2,44,eval,7,outbound,RuleBased,-224.7555,0,59,2,358.6958,23,9,,L08,0,0,0,0,219.3749,0,0,0
twoway_Rule_vs_Rule_mid,Rule_vs_Rule,mid,0.1,0.2,2,44,eval,8,outbound,RuleBased,-210.2076,0,59,2,245.8566,22,12,,L08,0,0,0,0,113.719,0,0,0
twoway_Rule_vs_Rule_mid,Rule_vs_Rule,mid,0.1,0.2,2,44,eval,9,outbound,RuleBased,-224.4447,0,59,2,358.022,24,9,,L08,0,0,0,0,219.3749,0,0,0
twoway_Rule_vs_Rule_mid,Rule_vs_Rule,mid,0.1,0.2,2,44,eval,10,outbound,RuleBased,66.8048,1,12,0,7.5027,2,6,6.6176,L02,1,1,1,1,0,3,1,1
twoway_Rule_vs_Rule_mid,Rule_vs_Rule,mid,0.1,0.2,2,44,eval,11,outbound,RuleBased,-229.2633,0,59,2,391.2703,29,12,,L08,0,0,0,0,219.3749,0,0,0
twoway_Rule_vs_Rule_mid,Rule_vs_Rule,mid,0.1,0.2,2,44,eval,12,outbound,RuleBased,-167.1222,0,59,0,233.0664,22,7,,L08,0,0,0,0,113.719,0,0,0
twoway_Rule_vs_Rule_mid,Rule_vs_Rule,mid,0.1,0.2,2,44,eval,13,outbound,RuleBased,-167.3595,0,59,0,234.7033,20,13,,L08,0,0,0,0,113.719,0,0,0
twoway_Rule_vs_Rule_mid,Rule_vs_Rule,mid,0.1,0.2,2,44,eval,14,outbound,RuleBased,-167.9319,0,59,0,238.1595,21,11,,L08,0,0,0,0,113.719,0,0,0
twoway_Rule_vs_Rule_mid,Rule_vs_Rule,mid,0.1,0.2,2,44,eval,15,outbound,RuleBased,-167.8901,0,59,0,237.7856,19,19,,L08,0,0,0,0,113.719,0,0,0
twoway_Rule_vs_Rule_mid,Rule_vs_Rule,mid,0.1,0.2,2,44,eval,16,outbound,RuleBased,-167.9633,0,59,0,238.1903,16,12,,L08,0,0,0,0,113.719,0,0,0
twoway_Rule_vs_Rule_mid,Rule_vs_Rule,mid,0.1,0.2,2,44,eval,17,outbound,RuleBased,48.2767,1,11,0,4.5337,1,4,3.5619,L02,1,1,2,0,0,2,1,1
twoway_Rule_vs_Rule_mid,Rule_vs_Rule,mid,0.1,0.2,2,44,eval,18,outbound,RuleBased,-167.4614,0,59,0,235.4003,19,14,,L08,0,0,0,0,102.9563,0,0,0
twoway_Rule_vs_Rule_mid,Rule_vs_Rule,mid,0.1,0.2,2,44,eval,19,outbound,RuleBased,-167.0726,0,59,0,233.0949,18,15,,L08,0,0,0,0,102.9563,0,0,0
twoway_Rule_vs_Rule_mid,Rule_vs_Rule,mid,0.1,0.2,2,44,eval,20,outbound,RuleBased,64.8222,1,13,0,5.5542,2,3,8.4272,L02,1,1,1,1,0,3,1,1
twoway_Rule_vs_Rule_mid,Rule_vs_Rule,mid,0.1,0.2,2,44,eval,21,outbound,RuleBased,46.5946,1,12,0,5.7262,1,3,4.5218,L02,1,1,2,0,0,2,1,1
twoway_Rule_vs_Rule_mid,Rule_vs_Rule,mid,0.1,0.2,2,44,eval,22,outbound,RuleBased,-167.0043,0,59,0,232.6994,25,14,,L08,0,0,0,0,102.9563,0,0,0
twoway_Rule_vs_Rule_mid,Rule_vs_Rule,mid,0.1,0.2,2,44,eval,23,outbound,RuleBased,48.2825,1,11,0,6.3243,0,1,3.343,L02,1,1,2,0,0,2,1,1
twoway_Rule_vs_Rule_mid,Rule_vs_Rule,mid,0.1,0.2,2,44,eval,24,outbound,RuleBased,67.6426,1,14,0,5.7236,4,4,3.9374,L02,1,1,1,1,0,3,1,1
twoway_Rule_vs_Rule_mid,Rule_vs_Rule,mid,0.1,0.2,2,44,eval,25,outbound,RuleBased,69.692,1,11,0,5.8555,3,6,4.1891,L02,1,1,1,1,0,3,1,1
twoway_Rule_vs_Rule_mid,Rule_vs_Rule,mid,0.1,0.2,2,44,eval,26,outbound,RuleBased,-166.8712,0,59,0,232.2979,24,13,,L08,0,0,0,0,102.9563,0,0,0
twoway_Rule_vs_Rule_mid,Rule_vs_Rule,mid,0.1,0.2,2,44,eval,27,outbound,RuleBased,65.9981,1,13,0,5.9989,3,4,6.9149,L02,1,1,1,1,0,3,1,1
twoway_Rule_vs_Rule_mid,Rule_vs_Rule,mid,0.1,0.2,2,44,eval,28,outbound,RuleBased,-167.9597,0,59,0,237.9916,25,14,,L08,0,0,0,0,113.719,0,0,0
twoway_Rule_vs_Rule_mid,Rule_vs_Rule,mid,0.1,0.2,2,44,eval,29,outbound,RuleBased,49.3939,1,12,0,5.688,0,2,1.0053,L02,1,1,2,0,0,2,1,1
twoway_Rule_vs_Rule_mid,Rule_vs_Rule,mid,0.1,0.2,2,44,eval,30,outbound,RuleBased,62.7926,1,11,0,5.8389,3,3,12.7802,L02,1,1,1,1,0,3,1,1
twoway_Rule_vs_Rule_mid,Rule_vs_Rule,mid,0.1,0.2,3,45,eval,1,inbound,RuleBased,-125.8026,0,59,0,5.3894,1,12,,L08,0,0,0,0,102.9563,0,0,0
twoway_Rule_vs_Rule_mid,Rule_vs_Rule,mid,0.1,0.2,3,45,eval,2,inbound,RuleBased,-151.7944,0,59,1,6.0275,5,7,,L08,0,0,0,0,113.719,0,0,0
twoway_Rule_vs_Rule_mid,Rule_vs_Rule,mid,0.1,0.2,3,45,eval,3,inbound,RuleBased,-151.7473,0,59,1,5.7811,1,15,,L08,0,0,0,0,113.719,0,0,0
twoway_Rule_vs_Rule_mid,Rule_vs_Rule,mid,0.1,0.2,3,45,eval,4,inbound,RuleBased,-150.9509,0,59,1,5.8008,3,12,,L08,0,0,0,0,102.9563,0,0,0
twoway_Rule_vs_Rule_mid,Rule_vs_Rule,mid,0.1,0.2,3,45,eval,5,inbound,RuleBased,-151.8054,0,59,1,6.0716,5,10,,L08,0,0,0,0,113.719,0,0,0
twoway_Rule_vs_Rule_mid,Rule_vs_Rule,mid,0.1,0.2,3,45,eval,6,inbound,RuleBased,-150.0281,0,59,1,6.1725,3,18,,L08,0,0,0,0,113.719,0,0,0
twoway_Rule_vs_Rule_mid,Rule_vs_Rule,mid,0.1,0.2,3,45,eval,7,inbound,RuleBased,-150.8734,0,59,1,5.7745,3,15,,L08,0,0,0,0,102.9563,0,0,0
twoway_Rule_vs_Rule_mid,Rule_vs_Rule,mid,0.1,0.2,3,45,eval,8,inbound,RuleBased,67.8742,1,14,0,5.1057,2,2,3.2229,L02,1,1,1,1,0,3,1,1
twoway_Rule_vs_Rule_mid,Rule_vs_Rule,mid,0.1,0.2,3,45,eval,9,inbound,RuleBased,-151.9135,0,59,1,6.047,2,7,,L08,0,0,0,0,113.719,0,0,0
twoway_Rule_vs_Rule_mid,Rule_vs_Rule,mid,0.1,0.2,3,45,eval,10,inbound,RuleBased,-125.9472,0,59,0,5.9883,6,9,,L08,0,0,0,0,102.9563,0,0,0
twoway_Rule_vs_Rule_mid,Rule_vs_Rule,mid,0.1,0.2,3,45,eval,11,inbound,RuleBased,42.8221,1,16,1,5.2984,4,2,1.4606,L02,1,1,1,1,0,3,1,1
twoway_Rule_vs_Rule_mid,Rule_vs_Rule,mid,0.1,0.2,3,45,eval,12,inbound,RuleBased,42.7212,1,15,0,5.6669,5,4,0.0255,L02,1,1,2,0,0,2,1,1
twoway_Rule_vs_Rule_mid,Rule_vs_Rule,mid,0.1,0.2,3,45,eval,13,inbound,RuleBased,-150.1999,0,59,1,5.8125,8,18,,L08,0,0,0,0,113.719,0,0,0
twoway_Rule_vs_Rule_mid,Rule_vs_Rule,mid,0.1,0.2,3,45,eval,14,inbound,RuleBased,33.2765,1,16,1,7.1189,6,3,13.2441,L02,1,1,1,1,0,3,1,1
twoway_Rule_vs_Rule_mid,Rule_vs_Rule,mid,0.1,0.2,3,45,eval,15,inbound,RuleBased,-149.9264,0,59,1,5.9012,2,12,,L08,0,0,0,0,113.719,0,0,0
twoway_Rule_vs_Rule_mid,Rule_vs_Rule,mid,0.1,0.2,3,45,eval,16,inbound,RuleBased,70.1051,1,14,0,5.8132,5,3,0.3601,L02,1,1,1,1,0,3,1,1
twoway_Rule_vs_Rule_mid,Rule_vs_Rule,mid,0.1,0.2,3,45,eval,17,inbound,RuleBased,69.5373,1,14,0,6.3257,4,2,1.0204,L02,1,1,1,1,0,3,1,1
twoway_Rule_vs_Rule_mid,Rule_vs_Rule,mid,0.1,0.2,3,45,eval,18,inbound,RuleBased,67.5327,1,14,0,6.3308,3,3,3.481,L02,1,1,1,1,0,3,1,1
twoway_Rule_vs_Rule_mid,Rule_vs_Rule,mid,0.1,0.2,3,45,eval,19,inbound,RuleBased,65.4169,1,14,0,5.8928,4,1,6.2731,L02,1,1,1,1,0,3,1,1
twoway_Rule_vs_Rule_mid,Rule_vs_Rule,mid,0.1,0.2,3,45,eval,20,inbound,RuleBased,-151.0823,0,59,1,6.3066,3,8,,L08,0,0,0,0,102.9563,0,0,0
twoway_Rule_vs_Rule_mid,Rule_vs_Rule,mid,0.1,0.2,3,45,eval,21,inbound,RuleBased,-149.9522,0,59,1,5.8621,2,11,,L08,0,0,0,0,113.719,0,0,0
twoway_Rule_vs_Rule_mid,Rule_vs_Rule,mid,0.1,0.2,3,45,eval,22,inbound,RuleBased,38.3531,1,15,0,6.6287,4,4,5.3864,L02,1,1,2,0,0,2,1,1
twoway_Rule_vs_Rule_mid,Rule_vs_Rule,mid,0.1,0.2,3,45,eval,23,inbound,RuleBased,-125.8102,0,59,0,5.6589,2,15,,L08,0,0,0,0,102.9563,0,0,0
twoway_Rule_vs_Rule_mid,Rule_vs_Rule,mid,0.1,0.2,3,45,eval,24,inbound,RuleBased,36.3573,1,13,0,5.7259,4,3,9.7188,L02,1,1,2,0,0,2,1,1
twoway_Rule_vs_Rule_mid,Rule_vs_Rule,mid,0.1,0.2,3,45,eval,25,inbound,RuleBased,-150.8718,0,59,1,5.194,6,6,,L08,0,0,0,0,102.9563,0,0,0
twoway_Rule_vs_Rule_mid,Rule_vs_Rule,mid,0.1,0.2,3,45,eval,26,inbound,RuleBased,-126.8461,0,59,0,5.6147,4,9,,L08,0,0,0,0,113.719,0,0,0
twoway_Rule_vs_Rule_mid,Rule_vs_Rule,mid,0.1,0.2,3,45,eval,27,inbound,RuleBased,37.2219,1,16,1,5.747,4,4,8.4769,L02,1,1,1,1,0,3,1,1
twoway_Rule_vs_Rule_mid,Rule_vs_Rule,mid,0.1,0.2,3,45,eval,28,inbound,RuleBased,-125.9331,0,59,0,5.9376,3,17,,L08,0,0,0,0,102.9563,0,0,0
twoway_Rule_vs_Rule_mid,Rule_vs_Rule,mid,0.1,0.2,3,45,eval,29,inbound,RuleBased,-151.8693,0,59,1,6.1795,3,10,,L08,0,0,0,0,113.719,0,0,0
twoway_Rule_vs_Rule_mid,Rule_vs_Rule,mid,0.1,0.2,3,45,eval,30,inbound,RuleBased,36.26,1,15,0,5.0144,3,3,8.0978,L02,1,1,2,0,0,2,1,1
twoway_Rule_vs_Rule_mid,Rule_vs_Rule,mid,0.1,0.2,3,45,eval,1,outbound,RuleBased,-167.6425,0,59,0,187.76,11,12,,L08,0,0,0,0,102.9563,0,0,0
twoway_Rule_vs_Rule_mid,Rule_vs_Rule,mid,0.1,0.2,3,45,eval,2,outbound,RuleBased,-167.4196,0,59,0,186.8373,16,7,,L08,0,0,0,0,113.719,0,0,0
twoway_Rule_vs_Rule_mid,Rule_vs_Rule,mid,0.1,0.2,3,45,eval,3,outbound,RuleBased,-167.2782,0,59,0,186.5004,21,15,,L08,0,0,0,0,113.719,0,0,0
twoway_Rule_vs_Rule_mid,Rule_vs_Rule,mid,0.1,0.2,3,45,eval,4,outbound,RuleBased,-167.6987,0,59,0,187.176,15,12,,L08,0,0,0,0,102.9563,0,0,0
twoway_Rule_vs_Rule_mid,Rule_vs_Rule,mid,0.1,0.2,3,45,eval,5,outbound,RuleBased,-167.4131,0,59,0,186.9736,22,10,,L08,0,0,0,0,113.719,0,0,0
twoway_Rule_vs_Rule_mid,Rule_vs_Rule,mid,0.1,0.2,3,45,eval,6,outbound,RuleBased,-167.5756,0,59,0,187.1298,15,18,,L08,0,0,0,0,113.719,0,0,0
twoway_Rule_vs_Rule_mid,Rule_vs_Rule,mid,0.1,0.2,3,45,eval,7,outbound,RuleBased,-167.5436,0,59,0,187.2433,17,15,,L08,0,0,0,0,102.9563,0,0,0
twoway_Rule_vs_Rule_mid,Rule_vs_Rule,mid,0.1,0.2,3,45,eval,8,outbound,RuleBased,68.0827,1,14,0,5.0778,1,2,3.2229,L02,1,1,1,1,0,3,1,1
twoway_Rule_vs_Rule_mid,Rule_vs_Rule,mid,0.1,0.2,3,45,eval,9,outbound,RuleBased,-167.5404,0,59,0,187.3106,17,7,,L08,0,0,0,0,113.719,0,0,0
twoway_Rule_vs_Rule_mid,Rule_vs_Rule,mid,0.1,0.2,3,45,eval,10,outbound,RuleBased,-167.6732,0,59,0,187.5867,19,9,,L08,0,0,0,0,102.9563,0,0,0
twoway_Rule_vs_Rule_mid,Rule_vs_Rule,mid,0.1,0.2,3,45,eval,11,outbound,RuleBased,66.8644,1,14,0,5.4136,3,1,4.7046,L02,1,1,1,1,0,3,1,1
twoway_Rule_vs_Rule_mid,Rule_vs_Rule,mid,0.1,0.2,3,45,eval,12,outbound,RuleBased,34.6296,1,14,0,5.4153,4,4,17.5731,L02,1,1,2,0,0,2,1,1
twoway_Rule_vs_Rule_mid,Rule_vs_Rule,mid,0.1,0.2,3,45,eval,13,outbound,RuleBased,-167.577,0,59,0,186.8926,20,17,,L08,0,0,0,0,113.719,0,0,0
twoway_Rule_vs_Rule_mid,Rule_vs_Rule,mid,0.1,0.2,3,45,eval,14,outbound,RuleBased,66.394,1,14,0,6.8271,7,4,5.2833,L02,1,1,1,1,0,3,1,1
twoway_Rule_vs_Rule_mid,Rule_vs_Rule,mid,0.1,0.2,3,45,eval,15,outbound,RuleBased,-167.6592,0,59,0,187.1703,19,12,,L08,0,0,0,0,113.719,0,0,0
twoway_Rule_vs_Rule_mid,Rule_vs_Rule,mid,0.1,0.2,3,45,eval,16,outbound,RuleBased,65.9499,1,13,0,6.2017,3,3,6.6937,L02,1,1,1,1,0,3,1,1
twoway_Rule_vs_Rule_mid,Rule_vs_Rule,mid,0.1,0.2,3,45,eval,17,outbound,RuleBased,65.9951,1,12,0,6.3084,3,2,7.5512,L02,1,1,1,1,0,3,1,1
twoway_Rule_vs_Rule_mid,Rule_vs_Rule,mid,0.1,0.2,3,45,eval,18,outbound,RuleBased,66.6851,1,12,0,6.5115,3,2,6.6917,L02,1,1,1,1,0,3,1,1
twoway_Rule_vs_Rule_mid,Rule_vs_Rule,mid,0.1,0.2,3,45,eval,19,outbound,RuleBased,71.2762,1,12,0,5.498,3,2,1.0081,L02,1,1,1,1,0,3,1,1
twoway_Rule_vs_Rule_mid,Rule_vs_Rule,mid,0.1,0.2,3,45,eval,20,outbound,RuleBased,-167.5438,0,59,0,186.9811,18,7,,L08,0,0,0,0,102.9563,0,0,0
twoway_Rule_vs_Rule_mid,Rule_vs_Rule,mid,0.1,0.2,3,45,eval,21,outbound,RuleBased,-167.5016,0,59,0,186.8012,20,12,,L08,0,0,0,0,113.719,0,0,0
twoway_Rule_vs_Rule_mid,Rule_vs_Rule,mid,0.1,0.2,3,45,eval,22,outbound,RuleBased,44.4223,1,14,0,5.1016,0,2,5.3149,L02,1,1,2,0,0,2,1,1
twoway_Rule_vs_Rule_mid,Rule_vs_Rule,mid,0.1,0.2,3,45,eval,23,outbound,RuleBased,-167.4402,0,59,0,186.9737,13,15,,L08,0,0,0,0,102.9563,0,0,0
twoway_Rule_vs_Rule_mid,Rule_vs_Rule,mid,0.1,0.2,3,45,eval,24,outbound,RuleBased,46.5027,1,14,0,6.4034,4,5,2.5655,L02,1,1,2,0,0,2,1,1
twoway_Rule_vs_Rule_mid,Rule_vs_Rule,mid,0.1,0.2,3,45,eval,25,outbound,RuleBased,-167.429,0,59,0,186.9518,16,6,,L08,0,0,0,0,102.9563,0,0,0
twoway_Rule_vs_Rule_mid,Rule_vs_Rule,mid,0.1,0.2,3,45,eval,26,outbound,RuleBased,-167.5155,0,59,0,186.7119,18,6,,L08,0,0,0,0,113.719,0,0,0
twoway_Rule_vs_Rule_mid,Rule_vs_Rule,mid,0.1,0.2,3,45,eval,27,outbound,RuleBased,68.4581,1,11,0,6.7038,3,4,5.4019,L02,1,1,1,1,0,3,1,1
twoway_Rule_vs_Rule_mid,Rule_vs_Rule,mid,0.1,0.2,3,45,eval,28,outbound,RuleBased,-167.5051,0,59,0,187.0065,17,16,,L08,0,0,0,0,102.9563,0,0,0
twoway_Rule_vs_Rule_mid,Rule_vs_Rule,mid,0.1,0.2,3,45,eval,29,outbound,RuleBased,-167.4201,0,59,0,186.5306,19,11,,L08,0,0,0,0,113.719,0,0,0
twoway_Rule_vs_Rule_mid,Rule_vs_Rule,mid,0.1,0.2,3,45,eval,30,outbound,RuleBased,43.6121,1,14,0,5.6304,2,4,6.2201,L02,1,1,2,0,0,2,1,1
twoway_Rule_vs_Rule_mid,Rule_vs_Rule,mid,0.1,0.2,4,46,eval,1,inbound,RuleBased,-125.0893,0,59,0,6.0681,1,21,,L02,0,0,0,0,132.484,0,0,0
twoway_Rule_vs_Rule_mid,Rule_vs_Rule,mid,0.1,0.2,4,46,eval,2,inbound,RuleBased,39.4368,1,13,0,6.4806,3,0,6.268,L08,1,1,2,0,0,2,1,1
twoway_Rule_vs_Rule_mid,Rule_vs_Rule,mid,0.1,0.2,4,46,eval,3,inbound,RuleBased,41.1301,1,15,0,6.2536,5,4,2.183,L08,1,1,2,0,0,2,1,1
twoway_Rule_vs_Rule_mid,Rule_vs_Rule,mid,0.1,0.2,4,46,eval,4,inbound,RuleBased,40.4894,1,15,0,6.4293,5,2,3.0432,L08,1,1,2,0,0,2,1,1
twoway_Rule_vs_Rule_mid,Rule_vs_Rule,mid,0.1,0.2,4,46,eval,5,inbound,RuleBased,38.9812,1,13,0,5.7601,2,5,6.838,L08,1,1,2,0,0,2,1,1
twoway_Rule_vs_Rule_mid,Rule_vs_Rule,mid,0.1,0.2,4,46,eval,6,inbound,RuleBased,-124.1555,0,59,0,5.9536,3,15,,L02,0,0,0,0,130,0,0,0
twoway_Rule_vs_Rule_mid,Rule_vs_Rule,mid,0.1,0.2,4,46,eval,7,inbound,RuleBased,40.4002,1,15,0,5.7961,3,2,3.1623,L08,1,1,2,0,0,2,1,1
twoway_Rule_vs_Rule_mid,Rule_vs_Rule,mid,0.1,0.2,4,46,eval,8,inbound,RuleBased,39.2524,1,15,0,6.1999,4,2,4.5439,L08,1,1,2,0,0,2,1,1
twoway_Rule_vs_Rule_mid,Rule_vs_Rule,mid,0.1,0.2,4,46,eval,9,inbound,RuleBased,33.4427,1,13,0,5.4532,1,3,13.7341,L08,1,1,2,0,0,2,1,1
twoway_Rule_vs_Rule_mid,Rule_vs_Rule,mid,0.1,0.2,4,46,eval,10,inbound,RuleBased,65.8318,1,14,0,6.2771,5,5,5.9381,L08,1,1,1,1,0,3,1,1
twoway_Rule_vs_Rule_mid,Rule_vs_Rule,mid,0.1,0.2,4,46,eval,11,inbound,RuleBased,-125.3439,0,59,0,6.094,5,14,,L02,0,0,0,0,132.484,0,0,0
twoway_Rule_vs_Rule_mid,Rule_vs_Rule,mid,0.1,0.2,4,46,eval,12,inbound,RuleBased,67.7431,1,14,0,5.4865,3,7,3.6699,L08,1,1,1,1,0,3,1,1
twoway_Rule_vs_Rule_mid,Rule_vs_Rule,mid,0.1,0.2,4,46,eval,13,inbound,RuleBased,68.4689,1,14,0,5.6512,4,1,2.733,L08,1,1,1,1,0,3,1,1
twoway_Rule_vs_Rule_mid,Rule_vs_Rule,mid,0.1,0.2,4,46,eval,14,inbound,RuleBased,-126.3316,0,59,0,6.1762,5,12,,L02,0,0,0,0,130,0,0,0
twoway_Rule_vs_Rule_mid,Rule_vs_Rule,mid,0.1,0.2,4,46,eval,15,inbound,RuleBased,41.784,1,15,0,5.6187,2,4,1.4483,L08,1,1,2,0,0,2,1,1
twoway_Rule_vs_Rule_mid,Rule_vs_Rule,mid,0.1,0.2,4,46,eval,16,inbound,RuleBased,-124.2403,0,59,0,5.9073,6,14,,L02,0,0,0,0,130,0,0,0
twoway_Rule_vs_Rule_mid,Rule_vs_Rule,mid,0.1,0.2,4,46,eval,17,inbound,RuleBased,-126.4167,0,59,0,5.9926,7,8,,L02,0,0,0,0,130,0,0,0
twoway_Rule_vs_Rule_mid,Rule_vs_Rule,mid,0.1,0.2,4,46,eval,18,inbound,RuleBased,-125.4089,0,59,0,6.4845,4,14,,L02,0,0,0,0,132.484,0,0,0
twoway_Rule_vs_Rule_mid,Rule_vs_Rule,mid,0.1,0.2,4,46,eval,19,inbound,RuleBased,-125.1072,0,59,0,5.7406,5,14,,L02,0,0,0,0,132.484,0,0,0
twoway_Rule_vs_Rule_mid,Rule_vs_Rule,mid,0.1,0.2,4,46,eval,20,inbound,RuleBased,35.794,1,15,0,6.2401,2,1,8.8431,L08,1,1,2,0,0,2,1,1
twoway_Rule_vs_Rule_mid,Rule_vs_Rule,mid,0.1,0.2,4,46,eval,21,inbound,RuleBased,38.8856,1,13,0,6.0283,1,5,6.9698,L08,1,1,2,0,0,2,1,1
twoway_Rule_vs_Rule_mid,Rule_vs_Rule,mid,0.1,0.2,4,46,eval,22,inbound,RuleBased,-124.1106,0,59,0,5.799,2,8,,L02,0,0,0,0,130,0,0,0
twoway_Rule_vs_Rule_mid,Rule_vs_Rule,mid,0.1,0.2,4,46,eval,23,inbound,RuleBased,-125.2761,0,59,0,6.0827,1,6,,L02,0,0,0,0,132.484,0,0,0
twoway_Rule_vs_Rule_mid,Rule_vs_Rule,mid,0.1,0.2,4,46,eval,24,inbound,RuleBased,-126.3057,0,59,0,5.7248,5,13,,L02,0,0,0,0,130,0,0,0
twoway_Rule_vs_Rule_mid,Rule_vs_Rule,mid,0.1,0.2,4,46,eval,25,inbound,RuleBased,-124.2835,0,59,0,6.5092,3,14,,L02,0,0,0,0,130,0,0,0
twoway_Rule_vs_Rule_mid,Rule_vs_Rule,mid,0.1,0.2,4,46,eval,26,inbound,RuleBased,-126.262,0,59,0,5.863,3,10,,L02,0,0,0,0,130,0,0,0
twoway_Rule_vs_Rule_mid,Rule_vs_Rule,mid,0.1,0.2,4,46,eval,27,inbound,RuleBased,-125.2341,0,59,0,5.7302,4,17,,L02,0,0,0,0,132.484,0,0,0
twoway_Rule_vs_Rule_mid,Rule_vs_Rule,mid,0.1,0.2,4,46,eval,28,inbound,RuleBased,63.844,1,14,0,5.8358,2,3,8.5512,L08,1,1,1,1,0,3,1,1
twoway_Rule_vs_Rule_mid,Rule_vs_Rule,mid,0.1,0.2,4,46,eval,29,inbound,RuleBased,37.2871,1,15,0,5.6615,2,2,7.0617,L08,1,1,2,0,0,2,1,1
twoway_Rule_vs_Rule_mid,Rule_vs_Rule,mid,0.1,0.2,4,46,eval,30,inbound,RuleBased,-123.9609,0,59,0,5.5166,1,10,,L02,0,0,0,0,130,0,0,0
twoway_Rule_vs_Rule_mid,Rule_vs_Rule,mid,0.1,0.2,4,46,eval,1,outbound,RuleBased,-244.0526,0,59,3,227.271,18,21,,L02,0,0,0,0,132.484,0,0,0
twoway_Rule_vs_Rule_mid,Rule_vs_Rule,mid,0.1,0.2,4,46,eval,2,outbound,RuleBased,44.2738,1,13,0,6.4806,4,0,6.268,L08,1,1,2,0,0,2,1,1
twoway_Rule_vs_Rule_mid,Rule_vs_Rule,mid,0.1,0.2,4,46,eval,3,outbound,RuleBased,45.9794,1,11,0,6.6977,3,3,6.0776,L08,1,1,2,0,0,2,1,1
twoway_Rule_vs_Rule_mid,Rule_vs_Rule,mid,0.1,0.2,4,46,eval,4,outbound,RuleBased,49.6941,1,11,0,5.753,3,2,1.5254,L08,1,1,2,0,0,2,1,1
twoway_Rule_vs_Rule_mid,Rule_vs_Rule,mid,0.1,0.2,4,46,eval,5,outbound,RuleBased,44.0492,1,13,0,5.6006,2,4,6.5201,L08,1,1,2,0,0,2,1,1
twoway_Rule_vs_Rule_mid,Rule_vs_Rule,mid,0.1,0.2,4,46,eval,6,outbound,RuleBased,-244.1824,0,59,3,227.7733,22,15,,L02,0,0,0,0,130,0,0,0
twoway_Rule_vs_Rule_mid,Rule_vs_Rule,mid,0.1,0.2,4,46,eval,7,outbound,RuleBased,49.8983,1,11,0,5.504,1,2,1.1929,L08,1,1,2,0,0,2,1,1
twoway_Rule_vs_Rule_mid,Rule_vs_Rule,mid,0.1,0.2,4,46,eval,8,outbound,RuleBased,45.2844,1,13,0,6.3925,2,2,4.8829,L08,1,1,2,0,0,2,1,1
twoway_Rule_vs_Rule_mid,Rule_vs_Rule,mid,0.1,0.2,4,46,eval,9,outbound,RuleBased,42.4356,1,13,0,5.1578,2,2,8.6504,L08,1,1,2,0,0,2,1,1
twoway_Rule_vs_Rule_mid,Rule_vs_Rule,mid,0.1,0.2,4,46,eval,10,outbound,RuleBased,71.6962,1,12,0,5.3744,4,2,0.5156,L08,1,1,1,1,0,3,1,1
twoway_Rule_vs_Rule_mid,Rule_vs_Rule,mid,0.1,0.2,4,46,eval,11,outbound,RuleBased,-268.5454,0,59,4,224.631,18,16,,L02,0,0,0,0,132.484,0,0,0
twoway_Rule_vs_Rule_mid,Rule_vs_Rule,mid,0.1,0.2,4,46,eval,12,outbound,RuleBased,72.4325,1,11,0,5.9927,2,2,0.5352,L08,1,1,1,1,0,3,1,1
twoway_Rule_vs_Rule_mid,Rule_vs_Rule,mid,0.1,0.2,4,46,eval,13,outbound,RuleBased,64.9232,1,13,0,6.7038,2,7,7.8065,L08,1,1,1,1,0,3,1,1
twoway_Rule_vs_Rule_mid,Rule_vs_Rule,mid,0.1,0.2,4,46,eval,14,outbound,RuleBased,-269.0889,0,59,4,227.1778,22,14,,L02,0,0,0,0,130,0,0,0
twoway_Rule_vs_Rule_mid,Rule_vs_Rule,mid,0.1,0.2,4,46,eval,15,outbound,RuleBased,47.8259,1,11,0,6.1148,1,1,3.7415,L08,1,1,2,0,0,2,1,1
twoway_Rule_vs_Rule_mid,Rule_vs_Rule,mid,0.1,0.2,4,46,eval,16,outbound,RuleBased,-243.4255,0,59,3,224.6955,17,14,,L02,0,0,0,0,130,0,0,0
twoway_Rule_vs_Rule_mid,Rule_vs_Rule,mid,0.1,0.2,4,46,eval,17,outbound,RuleBased,-219.5238,0,59,2,230.1393,22,9,,L02,0,0,0,0,130,0,0,0
twoway_Rule_vs_Rule_mid,Rule_vs_Rule,mid,0.1,0.2,4,46,eval,18,outbound,RuleBased,-244.9065,0,59,3,230.8421,18,11,,L02,0,0,0,0,132.484,0,0,0
twoway_Rule_vs_Rule_mid,Rule_vs_Rule,mid,0.1,0.2,4,46,eval,19,outbound,RuleBased,-243.2183,0,59,3,223.2135,21,14,,L02,0,0,0,0,132.484,0,0,0
twoway_Rule_vs_Rule_mid,Rule_vs_Rule,mid,0.1,0.2,4,46,eval,20,outbound,RuleBased,47.7512,1,13,0,6.1655,2,3,1.8583,L08,1,1,2,0,0,2,1,1
twoway_Rule_vs_Rule_mid,Rule_vs_Rule,mid,0.1,0.2,4,46,eval,21,outbound,RuleBased,43.3289,1,13,0,6.8131,2,3,7.3381,L08,1,1,2,0,0,2,1,1
twoway_Rule_vs_Rule_mid,Rule_vs_Rule,mid,0.1,0.2,4,46,eval,22,outbound,RuleBased,-218.2193,0,59,2,222.8497,23,11,,L02,0,0,0,0,130,0,0,0
twoway_Rule_vs_Rule_mid,Rule_vs_Rule,mid,0.1,0.2,4,46,eval,23,outbound,RuleBased,-268.6727,0,59,4,224.8879,20,7,,L02,0,0,0,0,132.484,0,0,0
twoway_Rule_vs_Rule_mid,Rule_vs_Rule,mid,0.1,0.2,4,46,eval,24,outbound,RuleBased,-243.6993,0,59,3,224.9236,18,13,,L02,0,0,0,0,130,0,0,0
twoway_Rule_vs_Rule_mid,Rule_vs_Rule,mid,0.1,0.2,4,46,eval,25,outbound,RuleBased,-268.3437,0,59,4,223.25,22,11,,L02,0,0,0,0,130,0,0,0
twoway_Rule_vs_Rule_mid,Rule_vs_Rule,mid,0.1,0.2,4,46,eval,26,outbound,RuleBased,-269.1718,0,59,4,227.649,29,10,,L02,0,0,0,0,130,0,0,0
twoway_Rule_vs_Rule_mid,Rule_vs_Rule,mid,0.1,0.2,4,46,eval,27,outbound,RuleBased,-267.9938,0,59,4,222.1914,20,13,,L02,0,0,0,0,132.484,0,0,0
twoway_Rule_vs_Rule_mid,Rule_vs_Rule,mid,0.1,0.2,4,46,eval,28,outbound,RuleBased,66.9513,1,13,0,5.414,3,5,5.5291,L08,1,1,1,1,0,3,1,1
twoway_Rule_vs_Rule_mid,Rule_vs_Rule,mid,0.1,0.2,4,46,eval,29,outbound,RuleBased,43.6306,1,11,0,6.0079,1,4,8.9503,L08,1,1,2,0,0,2,1,1
twoway_Rule_vs_Rule_mid,Rule_vs_Rule,mid,0.1,0.2,4,46,eval,30,outbound,RuleBased,-244.1591,0,59,3,227.5787,20,10,,L02,0,0,0,0,130,0,0,0
twoway_Rule_vs_Rule_mid,Rule_vs_Rule,mid,0.1,0.2,5,47,eval,1,inbound,RuleBased,-133.0162,0,59,0,5.9567,23,12,,L08,0,0,0,0,299.4835,0,0,0
twoway_Rule_vs_Rule_mid,Rule_vs_Rule,mid,0.1,0.2,5,47,eval,2,inbound,RuleBased,67.183,1,14,0,5.0109,3,5,4.3776,L02,1,1,1,1,0,3,1,1
twoway_Rule_vs_Rule_mid,Rule_vs_Rule,mid,0.1,0.2,5,47,eval,3,inbound,RuleBased,15.2445,1,15,1,5.6309,1,3,3.23,L02,1,1,2,0,0,2,1,1
twoway_Rule_vs_Rule_mid,Rule_vs_Rule,mid,0.1,0.2,5,47,eval,4,inbound,RuleBased,59.34,1,14,0,5.5317,5,2,14.1182,L02,1,1,1,1,0,3,1,1
twoway_Rule_vs_Rule_mid,Rule_vs_Rule,mid,0.1,0.2,5,47,eval,5,inbound,RuleBased,-132.8637,0,59,0,5.9347,25,10,,L08,0,0,0,0,299.4835,0,0,0
twoway_Rule_vs_Rule_mid,Rule_vs_Rule,mid,0.1,0.2,5,47,eval,6,inbound,RuleBased,-174.9767,0,59,0,105.4864,35,12,,L08,0,0,0,0,299.4835,0,0,0
twoway_Rule_vs_Rule_mid,Rule_vs_Rule,mid,0.1,0.2,5,47,eval,7,inbound,RuleBased,-175.0117,0,59,0,105.5773,39,9,,L08,0,0,0,0,299.4835,0,0,0
twoway_Rule_vs_Rule_mid,Rule_vs_Rule,mid,0.1,0.2,5,47,eval,8,inbound,RuleBased,-132.9639,0,59,0,5.7248,27,13,,L08,0,0,0,0,299.4835,0,0,0
twoway_Rule_vs_Rule_mid,Rule_vs_Rule,mid,0.1,0.2,5,47,eval,9,inbound,RuleBased,-133.8758,0,59,0,5.6657,23,9,,L08,0,0,0,0,302.5372,0,0,0
twoway_Rule_vs_Rule_mid,Rule_vs_Rule,mid,0.1,0.2,5,47,eval,10,inbound,RuleBased,-134.1999,0,59,0,6.3446,26,9,,L08,0,0,0,0,302.5372,0,0,0
twoway_Rule_vs_Rule_mid,Rule_vs_Rule,mid,0.1,0.2,5,47,eval,11,inbound,RuleBased,67.0609,1,14,0,5.5669,1,3,4.4791,L02,1,1,1,1,0,3,1,1
twoway_Rule_vs_Rule_mid,Rule_vs_Rule,mid,0.1,0.2,5,47,eval,12,inbound,RuleBased,62.2666,1,14,0,5.7934,5,5,10.4312,L02,1,1,1,1,0,3,1,1
twoway_Rule_vs_Rule_mid,Rule_vs_Rule,mid,0.1,0.2,5,47,eval,13,inbound,RuleBased,40.92,1,13,0,5.7047,3,1,4.1831,L02,1,1,2,0,0,2,1,1
twoway_Rule_vs_Rule_mid,Rule_vs_Rule,mid,0.1,0.2,5,47,eval,14,inbound,RuleBased,-171.4942,0,59,0,105.5521,32,8,,L08,0,0,0,0,299.4835,0,0,0
twoway_Rule_vs_Rule_mid,Rule_vs_Rule,mid,0.1,0.2,5,47,eval,15,inbound,RuleBased,-133.2127,0,59,0,6.2373,28,10,,L08,0,0,0,0,299.4835,0,0,0
twoway_Rule_vs_Rule_mid,Rule_vs_Rule,mid,0.1,0.2,5,47,eval,16,inbound,RuleBased,68.6006,1,14,0,5.64,6,4,2.4459,L02,1,1,1,1,0,3,1,1
twoway_Rule_vs_Rule_mid,Rule_vs_Rule,mid,0.1,0.2,5,47,eval,17,inbound,RuleBased,-133.1383,0,59,0,6.2027,27,17,,L08,0,0,0,0,299.4835,0,0,0
twoway_Rule_vs_Rule_mid,Rule_vs_Rule,mid,0.1,0.2,5,47,eval,18,inbound,RuleBased,-132.9243,0,59,0,5.7403,32,6,,L08,0,0,0,0,299.4835,0,0,0
twoway_Rule_vs_Rule_mid,Rule_vs_Rule,mid,0.1,0.2,5,47,eval,19,inbound,RuleBased,61.9338,1,14,0,6.8903,6,6,10.7509,L02,1,1,1,1,0,3,1,1
twoway_Rule_vs_Rule_mid,Rule_vs_Rule,mid,0.1,0.2,5,47,eval,20,inbound,RuleBased,65.3666,1,14,0,5.6692,3,4,6.6161,L02,1,1,1,1,0,3,1,1
twoway_Rule_vs_Rule_mid,Rule_vs_Rule,mid,0.1,0.2,5,47,eval,21,inbound,RuleBased,-134.1768,0,59,0,6.3036,27,18,,L08,0,0,0,0,302.5372,0,0,0
twoway_Rule_vs_Rule_mid,Rule_vs_Rule,mid,0.1,0.2,5,47,eval,22,inbound,RuleBased,-171.3388,0,59,0,105.432,43,8,,L08,0,0,0,0,299.4835,0,0,0
twoway_Rule_vs_Rule_mid,Rule_vs_Rule,mid,0.1,0.2,5,47,eval,23,inbound,RuleBased,42.2834,1,13,0,5.8968,4,2,2.5115,L02,1,1,2,0,0,2,1,1
twoway_Rule_vs_Rule_mid,Rule_vs_Rule,mid,0.1,0.2,5,47,eval,24,inbound,RuleBased,-171.3298,0,59,0,105.265,36,15,,L08,0,0,0,0,299.4835,0,0,0
twoway_Rule_vs_Rule_mid,Rule_vs_Rule,mid,0.1,0.2,5,47,eval,25,inbound,RuleBased,12.1595,1,15,1,5.2222,1,5,7.1726,L02,1,1,2,0,0,2,1,1
twoway_Rule_vs_Rule_mid,Rule_vs_Rule,mid,0.1,0.2,5,47,eval,26,inbound,RuleBased,35.0503,1,16,1,6.077,6,7,11.447,L02,1,1,1,1,0,3,1,1
twoway_Rule_vs_Rule_mid,Rule_vs_Rule,mid,0.1,0.2,5,47,eval,27,inbound,RuleBased,61.548,1,16,0,5.9241,2,3,9.5786,L02,1,1,1,1,0,3,1,1
twoway_Rule_vs_Rule_mid,Rule_vs_Rule,mid,0.1,0.2,5,47,eval,28,inbound,RuleBased,-133.9292,0,59,0,5.4495,19,11,,L08,0,0,0,0,302.5372,0,0,0
twoway_Rule_vs_Rule_mid,Rule_vs_Rule,mid,0.1,0.2,5,47,eval,29,inbound,RuleBased,-171.3607,0,59,0,105.3975,26,12,,L08,0,0,0,0,299.4835,0,0,0
twoway_Rule_vs_Rule_mid,Rule_vs_Rule,mid,0.1,0.2,5,47,eval,30,inbound,RuleBased,68.0853,1,16,0,6.33,7,5,1.3166,L02,1,1,1,1,0,3,1,1
twoway_Rule_vs_Rule_mid,Rule_vs_Rule,mid,0.1,0.2,5,47,eval,1,outbound,RuleBased,-165.8692,0,59,0,181.2917,15,12,,L08,0,0,0,0,299.4835,0,0,0
twoway_Rule_vs_Rule_mid,Rule_vs_Rule,mid,0.1,0.2,5,47,eval,2,outbound,RuleBased,67.3163,1,14,0,4.8661,3,5,4.3776,L02,1,1,1,1,0,3,1,1
twoway_Rule_vs_Rule_mid,Rule_vs_Rule,mid,0.1,0.2,5,47,eval,3,outbound,RuleBased,47.3806,1,12,0,5.5849,0,2,3.4663,L02,1,1,2,0,0,2,1,1
twoway_Rule_vs_Rule_mid,Rule_vs_Rule,mid,0.1,0.2,5,47,eval,4,outbound,RuleBased,66.0343,1,13,0,5.5369,6,3,6.846,L02,1,1,1,1,0,3,1,1
twoway_Rule_vs_Rule_mid,Rule_vs_Rule,mid,0.1,0.2,5,47,eval,5,outbound,RuleBased,-165.7947,0,59,0,181.3997,18,10,,L08,0,0,0,0,299.4835,0,0,0
twoway_Rule_vs_Rule_mid,Rule_vs_Rule,mid,0.1,0.2,5,47,eval,6,outbound,RuleBased,-165.7845,0,59,0,181.5141,12,10,,L08,0,0,0,0,299.4835,0,0,0
twoway_Rule_vs_Rule_mid,Rule_vs_Rule,mid,0.1,0.2,5,47,eval,7,outbound,RuleBased,-165.9544,0,59,0,181.4211,25,10,,L08,0,0,0,0,299.4835,0,0,0
twoway_Rule_vs_Rule_mid,Rule_vs_Rule,mid,0.1,0.2,5,47,eval,8,outbound,RuleBased,-165.9003,0,59,0,181.8468,16,12,,L08,0,0,0,0,299.4835,0,0,0
twoway_Rule_vs_Rule_mid,Rule_vs_Rule,mid,0.1,0.2,5,47,eval,9,outbound,RuleBased,-165.6285,0,59,0,181.1172,14,10,,L08,0,0,0,0,302.5372,0,0,0
twoway_Rule_vs_Rule_mid,Rule_vs_Rule,mid,0.1,0.2,5,47,eval,10,outbound,RuleBased,-165.8896,0,59,0,181.2455,17,8,,L08,0,0,0,0,302.5372,0,0,0
twoway_Rule_vs_Rule_mid,Rule_vs_Rule,mid,0.1,0.2,5,47,eval,11,outbound,RuleBased,69.1726,1,14,0,5.4097,1,4,1.9711,L02,1,1,1,1,0,3,1,1
twoway_Rule_vs_Rule_mid,Rule_vs_Rule,mid,0.1,0.2,5,47,eval,12,outbound,RuleBased,71.5994,1,12,0,5.8092,4,6,0.7514,L02,1,1,1,1,0,3,1,1
twoway_Rule_vs_Rule_mid,Rule_vs_Rule,mid,0.1,0.2,5,47,eval,13,outbound,RuleBased,45.5206,1,12,0,5.9807,3,1,5.8734,L02,1,1,2,0,0,2,1,1
twoway_Rule_vs_Rule_mid,Rule_vs_Rule,mid,0.1,0.2,5,47,eval,14,outbound,RuleBased,-165.7881,0,59,0,181.1647,18,7,,L08,0,0,0,0,299.4835,0,0,0
twoway_Rule_vs_Rule_mid,Rule_vs_Rule,mid,0.1,0.2,5,47,eval,15,outbound,RuleBased,-165.788,0,59,0,181.4662,16,10,,L08,0,0,0,0,299.4835,0,0,0
twoway_Rule_vs_Rule_mid,Rule_vs_Rule,mid,0.1,0.2,5,47,eval,16,outbound,RuleBased,68.2437,1,13,0,5.7842,5,3,4.0939,L02,1,1,1,1,0,3,1,1
twoway_Rule_vs_Rule_mid,Rule_vs_Rule,mid,0.1,0.2,5,47,eval,17,outbound,RuleBased,-165.6545,0,59,0,180.8449,19,19,,L08,0,0,0,0,299.4835,0,0,0
twoway_Rule_vs_Rule_mid,Rule_vs_Rule,mid,0.1,0.2,5,47,eval,18,outbound,RuleBased,-165.7521,0,59,0,181.069,22,6,,L08,0,0,0,0,299.4835,0,0,0
twoway_Rule_vs_Rule_mid,Rule_vs_Rule,mid,0.1,0.2,5,47,eval,19,outbound,RuleBased,72.2627,1,12,0,5.3915,4,4,0.0223,L02,1,1,1,1,0,3,1,1
twoway_Rule_vs_Rule_mid,Rule_vs_Rule,mid,0.1,0.2,5,47,eval,20,outbound,RuleBased,70.0823,1,12,0,4.7872,1,4,2.6834,L02,1,1,1,1,0,3,1,1
twoway_Rule_vs_Rule_mid,Rule_vs_Rule,mid,0.1,0.2,5,47,eval,21,outbound,RuleBased,-165.8263,0,59,0,181.3429,17,14,,L08,0,0,0,0,302.5372,0,0,0
twoway_Rule_vs_Rule_mid,Rule_vs_Rule,mid,0.1,0.2,5,47,eval,22,outbound,RuleBased,-165.6157,0,59,0,180.806,15,12,,L08,0,0,0,0,299.4835,0,0,0
twoway_Rule_vs_Rule_mid,Rule_vs_Rule,mid,0.1,0.2,5,47,eval,23,outbound,RuleBased,45.1852,1,14,0,5.4111,3,2,4.412,L02,1,1,2,0,0,2,1,1
twoway_Rule_vs_Rule_mid,Rule_vs_Rule,mid,0.1,0.2,5,47,eval,24,outbound,RuleBased,-165.8499,0,59,0,181.7773,19,15,,L08,0,0,0,0,299.4835,0,0,0
twoway_Rule_vs_Rule_mid,Rule_vs_Rule,mid,0.1,0.2,5,47,eval,25,outbound,RuleBased,46.0104,1,12,0,6.0037,2,2,5.2662,L02,1,1,2,0,0,2,1,1
twoway_Rule_vs_Rule_mid,Rule_vs_Rule,mid,0.1,0.2,5,47,eval,26,outbound,RuleBased,72.1444,1,12,0,5.9277,2,5,0.0261,L02,1,1,1,1,0,3,1,1
twoway_Rule_vs_Rule_mid,Rule_vs_Rule,mid,0.1,0.2,5,47,eval,27,outbound,RuleBased,68.776,1,13,0,6.4877,2,6,3.3086,L02,1,1,1,1,0,3,1,1
twoway_Rule_vs_Rule_mid,Rule_vs_Rule,mid,0.1,0.2,5,47,eval,28,outbound,RuleBased,-165.8904,0,59,0,181.5423,15,12,,L08,0,0,0,0,302.5372,0,0,0
twoway_Rule_vs_Rule_mid,Rule_vs_Rule,mid,0.1,0.2,5,47,eval,29,outbound,RuleBased,-165.7507,0,59,0,180.9625,13,11,,L08,0,0,0,0,299.4835,0,0,0
twoway_Rule_vs_Rule_mid,Rule_vs_Rule,mid,0.1,0.2,5,47,eval,30,outbound,RuleBased,71.2836,1,12,0,5.6761,2,3,1.1565,L02,1,1,1,1,0,3,1,1
twoway_Rule_vs_Rule_mid,Rule_vs_Rule,mid,0.1,0.2,6,48,eval,1,inbound,RuleBased,67.845,1,16,0,5.9941,2,2,1.1955,L02,1,1,1,1,0,3,1,1
twoway_Rule_vs_Rule_mid,Rule_vs_Rule,mid,0.1,0.2,6,48,eval,2,inbound,RuleBased,55.6774,1,15,2,4.8897,1,4,2.3221,L08,0,0,0,0,239.7016,0,0,0
twoway_Rule_vs_Rule_mid,Rule_vs_Rule,mid,0.1,0.2,6,48,eval,3,inbound,RuleBased,38.378,1,15,0,6.2355,2,3,5.1649,L02,1,1,2,0,0,2,1,1
twoway_Rule_vs_Rule_mid,Rule_vs_Rule,mid,0.1,0.2,6,48,eval,4,inbound,RuleBased,64.9771,1,14,0,6.2617,2,0,6.5173,L02,1,1,1,1,0,3,1,1
twoway_Rule_vs_Rule_mid,Rule_vs_Rule,mid,0.1,0.2,6,48,eval,5,inbound,RuleBased,80.9145,1,15,1,5.4713,4,3,2.0528,L08,0,0,0,0,239.7016,0,0,0
twoway_Rule_vs_Rule_mid,Rule_vs_Rule,mid,0.1,0.2,6,48,eval,6,inbound,RuleBased,55.4706,1,13,2,6.7795,3,4,4.5045,L08,0,0,0,0,188.1616,0,0,0
twoway_Rule_vs_Rule_mid,Rule_vs_Rule,mid,0.1,0.2,6,48,eval,7,inbound,RuleBased,28.3527,1,14,3,5.8526,2,2,6.2996,L08,0,0,0,0,219.3749,0,0,0
twoway_Rule_vs_Rule_mid,Rule_vs_Rule,mid,0.1,0.2,6,48,eval,8,inbound,RuleBased,58.7819,1,13,2,6.399,5,4,0.3739,L08,0,0,0,0,188.1616,0,0,0
twoway_Rule_vs_Rule_mid,Rule_vs_Rule,mid,0.1,0.2,6,48,eval,9,inbound,RuleBased,83.3863,1,13,1,5.9746,4,1,0.9764,L08,0,0,0,0,188.1616,0,0,0
twoway_Rule_vs_Rule_mid,Rule_vs_Rule,mid,0.1,0.2,6,48,eval,10,inbound,RuleBased,67.7054,1,14,0,5.4465,2,3,3.1509,L02,1,1,1,1,0,3,1,1
twoway_Rule_vs_Rule_mid,Rule_vs_Rule,mid,0.1,0.2,6,48,eval,11,inbound,RuleBased,65.7868,1,16,0,5.9666,5,2,3.8257,L02,1,1,1,1,0,3,1,1
twoway_Rule_vs_Rule_mid,Rule_vs_Rule,mid,0.1,0.2,6,48,eval,12,inbound,RuleBased,40.1408,1,15,0,4.7154,1,2,3.1635,L02,1,1,2,0,0,2,1,1
twoway_Rule_vs_Rule_mid,Rule_vs_Rule,mid,0.1,0.2,6,48,eval,13,inbound,RuleBased,31.6642,1,15,0,6.3432,3,3,13.5487,L02,1,1,2,0,0,2,1,1
twoway_Rule_vs_Rule_mid,Rule_vs_Rule,mid,0.1,0.2,6,48,eval,14,inbound,RuleBased,37.6978,1,17,0,6.0635,3,5,4.206,L02,1,1,2,0,0,2,1,1
twoway_Rule_vs_Rule_mid,Rule_vs_Rule,mid,0.1,0.2,6,48,eval,15,inbound,RuleBased,31.1888,1,15,0,6.2319,6,3,14.0671,L02,1,1,2,0,0,2,1,1
twoway_Rule_vs_Rule_mid,Rule_vs_Rule,mid,0.1,0.2,6,48,eval,16,inbound,RuleBased,34.3367,1,15,0,5.3284,6,5,10.21,L02,1,1,2,0,0,2,1,1
twoway_Rule_vs_Rule_mid,Rule_vs_Rule,mid,0.1,0.2,6,48,eval,17,inbound,RuleBased,32.3911,1,13,3,5.8168,1,4,2.2428,L08,0,0,0,0,188.1616,0,0,0
twoway_Rule_vs_Rule_mid,Rule_vs_Rule,mid,0.1,0.2,6,48,eval,18,inbound,RuleBased,42.8305,1,13,0,5.8287,2,1,1.367,L02,1,1,2,0,0,2,1,1
twoway_Rule_vs_Rule_mid,Rule_vs_Rule,mid,0.1,0.2,6,48,eval,19,inbound,RuleBased,51.2781,1,13,2,5.7305,0,0,9.8531,L08,0,0,0,0,188.1616,0,0,0
twoway_Rule_vs_Rule_mid,Rule_vs_Rule,mid,0.1,0.2,6,48,eval,20,inbound,RuleBased,31.5483,1,15,3,6.2354,2,2,1.2271,L08,0,0,0,0,239.7016,0,0,0
twoway_Rule_vs_Rule_mid,Rule_vs_Rule,mid,0.1,0.2,6,48,eval,21,inbound,RuleBased,41.1406,1,15,0,5.3336,3,4,1.8027,L02,1,1,2,0,0,2,1,1
twoway_Rule_vs_Rule_mid,Rule_vs_Rule,mid,0.1,0.2,6,48,eval,22,inbound,RuleBased,66.7085,1,14,0,6.1156,3,2,4.2865,L02,1,1,1,1,0,3,1,1
twoway_Rule_vs_Rule_mid,Rule_vs_Rule,mid,0.1,0.2,6,48,eval,23,inbound,RuleBased,69.1295,1,14,0,5.4557,1,5,1.3826,L02,1,1,1,1,0,3,1,1
twoway_Rule_vs_Rule_mid,Rule_vs_Rule,mid,0.1,0.2,6,48,eval,24,inbound,RuleBased,79.7186,1,14,1,6.5732,2,6,4.5036,L08,0,0,0,0,219.3749,0,0,0
twoway_Rule_vs_Rule_mid,Rule_vs_Rule,mid,0.1,0.2,6,48,eval,25,inbound,RuleBased,51.5394,1,13,2,5.921,4,3,9.5429,L08,0,0,0,0,188.1616,0,0,0
twoway_Rule_vs_Rule_mid,Rule_vs_Rule,mid,0.1,0.2,6,48,eval,26,inbound,RuleBased,34.6026,1,15,0,5.9329,3,3,9.8613,L02,1,1,2,0,0,2,1,1
twoway_Rule_vs_Rule_mid,Rule_vs_Rule,mid,0.1,0.2,6,48,eval,27,inbound,RuleBased,67.9626,1,14,0,5.7351,2,1,2.7594,L02,1,1,1,1,0,3,1,1
twoway_Rule_vs_Rule_mid,Rule_vs_Rule,mid,0.1,0.2,6,48,eval,28,inbound,RuleBased,57.0651,1,15,2,5.7445,2,6,0.5263,L08,0,0,0,0,239.7016,0,0,0
twoway_Rule_vs_Rule_mid,Rule_vs_Rule,mid,0.1,0.2,6,48,eval,29,inbound,RuleBased,37.4499,1,15,0,5.7664,8,2,6.2416,L02,1,1,2,0,0,2,1,1
twoway_Rule_vs_Rule_mid,Rule_vs_Rule,mid,0.1,0.2,6,48,eval,30,inbound,RuleBased,52.9978,1,14,2,5.5578,3,4,6.7911,L08,0,0,0,0,219.3749,0,0,0
twoway_Rule_vs_Rule_mid,Rule_vs_Rule,mid,0.1,0.2,6,48,eval,1,outbound,RuleBased,65.8696,1,12,0,5.7733,0,2,7.646,L02,1,1,1,1,0,3,1,1
twoway_Rule_vs_Rule_mid,Rule_vs_Rule,mid,0.1,0.2,6,48,eval,2,outbound,RuleBased,-188.5558,0,59,0,275.1867,29,9,,L08,0,0,0,0,239.7016,0,0,0
twoway_Rule_vs_Rule_mid,Rule_vs_Rule,mid,0.1,0.2,6,48,eval,3,outbound,RuleBased,44.6784,1,11,0,4.9255,0,2,7.762,L02,1,1,2,0,0,2,1,1
twoway_Rule_vs_Rule_mid,Rule_vs_Rule,mid,0.1,0.2,6,48,eval,4,outbound,RuleBased,69.2879,1,12,0,6.3075,3,3,3.3994,L02,1,1,1,1,0,3,1,1
twoway_Rule_vs_Rule_mid,Rule_vs_Rule,mid,0.1,0.2,6,48,eval,5,outbound,RuleBased,-189.0541,0,59,0,279.0036,30,10,,L08,0,0,0,0,239.7016,0,0,0
twoway_Rule_vs_Rule_mid,Rule_vs_Rule,mid,0.1,0.2,6,48,eval,6,outbound,RuleBased,-188.1145,0,59,0,272.3964,25,11,,L08,0,0,0,0,188.1616,0,0,0
twoway_Rule_vs_Rule_mid,Rule_vs_Rule,mid,0.1,0.2,6,48,eval,7,outbound,RuleBased,-188.108,0,59,0,272.2459,31,14,,L08,0,0,0,0,219.3749,0,0,0
twoway_Rule_vs_Rule_mid,Rule_vs_Rule,mid,0.1,0.2,6,48,eval,8,outbound,RuleBased,-189.2797,0,59,0,279.4639,20,7,,L08,0,0,0,0,188.1616,0,0,0
twoway_Rule_vs_Rule_mid,Rule_vs_Rule,mid,0.1,0.2,6,48,eval,9,outbound,RuleBased,-188.464,0,59,0,275.2459,25,17,,L08,0,0,0,0,188.1616,0,0,0
twoway_Rule_vs_Rule_mid,Rule_vs_Rule,mid,0.1,0.2,6,48,eval,10,outbound,RuleBased,62.3534,1,14,0,6.1474,4,2,10.16,L02,1,1,1,1,0,3,1,1
twoway_Rule_vs_Rule_mid,Rule_vs_Rule,mid,0.1,0.2,6,48,eval,11,outbound,RuleBased,68.6834,1,12,0,5.4596,2,5,4.1806,L02,1,1,1,1,0,3,1,1
twoway_Rule_vs_Rule_mid,Rule_vs_Rule,mid,0.1,0.2,6,48,eval,12,outbound,RuleBased,43.9483,1,13,0,5.5269,1,2,6.7133,L02,1,1,2,0,0,2,1,1
twoway_Rule_vs_Rule_mid,Rule_vs_Rule,mid,0.1,0.2,6,48,eval,13,outbound,RuleBased,48.1207,1,14,0,5.5264,2,2,0.5263,L02,1,1,2,0,0,2,1,1
twoway_Rule_vs_Rule_mid,Rule_vs_Rule,mid,0.1,0.2,6,48,eval,14,outbound,RuleBased,47.4871,1,14,0,5.6652,2,4,1.1693,L02,1,1,2,0,0,2,1,1
twoway_Rule_vs_Rule_mid,Rule_vs_Rule,mid,0.1,0.2,6,48,eval,15,outbound,RuleBased,48.3078,1,12,0,4.9388,2,2,2.2095,L02,1,1,2,0,0,2,1,1
twoway_Rule_vs_Rule_mid,Rule_vs_Rule,mid,0.1,0.2,6,48,eval,16,outbound,RuleBased,47.4918,1,12,0,5.3178,1,3,3.1985,L02,1,1,2,0,0,2,1,1
twoway_Rule_vs_Rule_mid,Rule_vs_Rule,mid,0.1,0.2,6,48,eval,17,outbound,RuleBased,-188.0082,0,59,0,272.7411,17,13,,L08,0,0,0,0,188.1616,0,0,0
twoway_Rule_vs_Rule_mid,Rule_vs_Rule,mid,0.1,0.2,6,48,eval,18,outbound,RuleBased,45.7213,1,12,0,5.9802,1,4,5.296,L02,1,1,2,0,0,2,1,1
twoway_Rule_vs_Rule_mid,Rule_vs_Rule,mid,0.1,0.2,6,48,eval,19,outbound,RuleBased,-188.5973,0,59,0,275.0769,24,16,,L08,0,0,0,0,188.1616,0,0,0
twoway_Rule_vs_Rule_mid,Rule_vs_Rule,mid,0.1,0.2,6,48,eval,20,outbound,RuleBased,-188.5222,0,59,0,275.0497,23,14,,L08,0,0,0,0,239.7016,0,0,0
twoway_Rule_vs_Rule_mid,Rule_vs_Rule,mid,0.1,0.2,6,48,eval,21,outbound,RuleBased,44.0416,1,13,0,5.0981,1,4,6.6218,L02,1,1,2,0,0,2,1,1
twoway_Rule_vs_Rule_mid,Rule_vs_Rule,mid,0.1,0.2,6,48,eval,22,outbound,RuleBased,69.365,1,12,0,5.7586,0,3,3.3111,L02,1,1,1,1,0,3,1,1
twoway_Rule_vs_Rule_mid,Rule_vs_Rule,mid,0.1,0.2,6,48,eval,23,outbound,RuleBased,70.8789,1,11,0,6.6477,2,4,2.3555,L02,1,1,1,1,0,3,1,1
twoway_Rule_vs_Rule_mid,Rule_vs_Rule,mid,0.1,0.2,6,48,eval,24,outbound,RuleBased,-188.6009,0,59,0,275.6419,29,10,,L08,0,0,0,0,219.3749,0,0,0
twoway_Rule_vs_Rule_mid,Rule_vs_Rule,mid,0.1,0.2,6,48,eval,25,outbound,RuleBased,-188.0273,0,59,0,272.1343,27,15,,L08,0,0,0,0,188.1616,0,0,0
twoway_Rule_vs_Rule_mid,Rule_vs_Rule,mid,0.1,0.2,6,48,eval,26,outbound,RuleBased,48.3391,1,14,0,6.3816,4,4,0.1343,L02,1,1,2,0,0,2,1,1
twoway_Rule_vs_Rule_mid,Rule_vs_Rule,mid,0.1,0.2,6,48,eval,27,outbound,RuleBased,69.4832,1,12,0,7.0011,3,1,3.1293,L02,1,1,1,1,0,3,1,1
twoway_Rule_vs_Rule_mid,Rule_vs_Rule,mid,0.1,0.2,6,48,eval,28,outbound,RuleBased,-189.2634,0,59,0,279.3418,29,11,,L08,0,0,0,0,239.7016,0,0,0
twoway_Rule_vs_Rule_mid,Rule_vs_Rule,mid,0.1,0.2,6,48,eval,29,outbound,RuleBased,47.7713,1,13,0,5.3379,3,2,2.0151,L02,1,1,2,0,0,2,1,1
twoway_Rule_vs_Rule_mid,Rule_vs_Rule,mid,0.1,0.2,6,48,eval,30,outbound,RuleBased,-188.5081,0,59,0,274.8675,20,12,,L08,0,0,0,0,219.3749,0,0,0
twoway_Rule_vs_Rule_mid,Rule_vs_Rule,mid,0.1,0.2,7,49,eval,1,inbound,RuleBased,-152.8775,0,59,1,5.7059,3,13,,L08,0,0,0,0,113.719,0,0,0
twoway_Rule_vs_Rule_mid,Rule_vs_Rule,mid,0.1,0.2,7,49,eval,2,inbound,RuleBased,39.8419,1,15,0,6.2296,5,3,3.6558,L02,1,1,2,0,0,2,1,1
twoway_Rule_vs_Rule_mid,Rule_vs_Rule,mid,0.1,0.2,7,49,eval,3,inbound,RuleBased,61.6584,1,16,0,5.5238,5,2,9.285,L02,1,1,1,1,0,3,1,1
twoway_Rule_vs_Rule_mid,Rule_vs_Rule,mid,0.1,0.2,7,49,eval,4,inbound,RuleBased,41.7351,1,15,0,6.8355,4,0,1.2849,L02,1,1,2,0,0,2,1,1
twoway_Rule_vs_Rule_mid,Rule_vs_Rule,mid,0.1,0.2,7,49,eval,5,inbound,RuleBased,35.4468,1,13,0,5.9207,1,3,11.1401,L02,1,1,2,0,0,2,1,1
twoway_Rule_vs_Rule_mid,Rule_vs_Rule,mid,0.1,0.2,7,49,eval,6,inbound,RuleBased,40.2966,1,15,0,5.531,2,4,3.2765,L02,1,1,2,0,0,2,1,1
twoway_Rule_vs_Rule_mid,Rule_vs_Rule,mid,0.1,0.2,7,49,eval,7,inbound,RuleBased,67.2105,1,14,0,6.0603,5,4,4.114,L02,1,1,1,1,0,3,1,1
twoway_Rule_vs_Rule_mid,Rule_vs_Rule,mid,0.1,0.2,7,49,eval,8,inbound,RuleBased,38.5701,1,15,0,5.564,2,0,5.4402,L02,1,1,2,0,0,2,1,1
twoway_Rule_vs_Rule_mid,Rule_vs_Rule,mid,0.1,0.2,7,49,eval,9,inbound,RuleBased,68.2246,1,14,0,5.5938,4,3,2.9544,L02,1,1,1,1,0,3,1,1
twoway_Rule_vs_Rule_mid,Rule_vs_Rule,mid,0.1,0.2,7,49,eval,10,inbound,RuleBased,-154.073,0,59,1,6.3579,4,13,,L08,0,0,0,0,102.9563,0,0,0
twoway_Rule_vs_Rule_mid,Rule_vs_Rule,mid,0.1,0.2,7,49,eval,11,inbound,RuleBased,69.6862,1,14,0,5.8143,4,2,1.0581,L02,1,1,1,1,0,3,1,1
twoway_Rule_vs_Rule_mid,Rule_vs_Rule,mid,0.1,0.2,7,49,eval,12,inbound,RuleBased,-152.8188,0,59,1,5.8825,2,8,,L08,0,0,0,0,113.719,0,0,0
twoway_Rule_vs_Rule_mid,Rule_vs_Rule,mid,0.1,0.2,7,49,eval,13,inbound,RuleBased,-152.795,0,59,1,5.8536,6,11,,L08,0,0,0,0,113.719,0,0,0
twoway_Rule_vs_Rule_mid,Rule_vs_Rule,mid,0.1,0.2,7,49,eval,14,inbound,RuleBased,-153.0994,0,59,1,6.5738,6,7,,L08,0,0,0,0,113.719,0,0,0
twoway_Rule_vs_Rule_mid,Rule_vs_Rule,mid,0.1,0.2,7,49,eval,15,inbound,RuleBased,66.8964,1,14,0,6.0767,5,4,4.545,L02,1,1,1,1,0,3,1,1
twoway_Rule_vs_Rule_mid,Rule_vs_Rule,mid,0.1,0.2,7,49,eval,16,inbound,RuleBased,40.8394,1,15,0,5.3858,2,2,2.5512,L02,1,1,2,0,0,2,1,1
twoway_Rule_vs_Rule_mid,Rule_vs_Rule,mid,0.1,0.2,7,49,eval,17,inbound,RuleBased,-129.8147,0,59,0,5.788,4,8,,L08,0,0,0,0,113.719,0,0,0
twoway_Rule_vs_Rule_mid,Rule_vs_Rule,mid,0.1,0.2,7,49,eval,18,inbound,RuleBased,-128.7662,0,59,0,5.6313,3,10,,L08,0,0,0,0,102.9563,0,0,0
twoway_Rule_vs_Rule_mid,Rule_vs_Rule,mid,0.1,0.2,7,49,eval,19,inbound,RuleBased,66.8459,1,14,0,4.269,2,3,4.8374,L02,1,1,1,1,0,3,1,1
twoway_Rule_vs_Rule_mid,Rule_vs_Rule,mid,0.1,0.2,7,49,eval,20,inbound,RuleBased,36.2852,1,17,0,5.9194,4,2,6.2619,L02,1,1,2,0,0,2,1,1
twoway_Rule_vs_Rule_mid,Rule_vs_Rule,mid,0.1,0.2,7,49,eval,21,inbound,RuleBased,-128.7773,0,59,0,5.9432,3,14,,L08,0,0,0,0,102.9563,0,0,0
twoway_Rule_vs_Rule_mid,Rule_vs_Rule,mid,0.1,0.2,7,49,eval,22,inbound,RuleBased,-154.9246,0,59,1,5.9198,2,9,,L08,0,0,0,0,113.719,0,0,0
twoway_Rule_vs_Rule_mid,Rule_vs_Rule,mid,0.1,0.2,7,49,eval,23,inbound,RuleBased,-152.6348,0,59,1,5.9034,2,18,,L08,0,0,0,0,113.719,0,0,0
twoway_Rule_vs_Rule_mid,Rule_vs_Rule,mid,0.1,0.2,7,49,eval,24,inbound,RuleBased,67.2506,1,16,0,4.7295,2,4,2.42,L02,1,1,1,1,0,3,1,1
twoway_Rule_vs_Rule_mid,Rule_vs_Rule,mid,0.1,0.2,7,49,eval,25,inbound,RuleBased,64.3132,1,14,0,5.66,4,3,7.8894,L02,1,1,1,1,0,3,1,1
twoway_Rule_vs_Rule_mid,Rule_vs_Rule,mid,0.1,0.2,7,49,eval,26,inbound,RuleBased,-152.5417,0,59,1,5.4475,2,10,,L08,0,0,0,0,113.719,0,0,0
twoway_Rule_vs_Rule_mid,Rule_vs_Rule,mid,0.1,0.2,7,49,eval,27,inbound,RuleBased,-155.0235,0,59,1,6.2556,4,11,,L08,0,0,0,0,113.719,0,0,0
twoway_Rule_vs_Rule_mid,Rule_vs_Rule,mid,0.1,0.2,7,49,eval,28,inbound,RuleBased,66.4363,1,14,0,6.6418,4,2,5.0884,L02,1,1,1,1,0,3,1,1
twoway_Rule_vs_Rule_mid,Rule_vs_Rule,mid,0.1,0.2,7,49,eval,29,inbound,RuleBased,-152.8689,0,59,1,5.7836,4,14,,L08,0,0,0,0,113.719,0,0,0
twoway_Rule_vs_Rule_mid,Rule_vs_Rule,mid,0.1,0.2,7,49,eval,30,inbound,RuleBased,42.8601,1,15,0,5.3852,4,5,0.0707,L02,1,1,2,0,0,2,1,1
twoway_Rule_vs_Rule_mid,Rule_vs_Rule,mid,0.1,0.2,7,49,eval,1,outbound,RuleBased,-170.3725,0,59,0,252.6545,24,13,,L08,0,0,0,0,113.719,0,0,0
twoway_Rule_vs_Rule_mid,Rule_vs_Rule,mid,0.1,0.2,7,49,eval,2,outbound,RuleBased,48.2269,1,14,0,6.4402,1,3,0.3251,L02,1,1,2,0,0,2,1,1
twoway_Rule_vs_Rule_mid,Rule_vs_Rule,mid,0.1,0.2,7,49,eval,3,outbound,RuleBased,72.3947,1,11,0,5.4853,1,1,0.4887,L02,1,1,1,1,0,3,1,1
twoway_Rule_vs_Rule_mid,Rule_vs_Rule,mid,0.1,0.2,7,49,eval,4,outbound,RuleBased,49.0303,1,12,0,6.0636,1,1,1.2626,L02,1,1,2,0,0,2,1,1
twoway_Rule_vs_Rule_mid,Rule_vs_Rule,mid,0.1,0.2,7,49,eval,5,outbound,RuleBased,45.89,1,13,0,5.1556,0,1,4.2825,L02,1,1,2,0,0,2,1,1
twoway_Rule_vs_Rule_mid,Rule_vs_Rule,mid,0.1,0.2,7,49,eval,6,outbound,RuleBased,46.1896,1,12,0,4.8059,2,2,4.9379,L02,1,1,2,0,0,2,1,1
twoway_Rule_vs_Rule_mid,Rule_vs_Rule,mid,0.1,0.2,7,49,eval,7,outbound,RuleBased,68.8796,1,13,0,5.9733,1,4,2.995,L02,1,1,1,1,0,3,1,1
twoway_Rule_vs_Rule_mid,Rule_vs_Rule,mid,0.1,0.2,7,49,eval,8,outbound,RuleBased,49.0823,1,11,0,6.0882,1,3,2.0934,L02,1,1,2,0,0,2,1,1
twoway_Rule_vs_Rule_mid,Rule_vs_Rule,mid,0.1,0.2,7,49,eval,9,outbound,RuleBased,70.9303,1,13,0,6.1888,4,1,0.3842,L02,1,1,1,1,0,3,1,1
twoway_Rule_vs_Rule_mid,Rule_vs_Rule,mid,0.1,0.2,7,49,eval,10,outbound,RuleBased,-173.389,0,59,0,265.4999,18,15,,L08,0,0,0,0,102.9563,0,0,0
twoway_Rule_vs_Rule_mid,Rule_vs_Rule,mid,0.1,0.2,7,49,eval,11,outbound,RuleBased,69.6699,1,12,0,6.2711,2,0,2.9547,L02,1,1,1,1,0,3,1,1
twoway_Rule_vs_Rule_mid,Rule_vs_Rule,mid,0.1,0.2,7,49,eval,12,outbound,RuleBased,-170.3199,0,59,0,253.4025,19,7,,L08,0,0,0,0,113.719,0,0,0
twoway_Rule_vs_Rule_mid,Rule_vs_Rule,mid,0.1,0.2,7,49,eval,13,outbound,RuleBased,-171.6015,0,59,0,258.351,23,11,,L08,0,0,0,0,113.719,0,0,0
twoway_Rule_vs_Rule_mid,Rule_vs_Rule,mid,0.1,0.2,7,49,eval,14,outbound,RuleBased,-171.9419,0,59,0,259.1998,20,9,,L08,0,0,0,0,113.719,0,0,0
twoway_Rule_vs_Rule_mid,Rule_vs_Rule,mid,0.1,0.2,7,49,eval,15,outbound,RuleBased,68.2476,1,14,0,5.9886,4,1,2.9433,L02,1,1,1,1,0,3,1,1
twoway_Rule_vs_Rule_mid,Rule_vs_Rule,mid,0.1,0.2,7,49,eval,16,outbound,RuleBased,43.3925,1,14,0,5.8124,4,4,6.5579,L02,1,1,2,0,0,2,1,1
twoway_Rule_vs_Rule_mid,Rule_vs_Rule,mid,0.1,0.2,7,49,eval,17,outbound,RuleBased,-171.6902,0,59,0,258.8626,18,10,,L08,0,0,0,0,113.719,0,0,0
twoway_Rule_vs_Rule_mid,Rule_vs_Rule,mid,0.1,0.2,7,49,eval,18,outbound,RuleBased,-170.1369,0,59,0,252.3523,20,9,,L08,0,0,0,0,102.9563,0,0,0
twoway_Rule_vs_Rule_mid,Rule_vs_Rule,mid,0.1,0.2,7,49,eval,19,outbound,RuleBased,71.2363,1,13,0,5.4029,2,2,0.0578,L02,1,1,1,1,0,3,1,1
twoway_Rule_vs_Rule_mid,Rule_vs_Rule,mid,0.1,0.2,7,49,eval,20,outbound,RuleBased,50.6165,1,11,0,5.9925,2,1,0.1869,L02,1,1,2,0,0,2,1,1
twoway_Rule_vs_Rule_mid,Rule_vs_Rule,mid,0.1,0.2,7,49,eval,21,outbound,RuleBased,-170.2061,0,59,0,252.7352,19,11,,L08,0,0,0,0,102.9563,0,0,0
twoway_Rule_vs_Rule_mid,Rule_vs_Rule,mid,0.1,0.2,7,49,eval,22,outbound,RuleBased,-170.2004,0,59,0,252.5942,18,13,,L08,0,0,0,0,113.719,0,0,0
twoway_Rule_vs_Rule_mid,Rule_vs_Rule,mid,0.1,0.2,7,49,eval,23,outbound,RuleBased,-171.6064,0,59,0,258.2682,21,11,,L08,0,0,0,0,113.719,0,0,0
twoway_Rule_vs_Rule_mid,Rule_vs_Rule,mid,0.1,0.2,7,49,eval,24,outbound,RuleBased,68.8849,1,13,0,4.9211,2,4,3.0562,L02,1,1,1,1,0,3,1,1
twoway_Rule_vs_Rule_mid,Rule_vs_Rule,mid,0.1,0.2,7,49,eval,25,outbound,RuleBased,70.7988,1,13,0,5.8837,2,6,0.5804,L02,1,1,1,1,0,3,1,1
twoway_Rule_vs_Rule_mid,Rule_vs_Rule,mid,0.1,0.2,7,49,eval,26,outbound,RuleBased,-173.4329,0,59,0,265.5204,21,12,,L08,0,0,0,0,113.719,0,0,0
twoway_Rule_vs_Rule_mid,Rule_vs_Rule,mid,0.1,0.2,7,49,eval,27,outbound,RuleBased,-170.1528,0,59,0,252.3213,19,11,,L08,0,0,0,0,113.719,0,0,0
twoway_Rule_vs_Rule_mid,Rule_vs_Rule,mid,0.1,0.2,7,49,eval,28,outbound,RuleBased,66.0993,1,12,0,6.855,6,3,7.4301,L02,1,1,1,1,0,3,1,1
twoway_Rule_vs_Rule_mid,Rule_vs_Rule,mid,0.1,0.2,7,49,eval,29,outbound,RuleBased,-173.2622,0,59,0,265.0446,25,8,,L08,0,0,0,0,113.719,0,0,0
twoway_Rule_vs_Rule_mid,Rule_vs_Rule,mid,0.1,0.2,7,49,eval,30,outbound,RuleBased,44.7234,1,14,0,6.0969,2,3,4.7105,L02,1,1,2,0,0,2,1,1
twoway_Rule_vs_Rule_harsh,Rule_vs_Rule,harsh,0.25,0.4,0,42,eval,1,inbound,RuleBased,-124.7253,0,59,0,13.8425,14,19,,L02,0,0,0,0,246.7851,0,0,0
twoway_Rule_vs_Rule_harsh,Rule_vs_Rule,harsh,0.25,0.4,0,42,eval,2,inbound,RuleBased,-123.9639,0,59,0,12.8474,15,27,,L02,0,0,0,0,246.7851,0,0,0
twoway_Rule_vs_Rule_harsh,Rule_vs_Rule,harsh,0.25,0.4,0,42,eval,3,inbound,RuleBased,-126.4601,0,59,0,13.8825,12,19,,L02,0,0,0,0,226.7401,0,0,0
twoway_Rule_vs_Rule_harsh,Rule_vs_Rule,harsh,0.25,0.4,0,42,eval,4,inbound,RuleBased,5.3574,1,14,2,10.4039,11,6,18.4131,L08,1,1,1,1,0,3,1,1
twoway_Rule_vs_Rule_harsh,Rule_vs_Rule,harsh,0.25,0.4,0,42,eval,5,inbound,RuleBased,13.3365,1,14,2,15.0035,13,4,7.9417,L08,1,1,1,1,0,3,1,1
twoway_Rule_vs_Rule_harsh,Rule_vs_Rule,harsh,0.25,0.4,0,42,eval,6,inbound,RuleBased,41.642,1,14,1,12.3186,14,7,3.9186,L08,1,1,1,1,0,3,1,1
twoway_Rule_vs_Rule_harsh,Rule_vs_Rule,harsh,0.25,0.4,0,42,eval,7,inbound,RuleBased,17.5435,1,14,2,12.4682,13,4,2.9277,L08,1,1,1,1,0,3,1,1
twoway_Rule_vs_Rule_harsh,Rule_vs_Rule,harsh,0.25,0.4,0,42,eval,8,inbound,RuleBased,-125.4678,0,59,0,12.627,10,27,,L02,0,0,0,0,226.7401,0,0,0
twoway_Rule_vs_Rule_harsh,Rule_vs_Rule,harsh,0.25,0.4,0,42,eval,9,inbound,RuleBased,-123.9892,0,59,0,12.648,12,24,,L02,0,0,0,0,246.7851,0,0,0
twoway_Rule_vs_Rule_harsh,Rule_vs_Rule,harsh,0.25,0.4,0,42,eval,10,inbound,RuleBased,-34.5586,1,13,3,15.7857,12,7,3.5714,L08,1,1,2,0,0,2,1,1
twoway_Rule_vs_Rule_harsh,Rule_vs_Rule,harsh,0.25,0.4,0,42,eval,11,inbound,RuleBased,-6.3262,1,14,3,11.8584,10,5,1.6365,L08,1,1,1,1,0,3,1,1
twoway_Rule_vs_Rule_harsh,Rule_vs_Rule,harsh,0.25,0.4,0,42,eval,12,inbound,RuleBased,-124.2491,0,59,0,13.6685,11,22,,L02,0,0,0,0,246.7851,0,0,0
twoway_Rule_vs_Rule_harsh,Rule_vs_Rule,harsh,0.25,0.4,0,42,eval,13,inbound,RuleBased,-6.7734,1,13,2,11.153,11,7,0.6719,L08,1,1,2,0,0,2,1,1
twoway_Rule_vs_Rule_harsh,Rule_vs_Rule,harsh,0.25,0.4,0,42,eval,14,inbound,RuleBased,-124.9429,0,59,0,12.8082,9,21,,L02,0,0,0,0,239.7016,0,0,0
twoway_Rule_vs_Rule_harsh,Rule_vs_Rule,harsh,0.25,0.4,0,42,eval,15,inbound,RuleBased,-124.3898,0,59,0,13.5604,14,23,,L02,0,0,0,0,246.7851,0,0,0
twoway_Rule_vs_Rule_harsh,Rule_vs_Rule,harsh,0.25,0.4,0,42,eval,16,inbound,RuleBased,-19.428,1,15,2,13.5233,15,7,14.3206,L08,1,1,2,0,0,2,1,1
twoway_Rule_vs_Rule_harsh,Rule_vs_Rule,harsh,0.25,0.4,0,42,eval,17,inbound,RuleBased,-20.0539,1,13,2,14.1126,10,5,17.0813,L08,1,1,2,0,0,2,1,1
twoway_Rule_vs_Rule_harsh,Rule_vs_Rule,harsh,0.25,0.4,0,42,eval,18,inbound,RuleBased,12.3634,1,14,2,12.1549,11,5,9.4063,L08,1,1,1,1,0,3,1,1
twoway_Rule_vs_Rule_harsh,Rule_vs_Rule,harsh,0.25,0.4,0,42,eval,19,inbound,RuleBased,-22.791,1,13,2,13.0089,11,7,20.5454,L08,1,1,2,0,0,2,1,1
twoway_Rule_vs_Rule_harsh,Rule_vs_Rule,harsh,0.25,0.4,0,42,eval,20,inbound,RuleBased,-126.1654,0,59,0,12.8515,10,24,,L02,0,0,0,0,226.7401,0,0,0
twoway_Rule_vs_Rule_harsh,Rule_vs_Rule,harsh,0.25,0.4,0,42,eval,21,inbound,RuleBased,-125.8141,0,59,0,13.3373,9,25,,L02,0,0,0,0,226.7401,0,0,0
twoway_Rule_vs_Rule_harsh,Rule_vs_Rule,harsh,0.25,0.4,0,42,eval,22,inbound,RuleBased,-124.8832,0,59,0,12.0642,11,29,,L02,0,0,0,0,239.7016,0,0,0
twoway_Rule_vs_Rule_harsh,Rule_vs_Rule,harsh,0.25,0.4,0,42,eval,23,inbound,RuleBased,-8.1008,1,13,2,13.5696,12,8,1.9801,L08,1,1,2,0,0,2,1,1
twoway_Rule_vs_Rule_harsh,Rule_vs_Rule,harsh,0.25,0.4,0,42,eval,24,inbound,RuleBased,-127.4357,0,59,0,13.4132,10,25,,L02,0,0,0,0,200.1605,0,0,0
twoway_Rule_vs_Rule_harsh,Rule_vs_Rule,harsh,0.25,0.4,0,42,eval,25,inbound,RuleBased,19.16,1,14,2,11.3925,10,7,0.8983,L08,1,1,1,1,0,3,1,1
twoway_Rule_vs_Rule_harsh,Rule_vs_Rule,harsh,0.25,0.4,0,42,eval,26,inbound,RuleBased,-10.3853,1,15,2,12.2249,12,8,3.0425,L08,1,1,2,0,0,2,1,1
twoway_Rule_vs_Rule_harsh,Rule_vs_Rule,harsh,0.25,0.4,0,42,eval,27,inbound,RuleBased,-10.6823,1,13,2,11.7955,10,9,5.5276,L08,1,1,2,0,0,2,1,1
twoway_Rule_vs_Rule_harsh,Rule_vs_Rule,harsh,0.25,0.4,0,42,eval,28,inbound,RuleBased,-124.5418,0,59,0,14.2299,15,24,,L02,0,0,0,0,246.7851,0,0,0
twoway_Rule_vs_Rule_harsh,Rule_vs_Rule,harsh,0.25,0.4,0,42,eval,29,inbound,RuleBased,-127.2523,0,59,0,13.6524,13,17,,L02,0,0,0,0,200.1605,0,0,0
twoway_Rule_vs_Rule_harsh,Rule_vs_Rule,harsh,0.25,0.4,0,42,eval,30,inbound,RuleBased,-125.6849,0,59,0,13.2764,13,24,,L02,0,0,0,0,239.7016,0,0,0
twoway_Rule_vs_Rule_harsh,Rule_vs_Rule,harsh,0.25,0.4,0,42,eval,1,outbound,RuleBased,-227.195,0,59,2,316.8923,73,19,,L02,0,0,0,0,246.7851,0,0,0
twoway_Rule_vs_Rule_harsh,Rule_vs_Rule,harsh,0.25,0.4,0,42,eval,2,outbound,RuleBased,-228.6896,0,59,2,306.6918,74,27,,L02,0,0,0,0,246.7851,0,0,0
twoway_Rule_vs_Rule_harsh,Rule_vs_Rule,harsh,0.25,0.4,0,42,eval,3,outbound,RuleBased,-233.6631,0,59,2,304.5088,85,19,,L02,0,0,0,0,226.7401,0,0,0
twoway_Rule_vs_Rule_harsh,Rule_vs_Rule,harsh,0.25,0.4,0,42,eval,4,outbound,RuleBased,33.5196,1,11,1,9.3545,5,4,17.1464,L08,1,1,1,1,0,3,1,1
twoway_Rule_vs_Rule_harsh,Rule_vs_Rule,harsh,0.25,0.4,0,42,eval,5,outbound,RuleBased,20.7543,1,11,2,14.8344,9,4,1.5157,L08,1,1,1,1,0,3,1,1
twoway_Rule_vs_Rule_harsh,Rule_vs_Rule,harsh,0.25,0.4,0,42,eval,6,outbound,RuleBased,16.4272,1,12,2,13.9815,10,5,5.7974,L08,1,1,1,1,0,3,1,1
twoway_Rule_vs_Rule_harsh,Rule_vs_Rule,harsh,0.25,0.4,0,42,eval,7,outbound,RuleBased,39.135,1,13,1,12.9583,11,5,7.675,L08,1,1,1,1,0,3,1,1
twoway_Rule_vs_Rule_harsh,Rule_vs_Rule,harsh,0.25,0.4,0,42,eval,8,outbound,RuleBased,-228.2158,0,59,2,325.8862,70,26,,L02,0,0,0,0,226.7401,0,0,0
twoway_Rule_vs_Rule_harsh,Rule_vs_Rule,harsh,0.25,0.4,0,42,eval,9,outbound,RuleBased,-232.8645,0,59,2,327.0099,68,25,,L02,0,0,0,0,246.7851,0,0,0
twoway_Rule_vs_Rule_harsh,Rule_vs_Rule,harsh,0.25,0.4,0,42,eval,10,outbound,RuleBased,-7.4253,1,12,2,14.3641,10,4,8.0273,L08,1,1,2,0,0,2,1,1
twoway_Rule_vs_Rule_harsh,Rule_vs_Rule,harsh,0.25,0.4,0,42,eval,11,outbound,RuleBased,10.4499,1,12,2,13.0867,9,7,13.2705,L08,1,1,1,1,0,3,1,1
twoway_Rule_vs_Rule_harsh,Rule_vs_Rule,harsh,0.25,0.4,0,42,eval,12,outbound,RuleBased,-232.4533,0,59,2,305.3487,82,22,,L02,0,0,0,0,246.7851,0,0,0
twoway_Rule_vs_Rule_harsh,Rule_vs_Rule,harsh,0.25,0.4,0,42,eval,13,outbound,RuleBased,-5.2896,1,11,2,15.5307,7,4,6.4776,L08,1,1,2,0,0,2,1,1
twoway_Rule_vs_Rule_harsh,Rule_vs_Rule,harsh,0.25,0.4,0,42,eval,14,outbound,RuleBased,-230.2326,0,59,2,296.1687,73,24,,L02,0,0,0,0,239.7016,0,0,0
twoway_Rule_vs_Rule_harsh,Rule_vs_Rule,harsh,0.25,0.4,0,42,eval,15,outbound,RuleBased,-232.3822,0,59,2,327.0375,80,22,,L02,0,0,0,0,246.7851,0,0,0
twoway_Rule_vs_Rule_harsh,Rule_vs_Rule,harsh,0.25,0.4,0,42,eval,16,outbound,RuleBased,13.2392,1,11,1,14.2827,7,4,14.6382,L08,1,1,2,0,0,2,1,1
twoway_Rule_vs_Rule_harsh,Rule_vs_Rule,harsh,0.25,0.4,0,42,eval,17,outbound,RuleBased,-9.6835,1,13,2,16.3296,10,6,9.7087,L08,1,1,2,0,0,2,1,1
twoway_Rule_vs_Rule_harsh,Rule_vs_Rule,harsh,0.25,0.4,0,42,eval,18,outbound,RuleBased,17.264,1,11,2,11.0751,6,4,6.1266,L08,1,1,1,1,0,3,1,1
twoway_Rule_vs_Rule_harsh,Rule_vs_Rule,harsh,0.25,0.4,0,42,eval,19,outbound,RuleBased,38.9797,1,12,0,9.886,6,5,13.041,L08,1,1,2,0,0,2,1,1
twoway_Rule_vs_Rule_harsh,Rule_vs_Rule,harsh,0.25,0.4,0,42,eval,20,outbound,RuleBased,-228.1572,0,59,2,300.0673,85,22,,L02,0,0,0,0,226.7401,0,0,0
twoway_Rule_vs_Rule_harsh,Rule_vs_Rule,harsh,0.25,0.4,0,42,eval,21,outbound,RuleBased,-231.8991,0,59,2,304.4964,74,30,,L02,0,0,0,0,226.7401,0,0,0
twoway_Rule_vs_Rule_harsh,Rule_vs_Rule,harsh,0.25,0.4,0,42,eval,22,outbound,RuleBased,-233.7297,0,59,2,313.8081,75,25,,L02,0,0,0,0,239.7016,0,0,0
twoway_Rule_vs_Rule_harsh,Rule_vs_Rule,harsh,0.25,0.4,0,42,eval,23,outbound,RuleBased,-45.1991,1,11,3,15.3835,6,7,27.4502,L08,1,1,2,0,0,2,1,1
twoway_Rule_vs_Rule_harsh,Rule_vs_Rule,harsh,0.25,0.4,0,42,eval,24,outbound,RuleBased,-228.4525,0,59,2,326.7694,82,31,,L02,0,0,0,0,200.1605,0,0,0
twoway_Rule_vs_Rule_harsh,Rule_vs_Rule,harsh,0.25,0.4,0,42,eval,25,outbound,RuleBased,29.957,1,11,1,12.3148,6,4,21.368,L08,1,1,1,1,0,3,1,1
twoway_Rule_vs_Rule_harsh,Rule_vs_Rule,harsh,0.25,0.4,0,42,eval,26,outbound,RuleBased,-4.414,1,12,2,12.5212,9,2,4.5152,L08,1,1,2,0,0,2,1,1
twoway_Rule_vs_Rule_harsh,Rule_vs_Rule,harsh,0.25,0.4,0,42,eval,27,outbound,RuleBased,23.101,1,11,1,14.6399,8,6,2.2866,L08,1,1,2,0,0,2,1,1
twoway_Rule_vs_Rule_harsh,Rule_vs_Rule,harsh,0.25,0.4,0,42,eval,28,outbound,RuleBased,-235.9557,0,59,2,322.6131,91,29,,L02,0,0,0,0,246.7851,0,0,0
twoway_Rule_vs_Rule_harsh,Rule_vs_Rule,harsh,0.25,0.4,0,42,eval,29,outbound,RuleBased,-200.0585,0,59,1,307.1197,85,22,,L02,0,0,0,0,200.1605,0,0,0
twoway_Rule_vs_Rule_harsh,Rule_vs_Rule,harsh,0.25,0.4,0,42,eval,30,outbound,RuleBased,-231.273,0,59,2,317.96,74,20,,L02,0,0,0,0,239.7016,0,0,0
twoway_Rule_vs_Rule_harsh,Rule_vs_Rule,harsh,0.25,0.4,1,43,eval,1,inbound,RuleBased,-133.3135,0,59,0,13.6542,7,22,,L08,0,0,0,0,113.719,0,0,0
twoway_Rule_vs_Rule_harsh,Rule_vs_Rule,harsh,0.25,0.4,1,43,eval,2,inbound,RuleBased,-131.9262,0,59,0,13.1939,11,23,,L08,0,0,0,0,102.9563,0,0,0
twoway_Rule_vs_Rule_harsh,Rule_vs_Rule,harsh,0.25,0.4,1,43,eval,3,inbound,RuleBased,-150.2381,0,59,1,13.7431,18,28,,L02,0,0,0,0,132.484,0,0,0
twoway_Rule_vs_Rule_harsh,Rule_vs_Rule,harsh,0.25,0.4,1,43,eval,4,inbound,RuleBased,-131.1462,0,59,0,13.0864,13,19,,L08,0,0,0,0,113.719,0,0,0
twoway_Rule_vs_Rule_harsh,Rule_vs_Rule,harsh,0.25,0.4,1,43,eval,5,inbound,RuleBased,-130.5204,0,59,0,11.9726,11,23,,L08,0,0,0,0,113.719,0,0,0
twoway_Rule_vs_Rule_harsh,Rule_vs_Rule,harsh,0.25,0.4,1,43,eval,6,inbound,RuleBased,-128.8688,0,59,0,12.9583,10,25,,L02,0,0,0,0,132.484,0,0,0
twoway_Rule_vs_Rule_harsh,Rule_vs_Rule,harsh,0.25,0.4,1,43,eval,7,inbound,RuleBased,-127.3505,0,59,0,13.8951,13,25,,L02,0,0,0,0,132.484,0,0,0
twoway_Rule_vs_Rule_harsh,Rule_vs_Rule,harsh,0.25,0.4,1,43,eval,8,inbound,RuleBased,-126.5271,0,59,0,11.5048,12,20,,L02,0,0,0,0,132.484,0,0,0
twoway_Rule_vs_Rule_harsh,Rule_vs_Rule,harsh,0.25,0.4,1,43,eval,9,inbound,RuleBased,-150.7207,0,59,1,12.4993,10,20,,L02,0,0,0,0,130,0,0,0
twoway_Rule_vs_Rule_harsh,Rule_vs_Rule,harsh,0.25,0.4,1,43,eval,10,inbound,RuleBased,-133.1508,0,59,0,13.4058,9,28,,L08,0,0,0,0,113.719,0,0,0
twoway_Rule_vs_Rule_harsh,Rule_vs_Rule,harsh,0.25,0.4,1,43,eval,11,inbound,RuleBased,-133.0058,0,59,0,13.1548,9,25,,L08,0,0,0,0,113.719,0,0,0
twoway_Rule_vs_Rule_harsh,Rule_vs_Rule,harsh,0.25,0.4,1,43,eval,12,inbound,RuleBased,-133.1716,0,59,0,14.4789,8,27,,L08,0,0,0,0,113.719,0,0,0
twoway_Rule_vs_Rule_harsh,Rule_vs_Rule,harsh,0.25,0.4,1,43,eval,13,inbound,RuleBased,-128.1802,0,59,0,13.0345,10,19,,L02,0,0,0,0,130,0,0,0
twoway_Rule_vs_Rule_harsh,Rule_vs_Rule,harsh,0.25,0.4,1,43,eval,14,inbound,RuleBased,-132.5465,0,59,0,14.2803,14,22,,L08,0,0,0,0,102.9563,0,0,0
twoway_Rule_vs_Rule_harsh,Rule_vs_Rule,harsh,0.25,0.4,1,43,eval,15,inbound,RuleBased,-132.9547,0,59,0,15.0156,12,26,,L08,0,0,0,0,102.9563,0,0,0
twoway_Rule_vs_Rule_harsh,Rule_vs_Rule,harsh,0.25,0.4,1,43,eval,16,inbound,RuleBased,-127.01,0,59,0,12.953,13,25,,L02,0,0,0,0,132.484,0,0,0
twoway_Rule_vs_Rule_harsh,Rule_vs_Rule,harsh,0.25,0.4,1,43,eval,17,inbound,RuleBased,-130.996,0,59,0,12.6465,12,21,,L08,0,0,0,0,113.719,0,0,0
twoway_Rule_vs_Rule_harsh,Rule_vs_Rule,harsh,0.25,0.4,1,43,eval,18,inbound,RuleBased,-151.7232,0,59,1,14.2271,15,23,,L02,0,0,0,0,130,0,0,0
twoway_Rule_vs_Rule_harsh,Rule_vs_Rule,harsh,0.25,0.4,1,43,eval,19,inbound,RuleBased,-132.9174,0,59,0,12.6384,9,31,,L08,0,0,0,0,113.719,0,0,0
twoway_Rule_vs_Rule_harsh,Rule_vs_Rule,harsh,0.25,0.4,1,43,eval,20,inbound,RuleBased,-131.3823,0,59,0,13.8298,14,27,,L08,0,0,0,0,113.719,0,0,0
twoway_Rule_vs_Rule_harsh,Rule_vs_Rule,harsh,0.25,0.4,1,43,eval,21,inbound,RuleBased,-127.7905,0,59,0,12.3952,12,18,,L02,0,0,0,0,130,0,0,0
twoway_Rule_vs_Rule_harsh,Rule_vs_Rule,harsh,0.25,0.4,1,43,eval,22,inbound,RuleBased,-133.6097,0,59,0,14.0354,12,29,,L08,0,0,0,0,113.719,0,0,0
twoway_Rule_vs_Rule_harsh,Rule_vs_Rule,harsh,0.25,0.4,1,43,eval,23,inbound,RuleBased,-128.964,0,59,0,13.6478,10,25,,L02,0,0,0,0,132.484,0,0,0
twoway_Rule_vs_Rule_harsh,Rule_vs_Rule,harsh,0.25,0.4,1,43,eval,24,inbound,RuleBased,-126.8012,0,59,0,12.8413,14,25,,L02,0,0,0,0,132.484,0,0,0
twoway_Rule_vs_Rule_harsh,Rule_vs_Rule,harsh,0.25,0.4,1,43,eval,25,inbound,RuleBased,-150.6098,0,59,1,12.2039,12,21,,L02,0,0,0,0,130,0,0,0
twoway_Rule_vs_Rule_harsh,Rule_vs_Rule,harsh,0.25,0.4,1,43,eval,26,inbound,RuleBased,-127.5233,0,59,0,12.0766,8,26,,L02,0,0,0,0,130,0,0,0
twoway_Rule_vs_Rule_harsh,Rule_vs_Rule,harsh,0.25,0.4,1,43,eval,27,inbound,RuleBased,-126.9188,0,59,0,12.7588,14,26,,L02,0,0,0,0,132.484,0,0,0
twoway_Rule_vs_Rule_harsh,Rule_vs_Rule,harsh,0.25,0.4,1,43,eval,28,inbound,RuleBased,-131.126,0,59,0,14.1337,11,25,,L08,0,0,0,0,113.719,0,0,0
twoway_Rule_vs_Rule_harsh,Rule_vs_Rule,harsh,0.25,0.4,1,43,eval,29,inbound,RuleBased,-131.1804,0,59,0,14.4538,14,26,,L08,0,0,0,0,113.719,0,0,0
twoway_Rule_vs_Rule_harsh,Rule_vs_Rule,harsh,0.25,0.4,1,43,eval,30,inbound,RuleBased,-129.5738,0,59,0,13.8526,10,26,,L02,0,0,0,0,132.484,0,0,0
twoway_Rule_vs_Rule_harsh,Rule_vs_Rule,harsh,0.25,0.4,1,43,eval,1,outbound,RuleBased,-118.5447,0,59,0,13.0553,0,22,,L08,0,0,0,0,113.719,0,0,0
twoway_Rule_vs_Rule_harsh,Rule_vs_Rule,harsh,0.25,0.4,1,43,eval,2,outbound,RuleBased,-118.2561,0,59,0,12.6495,0,23,,L08,0,0,0,0,102.9563,0,0,0
twoway_Rule_vs_Rule_harsh,Rule_vs_Rule,harsh,0.25,0.4,1,43,eval,3,outbound,RuleBased,-117.9103,0,59,0,10.8666,0,28,,L02,0,0,0,0,132.484,0,0,0
twoway_Rule_vs_Rule_harsh,Rule_vs_Rule,harsh,0.25,0.4,1,43,eval,4,outbound,RuleBased,-118.5365,0,59,0,12.7179,0,19,,L08,0,0,0,0,113.719,0,0,0
twoway_Rule_vs_Rule_harsh,Rule_vs_Rule,harsh,0.25,0.4,1,43,eval,5,outbound,RuleBased,-117.938,0,59,0,11.7148,0,23,,L08,0,0,0,0,113.719,0,0,0
twoway_Rule_vs_Rule_harsh,Rule_vs_Rule,harsh,0.25,0.4,1,43,eval,6,outbound,RuleBased,-118.0908,0,59,0,11.0108,0,25,,L02,0,0,0,0,132.484,0,0,0
twoway_Rule_vs_Rule_harsh,Rule_vs_Rule,harsh,0.25,0.4,1,43,eval,7,outbound,RuleBased,-117.888,0,59,0,10.8592,0,25,,L02,0,0,0,0,132.484,0,0,0
twoway_Rule_vs_Rule_harsh,Rule_vs_Rule,harsh,0.25,0.4,1,43,eval,8,outbound,RuleBased,-117.2631,0,59,0,8.597,0,20,,L02,0,0,0,0,132.484,0,0,0
twoway_Rule_vs_Rule_harsh,Rule_vs_Rule,harsh,0.25,0.4,1,43,eval,9,outbound,RuleBased,-117.441,0,59,0,9.5884,0,20,,L02,0,0,0,0,130,0,0,0
twoway_Rule_vs_Rule_harsh,Rule_vs_Rule,harsh,0.25,0.4,1,43,eval,10,outbound,RuleBased,-118.401,0,59,0,12.9559,0,28,,L08,0,0,0,0,113.719,0,0,0
twoway_Rule_vs_Rule_harsh,Rule_vs_Rule,harsh,0.25,0.4,1,43,eval,11,outbound,RuleBased,-118.3453,0,59,0,12.8822,0,25,,L08,0,0,0,0,113.719,0,0,0
twoway_Rule_vs_Rule_harsh,Rule_vs_Rule,harsh,0.25,0.4,1,43,eval,12,outbound,RuleBased,-118.4803,0,59,0,13.9865,0,27,,L08,0,0,0,0,113.719,0,0,0
twoway_Rule_vs_Rule_harsh,Rule_vs_Rule,harsh,0.25,0.4,1,43,eval,13,outbound,RuleBased,-117.9546,0,59,0,10.1103,0,19,,L02,0,0,0,0,130,0,0,0
twoway_Rule_vs_Rule_harsh,Rule_vs_Rule,harsh,0.25,0.4,1,43,eval,14,outbound,RuleBased,-118.8668,0,59,0,13.7507,0,22,,L08,0,0,0,0,102.9563,0,0,0
twoway_Rule_vs_Rule_harsh,Rule_vs_Rule,harsh,0.25,0.4,1,43,eval,15,outbound,RuleBased,-119.266,0,59,0,14.5038,0,26,,L08,0,0,0,0,102.9563,0,0,0
twoway_Rule_vs_Rule_harsh,Rule_vs_Rule,harsh,0.25,0.4,1,43,eval,16,outbound,RuleBased,-117.8128,0,59,0,9.9985,0,25,,L02,0,0,0,0,132.484,0,0,0
twoway_Rule_vs_Rule_harsh,Rule_vs_Rule,harsh,0.25,0.4,1,43,eval,17,outbound,RuleBased,-118.3466,0,59,0,12.0969,0,21,,L08,0,0,0,0,113.719,0,0,0
twoway_Rule_vs_Rule_harsh,Rule_vs_Rule,harsh,0.25,0.4,1,43,eval,18,outbound,RuleBased,-118.2527,0,59,0,10.82,0,23,,L02,0,0,0,0,130,0,0,0
twoway_Rule_vs_Rule_harsh,Rule_vs_Rule,harsh,0.25,0.4,1,43,eval,19,outbound,RuleBased,-118.2459,0,59,0,12.3329,0,31,,L08,0,0,0,0,113.719,0,0,0
twoway_Rule_vs_Rule_harsh,Rule_vs_Rule,harsh,0.25,0.4,1,43,eval,20,outbound,RuleBased,-118.6995,0,59,0,13.2715,0,27,,L08,0,0,0,0,113.719,0,0,0
twoway_Rule_vs_Rule_harsh,Rule_vs_Rule,harsh,0.25,0.4,1,43,eval,21,outbound,RuleBased,-117.7152,0,59,0,9.9311,0,18,,L02,0,0,0,0,130,0,0,0
twoway_Rule_vs_Rule_harsh,Rule_vs_Rule,harsh,0.25,0.4,1,43,eval,22,outbound,RuleBased,-118.8445,0,59,0,13.4016,0,29,,L08,0,0,0,0,113.719,0,0,0
twoway_Rule_vs_Rule_harsh,Rule_vs_Rule,harsh,0.25,0.4,1,43,eval,23,outbound,RuleBased,-118.0146,0,59,0,10.9148,0,25,,L02,0,0,0,0,132.484,0,0,0
twoway_Rule_vs_Rule_harsh,Rule_vs_Rule,harsh,0.25,0.4,1,43,eval,24,outbound,RuleBased,-117.6777,0,59,0,10.3285,0,25,,L02,0,0,0,0,132.484,0,0,0
twoway_Rule_vs_Rule_harsh,Rule_vs_Rule,harsh,0.25,0.4,1,43,eval,25,outbound,RuleBased,-117.5249,0,59,0,9.6223,0,21,,L02,0,0,0,0,130,0,0,0
twoway_Rule_vs_Rule_harsh,Rule_vs_Rule,harsh,0.25,0.4,1,43,eval,26,outbound,RuleBased,-117.3694,0,59,0,9.6953,0,26,,L02,0,0,0,0,130,0,0,0
twoway_Rule_vs_Rule_harsh,Rule_vs_Rule,harsh,0.25,0.4,1,43,eval,27,outbound,RuleBased,-117.6389,0,59,0,9.6681,0,26,,L02,0,0,0,0,132.484,0,0,0
twoway_Rule_vs_Rule_harsh,Rule_vs_Rule,harsh,0.25,0.4,1,43,eval,28,outbound,RuleBased,-118.4393,0,59,0,13.5387,0,25,,L08,0,0,0,0,113.719,0,0,0
twoway_Rule_vs_Rule_harsh,Rule_vs_Rule,harsh,0.25,0.4,1,43,eval,29,outbound,RuleBased,-118.5494,0,59,0,13.9358,0,26,,L08,0,0,0,0,113.719,0,0,0
twoway_Rule_vs_Rule_harsh,Rule_vs_Rule,harsh,0.25,0.4,1,43,eval,30,outbound,RuleBased,-118.1147,0,59,0,10.1518,0,26,,L02,0,0,0,0,132.484,0,0,0
twoway_Rule_vs_Rule_harsh,Rule_vs_Rule,harsh,0.25,0.4,2,44,eval,1,inbound,RuleBased,-136.9041,0,59,0,13.1982,9,27,,L08,0,0,0,0,113.719,0,0,0
twoway_Rule_vs_Rule_harsh,Rule_vs_Rule,harsh,0.25,0.4,2,44,eval,2,inbound,RuleBased,33.8893,1,13,0,13.5023,11,6,12.1195,L02,1,1,2,0,0,2,1,1
twoway_Rule_vs_Rule_harsh,Rule_vs_Rule,harsh,0.25,0.4,2,44,eval,3,inbound,RuleBased,40.4431,1,16,1,12.6148,11,6,3.7896,L02,1,1,1,1,0,3,1,1
twoway_Rule_vs_Rule_harsh,Rule_vs_Rule,harsh,0.25,0.4,2,44,eval,4,inbound,RuleBased,-134.9082,0,59,0,13.7128,12,23,,L08,0,0,0,0,113.719,0,0,0
twoway_Rule_vs_Rule_harsh,Rule_vs_Rule,harsh,0.25,0.4,2,44,eval,5,inbound,RuleBased,-136.8398,0,59,0,12.4327,11,26,,L08,0,0,0,0,113.719,0,0,0
twoway_Rule_vs_Rule_harsh,Rule_vs_Rule,harsh,0.25,0.4,2,44,eval,6,inbound,RuleBased,-136.836,0,59,0,13.3633,11,24,,L08,0,0,0,0,113.719,0,0,0
twoway_Rule_vs_Rule_harsh,Rule_vs_Rule,harsh,0.25,0.4,2,44,eval,7,inbound,RuleBased,-136.4537,0,59,0,13.7898,15,24,,L08,0,0,0,0,219.3749,0,0,0
twoway_Rule_vs_Rule_harsh,Rule_vs_Rule,harsh,0.25,0.4,2,44,eval,8,inbound,RuleBased,-135.003,0,59,0,13.8721,14,27,,L08,0,0,0,0,113.719,0,0,0
twoway_Rule_vs_Rule_harsh,Rule_vs_Rule,harsh,0.25,0.4,2,44,eval,9,inbound,RuleBased,-136.2046,0,59,0,13.4303,12,24,,L08,0,0,0,0,219.3749,0,0,0
twoway_Rule_vs_Rule_harsh,Rule_vs_Rule,harsh,0.25,0.4,2,44,eval,10,inbound,RuleBased,64.7407,1,16,0,14.7001,15,7,4.2895,L02,1,1,1,1,0,3,1,1
twoway_Rule_vs_Rule_harsh,Rule_vs_Rule,harsh,0.25,0.4,2,44,eval,11,inbound,RuleBased,-136.2661,0,59,0,15.1421,8,21,,L08,0,0,0,0,219.3749,0,0,0
twoway_Rule_vs_Rule_harsh,Rule_vs_Rule,harsh,0.25,0.4,2,44,eval,12,inbound,RuleBased,-135.013,0,59,0,13.3849,15,28,,L08,0,0,0,0,113.719,0,0,0
twoway_Rule_vs_Rule_harsh,Rule_vs_Rule,harsh,0.25,0.4,2,44,eval,13,inbound,RuleBased,-135.1086,0,59,0,14.1127,14,27,,L08,0,0,0,0,113.719,0,0,0
twoway_Rule_vs_Rule_harsh,Rule_vs_Rule,harsh,0.25,0.4,2,44,eval,14,inbound,RuleBased,-134.647,0,59,0,12.9521,14,23,,L08,0,0,0,0,113.719,0,0,0
twoway_Rule_vs_Rule_harsh,Rule_vs_Rule,harsh,0.25,0.4,2,44,eval,15,inbound,RuleBased,-134.5251,0,59,0,12.7492,9,24,,L08,0,0,0,0,239.7016,0,0,0
twoway_Rule_vs_Rule_harsh,Rule_vs_Rule,harsh,0.25,0.4,2,44,eval,16,inbound,RuleBased,-134.5368,0,59,0,12.4754,9,24,,L08,0,0,0,0,113.719,0,0,0
twoway_Rule_vs_Rule_harsh,Rule_vs_Rule,harsh,0.25,0.4,2,44,eval,17,inbound,RuleBased,33.4082,1,15,0,13.5649,13,7,11.0968,L02,1,1,2,0,0,2,1,1
twoway_Rule_vs_Rule_harsh,Rule_vs_Rule,harsh,0.25,0.4,2,44,eval,18,inbound,RuleBased,-136.1545,0,59,0,13.0311,12,30,,L08,0,0,0,0,102.9563,0,0,0
twoway_Rule_vs_Rule_harsh,Rule_vs_Rule,harsh,0.25,0.4,2,44,eval,19,inbound,RuleBased,-135.9538,0,59,0,13.5908,11,21,,L08,0,0,0,0,102.9563,0,0,0
twoway_Rule_vs_Rule_harsh,Rule_vs_Rule,harsh,0.25,0.4,2,44,eval,20,inbound,RuleBased,66.9828,1,16,0,11.8598,16,9,1.9737,L02,1,1,1,1,0,3,1,1
twoway_Rule_vs_Rule_harsh,Rule_vs_Rule,harsh,0.25,0.4,2,44,eval,21,inbound,RuleBased,26.1273,1,15,0,11.3716,11,9,20.4082,L02,1,1,2,0,0,2,1,1
twoway_Rule_vs_Rule_harsh,Rule_vs_Rule,harsh,0.25,0.4,2,44,eval,22,inbound,RuleBased,-136.7148,0,59,0,13.9303,12,21,,L08,0,0,0,0,102.9563,0,0,0
twoway_Rule_vs_Rule_harsh,Rule_vs_Rule,harsh,0.25,0.4,2,44,eval,23,inbound,RuleBased,33.5833,1,17,0,13.2694,16,10,8.6405,L02,1,1,2,0,0,2,1,1
twoway_Rule_vs_Rule_harsh,Rule_vs_Rule,harsh,0.25,0.4,2,44,eval,24,inbound,RuleBased,66.9422,1,16,0,13.6513,15,8,1.8674,L02,1,1,1,1,0,3,1,1
twoway_Rule_vs_Rule_harsh,Rule_vs_Rule,harsh,0.25,0.4,2,44,eval,25,inbound,RuleBased,50.0971,1,14,0,12.66,13,9,24.8009,L02,1,1,1,1,0,3,1,1
twoway_Rule_vs_Rule_harsh,Rule_vs_Rule,harsh,0.25,0.4,2,44,eval,26,inbound,RuleBased,-136.1988,0,59,0,13.0317,12,26,,L08,0,0,0,0,102.9563,0,0,0
twoway_Rule_vs_Rule_harsh,Rule_vs_Rule,harsh,0.25,0.4,2,44,eval,27,inbound,RuleBased,48.4025,1,16,0,13.3727,16,8,34.2733,L02,1,1,1,1,0,3,1,1
twoway_Rule_vs_Rule_harsh,Rule_vs_Rule,harsh,0.25,0.4,2,44,eval,28,inbound,RuleBased,-135.2263,0,59,0,13.333,15,27,,L08,0,0,0,0,113.719,0,0,0
twoway_Rule_vs_Rule_harsh,Rule_vs_Rule,harsh,0.25,0.4,2,44,eval,29,inbound,RuleBased,37.7079,1,15,0,15.7835,15,6,5.4439,L02,1,1,2,0,0,2,1,1
twoway_Rule_vs_Rule_harsh,Rule_vs_Rule,harsh,0.25,0.4,2,44,eval,30,inbound,RuleBased,62.1092,1,16,0,13.8597,14,7,7.9232,L02,1,1,1,1,0,3,1,1
twoway_Rule_vs_Rule_harsh,Rule_vs_Rule,harsh,0.25,0.4,2,44,eval,1,outbound,RuleBased,-168.5716,0,59,0,238.2436,68,27,,L08,0,0,0,0,113.719,0,0,0
twoway_Rule_vs_Rule_harsh,Rule_vs_Rule,harsh,0.25,0.4,2,44,eval,2,outbound,RuleBased,48.5812,1,12,0,14.0578,6,5,1.25,L02,1,1,2,0,0,2,1,1
twoway_Rule_vs_Rule_harsh,Rule_vs_Rule,harsh,0.25,0.4,2,44,eval,3,outbound,RuleBased,68.3492,1,13,0,13.1094,9,5,3.3565,L02,1,1,1,1,0,3,1,1
twoway_Rule_vs_Rule_harsh,Rule_vs_Rule,harsh,0.25,0.4,2,44,eval,4,outbound,RuleBased,-167.6217,0,59,0,233.3594,69,24,,L08,0,0,0,0,113.719,0,0,0
twoway_Rule_vs_Rule_harsh,Rule_vs_Rule,harsh,0.25,0.4,2,44,eval,5,outbound,RuleBased,-167.5999,0,59,0,233.5859,62,25,,L08,0,0,0,0,113.719,0,0,0
twoway_Rule_vs_Rule_harsh,Rule_vs_Rule,harsh,0.25,0.4,2,44,eval,6,outbound,RuleBased,-211.9763,0,59,2,255.829,63,25,,L08,0,0,0,0,113.719,0,0,0
twoway_Rule_vs_Rule_harsh,Rule_vs_Rule,harsh,0.25,0.4,2,44,eval,7,outbound,RuleBased,-225.6509,0,59,2,360.1096,73,23,,L08,0,0,0,0,219.3749,0,0,0
twoway_Rule_vs_Rule_harsh,Rule_vs_Rule,harsh,0.25,0.4,2,44,eval,8,outbound,RuleBased,-192.8029,0,59,1,233.8755,74,28,,L08,0,0,0,0,113.719,0,0,0
twoway_Rule_vs_Rule_harsh,Rule_vs_Rule,harsh,0.25,0.4,2,44,eval,9,outbound,RuleBased,-224.9545,0,59,2,358.6116,75,22,,L08,0,0,0,0,219.3749,0,0,0
twoway_Rule_vs_Rule_harsh,Rule_vs_Rule,harsh,0.25,0.4,2,44,eval,10,outbound,RuleBased,59.58,1,12,0,16.7542,7,7,14.8896,L02,1,1,1,1,0,3,1,1
twoway_Rule_vs_Rule_harsh,Rule_vs_Rule,harsh,0.25,0.4,2,44,eval,11,outbound,RuleBased,-229.8915,0,59,2,392.0907,80,21,,L08,0,0,0,0,219.3749,0,0,0
twoway_Rule_vs_Rule_harsh,Rule_vs_Rule,harsh,0.25,0.4,2,44,eval,12,outbound,RuleBased,-167.9711,0,59,0,234.3651,64,30,,L08,0,0,0,0,113.719,0,0,0
twoway_Rule_vs_Rule_harsh,Rule_vs_Rule,harsh,0.25,0.4,2,44,eval,13,outbound,RuleBased,-167.9864,0,59,0,235.3062,68,23,,L08,0,0,0,0,113.719,0,0,0
twoway_Rule_vs_Rule_harsh,Rule_vs_Rule,harsh,0.25,0.4,2,44,eval,14,outbound,RuleBased,-211.7989,0,59,2,256.6982,66,23,,L08,0,0,0,0,113.719,0,0,0
twoway_Rule_vs_Rule_harsh,Rule_vs_Rule,harsh,0.25,0.4,2,44,eval,15,outbound,RuleBased,-229.8123,0,59,2,392.0107,63,27,,L08,0,0,0,0,239.7016,0,0,0
twoway_Rule_vs_Rule_harsh,Rule_vs_Rule,harsh,0.25,0.4,2,44,eval,16,outbound,RuleBased,-168.5789,0,59,0,239.2062,64,24,,L08,0,0,0,0,113.719,0,0,0
twoway_Rule_vs_Rule_harsh,Rule_vs_Rule,harsh,0.25,0.4,2,44,eval,17,outbound,RuleBased,44.4076,1,11,0,10.2007,8,4,8.0144,L02,1,1,2,0,0,2,1,1
twoway_Rule_vs_Rule_harsh,Rule_vs_Rule,harsh,0.25,0.4,2,44,eval,18,outbound,RuleBased,-168.2063,0,59,0,236.7884,66,29,,L08,0,0,0,0,102.9563,0,0,0
twoway_Rule_vs_Rule_harsh,Rule_vs_Rule,harsh,0.25,0.4,2,44,eval,19,outbound,RuleBased,-211.0585,0,59,2,247.4281,58,23,,L08,0,0,0,0,102.9563,0,0,0
twoway_Rule_vs_Rule_harsh,Rule_vs_Rule,harsh,0.25,0.4,2,44,eval,20,outbound,RuleBased,30.9477,1,13,1,12.3627,9,5,18.9611,L02,1,1,1,1,0,3,1,1
twoway_Rule_vs_Rule_harsh,Rule_vs_Rule,harsh,0.25,0.4,2,44,eval,21,outbound,RuleBased,16.6131,1,12,1,12.6191,8,7,10.174,L02,1,1,2,0,0,2,1,1
twoway_Rule_vs_Rule_harsh,Rule_vs_Rule,harsh,0.25,0.4,2,44,eval,22,outbound,RuleBased,-235.921,0,59,3,247.2414,61,25,,L08,0,0,0,0,102.9563,0,0,0
twoway_Rule_vs_Rule_harsh,Rule_vs_Rule,harsh,0.25,0.4,2,44,eval,23,outbound,RuleBased,44.4325,1,11,0,14.1278,7,4,7.5217,L02,1,1,2,0,0,2,1,1
twoway_Rule_vs_Rule_harsh,Rule_vs_Rule,harsh,0.25,0.4,2,44,eval,24,outbound,RuleBased,63.2198,1,14,0,12.6405,11,7,8.8591,L02,1,1,1,1,0,3,1,1
twoway_Rule_vs_Rule_harsh,Rule_vs_Rule,harsh,0.25,0.4,2,44,eval,25,outbound,RuleBased,65.1125,1,11,0,12.8304,6,6,9.4256,L02,1,1,1,1,0,3,1,1
twoway_Rule_vs_Rule_harsh,Rule_vs_Rule,harsh,0.25,0.4,2,44,eval,26,outbound,RuleBased,-185.6198,0,59,1,246.5636,70,33,,L08,0,0,0,0,102.9563,0,0,0
twoway_Rule_vs_Rule_harsh,Rule_vs_Rule,harsh,0.25,0.4,2,44,eval,27,outbound,RuleBased,58.596,1,13,0,13.3586,9,6,15.5585,L02,1,1,1,1,0,3,1,1
twoway_Rule_vs_Rule_harsh,Rule_vs_Rule,harsh,0.25,0.4,2,44,eval,28,outbound,RuleBased,-168.6001,0,59,0,238.8586,65,25,,L08,0,0,0,0,113.719,0,0,0
twoway_Rule_vs_Rule_harsh,Rule_vs_Rule,harsh,0.25,0.4,2,44,eval,29,outbound,RuleBased,47.9107,1,12,0,12.5994,9,6,2.2619,L02,1,1,2,0,0,2,1,1
twoway_Rule_vs_Rule_harsh,Rule_vs_Rule,harsh,0.25,0.4,2,44,eval,30,outbound,RuleBased,52.6055,1,11,0,12.6746,6,5,28.7554,L02,1,1,1,1,0,3,1,1
twoway_Rule_vs_Rule_harsh,Rule_vs_Rule,harsh,0.25,0.4,3,45,eval,1,inbound,RuleBased,-152.7999,0,59,1,11.9511,11,19,,L08,0,0,0,0,102.9563,0,0,0
twoway_Rule_vs_Rule_harsh,Rule_vs_Rule,harsh,0.25,0.4,3,45,eval,2,inbound,RuleBased,-153.9484,0,59,1,13.3613,11,27,,L08,0,0,0,0,113.719,0,0,0
twoway_Rule_vs_Rule_harsh,Rule_vs_Rule,harsh,0.25,0.4,3,45,eval,3,inbound,RuleBased,-128.8185,0,59,0,12.7658,8,26,,L08,0,0,0,0,113.719,0,0,0
twoway_Rule_vs_Rule_harsh,Rule_vs_Rule,harsh,0.25,0.4,3,45,eval,4,inbound,RuleBased,-178.1319,0,59,2,12.9086,11,20,,L08,0,0,0,0,102.9563,0,0,0
twoway_Rule_vs_Rule_harsh,Rule_vs_Rule,harsh,0.25,0.4,3,45,eval,5,inbound,RuleBased,-153.956,0,59,1,13.3862,9,20,,L08,0,0,0,0,113.719,0,0,0
twoway_Rule_vs_Rule_harsh,Rule_vs_Rule,harsh,0.25,0.4,3,45,eval,6,inbound,RuleBased,-177.3019,0,59,2,13.7703,11,33,,L08,0,0,0,0,113.719,0,0,0
twoway_Rule_vs_Rule_harsh,Rule_vs_Rule,harsh,0.25,0.4,3,45,eval,7,inbound,RuleBased,-152.9607,0,59,1,12.8281,10,22,,L08,0,0,0,0,102.9563,0,0,0
twoway_Rule_vs_Rule_harsh,Rule_vs_Rule,harsh,0.25,0.4,3,45,eval,8,inbound,RuleBased,64.1571,1,14,0,11.374,10,3,7.2515,L02,1,1,1,1,0,3,1,1
twoway_Rule_vs_Rule_harsh,Rule_vs_Rule,harsh,0.25,0.4,3,45,eval,9,inbound,RuleBased,-179.208,0,59,2,13.419,10,18,,L08,0,0,0,0,113.719,0,0,0
twoway_Rule_vs_Rule_harsh,Rule_vs_Rule,harsh,0.25,0.4,3,45,eval,10,inbound,RuleBased,-153.1279,0,59,1,13.2433,10,21,,L08,0,0,0,0,102.9563,0,0,0
twoway_Rule_vs_Rule_harsh,Rule_vs_Rule,harsh,0.25,0.4,3,45,eval,11,inbound,RuleBased,40.7677,1,16,1,11.6122,14,9,3.2864,L02,1,1,1,1,0,3,1,1
twoway_Rule_vs_Rule_harsh,Rule_vs_Rule,harsh,0.25,0.4,3,45,eval,12,inbound,RuleBased,42.1342,1,15,0,12.5768,13,6,0.0573,L02,1,1,2,0,0,2,1,1
twoway_Rule_vs_Rule_harsh,Rule_vs_Rule,harsh,0.25,0.4,3,45,eval,13,inbound,RuleBased,-152.6811,0,59,1,12.9259,10,31,,L08,0,0,0,0,113.719,0,0,0
twoway_Rule_vs_Rule_harsh,Rule_vs_Rule,harsh,0.25,0.4,3,45,eval,14,inbound,RuleBased,23.1349,1,16,1,15.5498,14,6,29.7993,L02,1,1,1,1,0,3,1,1
twoway_Rule_vs_Rule_harsh,Rule_vs_Rule,harsh,0.25,0.4,3,45,eval,15,inbound,RuleBased,-152.0725,0,59,1,13.0538,11,17,,L08,0,0,0,0,113.719,0,0,0
twoway_Rule_vs_Rule_harsh,Rule_vs_Rule,harsh,0.25,0.4,3,45,eval,16,inbound,RuleBased,69.1767,1,14,0,12.9355,11,4,0.8102,L02,1,1,1,1,0,3,1,1
twoway_Rule_vs_Rule_harsh,Rule_vs_Rule,harsh,0.25,0.4,3,45,eval,17,inbound,RuleBased,67.9047,1,14,0,13.9559,13,4,2.2959,L02,1,1,1,1,0,3,1,1
twoway_Rule_vs_Rule_harsh,Rule_vs_Rule,harsh,0.25,0.4,3,45,eval,18,inbound,RuleBased,63.3919,1,14,0,13.977,14,5,7.8322,L02,1,1,1,1,0,3,1,1
twoway_Rule_vs_Rule_harsh,Rule_vs_Rule,harsh,0.25,0.4,3,45,eval,19,inbound,RuleBased,58.6307,1,14,0,12.9946,11,4,14.1145,L02,1,1,1,1,0,3,1,1
twoway_Rule_vs_Rule_harsh,Rule_vs_Rule,harsh,0.25,0.4,3,45,eval,20,inbound,RuleBased,-153.4265,0,59,1,13.9548,13,20,,L08,0,0,0,0,102.9563,0,0,0
twoway_Rule_vs_Rule_harsh,Rule_vs_Rule,harsh,0.25,0.4,3,45,eval,21,inbound,RuleBased,-152.1129,0,59,1,12.9895,14,29,,L08,0,0,0,0,113.719,0,0,0
twoway_Rule_vs_Rule_harsh,Rule_vs_Rule,harsh,0.25,0.4,3,45,eval,22,inbound,RuleBased,32.3078,1,15,0,14.6931,14,8,12.1194,L02,1,1,2,0,0,2,1,1
twoway_Rule_vs_Rule_harsh,Rule_vs_Rule,harsh,0.25,0.4,3,45,eval,23,inbound,RuleBased,-127.8303,0,59,0,12.6035,11,24,,L08,0,0,0,0,102.9563,0,0,0
twoway_Rule_vs_Rule_harsh,Rule_vs_Rule,harsh,0.25,0.4,3,45,eval,24,inbound,RuleBased,26.1474,1,13,0,12.6232,9,6,21.8672,L02,1,1,2,0,0,2,1,1
twoway_Rule_vs_Rule_harsh,Rule_vs_Rule,harsh,0.25,0.4,3,45,eval,25,inbound,RuleBased,-152.9726,0,59,1,11.5869,12,21,,L08,0,0,0,0,102.9563,0,0,0
twoway_Rule_vs_Rule_harsh,Rule_vs_Rule,harsh,0.25,0.4,3,45,eval,26,inbound,RuleBased,-154.0741,0,59,1,12.5036,9,19,,L08,0,0,0,0,113.719,0,0,0
twoway_Rule_vs_Rule_harsh,Rule_vs_Rule,harsh,0.25,0.4,3,45,eval,27,inbound,RuleBased,28.17,1,16,1,12.5148,12,9,19.0729,L02,1,1,1,1,0,3,1,1
twoway_Rule_vs_Rule_harsh,Rule_vs_Rule,harsh,0.25,0.4,3,45,eval,28,inbound,RuleBased,-153.0733,0,59,1,13.1159,11,28,,L08,0,0,0,0,102.9563,0,0,0
twoway_Rule_vs_Rule_harsh,Rule_vs_Rule,harsh,0.25,0.4,3,45,eval,29,inbound,RuleBased,-154.0836,0,59,1,13.6665,11,27,,L08,0,0,0,0,113.719,0,0,0
twoway_Rule_vs_Rule_harsh,Rule_vs_Rule,harsh,0.25,0.4,3,45,eval,30,inbound,RuleBased,27.5983,1,15,0,11.0385,14,6,18.22,L02,1,1,2,0,0,2,1,1
twoway_Rule_vs_Rule_harsh,Rule_vs_Rule,harsh,0.25,0.4,3,45,eval,1,outbound,RuleBased,-168.5013,0,59,0,189.8017,43,19,,L08,0,0,0,0,102.9563,0,0,0
twoway_Rule_vs_Rule_harsh,Rule_vs_Rule,harsh,0.25,0.4,3,45,eval,2,outbound,RuleBased,-168.0644,0,59,0,187.853,59,27,,L08,0,0,0,0,113.719,0,0,0
twoway_Rule_vs_Rule_harsh,Rule_vs_Rule,harsh,0.25,0.4,3,45,eval,3,outbound,RuleBased,-167.7163,0,59,0,187.059,54,26,,L08,0,0,0,0,113.719,0,0,0
twoway_Rule_vs_Rule_harsh,Rule_vs_Rule,harsh,0.25,0.4,3,45,eval,4,outbound,RuleBased,-168.6446,0,59,0,188.5546,57,20,,L08,0,0,0,0,102.9563,0,0,0
twoway_Rule_vs_Rule_harsh,Rule_vs_Rule,harsh,0.25,0.4,3,45,eval,5,outbound,RuleBased,-168.0039,0,59,0,188.064,56,20,,L08,0,0,0,0,113.719,0,0,0
twoway_Rule_vs_Rule_harsh,Rule_vs_Rule,harsh,0.25,0.4,3,45,eval,6,outbound,RuleBased,-168.3855,0,59,0,188.4676,57,33,,L08,0,0,0,0,113.719,0,0,0
twoway_Rule_vs_Rule_harsh,Rule_vs_Rule,harsh,0.25,0.4,3,45,eval,7,outbound,RuleBased,-168.3251,0,59,0,188.7018,62,22,,L08,0,0,0,0,102.9563,0,0,0
twoway_Rule_vs_Rule_harsh,Rule_vs_Rule,harsh,0.25,0.4,3,45,eval,8,outbound,RuleBased,64.3982,1,14,0,11.1752,11,3,7.2515,L02,1,1,1,1,0,3,1,1
twoway_Rule_vs_Rule_harsh,Rule_vs_Rule,harsh,0.25,0.4,3,45,eval,9,outbound,RuleBased,-168.2734,0,59,0,188.7985,57,18,,L08,0,0,0,0,113.719,0,0,0
twoway_Rule_vs_Rule_harsh,Rule_vs_Rule,harsh,0.25,0.4,3,45,eval,10,outbound,RuleBased,-168.6044,0,59,0,189.4709,58,21,,L08,0,0,0,0,102.9563,0,0,0
twoway_Rule_vs_Rule_harsh,Rule_vs_Rule,harsh,0.25,0.4,3,45,eval,11,outbound,RuleBased,61.6451,1,14,0,12.0454,10,8,10.5854,L02,1,1,1,1,0,3,1,1
twoway_Rule_vs_Rule_harsh,Rule_vs_Rule,harsh,0.25,0.4,3,45,eval,12,outbound,RuleBased,28.256,1,14,0,11.9383,11,6,39.5394,L02,1,1,2,0,0,2,1,1
twoway_Rule_vs_Rule_harsh,Rule_vs_Rule,harsh,0.25,0.4,3,45,eval,13,outbound,RuleBased,-168.3733,0,59,0,187.9294,54,29,,L08,0,0,0,0,113.719,0,0,0
twoway_Rule_vs_Rule_harsh,Rule_vs_Rule,harsh,0.25,0.4,3,45,eval,14,outbound,RuleBased,60.5811,1,14,0,15.2687,12,7,11.8875,L02,1,1,1,1,0,3,1,1
twoway_Rule_vs_Rule_harsh,Rule_vs_Rule,harsh,0.25,0.4,3,45,eval,15,outbound,RuleBased,-168.5774,0,59,0,188.588,57,18,,L08,0,0,0,0,113.719,0,0,0
twoway_Rule_vs_Rule_harsh,Rule_vs_Rule,harsh,0.25,0.4,3,45,eval,16,outbound,RuleBased,58.7741,1,13,0,13.4613,9,3,15.0609,L02,1,1,1,1,0,3,1,1
twoway_Rule_vs_Rule_harsh,Rule_vs_Rule,harsh,0.25,0.4,3,45,eval,17,outbound,RuleBased,57.9532,1,12,0,14.0202,9,4,16.9902,L02,1,1,1,1,0,3,1,1
twoway_Rule_vs_Rule_harsh,Rule_vs_Rule,harsh,0.25,0.4,3,45,eval,18,outbound,RuleBased,59.531,1,12,0,14.2436,11,3,15.0563,L02,1,1,1,1,0,3,1,1
twoway_Rule_vs_Rule_harsh,Rule_vs_Rule,harsh,0.25,0.4,3,45,eval,19,outbound,RuleBased,69.8288,1,12,0,12.338,8,4,2.2683,L02,1,1,1,1,0,3,1,1
twoway_Rule_vs_Rule_harsh,Rule_vs_Rule,harsh,0.25,0.4,3,45,eval,20,outbound,RuleBased,-168.3248,0,59,0,188.2048,54,19,,L08,0,0,0,0,102.9563,0,0,0
twoway_Rule_vs_Rule_harsh,Rule_vs_Rule,harsh,0.25,0.4,3,45,eval,21,outbound,RuleBased,-168.2382,0,59,0,187.7745,53,30,,L08,0,0,0,0,113.719,0,0,0
twoway_Rule_vs_Rule_harsh,Rule_vs_Rule,harsh,0.25,0.4,3,45,eval,22,outbound,RuleBased,38.6441,1,14,0,11.4089,12,5,11.9584,L02,1,1,2,0,0,2,1,1
twoway_Rule_vs_Rule_harsh,Rule_vs_Rule,harsh,0.25,0.4,3,45,eval,23,outbound,RuleBased,-168.1021,0,59,0,188.1466,52,23,,L08,0,0,0,0,102.9563,0,0,0
twoway_Rule_vs_Rule_harsh,Rule_vs_Rule,harsh,0.25,0.4,3,45,eval,24,outbound,RuleBased,43.3424,1,14,0,14.159,13,10,5.7724,L02,1,1,2,0,0,2,1,1
twoway_Rule_vs_Rule_harsh,Rule_vs_Rule,harsh,0.25,0.4,3,45,eval,25,outbound,RuleBased,-168.0532,0,59,0,188.1152,51,20,,L08,0,0,0,0,102.9563,0,0,0
twoway_Rule_vs_Rule_harsh,Rule_vs_Rule,harsh,0.25,0.4,3,45,eval,26,outbound,RuleBased,-168.2926,0,59,0,187.6404,58,19,,L08,0,0,0,0,113.719,0,0,0
twoway_Rule_vs_Rule_harsh,Rule_vs_Rule,harsh,0.25,0.4,3,45,eval,27,outbound,RuleBased,62.5932,1,11,0,15.0834,8,5,12.1542,L02,1,1,1,1,0,3,1,1
twoway_Rule_vs_Rule_harsh,Rule_vs_Rule,harsh,0.25,0.4,3,45,eval,28,outbound,RuleBased,-168.2267,0,59,0,188.1534,51,29,,L08,0,0,0,0,102.9563,0,0,0
twoway_Rule_vs_Rule_harsh,Rule_vs_Rule,harsh,0.25,0.4,3,45,eval,29,outbound,RuleBased,-168.0432,0,59,0,187.1548,52,26,,L08,0,0,0,0,113.719,0,0,0
twoway_Rule_vs_Rule_harsh,Rule_vs_Rule,harsh,0.25,0.4,3,45,eval,30,outbound,RuleBased,36.8211,1,14,0,12.5996,8,8,13.9951,L02,1,1,2,0,0,2,1,1
twoway_Rule_vs_Rule_harsh,Rule_vs_Rule,harsh,0.25,0.4,4,46,eval,1,inbound,RuleBased,-127.1498,0,59,0,13.3814,13,32,,L02,0,0,0,0,132.484,0,0,0
twoway_Rule_vs_Rule_harsh,Rule_vs_Rule,harsh,0.25,0.4,4,46,eval,2,inbound,RuleBased,32.6866,1,13,0,14.5814,9,5,14.103,L08,1,1,2,0,0,2,1,1
twoway_Rule_vs_Rule_harsh,Rule_vs_Rule,harsh,0.25,0.4,4,46,eval,3,inbound,RuleBased,38.3239,1,15,0,14.0335,12,7,4.9118,L08,1,1,2,0,0,2,1,1
twoway_Rule_vs_Rule_harsh,Rule_vs_Rule,harsh,0.25,0.4,4,46,eval,4,inbound,RuleBased,36.8829,1,15,0,14.4188,12,9,6.8472,L08,1,1,2,0,0,2,1,1
twoway_Rule_vs_Rule_harsh,Rule_vs_Rule,harsh,0.25,0.4,4,46,eval,5,inbound,RuleBased,31.663,1,13,0,12.907,10,7,15.3856,L08,1,1,2,0,0,2,1,1
twoway_Rule_vs_Rule_harsh,Rule_vs_Rule,harsh,0.25,0.4,4,46,eval,6,inbound,RuleBased,-126.3477,0,59,0,13.181,12,28,,L02,0,0,0,0,130,0,0,0
twoway_Rule_vs_Rule_harsh,Rule_vs_Rule,harsh,0.25,0.4,4,46,eval,7,inbound,RuleBased,36.6805,1,15,0,13.0413,13,6,7.1153,L08,1,1,2,0,0,2,1,1
twoway_Rule_vs_Rule_harsh,Rule_vs_Rule,harsh,0.25,0.4,4,46,eval,8,inbound,RuleBased,34.0981,1,15,0,13.9418,13,7,10.2237,L08,1,1,2,0,0,2,1,1
twoway_Rule_vs_Rule_harsh,Rule_vs_Rule,harsh,0.25,0.4,4,46,eval,9,inbound,RuleBased,23.9215,1,13,0,12.2606,11,4,30.9017,L08,1,1,2,0,0,2,1,1
twoway_Rule_vs_Rule_harsh,Rule_vs_Rule,harsh,0.25,0.4,4,46,eval,10,inbound,RuleBased,34.244,1,14,1,14.1235,12,10,13.3607,L08,1,1,1,1,0,3,1,1
twoway_Rule_vs_Rule_harsh,Rule_vs_Rule,harsh,0.25,0.4,4,46,eval,11,inbound,RuleBased,-127.692,0,59,0,13.3472,16,24,,L02,0,0,0,0,132.484,0,0,0
twoway_Rule_vs_Rule_harsh,Rule_vs_Rule,harsh,0.25,0.4,4,46,eval,12,inbound,RuleBased,63.5445,1,14,0,12.3432,10,9,8.2572,L08,1,1,1,1,0,3,1,1
twoway_Rule_vs_Rule_harsh,Rule_vs_Rule,harsh,0.25,0.4,4,46,eval,13,inbound,RuleBased,65.18,1,14,0,12.63,8,6,6.1492,L08,1,1,1,1,0,3,1,1
twoway_Rule_vs_Rule_harsh,Rule_vs_Rule,harsh,0.25,0.4,4,46,eval,14,inbound,RuleBased,-128.5999,0,59,0,13.6035,11,28,,L02,0,0,0,0,130,0,0,0
twoway_Rule_vs_Rule_harsh,Rule_vs_Rule,harsh,0.25,0.4,4,46,eval,15,inbound,RuleBased,14.7941,1,15,1,12.642,12,6,3.2586,L08,1,1,2,0,0,2,1,1
twoway_Rule_vs_Rule_harsh,Rule_vs_Rule,harsh,0.25,0.4,4,46,eval,16,inbound,RuleBased,-126.5063,0,59,0,12.9385,15,24,,L02,0,0,0,0,130,0,0,0
twoway_Rule_vs_Rule_harsh,Rule_vs_Rule,harsh,0.25,0.4,4,46,eval,17,inbound,RuleBased,-128.7774,0,59,0,13.1973,12,20,,L02,0,0,0,0,130,0,0,0
twoway_Rule_vs_Rule_harsh,Rule_vs_Rule,harsh,0.25,0.4,4,46,eval,18,inbound,RuleBased,-127.8175,0,59,0,14.1724,12,21,,L02,0,0,0,0,132.484,0,0,0
twoway_Rule_vs_Rule_harsh,Rule_vs_Rule,harsh,0.25,0.4,4,46,eval,19,inbound,RuleBased,-127.1632,0,59,0,12.6861,12,23,,L02,0,0,0,0,132.484,0,0,0
twoway_Rule_vs_Rule_harsh,Rule_vs_Rule,harsh,0.25,0.4,4,46,eval,20,inbound,RuleBased,26.3167,1,15,0,14.034,12,4,19.897,L08,1,1,2,0,0,2,1,1
twoway_Rule_vs_Rule_harsh,Rule_vs_Rule,harsh,0.25,0.4,4,46,eval,21,inbound,RuleBased,31.4488,1,13,0,13.4819,9,8,15.682,L08,1,1,2,0,0,2,1,1
twoway_Rule_vs_Rule_harsh,Rule_vs_Rule,harsh,0.25,0.4,4,46,eval,22,inbound,RuleBased,-126.2199,0,59,0,12.7726,14,28,,L02,0,0,0,0,130,0,0,0
twoway_Rule_vs_Rule_harsh,Rule_vs_Rule,harsh,0.25,0.4,4,46,eval,23,inbound,RuleBased,-127.5088,0,59,0,13.2402,12,17,,L02,0,0,0,0,132.484,0,0,0
twoway_Rule_vs_Rule_harsh,Rule_vs_Rule,harsh,0.25,0.4,4,46,eval,24,inbound,RuleBased,-128.5317,0,59,0,12.5905,14,31,,L02,0,0,0,0,130,0,0,0
twoway_Rule_vs_Rule_harsh,Rule_vs_Rule,harsh,0.25,0.4,4,46,eval,25,inbound,RuleBased,-126.6185,0,59,0,14.2821,17,28,,L02,0,0,0,0,130,0,0,0
twoway_Rule_vs_Rule_harsh,Rule_vs_Rule,harsh,0.25,0.4,4,46,eval,26,inbound,RuleBased,-128.4435,0,59,0,12.9552,9,25,,L02,0,0,0,0,130,0,0,0
twoway_Rule_vs_Rule_harsh,Rule_vs_Rule,harsh,0.25,0.4,4,46,eval,27,inbound,RuleBased,-127.4594,0,59,0,12.603,12,26,,L02,0,0,0,0,132.484,0,0,0
twoway_Rule_vs_Rule_harsh,Rule_vs_Rule,harsh,0.25,0.4,4,46,eval,28,inbound,RuleBased,29.7722,1,14,1,13.1067,12,4,19.2403,L08,1,1,1,1,0,3,1,1
twoway_Rule_vs_Rule_harsh,Rule_vs_Rule,harsh,0.25,0.4,4,46,eval,29,inbound,RuleBased,4.6759,1,15,1,12.7384,14,3,15.8889,L08,1,1,2,0,0,2,1,1
twoway_Rule_vs_Rule_harsh,Rule_vs_Rule,harsh,0.25,0.4,4,46,eval,30,inbound,RuleBased,-125.9014,0,59,0,12.2191,13,22,,L02,0,0,0,0,130,0,0,0
twoway_Rule_vs_Rule_harsh,Rule_vs_Rule,harsh,0.25,0.4,4,46,eval,1,outbound,RuleBased,-269.6819,0,59,4,228.0599,68,32,,L02,0,0,0,0,132.484,0,0,0
twoway_Rule_vs_Rule_harsh,Rule_vs_Rule,harsh,0.25,0.4,4,46,eval,2,outbound,RuleBased,37.5242,1,13,0,14.5716,12,5,14.103,L08,1,1,2,0,0,2,1,1
twoway_Rule_vs_Rule_harsh,Rule_vs_Rule,harsh,0.25,0.4,4,46,eval,3,outbound,RuleBased,39.4421,1,11,0,14.9915,6,6,13.6746,L08,1,1,2,0,0,2,1,1
twoway_Rule_vs_Rule_harsh,Rule_vs_Rule,harsh,0.25,0.4,4,46,eval,4,outbound,RuleBased,47.7962,1,11,0,12.8924,7,6,3.4322,L08,1,1,2,0,0,2,1,1
twoway_Rule_vs_Rule_harsh,Rule_vs_Rule,harsh,0.25,0.4,4,46,eval,5,outbound,RuleBased,37.0202,1,13,0,12.5757,9,8,14.6703,L08,1,1,2,0,0,2,1,1
twoway_Rule_vs_Rule_harsh,Rule_vs_Rule,harsh,0.25,0.4,4,46,eval,6,outbound,RuleBased,-194.964,0,59,1,229.2849,67,27,,L02,0,0,0,0,130,0,0,0
twoway_Rule_vs_Rule_harsh,Rule_vs_Rule,harsh,0.25,0.4,4,46,eval,7,outbound,RuleBased,48.255,1,11,0,12.3628,7,6,2.684,L08,1,1,2,0,0,2,1,1
twoway_Rule_vs_Rule_harsh,Rule_vs_Rule,harsh,0.25,0.4,4,46,eval,8,outbound,RuleBased,39.8061,1,13,0,14.2545,11,4,10.9866,L08,1,1,2,0,0,2,1,1
twoway_Rule_vs_Rule_harsh,Rule_vs_Rule,harsh,0.25,0.4,4,46,eval,9,outbound,RuleBased,33.3902,1,13,0,11.5717,8,7,19.4634,L08,1,1,2,0,0,2,1,1
twoway_Rule_vs_Rule_harsh,Rule_vs_Rule,harsh,0.25,0.4,4,46,eval,10,outbound,RuleBased,70.7382,1,12,0,12.0488,6,3,1.1601,L08,1,1,1,1,0,3,1,1
twoway_Rule_vs_Rule_harsh,Rule_vs_Rule,harsh,0.25,0.4,4,46,eval,11,outbound,RuleBased,-294.2191,0,59,5,225.3604,68,30,,L02,0,0,0,0,132.484,0,0,0
twoway_Rule_vs_Rule_harsh,Rule_vs_Rule,harsh,0.25,0.4,4,46,eval,12,outbound,RuleBased,71.4574,1,11,0,13.4542,7,3,1.2042,L08,1,1,1,1,0,3,1,1
twoway_Rule_vs_Rule_harsh,Rule_vs_Rule,harsh,0.25,0.4,4,46,eval,13,outbound,RuleBased,31.4859,1,13,1,15.0677,12,7,17.5647,L08,1,1,1,1,0,3,1,1
twoway_Rule_vs_Rule_harsh,Rule_vs_Rule,harsh,0.25,0.4,4,46,eval,14,outbound,RuleBased,-244.7983,0,59,3,227.971,65,29,,L02,0,0,0,0,130,0,0,0
twoway_Rule_vs_Rule_harsh,Rule_vs_Rule,harsh,0.25,0.4,4,46,eval,15,outbound,RuleBased,43.5912,1,11,0,13.7505,4,6,8.4184,L08,1,1,2,0,0,2,1,1
twoway_Rule_vs_Rule_harsh,Rule_vs_Rule,harsh,0.25,0.4,4,46,eval,16,outbound,RuleBased,-268.9677,0,59,4,225.583,68,23,,L02,0,0,0,0,130,0,0,0
twoway_Rule_vs_Rule_harsh,Rule_vs_Rule,harsh,0.25,0.4,4,46,eval,17,outbound,RuleBased,-219.9411,0,59,2,230.5576,58,21,,L02,0,0,0,0,130,0,0,0
twoway_Rule_vs_Rule_harsh,Rule_vs_Rule,harsh,0.25,0.4,4,46,eval,18,outbound,RuleBased,-245.8111,0,59,3,232.311,67,21,,L02,0,0,0,0,132.484,0,0,0
twoway_Rule_vs_Rule_harsh,Rule_vs_Rule,harsh,0.25,0.4,4,46,eval,19,outbound,RuleBased,-243.9535,0,59,3,224.4257,70,24,,L02,0,0,0,0,132.484,0,0,0
twoway_Rule_vs_Rule_harsh,Rule_vs_Rule,harsh,0.25,0.4,4,46,eval,20,outbound,RuleBased,45.3511,1,13,0,13.8299,11,4,4.1812,L08,1,1,2,0,0,2,1,1
twoway_Rule_vs_Rule_harsh,Rule_vs_Rule,harsh,0.25,0.4,4,46,eval,21,outbound,RuleBased,35.4037,1,13,0,15.2529,10,5,16.5108,L08,1,1,2,0,0,2,1,1
twoway_Rule_vs_Rule_harsh,Rule_vs_Rule,harsh,0.25,0.4,4,46,eval,22,outbound,RuleBased,-243.9752,0,59,3,223.7689,67,25,,L02,0,0,0,0,130,0,0,0
twoway_Rule_vs_Rule_harsh,Rule_vs_Rule,harsh,0.25,0.4,4,46,eval,23,outbound,RuleBased,-244.4587,0,59,3,225.8452,67,25,,L02,0,0,0,0,132.484,0,0,0
twoway_Rule_vs_Rule_harsh,Rule_vs_Rule,harsh,0.25,0.4,4,46,eval,24,outbound,RuleBased,-294.5014,0,59,5,225.907,69,26,,L02,0,0,0,0,130,0,0,0
twoway_Rule_vs_Rule_harsh,Rule_vs_Rule,harsh,0.25,0.4,4,46,eval,25,outbound,RuleBased,-294.1896,0,59,5,224.5394,69,27,,L02,0,0,0,0,130,0,0,0
twoway_Rule_vs_Rule_harsh,Rule_vs_Rule,harsh,0.25,0.4,4,46,eval,26,outbound,RuleBased,-269.9499,0,59,4,228.9884,71,25,,L02,0,0,0,0,130,0,0,0
twoway_Rule_vs_Rule_harsh,Rule_vs_Rule,harsh,0.25,0.4,4,46,eval,27,outbound,RuleBased,-268.3981,0,59,4,222.1906,65,26,,L02,0,0,0,0,132.484,0,0,0
twoway_Rule_vs_Rule_harsh,Rule_vs_Rule,harsh,0.25,0.4,4,46,eval,28,outbound,RuleBased,61.0538,1,13,0,12.1109,10,5,12.4404,L08,1,1,1,1,0,3,1,1
twoway_Rule_vs_Rule_harsh,Rule_vs_Rule,harsh,0.25,0.4,4,46,eval,29,outbound,RuleBased,34.1529,1,11,0,13.4902,6,7,20.1383,L08,1,1,2,0,0,2,1,1
twoway_Rule_vs_Rule_harsh,Rule_vs_Rule,harsh,0.25,0.4,4,46,eval,30,outbound,RuleBased,-219.9117,0,59,2,228.776,63,19,,L02,0,0,0,0,130,0,0,0
twoway_Rule_vs_Rule_harsh,Rule_vs_Rule,harsh,0.25,0.4,5,47,eval,1,inbound,RuleBased,-135.2353,0,59,0,13.4025,81,22,,L08,0,0,0,0,299.4835,0,0,0
twoway_Rule_vs_Rule_harsh,Rule_vs_Rule,harsh,0.25,0.4,5,47,eval,2,inbound,RuleBased,62.3784,1,14,0,11.068,8,9,9.8496,L02,1,1,1,1,0,3,1,1
twoway_Rule_vs_Rule_harsh,Rule_vs_Rule,harsh,0.25,0.4,5,47,eval,3,inbound,RuleBased,11.3677,1,15,1,12.5782,12,4,7.2674,L02,1,1,2,0,0,2,1,1
twoway_Rule_vs_Rule_harsh,Rule_vs_Rule,harsh,0.25,0.4,5,47,eval,4,inbound,RuleBased,50.1392,1,14,0,12.3945,11,4,31.7659,L02,1,1,1,1,0,3,1,1
twoway_Rule_vs_Rule_harsh,Rule_vs_Rule,harsh,0.25,0.4,5,47,eval,5,inbound,RuleBased,-134.8922,0,59,0,13.3531,83,25,,L08,0,0,0,0,299.4835,0,0,0
twoway_Rule_vs_Rule_harsh,Rule_vs_Rule,harsh,0.25,0.4,5,47,eval,6,inbound,RuleBased,-175.8189,0,59,0,108.3884,97,26,,L08,0,0,0,0,299.4835,0,0,0
twoway_Rule_vs_Rule_harsh,Rule_vs_Rule,harsh,0.25,0.4,5,47,eval,7,inbound,RuleBased,-175.9678,0,59,0,108.7019,106,15,,L08,0,0,0,0,299.4835,0,0,0
twoway_Rule_vs_Rule_harsh,Rule_vs_Rule,harsh,0.25,0.4,5,47,eval,8,inbound,RuleBased,-135.1175,0,59,0,12.8808,72,24,,L08,0,0,0,0,299.4835,0,0,0
twoway_Rule_vs_Rule_harsh,Rule_vs_Rule,harsh,0.25,0.4,5,47,eval,9,inbound,RuleBased,-135.8706,0,59,0,12.7479,82,26,,L08,0,0,0,0,302.5372,0,0,0
twoway_Rule_vs_Rule_harsh,Rule_vs_Rule,harsh,0.25,0.4,5,47,eval,10,inbound,RuleBased,-136.5997,0,59,0,14.2753,81,24,,L08,0,0,0,0,302.5372,0,0,0
twoway_Rule_vs_Rule_harsh,Rule_vs_Rule,harsh,0.25,0.4,5,47,eval,11,inbound,RuleBased,62.1041,1,14,0,12.2913,11,7,10.0779,L02,1,1,1,1,0,3,1,1
twoway_Rule_vs_Rule_harsh,Rule_vs_Rule,harsh,0.25,0.4,5,47,eval,12,inbound,RuleBased,51.3138,1,14,0,12.9238,9,10,23.4702,L02,1,1,1,1,0,3,1,1
twoway_Rule_vs_Rule_harsh,Rule_vs_Rule,harsh,0.25,0.4,5,47,eval,13,inbound,RuleBased,36.1706,1,13,0,12.6194,9,7,9.4121,L02,1,1,2,0,0,2,1,1
twoway_Rule_vs_Rule_harsh,Rule_vs_Rule,harsh,0.25,0.4,5,47,eval,14,inbound,RuleBased,-172.7585,0,59,0,108.5757,93,18,,L08,0,0,0,0,299.4835,0,0,0
twoway_Rule_vs_Rule_harsh,Rule_vs_Rule,harsh,0.25,0.4,5,47,eval,15,inbound,RuleBased,-135.6772,0,59,0,14.0339,81,25,,L08,0,0,0,0,299.4835,0,0,0
twoway_Rule_vs_Rule_harsh,Rule_vs_Rule,harsh,0.25,0.4,5,47,eval,16,inbound,RuleBased,65.5628,1,14,0,12.6422,9,8,5.5032,L02,1,1,1,1,0,3,1,1
twoway_Rule_vs_Rule_harsh,Rule_vs_Rule,harsh,0.25,0.4,5,47,eval,17,inbound,RuleBased,-135.51,0,59,0,13.9562,72,28,,L08,0,0,0,0,299.4835,0,0,0
twoway_Rule_vs_Rule_harsh,Rule_vs_Rule,harsh,0.25,0.4,5,47,eval,18,inbound,RuleBased,-135.0284,0,59,0,12.9156,81,21,,L08,0,0,0,0,299.4835,0,0,0
twoway_Rule_vs_Rule_harsh,Rule_vs_Rule,harsh,0.25,0.4,5,47,eval,19,inbound,RuleBased,50.5687,1,14,0,15.1802,10,10,24.1894,L02,1,1,1,1,0,3,1,1
twoway_Rule_vs_Rule_harsh,Rule_vs_Rule,harsh,0.25,0.4,5,47,eval,20,inbound,RuleBased,58.2944,1,14,0,12.5093,6,5,14.8862,L02,1,1,1,1,0,3,1,1
twoway_Rule_vs_Rule_harsh,Rule_vs_Rule,harsh,0.25,0.4,5,47,eval,21,inbound,RuleBased,-136.5478,0,59,0,14.1832,85,29,,L08,0,0,0,0,302.5372,0,0,0
twoway_Rule_vs_Rule_harsh,Rule_vs_Rule,harsh,0.25,0.4,5,47,eval,22,inbound,RuleBased,-172.3987,0,59,0,108.3613,118,27,,L08,0,0,0,0,299.4835,0,0,0
twoway_Rule_vs_Rule_harsh,Rule_vs_Rule,harsh,0.25,0.4,5,47,eval,23,inbound,RuleBased,39.2325,1,13,0,13.2306,8,6,5.6508,L02,1,1,2,0,0,2,1,1
twoway_Rule_vs_Rule_harsh,Rule_vs_Rule,harsh,0.25,0.4,5,47,eval,24,inbound,RuleBased,-222.3528,0,59,2,107.9351,105,25,,L08,0,0,0,0,299.4835,0,0,0
twoway_Rule_vs_Rule_harsh,Rule_vs_Rule,harsh,0.25,0.4,5,47,eval,25,inbound,RuleBased,4.433,1,15,1,11.3732,14,10,16.1383,L02,1,1,2,0,0,2,1,1
twoway_Rule_vs_Rule_harsh,Rule_vs_Rule,harsh,0.25,0.4,5,47,eval,26,inbound,RuleBased,23.6239,1,16,1,13.3187,13,9,25.7557,L02,1,1,1,1,0,3,1,1
twoway_Rule_vs_Rule_harsh,Rule_vs_Rule,harsh,0.25,0.4,5,47,eval,27,inbound,RuleBased,51.3834,1,16,0,13.2336,12,5,21.5518,L02,1,1,1,1,0,3,1,1
twoway_Rule_vs_Rule_harsh,Rule_vs_Rule,harsh,0.25,0.4,5,47,eval,28,inbound,RuleBased,-135.9907,0,59,0,12.2615,68,23,,L08,0,0,0,0,302.5372,0,0,0
twoway_Rule_vs_Rule_harsh,Rule_vs_Rule,harsh,0.25,0.4,5,47,eval,29,inbound,RuleBased,-172.3746,0,59,0,108.163,96,25,,L08,0,0,0,0,299.4835,0,0,0
twoway_Rule_vs_Rule_harsh,Rule_vs_Rule,harsh,0.25,0.4,5,47,eval,30,inbound,RuleBased,66.1039,1,16,0,13.739,15,7,2.9623,L02,1,1,1,1,0,3,1,1
twoway_Rule_vs_Rule_harsh,Rule_vs_Rule,harsh,0.25,0.4,5,47,eval,1,outbound,RuleBased,-166.7256,0,59,0,182.5797,53,22,,L08,0,0,0,0,299.4835,0,0,0
twoway_Rule_vs_Rule_harsh,Rule_vs_Rule,harsh,0.25,0.4,5,47,eval,2,outbound,RuleBased,62.5401,1,14,0,10.8356,11,9,9.8496,L02,1,1,1,1,0,3,1,1
twoway_Rule_vs_Rule_harsh,Rule_vs_Rule,harsh,0.25,0.4,5,47,eval,3,outbound,RuleBased,43.3993,1,12,0,12.2632,7,3,7.7991,L02,1,1,2,0,0,2,1,1
twoway_Rule_vs_Rule_harsh,Rule_vs_Rule,harsh,0.25,0.4,5,47,eval,4,outbound,RuleBased,58.7276,1,13,0,12.3159,11,5,15.4034,L02,1,1,1,1,0,3,1,1
twoway_Rule_vs_Rule_harsh,Rule_vs_Rule,harsh,0.25,0.4,5,47,eval,5,outbound,RuleBased,-166.5484,0,59,0,182.7647,55,25,,L08,0,0,0,0,299.4835,0,0,0
twoway_Rule_vs_Rule_harsh,Rule_vs_Rule,harsh,0.25,0.4,5,47,eval,6,outbound,RuleBased,-166.5239,0,59,0,183.0737,54,23,,L08,0,0,0,0,299.4835,0,0,0
twoway_Rule_vs_Rule_harsh,Rule_vs_Rule,harsh,0.25,0.4,5,47,eval,7,outbound,RuleBased,-166.9162,0,59,0,182.8672,56,16,,L08,0,0,0,0,299.4835,0,0,0
twoway_Rule_vs_Rule_harsh,Rule_vs_Rule,harsh,0.25,0.4,5,47,eval,8,outbound,RuleBased,-166.7647,0,59,0,183.822,48,23,,L08,0,0,0,0,299.4835,0,0,0
twoway_Rule_vs_Rule_harsh,Rule_vs_Rule,harsh,0.25,0.4,5,47,eval,9,outbound,RuleBased,-166.2003,0,59,0,182.2588,56,25,,L08,0,0,0,0,302.5372,0,0,0
twoway_Rule_vs_Rule_harsh,Rule_vs_Rule,harsh,0.25,0.4,5,47,eval,10,outbound,RuleBased,-166.7594,0,59,0,182.5705,49,25,,L08,0,0,0,0,302.5372,0,0,0
twoway_Rule_vs_Rule_harsh,Rule_vs_Rule,harsh,0.25,0.4,5,47,eval,11,outbound,RuleBased,66.7307,1,14,0,11.9731,12,8,4.4349,L02,1,1,1,1,0,3,1,1
twoway_Rule_vs_Rule_harsh,Rule_vs_Rule,harsh,0.25,0.4,5,47,eval,12,outbound,RuleBased,70.4012,1,12,0,12.66,8,8,1.6905,L02,1,1,1,1,0,3,1,1
twoway_Rule_vs_Rule_harsh,Rule_vs_Rule,harsh,0.25,0.4,5,47,eval,13,outbound,RuleBased,39.1953,1,12,0,13.4178,7,7,13.2152,L02,1,1,2,0,0,2,1,1
twoway_Rule_vs_Rule_harsh,Rule_vs_Rule,harsh,0.25,0.4,5,47,eval,14,outbound,RuleBased,-166.5311,0,59,0,182.2196,53,18,,L08,0,0,0,0,299.4835,0,0,0
twoway_Rule_vs_Rule_harsh,Rule_vs_Rule,harsh,0.25,0.4,5,47,eval,15,outbound,RuleBased,-166.5516,0,59,0,182.9498,56,27,,L08,0,0,0,0,299.4835,0,0,0
twoway_Rule_vs_Rule_harsh,Rule_vs_Rule,harsh,0.25,0.4,5,47,eval,16,outbound,RuleBased,63.6899,1,13,0,12.9786,7,6,9.2113,L02,1,1,1,1,0,3,1,1
twoway_Rule_vs_Rule_harsh,Rule_vs_Rule,harsh,0.25,0.4,5,47,eval,17,outbound,RuleBased,-166.2676,0,59,0,181.6142,50,31,,L08,0,0,0,0,299.4835,0,0,0
twoway_Rule_vs_Rule_harsh,Rule_vs_Rule,harsh,0.25,0.4,5,47,eval,18,outbound,RuleBased,-166.4643,0,59,0,182.0262,57,18,,L08,0,0,0,0,299.4835,0,0,0
twoway_Rule_vs_Rule_harsh,Rule_vs_Rule,harsh,0.25,0.4,5,47,eval,19,outbound,RuleBased,71.8884,1,12,0,11.76,8,9,0.0501,L02,1,1,1,1,0,3,1,1
twoway_Rule_vs_Rule_harsh,Rule_vs_Rule,harsh,0.25,0.4,5,47,eval,20,outbound,RuleBased,66.9564,1,12,0,10.7712,6,7,6.0376,L02,1,1,1,1,0,3,1,1
twoway_Rule_vs_Rule_harsh,Rule_vs_Rule,harsh,0.25,0.4,5,47,eval,21,outbound,RuleBased,-166.6376,0,59,0,182.7541,59,25,,L08,0,0,0,0,302.5372,0,0,0
twoway_Rule_vs_Rule_harsh,Rule_vs_Rule,harsh,0.25,0.4,5,47,eval,22,outbound,RuleBased,-166.1517,0,59,0,181.5023,62,29,,L08,0,0,0,0,299.4835,0,0,0
twoway_Rule_vs_Rule_harsh,Rule_vs_Rule,harsh,0.25,0.4,5,47,eval,23,outbound,RuleBased,15.262,1,14,1,11.8895,8,5,9.9271,L02,1,1,2,0,0,2,1,1
twoway_Rule_vs_Rule_harsh,Rule_vs_Rule,harsh,0.25,0.4,5,47,eval,24,outbound,RuleBased,-166.6636,0,59,0,183.5982,54,26,,L08,0,0,0,0,299.4835,0,0,0
twoway_Rule_vs_Rule_harsh,Rule_vs_Rule,harsh,0.25,0.4,5,47,eval,25,outbound,RuleBased,40.33,1,12,0,13.0947,8,6,11.8488,L02,1,1,2,0,0,2,1,1
twoway_Rule_vs_Rule_harsh,Rule_vs_Rule,harsh,0.25,0.4,5,47,eval,26,outbound,RuleBased,71.6558,1,12,0,12.7246,8,8,0.0587,L02,1,1,1,1,0,3,1,1
twoway_Rule_vs_Rule_harsh,Rule_vs_Rule,harsh,0.25,0.4,5,47,eval,27,outbound,RuleBased,64.8978,1,13,0,14.4255,12,9,7.4443,L02,1,1,1,1,0,3,1,1
twoway_Rule_vs_Rule_harsh,Rule_vs_Rule,harsh,0.25,0.4,5,47,eval,28,outbound,RuleBased,-166.7887,0,59,0,183.169,52,22,,L08,0,0,0,0,302.5372,0,0,0
twoway_Rule_vs_Rule_harsh,Rule_vs_Rule,harsh,0.25,0.4,5,47,eval,29,outbound,RuleBased,-166.4834,0,59,0,181.8897,58,25,,L08,0,0,0,0,299.4835,0,0,0
twoway_Rule_vs_Rule_harsh,Rule_vs_Rule,harsh,0.25,0.4,5,47,eval,30,outbound,RuleBased,69.6639,1,12,0,12.6742,7,6,2.6021,L02,1,1,1,1,0,3,1,1
twoway_Rule_vs_Rule_harsh,Rule_vs_Rule,harsh,0.25,0.4,6,48,eval,1,inbound,RuleBased,65.9697,1,16,0,13.267,15,6,2.6899,L02,1,1,1,1,0,3,1,1
twoway_Rule_vs_Rule_harsh,Rule_vs_Rule,harsh,0.25,0.4,6,48,eval,2,inbound,RuleBased,52.8257,1,15,2,10.9955,15,7,5.2248,L08,0,0,0,0,239.7016,0,0,0
twoway_Rule_vs_Rule_harsh,Rule_vs_Rule,harsh,0.25,0.4,6,48,eval,3,inbound,RuleBased,32.6397,1,15,0,13.7047,14,8,11.6211,L02,1,1,2,0,0,2,1,1
twoway_Rule_vs_Rule_harsh,Rule_vs_Rule,harsh,0.25,0.4,6,48,eval,4,inbound,RuleBased,57.9135,1,14,0,14.0321,9,1,14.6639,L02,1,1,1,1,0,3,1,1
twoway_Rule_vs_Rule_harsh,Rule_vs_Rule,harsh,0.25,0.4,6,48,eval,5,inbound,RuleBased,53.3601,1,15,2,12.2782,9,4,4.6189,L08,0,0,0,0,239.7016,0,0,0
twoway_Rule_vs_Rule_harsh,Rule_vs_Rule,harsh,0.25,0.4,6,48,eval,6,inbound,RuleBased,50.3463,1,13,2,15.2164,9,8,10.1352,L08,0,0,0,0,188.1616,0,0,0
twoway_Rule_vs_Rule_harsh,Rule_vs_Rule,harsh,0.25,0.4,6,48,eval,7,inbound,RuleBased,46.5384,1,14,2,12.9641,9,5,14.174,L08,0,0,0,0,219.3749,0,0,0
twoway_Rule_vs_Rule_harsh,Rule_vs_Rule,harsh,0.25,0.4,6,48,eval,8,inbound,RuleBased,57.8039,1,13,2,14.2181,11,6,0.8412,L08,0,0,0,0,188.1616,0,0,0
twoway_Rule_vs_Rule_harsh,Rule_vs_Rule,harsh,0.25,0.4,6,48,eval,9,inbound,RuleBased,56.9054,1,13,2,13.4428,12,7,2.1969,L08,0,0,0,0,188.1616,0,0,0
twoway_Rule_vs_Rule_harsh,Rule_vs_Rule,harsh,0.25,0.4,6,48,eval,10,inbound,RuleBased,64.0557,1,14,0,12.0874,13,8,7.0895,L02,1,1,1,1,0,3,1,1
twoway_Rule_vs_Rule_harsh,Rule_vs_Rule,harsh,0.25,0.4,6,48,eval,11,inbound,RuleBased,61.3375,1,16,0,13.2505,14,3,8.6078,L02,1,1,1,1,0,3,1,1
twoway_Rule_vs_Rule_harsh,Rule_vs_Rule,harsh,0.25,0.4,6,48,eval,12,inbound,RuleBased,36.5988,1,15,0,10.582,6,4,7.1178,L02,1,1,2,0,0,2,1,1
twoway_Rule_vs_Rule_harsh,Rule_vs_Rule,harsh,0.25,0.4,6,48,eval,13,inbound,RuleBased,21.9152,1,15,0,14.2095,12,6,30.4847,L02,1,1,2,0,0,2,1,1
twoway_Rule_vs_Rule_harsh,Rule_vs_Rule,harsh,0.25,0.4,6,48,eval,14,inbound,RuleBased,32.7592,1,17,0,13.372,14,9,9.4635,L02,1,1,2,0,0,2,1,1
twoway_Rule_vs_Rule_harsh,Rule_vs_Rule,harsh,0.25,0.4,6,48,eval,15,inbound,RuleBased,21.7776,1,15,0,14.0003,16,7,31.6509,L02,1,1,2,0,0,2,1,1
twoway_Rule_vs_Rule_harsh,Rule_vs_Rule,harsh,0.25,0.4,6,48,eval,16,inbound,RuleBased,23.5415,1,15,0,11.8949,14,6,22.9725,L02,1,1,2,0,0,2,1,1
twoway_Rule_vs_Rule_harsh,Rule_vs_Rule,harsh,0.25,0.4,6,48,eval,17,inbound,RuleBased,29.6662,1,13,3,13.0879,6,6,5.0464,L08,0,0,0,0,188.1616,0,0,0
twoway_Rule_vs_Rule_harsh,Rule_vs_Rule,harsh,0.25,0.4,6,48,eval,18,inbound,RuleBased,41.0198,1,13,0,12.7251,8,2,3.0757,L02,1,1,2,0,0,2,1,1
twoway_Rule_vs_Rule_harsh,Rule_vs_Rule,harsh,0.25,0.4,6,48,eval,19,inbound,RuleBased,65.9164,1,13,1,12.778,9,2,22.1695,L08,0,0,0,0,188.1616,0,0,0
twoway_Rule_vs_Rule_harsh,Rule_vs_Rule,harsh,0.25,0.4,6,48,eval,20,inbound,RuleBased,29.7857,1,15,3,13.9987,12,4,2.7609,L08,0,0,0,0,239.7016,0,0,0
twoway_Rule_vs_Rule_harsh,Rule_vs_Rule,harsh,0.25,0.4,6,48,eval,21,inbound,RuleBased,38.854,1,15,0,11.7551,12,5,4.0561,L02,1,1,2,0,0,2,1,1
twoway_Rule_vs_Rule_harsh,Rule_vs_Rule,harsh,0.25,0.4,6,48,eval,22,inbound,RuleBased,61.8129,1,14,0,13.4477,10,3,9.6447,L02,1,1,1,1,0,3,1,1
twoway_Rule_vs_Rule_harsh,Rule_vs_Rule,harsh,0.25,0.4,6,48,eval,23,inbound,RuleBased,67.2636,1,14,0,12.0504,9,8,3.111,L02,1,1,1,1,0,3,1,1
twoway_Rule_vs_Rule_harsh,Rule_vs_Rule,harsh,0.25,0.4,6,48,eval,24,inbound,RuleBased,74.6038,1,14,1,14.7749,11,9,10.1332,L08,0,0,0,0,219.3749,0,0,0
twoway_Rule_vs_Rule_harsh,Rule_vs_Rule,harsh,0.25,0.4,6,48,eval,25,inbound,RuleBased,41.5009,1,13,2,13.2997,11,7,21.4716,L08,0,0,0,0,188.1616,0,0,0
twoway_Rule_vs_Rule_harsh,Rule_vs_Rule,harsh,0.25,0.4,6,48,eval,26,inbound,RuleBased,24.1459,1,15,0,13.0925,12,6,22.1878,L02,1,1,2,0,0,2,1,1
twoway_Rule_vs_Rule_harsh,Rule_vs_Rule,harsh,0.25,0.4,6,48,eval,27,inbound,RuleBased,64.6368,1,14,0,12.6386,11,5,6.2086,L02,1,1,1,1,0,3,1,1
twoway_Rule_vs_Rule_harsh,Rule_vs_Rule,harsh,0.25,0.4,6,48,eval,28,inbound,RuleBased,55.9496,1,15,2,12.864,14,7,1.1842,L08,0,0,0,0,239.7016,0,0,0
twoway_Rule_vs_Rule_harsh,Rule_vs_Rule,harsh,0.25,0.4,6,48,eval,29,inbound,RuleBased,30.5478,1,15,0,12.8264,12,4,14.0435,L02,1,1,2,0,0,2,1,1
twoway_Rule_vs_Rule_harsh,Rule_vs_Rule,harsh,0.25,0.4,6,48,eval,30,inbound,RuleBased,45.7328,1,14,2,12.4514,10,8,15.28,L08,0,0,0,0,219.3749,0,0,0
twoway_Rule_vs_Rule_harsh,Rule_vs_Rule,harsh,0.25,0.4,6,48,eval,1,outbound,RuleBased,57.7138,1,12,0,12.6859,8,5,17.2034,L02,1,1,1,1,0,3,1,1
twoway_Rule_vs_Rule_harsh,Rule_vs_Rule,harsh,0.25,0.4,6,48,eval,2,outbound,RuleBased,-189.2217,0,59,0,275.6412,88,20,,L08,0,0,0,0,239.7016,0,0,0
twoway_Rule_vs_Rule_harsh,Rule_vs_Rule,harsh,0.25,0.4,6,48,eval,3,outbound,RuleBased,36.4839,1,11,0,11.0406,5,4,17.4645,L02,1,1,2,0,0,2,1,1
twoway_Rule_vs_Rule_harsh,Rule_vs_Rule,harsh,0.25,0.4,6,48,eval,4,outbound,RuleBased,65.4157,1,12,0,13.7972,8,6,7.6485,L02,1,1,1,1,0,3,1,1
twoway_Rule_vs_Rule_harsh,Rule_vs_Rule,harsh,0.25,0.4,6,48,eval,5,outbound,RuleBased,-189.4909,0,59,0,279.1141,86,26,,L08,0,0,0,0,239.7016,0,0,0
twoway_Rule_vs_Rule_harsh,Rule_vs_Rule,harsh,0.25,0.4,6,48,eval,6,outbound,RuleBased,-188.7983,0,59,0,272.8068,88,20,,L08,0,0,0,0,188.1616,0,0,0
twoway_Rule_vs_Rule_harsh,Rule_vs_Rule,harsh,0.25,0.4,6,48,eval,7,outbound,RuleBased,-188.7864,0,59,0,272.4799,78,22,,L08,0,0,0,0,219.3749,0,0,0
twoway_Rule_vs_Rule_harsh,Rule_vs_Rule,harsh,0.25,0.4,6,48,eval,8,outbound,RuleBased,-189.9899,0,59,0,280.1473,90,13,,L08,0,0,0,0,188.1616,0,0,0
twoway_Rule_vs_Rule_harsh,Rule_vs_Rule,harsh,0.25,0.4,6,48,eval,9,outbound,RuleBased,-189.0312,0,59,0,275.8058,88,30,,L08,0,0,0,0,188.1616,0,0,0
twoway_Rule_vs_Rule_harsh,Rule_vs_Rule,harsh,0.25,0.4,6,48,eval,10,outbound,RuleBased,51.6556,1,14,0,13.6279,12,5,22.86,L02,1,1,1,1,0,3,1,1
twoway_Rule_vs_Rule_harsh,Rule_vs_Rule,harsh,0.25,0.4,6,48,eval,11,outbound,RuleBased,64.0527,1,12,0,11.9146,6,7,9.4064,L02,1,1,1,1,0,3,1,1
twoway_Rule_vs_Rule_harsh,Rule_vs_Rule,harsh,0.25,0.4,6,48,eval,12,outbound,RuleBased,36.796,1,13,0,11.8484,8,3,15.1049,L02,1,1,2,0,0,2,1,1
twoway_Rule_vs_Rule_harsh,Rule_vs_Rule,harsh,0.25,0.4,6,48,eval,13,outbound,RuleBased,47.1231,1,14,0,12.3292,11,5,1.1842,L02,1,1,2,0,0,2,1,1
twoway_Rule_vs_Rule_harsh,Rule_vs_Rule,harsh,0.25,0.4,6,48,eval,14,outbound,RuleBased,45.7171,1,14,0,12.4184,8,9,2.6309,L02,1,1,2,0,0,2,1,1
twoway_Rule_vs_Rule_harsh,Rule_vs_Rule,harsh,0.25,0.4,6,48,eval,15,outbound,RuleBased,45.7032,1,12,0,10.8194,7,3,4.9713,L02,1,1,2,0,0,2,1,1
twoway_Rule_vs_Rule_harsh,Rule_vs_Rule,harsh,0.25,0.4,6,48,eval,16,outbound,RuleBased,43.8636,1,12,0,11.696,10,6,7.1966,L02,1,1,2,0,0,2,1,1
twoway_Rule_vs_Rule_harsh,Rule_vs_Rule,harsh,0.25,0.4,6,48,eval,17,outbound,RuleBased,-188.5778,0,59,0,273.6265,89,28,,L08,0,0,0,0,188.1616,0,0,0
twoway_Rule_vs_Rule_harsh,Rule_vs_Rule,harsh,0.25,0.4,6,48,eval,18,outbound,RuleBased,39.863,1,12,0,13.4265,8,5,11.916,L02,1,1,2,0,0,2,1,1
twoway_Rule_vs_Rule_harsh,Rule_vs_Rule,harsh,0.25,0.4,6,48,eval,19,outbound,RuleBased,-189.2918,0,59,0,275.3536,79,27,,L08,0,0,0,0,188.1616,0,0,0
twoway_Rule_vs_Rule_harsh,Rule_vs_Rule,harsh,0.25,0.4,6,48,eval,20,outbound,RuleBased,-189.149,0,59,0,275.3451,89,24,,L08,0,0,0,0,239.7016,0,0,0
twoway_Rule_vs_Rule_harsh,Rule_vs_Rule,harsh,0.25,0.4,6,48,eval,21,outbound,RuleBased,36.9586,1,13,0,11.4707,10,8,14.899,L02,1,1,2,0,0,2,1,1
twoway_Rule_vs_Rule_harsh,Rule_vs_Rule,harsh,0.25,0.4,6,48,eval,22,outbound,RuleBased,65.591,1,12,0,12.5327,8,6,7.4499,L02,1,1,1,1,0,3,1,1
twoway_Rule_vs_Rule_harsh,Rule_vs_Rule,harsh,0.25,0.4,6,48,eval,23,outbound,RuleBased,67.945,1,11,0,14.738,5,6,5.2999,L02,1,1,1,1,0,3,1,1
twoway_Rule_vs_Rule_harsh,Rule_vs_Rule,harsh,0.25,0.4,6,48,eval,24,outbound,RuleBased,-189.3302,0,59,0,276.6684,80,24,,L08,0,0,0,0,219.3749,0,0,0
twoway_Rule_vs_Rule_harsh,Rule_vs_Rule,harsh,0.25,0.4,6,48,eval,25,outbound,RuleBased,-188.6147,0,59,0,272.2511,94,27,,L08,0,0,0,0,188.1616,0,0,0
twoway_Rule_vs_Rule_harsh,Rule_vs_Rule,harsh,0.25,0.4,6,48,eval,26,outbound,RuleBased,47.6509,1,14,0,13.8789,11,7,0.3021,L02,1,1,2,0,0,2,1,1
twoway_Rule_vs_Rule_harsh,Rule_vs_Rule,harsh,0.25,0.4,6,48,eval,27,outbound,RuleBased,65.8619,1,12,0,15.2839,10,7,7.0408,L02,1,1,1,1,0,3,1,1
twoway_Rule_vs_Rule_harsh,Rule_vs_Rule,harsh,0.25,0.4,6,48,eval,28,outbound,RuleBased,-189.9455,0,59,0,279.8664,93,25,,L08,0,0,0,0,239.7016,0,0,0
twoway_Rule_vs_Rule_harsh,Rule_vs_Rule,harsh,0.25,0.4,6,48,eval,29,outbound,RuleBased,45.3631,1,13,0,11.8336,10,3,4.534,L02,1,1,2,0,0,2,1,1
twoway_Rule_vs_Rule_harsh,Rule_vs_Rule,harsh,0.25,0.4,6,48,eval,30,outbound,RuleBased,-189.1149,0,59,0,274.9259,81,24,,L08,0,0,0,0,219.3749,0,0,0
twoway_Rule_vs_Rule_harsh,Rule_vs_Rule,harsh,0.25,0.4,7,49,eval,1,inbound,RuleBased,-155.1197,0,59,1,12.7158,13,30,,L08,0,0,0,0,113.719,0,0,0
twoway_Rule_vs_Rule_harsh,Rule_vs_Rule,harsh,0.25,0.4,7,49,eval,2,inbound,RuleBased,35.5002,1,15,0,13.7808,14,5,8.2255,L02,1,1,2,0,0,2,1,1
twoway_Rule_vs_Rule_harsh,Rule_vs_Rule,harsh,0.25,0.4,7,49,eval,3,inbound,RuleBased,51.7426,1,16,0,12.3827,12,6,20.8912,L02,1,1,1,1,0,3,1,1
twoway_Rule_vs_Rule_harsh,Rule_vs_Rule,harsh,0.25,0.4,7,49,eval,4,inbound,RuleBased,39.7592,1,15,0,15.1947,14,2,2.8909,L02,1,1,2,0,0,2,1,1
twoway_Rule_vs_Rule_harsh,Rule_vs_Rule,harsh,0.25,0.4,7,49,eval,5,inbound,RuleBased,23.9225,1,13,0,12.8432,8,5,25.0652,L02,1,1,2,0,0,2,1,1
twoway_Rule_vs_Rule_harsh,Rule_vs_Rule,harsh,0.25,0.4,7,49,eval,6,inbound,RuleBased,36.5258,1,15,0,12.0723,13,9,7.3721,L02,1,1,2,0,0,2,1,1
twoway_Rule_vs_Rule_harsh,Rule_vs_Rule,harsh,0.25,0.4,7,49,eval,7,inbound,RuleBased,62.4355,1,14,0,13.5494,13,9,9.2565,L02,1,1,1,1,0,3,1,1
twoway_Rule_vs_Rule_harsh,Rule_vs_Rule,harsh,0.25,0.4,7,49,eval,8,inbound,RuleBased,32.6411,1,15,0,12.2065,12,3,12.2404,L02,1,1,2,0,0,2,1,1
twoway_Rule_vs_Rule_harsh,Rule_vs_Rule,harsh,0.25,0.4,7,49,eval,9,inbound,RuleBased,64.7168,1,14,0,12.5385,11,5,6.6473,L02,1,1,1,1,0,3,1,1
twoway_Rule_vs_Rule_harsh,Rule_vs_Rule,harsh,0.25,0.4,7,49,eval,10,inbound,RuleBased,-156.5547,0,59,1,14.1135,12,23,,L08,0,0,0,0,102.9563,0,0,0
twoway_Rule_vs_Rule_harsh,Rule_vs_Rule,harsh,0.25,0.4,7,49,eval,11,inbound,RuleBased,68.0113,1,14,0,12.8319,10,4,2.3807,L02,1,1,1,1,0,3,1,1
twoway_Rule_vs_Rule_harsh,Rule_vs_Rule,harsh,0.25,0.4,7,49,eval,12,inbound,RuleBased,-154.96,0,59,1,13.043,12,19,,L08,0,0,0,0,113.719,0,0,0
twoway_Rule_vs_Rule_harsh,Rule_vs_Rule,harsh,0.25,0.4,7,49,eval,13,inbound,RuleBased,-129.937,0,59,0,13.0869,11,22,,L08,0,0,0,0,113.719,0,0,0
twoway_Rule_vs_Rule_harsh,Rule_vs_Rule,harsh,0.25,0.4,7,49,eval,14,inbound,RuleBased,-155.5889,0,59,1,14.5575,16,21,,L08,0,0,0,0,102.9563,0,0,0
twoway_Rule_vs_Rule_harsh,Rule_vs_Rule,harsh,0.25,0.4,7,49,eval,15,inbound,RuleBased,61.7298,1,14,0,13.5569,11,7,10.2263,L02,1,1,1,1,0,3,1,1
twoway_Rule_vs_Rule_harsh,Rule_vs_Rule,harsh,0.25,0.4,7,49,eval,16,inbound,RuleBased,37.7475,1,15,0,11.7488,9,6,5.7402,L02,1,1,2,0,0,2,1,1
twoway_Rule_vs_Rule_harsh,Rule_vs_Rule,harsh,0.25,0.4,7,49,eval,17,inbound,RuleBased,-131.8867,0,59,0,12.8336,8,19,,L08,0,0,0,0,102.9563,0,0,0
twoway_Rule_vs_Rule_harsh,Rule_vs_Rule,harsh,0.25,0.4,7,49,eval,18,inbound,RuleBased,-130.868,0,59,0,12.4842,11,19,,L08,0,0,0,0,102.9563,0,0,0
twoway_Rule_vs_Rule_harsh,Rule_vs_Rule,harsh,0.25,0.4,7,49,eval,19,inbound,RuleBased,61.6185,1,14,0,9.3834,8,9,10.8841,L02,1,1,1,1,0,3,1,1
twoway_Rule_vs_Rule_harsh,Rule_vs_Rule,harsh,0.25,0.4,7,49,eval,20,inbound,RuleBased,29.356,1,17,0,13.2504,14,5,14.0892,L02,1,1,2,0,0,2,1,1
twoway_Rule_vs_Rule_harsh,Rule_vs_Rule,harsh,0.25,0.4,7,49,eval,21,inbound,RuleBased,-130.9056,0,59,0,13.1784,9,27,,L08,0,0,0,0,102.9563,0,0,0
twoway_Rule_vs_Rule_harsh,Rule_vs_Rule,harsh,0.25,0.4,7,49,eval,22,inbound,RuleBased,-157.1359,0,59,1,13.1507,8,17,,L08,0,0,0,0,113.719,0,0,0
twoway_Rule_vs_Rule_harsh,Rule_vs_Rule,harsh,0.25,0.4,7,49,eval,23,inbound,RuleBased,-154.5387,0,59,1,13.0021,11,26,,L08,0,0,0,0,113.719,0,0,0
twoway_Rule_vs_Rule_harsh,Rule_vs_Rule,harsh,0.25,0.4,7,49,eval,24,inbound,RuleBased,64.3294,1,16,0,10.4453,10,8,5.445,L02,1,1,1,1,0,3,1,1
twoway_Rule_vs_Rule_harsh,Rule_vs_Rule,harsh,0.25,0.4,7,49,eval,25,inbound,RuleBased,55.9311,1,14,0,12.2254,11,4,17.7512,L02,1,1,1,1,0,3,1,1
twoway_Rule_vs_Rule_harsh,Rule_vs_Rule,harsh,0.25,0.4,7,49,eval,26,inbound,RuleBased,-154.3583,0,59,1,12.104,10,23,,L08,0,0,0,0,113.719,0,0,0
twoway_Rule_vs_Rule_harsh,Rule_vs_Rule,harsh,0.25,0.4,7,49,eval,27,inbound,RuleBased,-157.3338,0,59,1,13.8283,11,29,,L08,0,0,0,0,113.719,0,0,0
twoway_Rule_vs_Rule_harsh,Rule_vs_Rule,harsh,0.25,0.4,7,49,eval,28,inbound,RuleBased,60.6944,1,14,0,14.8296,8,6,11.4488,L02,1,1,1,1,0,3,1,1
twoway_Rule_vs_Rule_harsh,Rule_vs_Rule,harsh,0.25,0.4,7,49,eval,29,inbound,RuleBased,-155.0865,0,59,1,12.8114,12,22,,L08,0,0,0,0,113.719,0,0,0
twoway_Rule_vs_Rule_harsh,Rule_vs_Rule,harsh,0.25,0.4,7,49,eval,30,inbound,RuleBased,42.2871,1,15,0,12.0538,12,7,0.159,L02,1,1,2,0,0,2,1,1
twoway_Rule_vs_Rule_harsh,Rule_vs_Rule,harsh,0.25,0.4,7,49,eval,1,outbound,RuleBased,-171.1985,0,59,0,253.405,59,30,,L08,0,0,0,0,113.719,0,0,0
twoway_Rule_vs_Rule_harsh,Rule_vs_Rule,harsh,0.25,0.4,7,49,eval,2,outbound,RuleBased,47.2557,1,14,0,14.391,12,5,0.7314,L02,1,1,2,0,0,2,1,1
twoway_Rule_vs_Rule_harsh,Rule_vs_Rule,harsh,0.25,0.4,7,49,eval,3,outbound,RuleBased,71.4919,1,11,0,12.0939,4,3,1.0995,L02,1,1,1,1,0,3,1,1
twoway_Rule_vs_Rule_harsh,Rule_vs_Rule,harsh,0.25,0.4,7,49,eval,4,outbound,RuleBased,47.3057,1,12,0,13.0483,8,4,2.8408,L02,1,1,2,0,0,2,1,1
twoway_Rule_vs_Rule_harsh,Rule_vs_Rule,harsh,0.25,0.4,7,49,eval,5,outbound,RuleBased,41.1787,1,13,0,11.3849,9,3,9.6357,L02,1,1,2,0,0,2,1,1
twoway_Rule_vs_Rule_harsh,Rule_vs_Rule,harsh,0.25,0.4,7,49,eval,6,outbound,RuleBased,40.8893,1,12,0,10.5808,9,6,11.1104,L02,1,1,2,0,0,2,1,1
twoway_Rule_vs_Rule_harsh,Rule_vs_Rule,harsh,0.25,0.4,7,49,eval,7,outbound,RuleBased,65.4016,1,13,0,13.2788,13,7,6.7388,L02,1,1,1,1,0,3,1,1
twoway_Rule_vs_Rule_harsh,Rule_vs_Rule,harsh,0.25,0.4,7,49,eval,8,outbound,RuleBased,46.5655,1,11,0,13.0136,8,7,4.7101,L02,1,1,2,0,0,2,1,1
twoway_Rule_vs_Rule_harsh,Rule_vs_Rule,harsh,0.25,0.4,7,49,eval,9,outbound,RuleBased,70.015,1,13,0,13.792,11,3,0.8645,L02,1,1,1,1,0,3,1,1
twoway_Rule_vs_Rule_harsh,Rule_vs_Rule,harsh,0.25,0.4,7,49,eval,10,outbound,RuleBased,-174.14,0,59,0,266.9396,69,23,,L08,0,0,0,0,102.9563,0,0,0
twoway_Rule_vs_Rule_harsh,Rule_vs_Rule,harsh,0.25,0.4,7,49,eval,11,outbound,RuleBased,66.2165,1,12,0,13.8964,9,3,6.648,L02,1,1,1,1,0,3,1,1
twoway_Rule_vs_Rule_harsh,Rule_vs_Rule,harsh,0.25,0.4,7,49,eval,12,outbound,RuleBased,-171.086,0,59,0,255.0823,60,21,,L08,0,0,0,0,113.719,0,0,0
twoway_Rule_vs_Rule_harsh,Rule_vs_Rule,harsh,0.25,0.4,7,49,eval,13,outbound,RuleBased,-172.127,0,59,0,258.7856,65,19,,L08,0,0,0,0,113.719,0,0,0
twoway_Rule_vs_Rule_harsh,Rule_vs_Rule,harsh,0.25,0.4,7,49,eval,14,outbound,RuleBased,-176.3709,0,59,0,269.7758,67,21,,L08,0,0,0,0,102.9563,0,0,0
twoway_Rule_vs_Rule_harsh,Rule_vs_Rule,harsh,0.25,0.4,7,49,eval,15,outbound,RuleBased,64.7922,1,14,0,13.4743,13,6,6.6223,L02,1,1,1,1,0,3,1,1
twoway_Rule_vs_Rule_harsh,Rule_vs_Rule,harsh,0.25,0.4,7,49,eval,16,outbound,RuleBased,36.371,1,14,0,13.047,11,8,14.7552,L02,1,1,2,0,0,2,1,1
twoway_Rule_vs_Rule_harsh,Rule_vs_Rule,harsh,0.25,0.4,7,49,eval,17,outbound,RuleBased,-175.7612,0,59,0,268.7045,62,21,,L08,0,0,0,0,102.9563,0,0,0
twoway_Rule_vs_Rule_harsh,Rule_vs_Rule,harsh,0.25,0.4,7,49,eval,18,outbound,RuleBased,-170.6609,0,59,0,252.6393,59,20,,L08,0,0,0,0,102.9563,0,0,0
twoway_Rule_vs_Rule_harsh,Rule_vs_Rule,harsh,0.25,0.4,7,49,eval,19,outbound,RuleBased,70.7023,1,13,0,12.013,9,4,0.1301,L02,1,1,1,1,0,3,1,1
twoway_Rule_vs_Rule_harsh,Rule_vs_Rule,harsh,0.25,0.4,7,49,eval,20,outbound,RuleBased,49.9791,1,11,0,13.3541,7,3,0.4206,L02,1,1,2,0,0,2,1,1
twoway_Rule_vs_Rule_harsh,Rule_vs_Rule,harsh,0.25,0.4,7,49,eval,21,outbound,RuleBased,-170.821,0,59,0,253.5494,62,27,,L08,0,0,0,0,102.9563,0,0,0
twoway_Rule_vs_Rule_harsh,Rule_vs_Rule,harsh,0.25,0.4,7,49,eval,22,outbound,RuleBased,-170.7901,0,59,0,253.2176,61,22,,L08,0,0,0,0,113.719,0,0,0
twoway_Rule_vs_Rule_harsh,Rule_vs_Rule,harsh,0.25,0.4,7,49,eval,23,outbound,RuleBased,-172.1682,0,59,0,258.7295,58,17,,L08,0,0,0,0,113.719,0,0,0
twoway_Rule_vs_Rule_harsh,Rule_vs_Rule,harsh,0.25,0.4,7,49,eval,24,outbound,RuleBased,65.4087,1,13,0,10.9557,7,6,6.8765,L02,1,1,1,1,0,3,1,1
twoway_Rule_vs_Rule_harsh,Rule_vs_Rule,harsh,0.25,0.4,7,49,eval,25,outbound,RuleBased,69.7317,1,13,0,13.011,10,9,1.3059,L02,1,1,1,1,0,3,1,1
twoway_Rule_vs_Rule_harsh,Rule_vs_Rule,harsh,0.25,0.4,7,49,eval,26,outbound,RuleBased,-174.2326,0,59,0,266.9056,62,25,,L08,0,0,0,0,113.719,0,0,0
twoway_Rule_vs_Rule_harsh,Rule_vs_Rule,harsh,0.25,0.4,7,49,eval,27,outbound,RuleBased,-170.7208,0,59,0,252.7128,67,26,,L08,0,0,0,0,113.719,0,0,0
twoway_Rule_vs_Rule_harsh,Rule_vs_Rule,harsh,0.25,0.4,7,49,eval,28,outbound,RuleBased,58.1697,1,12,0,15.4237,11,5,16.7178,L02,1,1,1,1,0,3,1,1
twoway_Rule_vs_Rule_harsh,Rule_vs_Rule,harsh,0.25,0.4,7,49,eval,29,outbound,RuleBased,-173.8236,0,59,0,265.7207,68,23,,L08,0,0,0,0,113.719,0,0,0
twoway_Rule_vs_Rule_harsh,Rule_vs_Rule,harsh,0.25,0.4,7,49,eval,30,outbound,RuleBased,39.4068,1,14,0,13.2062,11,5,10.5987,L02,1,1,2,0,0,2,1,1
twoway_DQN_vs_Rule_clean,DQN_vs_Rule,clean,0,0,0,42,eval,1,inbound,DQN,-224.004,0,59,0,0,0,0,,L08,1,1,3,0,0,3,1,1
twoway_DQN_vs_Rule_clean,DQN_vs_Rule,clean,0,0,0,42,eval,2,inbound,DQN,-226.16,0,59,0,0,0,0,,L08,1,1,3,0,0,3,1,1
twoway_DQN_vs_Rule_clean,DQN_vs_Rule,clean,0,0,0,42,eval,3,inbound,DQN,-183.3146,0,59,0,228.1748,0,0,,L02,0,0,0,0,289.1099,0,0,0
twoway_DQN_vs_Rule_clean,DQN_vs_Rule,clean,0,0,0,42,eval,4,inbound,DQN,-186.2701,0,59,0,251.0073,0,0,,L02,0,0,0,0,274.8444,0,0,0
twoway_DQN_vs_Rule_clean,DQN_vs_Rule,clean,0,0,0,42,eval,5,inbound,DQN,-182.1207,0,59,0,223.0723,0,0,,L02,0,0,0,0,279.646,0,0,0
twoway_DQN_vs_Rule_clean,DQN_vs_Rule,clean,0,0,0,42,eval,6,inbound,DQN,-226.16,0,59,0,0,0,0,,L08,1,1,3,0,0,3,1,1
twoway_DQN_vs_Rule_clean,DQN_vs_Rule,clean,0,0,0,42,eval,7,inbound,DQN,-178.868,0,59,0,0,0,0,,L08,1,1,1,1,0,5,3,1
twoway_DQN_vs_Rule_clean,DQN_vs_Rule,clean,0,0,0,42,eval,8,inbound,DQN,-228.222,0,59,0,0,0,0,,L08,1,1,3,0,0,3,1,1
twoway_DQN_vs_Rule_clean,DQN_vs_Rule,clean,0,0,0,42,eval,9,inbound,DQN,-124.712,0,59,0,0,0,0,,L02,0,0,0,0,200.1605,0,0,0
twoway_DQN_vs_Rule_clean,DQN_vs_Rule,clean,0,0,0,42,eval,10,inbound,DQN,-228.222,0,59,0,0,0,0,,L08,1,1,3,0,0,3,1,1
twoway_DQN_vs_Rule_clean,DQN_vs_Rule,clean,0,0,0,42,eval,11,inbound,DQN,-179.5869,0,59,0,203.9188,0,0,,L02,0,0,0,0,292.942,0,0,0
twoway_DQN_vs_Rule_clean,DQN_vs_Rule,clean,0,0,0,42,eval,12,inbound,DQN,-228.222,0,59,0,0,0,0,,L08,1,1,3,0,0,3,1,1
twoway_DQN_vs_Rule_clean,DQN_vs_Rule,clean,0,0,0,42,eval,13,inbound,DQN,-178.868,0,59,0,0,0,0,,L08,1,1,1,1,0,5,3,1
twoway_DQN_vs_Rule_clean,DQN_vs_Rule,clean,0,0,0,42,eval,14,inbound,DQN,-187.1043,0,59,0,254.0646,0,0,,L02,0,0,0,0,292.942,0,0,0
twoway_DQN_vs_Rule_clean,DQN_vs_Rule,clean,0,0,0,42,eval,15,inbound,DQN,-182.1207,0,59,0,223.0723,0,0,,L02,0,0,0,0,279.646,0,0,0
twoway_DQN_vs_Rule_clean,DQN_vs_Rule,clean,0,0,0,42,eval,16,inbound,DQN,-224.004,0,59,0,0,0,0,,L08,1,1,3,0,0,3,1,1
twoway_DQN_vs_Rule_clean,DQN_vs_Rule,clean,0,0,0,42,eval,17,inbound,DQN,-178.7505,0,59,0,200.8548,0,0,,L02,0,0,0,0,274.8444,0,0,0
twoway_DQN_vs_Rule_clean,DQN_vs_Rule,clean,0,0,0,42,eval,18,inbound,DQN,-226.16,0,59,0,0,0,0,,L08,1,1,3,0,0,3,1,1
twoway_DQN_vs_Rule_clean,DQN_vs_Rule,clean,0,0,0,42,eval,19,inbound,DQN,-224.004,0,59,0,0,0,0,,L08,1,1,3,0,0,3,1,1
twoway_DQN_vs_Rule_clean,DQN_vs_Rule,clean,0,0,0,42,eval,20,inbound,DQN,-183.3146,0,59,0,228.1748,0,0,,L02,0,0,0,0,289.1099,0,0,0
twoway_DQN_vs_Rule_clean,DQN_vs_Rule,clean,0,0,0,42,eval,21,inbound,DQN,-224.772,0,59,0,0,0,0,,L08,1,1,3,0,0,3,1,1
twoway_DQN_vs_Rule_clean,DQN_vs_Rule,clean,0,0,0,42,eval,22,inbound,DQN,-228.222,0,59,0,0,0,0,,L08,1,1,3,0,0,3,1,1
twoway_DQN_vs_Rule_clean,DQN_vs_Rule,clean,0,0,0,42,eval,23,inbound,DQN,-186.2701,0,59,0,251.0073,0,0,,L02,0,0,0,0,274.8444,0,0,0
twoway_DQN_vs_Rule_clean,DQN_vs_Rule,clean,0,0,0,42,eval,24,inbound,DQN,-226.834,0,59,0,0,0,0,,L08,1,1,3,0,0,3,1,1
twoway_DQN_vs_Rule_clean,DQN_vs_Rule,clean,0,0,0,42,eval,25,inbound,DQN,-179.5869,0,59,0,203.9188,0,0,,L02,0,0,0,0,292.942,0,0,0
twoway_DQN_vs_Rule_clean,DQN_vs_Rule,clean,0,0,0,42,eval,26,inbound,DQN,-178.868,0,59,0,0,0,0,,L08,1,1,1,1,0,5,3,1
twoway_DQN_vs_Rule_clean,DQN_vs_Rule,clean,0,0,0,42,eval,27,inbound,DQN,-224.004,0,59,0,0,0,0,,L08,1,1,3,0,0,3,1,1
twoway_DQN_vs_Rule_clean,DQN_vs_Rule,clean,0,0,0,42,eval,28,inbound,DQN,-124.712,0,59,0,0,0,0,,L02,0,0,0,0,200.1605,0,0,0
twoway_DQN_vs_Rule_clean,DQN_vs_Rule,clean,0,0,0,42,eval,29,inbound,DQN,-226.834,0,59,0,0,0,0,,L08,1,1,3,0,0,3,1,1
twoway_DQN_vs_Rule_clean,DQN_vs_Rule,clean,0,0,0,42,eval,30,inbound,DQN,-226.066,0,59,0,0,0,0,,L08,1,1,3,0,0,3,1,1
twoway_DQN_vs_Rule_clean,DQN_vs_Rule,clean,0,0,0,42,eval,1,outbound,RuleBased,20.818,1,11,0,0,0,0,0,L08,1,1,3,0,0,3,1,1
twoway_DQN_vs_Rule_clean,DQN_vs_Rule,clean,0,0,0,42,eval,2,outbound,RuleBased,19.197,1,13,0,0,0,0,0,L08,1,1,3,0,0,3,1,1
twoway_DQN_vs_Rule_clean,DQN_vs_Rule,clean,0,0,0,42,eval,3,outbound,RuleBased,-195.204,0,59,0,321.8508,0,0,,L02,0,0,0,0,289.1099,0,0,0
twoway_DQN_vs_Rule_clean,DQN_vs_Rule,clean,0,0,0,42,eval,4,outbound,RuleBased,-175.5727,0,59,0,315.0692,0,0,,L02,0,0,0,0,274.8444,0,0,0
twoway_DQN_vs_Rule_clean,DQN_vs_Rule,clean,0,0,0,42,eval,5,outbound,RuleBased,-174.1292,0,59,0,306.1136,0,0,,L02,0,0,0,0,279.646,0,0,0
twoway_DQN_vs_Rule_clean,DQN_vs_Rule,clean,0,0,0,42,eval,6,outbound,RuleBased,19.197,1,13,0,0,0,0,0,L08,1,1,3,0,0,3,1,1
twoway_DQN_vs_Rule_clean,DQN_vs_Rule,clean,0,0,0,42,eval,7,outbound,RuleBased,61.818,1,11,0,0,0,0,0,L08,1,1,1,1,0,5,3,1
twoway_DQN_vs_Rule_clean,DQN_vs_Rule,clean,0,0,0,42,eval,8,outbound,RuleBased,19.197,1,13,0,0,0,0,0,L08,1,1,3,0,0,3,1,1
twoway_DQN_vs_Rule_clean,DQN_vs_Rule,clean,0,0,0,42,eval,9,outbound,RuleBased,-195.204,0,59,0,321.8508,0,0,,L02,0,0,0,0,200.1605,0,0,0
twoway_DQN_vs_Rule_clean,DQN_vs_Rule,clean,0,0,0,42,eval,10,outbound,RuleBased,19.197,1,13,0,0,0,0,0,L08,1,1,3,0,0,3,1,1
twoway_DQN_vs_Rule_clean,DQN_vs_Rule,clean,0,0,0,42,eval,11,outbound,RuleBased,-195.204,0,59,0,321.8508,0,0,,L02,0,0,0,0,292.942,0,0,0
twoway_DQN_vs_Rule_clean,DQN_vs_Rule,clean,0,0,0,42,eval,12,outbound,RuleBased,19.197,1,13,0,0,0,0,0,L08,1,1,3,0,0,3,1,1
twoway_DQN_vs_Rule_clean,DQN_vs_Rule,clean,0,0,0,42,eval,13,outbound,RuleBased,61.818,1,11,0,0,0,0,0,L08,1,1,1,1,0,5,3,1
twoway_DQN_vs_Rule_clean,DQN_vs_Rule,clean,0,0,0,42,eval,14,outbound,RuleBased,-195.204,0,59,0,321.8508,0,0,,L02,0,0,0,0,292.942,0,0,0
twoway_DQN_vs_Rule_clean,DQN_vs_Rule,clean,0,0,0,42,eval,15,outbound,RuleBased,-174.1292,0,59,0,306.1136,0,0,,L02,0,0,0,0,279.646,0,0,0
twoway_DQN_vs_Rule_clean,DQN_vs_Rule,clean,0,0,0,42,eval,16,outbound,RuleBased,20.818,1,11,0,0,0,0,0,L08,1,1,3,0,0,3,1,1
twoway_DQN_vs_Rule_clean,DQN_vs_Rule,clean,0,0,0,42,eval,17,outbound,RuleBased,-174.1292,0,59,0,306.1136,0,0,,L02,0,0,0,0,274.8444,0,0,0
twoway_DQN_vs_Rule_clean,DQN_vs_Rule,clean,0,0,0,42,eval,18,outbound,RuleBased,19.197,1,13,0,0,0,0,0,L08,1,1,3,0,0,3,1,1
twoway_DQN_vs_Rule_clean,DQN_vs_Rule,clean,0,0,0,42,eval,19,outbound,RuleBased,20.818,1,11,0,0,0,0,0,L08,1,1,3,0,0,3,1,1
twoway_DQN_vs_Rule_clean,DQN_vs_Rule,clean,0,0,0,42,eval,20,outbound,RuleBased,-193.515,0,59,0,311.5426,0,0,,L02,0,0,0,0,289.1099,0,0,0
twoway_DQN_vs_Rule_clean,DQN_vs_Rule,clean,0,0,0,42,eval,21,outbound,RuleBased,19.969,1,12,0,0,0,0,0,L08,1,1,3,0,0,3,1,1
twoway_DQN_vs_Rule_clean,DQN_vs_Rule,clean,0,0,0,42,eval,22,outbound,RuleBased,19.197,1,13,0,0,0,0,0,L08,1,1,3,0,0,3,1,1
twoway_DQN_vs_Rule_clean,DQN_vs_Rule,clean,0,0,0,42,eval,23,outbound,RuleBased,-174.1292,0,59,0,306.1136,0,0,,L02,0,0,0,0,274.8444,0,0,0
twoway_DQN_vs_Rule_clean,DQN_vs_Rule,clean,0,0,0,42,eval,24,outbound,RuleBased,19.969,1,12,0,0,0,0,0,L08,1,1,3,0,0,3,1,1
twoway_DQN_vs_Rule_clean,DQN_vs_Rule,clean,0,0,0,42,eval,25,outbound,RuleBased,-193.515,0,59,0,311.5426,0,0,,L02,0,0,0,0,292.942,0,0,0
twoway_DQN_vs_Rule_clean,DQN_vs_Rule,clean,0,0,0,42,eval,26,outbound,RuleBased,61.818,1,11,0,0,0,0,0,L08,1,1,1,1,0,5,3,1
twoway_DQN_vs_Rule_clean,DQN_vs_Rule,clean,0,0,0,42,eval,27,outbound,RuleBased,20.818,1,11,0,0,0,0,0,L08,1,1,3,0,0,3,1,1
twoway_DQN_vs_Rule_clean,DQN_vs_Rule,clean,0,0,0,42,eval,28,outbound,RuleBased,-174.1292,0,59,0,306.1136,0,0,,L02,0,0,0,0,200.1605,0,0,0
twoway_DQN_vs_Rule_clean,DQN_vs_Rule,clean,0,0,0,42,eval,29,outbound,RuleBased,19.969,1,12,0,0,0,0,0,L08,1,1,3,0,0,3,1,1
twoway_DQN_vs_Rule_clean,DQN_vs_Rule,clean,0,0,0,42,eval,30,outbound,RuleBased,20.818,1,11,0,0,0,0,0,L08,1,1,3,0,0,3,1,1
twoway_DQN_vs_Rule_clean,DQN_vs_Rule,clean,0,0,1,43,eval,1,inbound,DQN,-185.8087,0,59,0,235.7543,0,0,,L02,0,0,0,0,454.7663,0,0,0
twoway_DQN_vs_Rule_clean,DQN_vs_Rule,clean,0,0,1,43,eval,2,inbound,DQN,-189.5165,0,59,0,259.0025,0,0,,L02,0,0,0,0,425.4585,0,0,0
twoway_DQN_vs_Rule_clean,DQN_vs_Rule,clean,0,0,1,43,eval,3,inbound,DQN,-222.8493,0,59,1,296.1731,0,0,,L08,0,0,0,0,455.0625,0,0,0
twoway_DQN_vs_Rule_clean,DQN_vs_Rule,clean,0,0,1,43,eval,4,inbound,DQN,-227.2648,0,59,1,324.0014,0,0,,L08,0,0,0,0,422.9297,0,0,0
twoway_DQN_vs_Rule_clean,DQN_vs_Rule,clean,0,0,1,43,eval,5,inbound,DQN,-227.2648,0,59,1,324.0014,0,0,,L08,0,0,0,0,422.9297,0,0,0
twoway_DQN_vs_Rule_clean,DQN_vs_Rule,clean,0,0,1,43,eval,6,inbound,DQN,-185.8087,0,59,0,235.7543,0,0,,L02,0,0,0,0,454.7663,0,0,0
twoway_DQN_vs_Rule_clean,DQN_vs_Rule,clean,0,0,1,43,eval,7,inbound,DQN,-222.8493,0,59,1,296.1731,0,0,,L08,0,0,0,0,455.0625,0,0,0
twoway_DQN_vs_Rule_clean,DQN_vs_Rule,clean,0,0,1,43,eval,8,inbound,DQN,-218.1893,0,59,1,267.6739,0,0,,L08,0,0,0,0,487.055,0,0,0
twoway_DQN_vs_Rule_clean,DQN_vs_Rule,clean,0,0,1,43,eval,9,inbound,DQN,-189.5165,0,59,0,259.0025,0,0,,L02,0,0,0,0,425.4585,0,0,0
twoway_DQN_vs_Rule_clean,DQN_vs_Rule,clean,0,0,1,43,eval,10,inbound,DQN,-227.2648,0,59,1,324.0014,0,0,,L08,0,0,0,0,422.9297,0,0,0
twoway_DQN_vs_Rule_clean,DQN_vs_Rule,clean,0,0,1,43,eval,11,inbound,DQN,-227.2648,0,59,1,324.0014,0,0,,L08,0,0,0,0,422.9297,0,0,0
twoway_DQN_vs_Rule_clean,DQN_vs_Rule,clean,0,0,1,43,eval,12,inbound,DQN,-189.5165,0,59,0,259.0025,0,0,,L02,0,0,0,0,425.4585,0,0,0
twoway_DQN_vs_Rule_clean,DQN_vs_Rule,clean,0,0,1,43,eval,13,inbound,DQN,-227.2648,0,59,1,324.0014,0,0,,L08,0,0,0,0,422.9297,0,0,0
twoway_DQN_vs_Rule_clean,DQN_vs_Rule,clean,0,0,1,43,eval,14,inbound,DQN,-227.2648,0,59,1,324.0014,0,0,,L08,0,0,0,0,422.9297,0,0,0
twoway_DQN_vs_Rule_clean,DQN_vs_Rule,clean,0,0,1,43,eval,15,inbound,DQN,-227.2648,0,59,1,324.0014,0,0,,L08,0,0,0,0,422.9297,0,0,0
twoway_DQN_vs_Rule_clean,DQN_vs_Rule,clean,0,0,1,43,eval,16,inbound,DQN,-185.8087,0,59,0,235.7543,0,0,,L02,0,0,0,0,454.7663,0,0,0
twoway_DQN_vs_Rule_clean,DQN_vs_Rule,clean,0,0,1,43,eval,17,inbound,DQN,-177.1125,0,59,0,183.587,0,0,,L02,0,0,0,0,512.9955,0,0,0
twoway_DQN_vs_Rule_clean,DQN_vs_Rule,clean,0,0,1,43,eval,18,inbound,DQN,-222.8493,0,59,1,296.1731,0,0,,L08,0,0,0,0,455.0625,0,0,0
twoway_DQN_vs_Rule_clean,DQN_vs_Rule,clean,0,0,1,43,eval,19,inbound,DQN,-222.8493,0,59,1,296.1731,0,0,,L08,0,0,0,0,455.0625,0,0,0
twoway_DQN_vs_Rule_clean,DQN_vs_Rule,clean,0,0,1,43,eval,20,inbound,DQN,-181.4033,0,59,0,207.8451,0,0,,L02,0,0,0,0,483.9396,0,0,0
twoway_DQN_vs_Rule_clean,DQN_vs_Rule,clean,0,0,1,43,eval,21,inbound,DQN,-227.2648,0,59,1,324.0014,0,0,,L08,0,0,0,0,422.9297,0,0,0
twoway_DQN_vs_Rule_clean,DQN_vs_Rule,clean,0,0,1,43,eval,22,inbound,DQN,-185.8087,0,59,0,235.7543,0,0,,L02,0,0,0,0,454.7663,0,0,0
twoway_DQN_vs_Rule_clean,DQN_vs_Rule,clean,0,0,1,43,eval,23,inbound,DQN,-181.4033,0,59,0,207.8451,0,0,,L02,0,0,0,0,483.9396,0,0,0
twoway_DQN_vs_Rule_clean,DQN_vs_Rule,clean,0,0,1,43,eval,24,inbound,DQN,-222.8493,0,59,1,296.1731,0,0,,L08,0,0,0,0,455.0625,0,0,0
twoway_DQN_vs_Rule_clean,DQN_vs_Rule,clean,0,0,1,43,eval,25,inbound,DQN,-227.2648,0,59,1,324.0014,0,0,,L08,0,0,0,0,422.9297,0,0,0
twoway_DQN_vs_Rule_clean,DQN_vs_Rule,clean,0,0,1,43,eval,26,inbound,DQN,-227.2648,0,59,1,324.0014,0,0,,L08,0,0,0,0,422.9297,0,0,0
twoway_DQN_vs_Rule_clean,DQN_vs_Rule,clean,0,0,1,43,eval,27,inbound,DQN,-222.8493,0,59,1,296.1731,0,0,,L08,0,0,0,0,455.0625,0,0,0
twoway_DQN_vs_Rule_clean,DQN_vs_Rule,clean,0,0,1,43,eval,28,inbound,DQN,-189.5165,0,59,0,259.0025,0,0,,L02,0,0,0,0,425.4585,0,0,0
twoway_DQN_vs_Rule_clean,DQN_vs_Rule,clean,0,0,1,43,eval,29,inbound,DQN,-189.5165,0,59,0,259.0025,0,0,,L02,0,0,0,0,425.4585,0,0,0
twoway_DQN_vs_Rule_clean,DQN_vs_Rule,clean,0,0,1,43,eval,30,inbound,DQN,-185.8087,0,59,0,235.7543,0,0,,L02,0,0,0,0,454.7663,0,0,0
twoway_DQN_vs_Rule_clean,DQN_vs_Rule,clean,0,0,1,43,eval,1,outbound,RuleBased,-114.549,0,59,0,0,0,0,,L02,0,0,0,0,454.7663,0,0,0
twoway_DQN_vs_Rule_clean,DQN_vs_Rule,clean,0,0,1,43,eval,2,outbound,RuleBased,-114.549,0,59,0,0,0,0,,L02,0,0,0,0,425.4585,0,0,0
twoway_DQN_vs_Rule_clean,DQN_vs_Rule,clean,0,0,1,43,eval,3,outbound,RuleBased,-114.549,0,59,0,0,0,0,,L08,0,0,0,0,455.0625,0,0,0
twoway_DQN_vs_Rule_clean,DQN_vs_Rule,clean,0,0,1,43,eval,4,outbound,RuleBased,-114.549,0,59,0,0,0,0,,L08,0,0,0,0,422.9297,0,0,0
twoway_DQN_vs_Rule_clean,DQN_vs_Rule,clean,0,0,1,43,eval,5,outbound,RuleBased,-114.549,0,59,0,0,0,0,,L08,0,0,0,0,422.9297,0,0,0
twoway_DQN_vs_Rule_clean,DQN_vs_Rule,clean,0,0,1,43,eval,6,outbound,RuleBased,-114.549,0,59,0,0,0,0,,L02,0,0,0,0,454.7663,0,0,0
twoway_DQN_vs_Rule_clean,DQN_vs_Rule,clean,0,0,1,43,eval,7,outbound,RuleBased,-114.549,0,59,0,0,0,0,,L08,0,0,0,0,455.0625,0,0,0
twoway_DQN_vs_Rule_clean,DQN_vs_Rule,clean,0,0,1,43,eval,8,outbound,RuleBased,-114.549,0,59,0,0,0,0,,L08,0,0,0,0,487.055,0,0,0
twoway_DQN_vs_Rule_clean,DQN_vs_Rule,clean,0,0,1,43,eval,9,outbound,RuleBased,-114.549,0,59,0,0,0,0,,L02,0,0,0,0,425.4585,0,0,0
twoway_DQN_vs_Rule_clean,DQN_vs_Rule,clean,0,0,1,43,eval,10,outbound,RuleBased,-114.549,0,59,0,0,0,0,,L08,0,0,0,0,422.9297,0,0,0
twoway_DQN_vs_Rule_clean,DQN_vs_Rule,clean,0,0,1,43,eval,11,outbound,RuleBased,-114.549,0,59,0,0,0,0,,L08,0,0,0,0,422.9297,0,0,0
twoway_DQN_vs_Rule_clean,DQN_vs_Rule,clean,0,0,1,43,eval,12,outbound,RuleBased,-114.549,0,59,0,0,0,0,,L02,0,0,0,0,425.4585,0,0,0
twoway_DQN_vs_Rule_clean,DQN_vs_Rule,clean,0,0,1,43,eval,13,outbound,RuleBased,-114.549,0,59,0,0,0,0,,L08,0,0,0,0,422.9297,0,0,0
twoway_DQN_vs_Rule_clean,DQN_vs_Rule,clean,0,0,1,43,eval,14,outbound,RuleBased,-114.549,0,59,0,0,0,0,,L08,0,0,0,0,422.9297,0,0,0
twoway_DQN_vs_Rule_clean,DQN_vs_Rule,clean,0,0,1,43,eval,15,outbound,RuleBased,-114.549,0,59,0,0,0,0,,L08,0,0,0,0,422.9297,0,0,0
twoway_DQN_vs_Rule_clean,DQN_vs_Rule,clean,0,0,1,43,eval,16,outbound,RuleBased,-114.549,0,59,0,0,0,0,,L02,0,0,0,0,454.7663,0,0,0
twoway_DQN_vs_Rule_clean,DQN_vs_Rule,clean,0,0,1,43,eval,17,outbound,RuleBased,-114.549,0,59,0,0,0,0,,L02,0,0,0,0,512.9955,0,0,0
twoway_DQN_vs_Rule_clean,DQN_vs_Rule,clean,0,0,1,43,eval,18,outbound,RuleBased,-114.549,0,59,0,0,0,0,,L08,0,0,0,0,455.0625,0,0,0
twoway_DQN_vs_Rule_clean,DQN_vs_Rule,clean,0,0,1,43,eval,19,outbound,RuleBased,-114.549,0,59,0,0,0,0,,L08,0,0,0,0,455.0625,0,0,0
twoway_DQN_vs_Rule_clean,DQN_vs_Rule,clean,0,0,1,43,eval,20,outbound,RuleBased,-114.549,0,59,0,0,0,0,,L02,0,0,0,0,483.9396,0,0,0
twoway_DQN_vs_Rule_clean,DQN_vs_Rule,clean,0,0,1,43,eval,21,outbound,RuleBased,-114.549,0,59,0,0,0,0,,L08,0,0,0,0,422.9297,0,0,0
twoway_DQN_vs_Rule_clean,DQN_vs_Rule,clean,0,0,1,43,eval,22,outbound,RuleBased,-114.549,0,59,0,0,0,0,,L02,0,0,0,0,454.7663,0,0,0
twoway_DQN_vs_Rule_clean,DQN_vs_Rule,clean,0,0,1,43,eval,23,outbound,RuleBased,-114.549,0,59,0,0,0,0,,L02,0,0,0,0,483.9396,0,0,0
twoway_DQN_vs_Rule_clean,DQN_vs_Rule,clean,0,0,1,43,eval,24,outbound,RuleBased,-114.549,0,59,0,0,0,0,,L08,0,0,0,0,455.0625,0,0,0
twoway_DQN_vs_Rule_clean,DQN_vs_Rule,clean,0,0,1,43,eval,25,outbound,RuleBased,-114.549,0,59,0,0,0,0,,L08,0,0,0,0,422.9297,0,0,0
twoway_DQN_vs_Rule_clean,DQN_vs_Rule,clean,0,0,1,43,eval,26,outbound,RuleBased,-114.549,0,59,0,0,0,0,,L08,0,0,0,0,422.9297,0,0,0
twoway_DQN_vs_Rule_clean,DQN_vs_Rule,clean,0,0,1,43,eval,27,outbound,RuleBased,-114.549,0,59,0,0,0,0,,L08,0,0,0,0,455.0625,0,0,0
twoway_DQN_vs_Rule_clean,DQN_vs_Rule,clean,0,0,1,43,eval,28,outbound,RuleBased,-114.549,0,59,0,0,0,0,,L02,0,0,0,0,425.4585,0,0,0
twoway_DQN_vs_Rule_clean,DQN_vs_Rule,clean,0,0,1,43,eval,29,outbound,RuleBased,-114.549,0,59,0,0,0,0,,L02,0,0,0,0,425.4585,0,0,0
twoway_DQN_vs_Rule_clean,DQN_vs_Rule,clean,0,0,1,43,eval,30,outbound,RuleBased,-114.549,0,59,0,0,0,0,,L02,0,0,0,0,454.7663,0,0,0
twoway_DQN_vs_Rule_clean,DQN_vs_Rule,clean,0,0,2,44,eval,1,inbound,DQN,-128.996,0,59,0,0,0,0,,L08,0,0,0,0,140.9687,0,0,0
twoway_DQN_vs_Rule_clean,DQN_vs_Rule,clean,0,0,2,44,eval,2,inbound,DQN,-380.532,0,59,0,0,0,0,,L02,1,1,2,1,0,4,2,2
twoway_DQN_vs_Rule_clean,DQN_vs_Rule,clean,0,0,2,44,eval,3,inbound,DQN,-207.191,0,59,0,0,0,0,,L02,1,1,2,1,0,4,0,0
twoway_DQN_vs_Rule_clean,DQN_vs_Rule,clean,0,0,2,44,eval,4,inbound,DQN,-214.689,0,59,0,0,0,0,,L02,1,1,2,1,0,4,2,2
twoway_DQN_vs_Rule_clean,DQN_vs_Rule,clean,0,0,2,44,eval,5,inbound,DQN,-127.866,0,59,0,0,0,0,,L08,0,0,0,0,128.5921,0,0,0
twoway_DQN_vs_Rule_clean,DQN_vs_Rule,clean,0,0,2,44,eval,6,inbound,DQN,-129.98,0,59,0,0,0,0,,L08,0,0,0,0,128.5921,0,0,0
twoway_DQN_vs_Rule_clean,DQN_vs_Rule,clean,0,0,2,44,eval,7,inbound,DQN,-207.191,0,59,0,0,0,0,,L02,1,1,2,1,0,4,0,0
twoway_DQN_vs_Rule_clean,DQN_vs_Rule,clean,0,0,2,44,eval,8,inbound,DQN,-127.866,0,59,0,0,0,0,,L08,0,0,0,0,128.5921,0,0,0
twoway_DQN_vs_Rule_clean,DQN_vs_Rule,clean,0,0,2,44,eval,9,inbound,DQN,-369.505,0,59,0,0,0,0,,L02,1,1,2,1,0,4,0,0
twoway_DQN_vs_Rule_clean,DQN_vs_Rule,clean,0,0,2,44,eval,10,inbound,DQN,-369.505,0,59,0,0,0,0,,L02,1,1,2,1,0,4,0,0
twoway_DQN_vs_Rule_clean,DQN_vs_Rule,clean,0,0,2,44,eval,11,inbound,DQN,-148.2895,0,59,0,49.3563,0,0,,L02,0,0,0,0,91.529,0,0,0
twoway_DQN_vs_Rule_clean,DQN_vs_Rule,clean,0,0,2,44,eval,12,inbound,DQN,-129.98,0,59,0,0,0,0,,L08,0,0,0,0,128.5921,0,0,0
twoway_DQN_vs_Rule_clean,DQN_vs_Rule,clean,0,0,2,44,eval,13,inbound,DQN,-128.996,0,59,0,0,0,0,,L08,0,0,0,0,140.9687,0,0,0
twoway_DQN_vs_Rule_clean,DQN_vs_Rule,clean,0,0,2,44,eval,14,inbound,DQN,-129.98,0,59,0,0,0,0,,L08,0,0,0,0,128.5921,0,0,0
twoway_DQN_vs_Rule_clean,DQN_vs_Rule,clean,0,0,2,44,eval,15,inbound,DQN,-127.866,0,59,0,0,0,0,,L08,0,0,0,0,128.5921,0,0,0
twoway_DQN_vs_Rule_clean,DQN_vs_Rule,clean,0,0,2,44,eval,16,inbound,DQN,-148.2895,0,59,0,49.3563,0,0,,L02,0,0,0,0,152.8142,0,0,0
twoway_DQN_vs_Rule_clean,DQN_vs_Rule,clean,0,0,2,44,eval,17,inbound,DQN,-128.996,0,59,0,0,0,0,,L08,0,0,0,0,140.9687,0,0,0
twoway_DQN_vs_Rule_clean,DQN_vs_Rule,clean,0,0,2,44,eval,18,inbound,DQN,-129.98,0,59,0,0,0,0,,L08,0,0,0,0,128.5921,0,0,0
twoway_DQN_vs_Rule_clean,DQN_vs_Rule,clean,0,0,2,44,eval,19,inbound,DQN,-369.505,0,59,0,0,0,0,,L02,1,1,2,1,0,4,0,0
twoway_DQN_vs_Rule_clean,DQN_vs_Rule,clean,0,0,2,44,eval,20,inbound,DQN,-214.689,0,59,0,0,0,0,,L02,1,1,2,1,0,4,2,2
twoway_DQN_vs_Rule_clean,DQN_vs_Rule,clean,0,0,2,44,eval,21,inbound,DQN,-377.003,0,59,0,0,0,0,,L02,1,1,2,1,0,4,2,2
twoway_DQN_vs_Rule_clean,DQN_vs_Rule,clean,0,0,2,44,eval,22,inbound,DQN,-214.689,0,59,0,0,0,0,,L02,1,1,2,1,0,4,2,2
twoway_DQN_vs_Rule_clean,DQN_vs_Rule,clean,0,0,2,44,eval,23,inbound,DQN,-380.532,0,59,0,0,0,0,,L02,1,1,2,1,0,4,2,2
twoway_DQN_vs_Rule_clean,DQN_vs_Rule,clean,0,0,2,44,eval,24,inbound,DQN,-380.532,0,59,0,0,0,0,,L02,1,1,2,1,0,4,2,2
twoway_DQN_vs_Rule_clean,DQN_vs_Rule,clean,0,0,2,44,eval,25,inbound,DQN,-207.191,0,59,0,0,0,0,,L02,1,1,2,1,0,4,0,0
twoway_DQN_vs_Rule_clean,DQN_vs_Rule,clean,0,0,2,44,eval,26,inbound,DQN,-127.866,0,59,0,0,0,0,,L08,0,0,0,0,128.5921,0,0,0
twoway_DQN_vs_Rule_clean,DQN_vs_Rule,clean,0,0,2,44,eval,27,inbound,DQN,-207.191,0,59,0,0,0,0,,L02,1,1,2,1,0,4,0,0
twoway_DQN_vs_Rule_clean,DQN_vs_Rule,clean,0,0,2,44,eval,28,inbound,DQN,-128.996,0,59,0,0,0,0,,L08,0,0,0,0,140.9687,0,0,0
twoway_DQN_vs_Rule_clean,DQN_vs_Rule,clean,0,0,2,44,eval,29,inbound,DQN,-128.996,0,59,0,0,0,0,,L08,0,0,0,0,140.9687,0,0,0
twoway_DQN_vs_Rule_clean,DQN_vs_Rule,clean,0,0,2,44,eval,30,inbound,DQN,-127.866,0,59,0,0,0,0,,L08,0,0,0,0,128.5921,0,0,0
twoway_DQN_vs_Rule_clean,DQN_vs_Rule,clean,0,0,2,44,eval,1,outbound,RuleBased,-166.8722,0,59,0,234.2691,0,0,,L08,0,0,0,0,140.9687,0,0,0
twoway_DQN_vs_Rule_clean,DQN_vs_Rule,clean,0,0,2,44,eval,2,outbound,RuleBased,40.372,1,11,0,0,0,0,0,L02,1,1,2,1,0,4,2,2
twoway_DQN_vs_Rule_clean,DQN_vs_Rule,clean,0,0,2,44,eval,3,outbound,RuleBased,43.929,1,13,0,0,0,0,0,L02,1,1,2,1,0,4,0,0
twoway_DQN_vs_Rule_clean,DQN_vs_Rule,clean,0,0,2,44,eval,4,outbound,RuleBased,38.197,1,14,0,0,0,0,0,L02,1,1,2,1,0,4,2,2
twoway_DQN_vs_Rule_clean,DQN_vs_Rule,clean,0,0,2,44,eval,5,outbound,RuleBased,-167.4622,0,59,0,237.3608,0,0,,L08,0,0,0,0,128.5921,0,0,0
twoway_DQN_vs_Rule_clean,DQN_vs_Rule,clean,0,0,2,44,eval,6,outbound,RuleBased,-166.8722,0,59,0,234.2691,0,0,,L08,0,0,0,0,128.5921,0,0,0
twoway_DQN_vs_Rule_clean,DQN_vs_Rule,clean,0,0,2,44,eval,7,outbound,RuleBased,43.929,1,13,0,0,0,0,0,L02,1,1,2,1,0,4,0,0
twoway_DQN_vs_Rule_clean,DQN_vs_Rule,clean,0,0,2,44,eval,8,outbound,RuleBased,-167.4622,0,59,0,237.3608,0,0,,L08,0,0,0,0,128.5921,0,0,0
twoway_DQN_vs_Rule_clean,DQN_vs_Rule,clean,0,0,2,44,eval,9,outbound,RuleBased,44.592,1,12,0,0,0,0,0,L02,1,1,2,1,0,4,0,0
twoway_DQN_vs_Rule_clean,DQN_vs_Rule,clean,0,0,2,44,eval,10,outbound,RuleBased,44.592,1,12,0,0,0,0,0,L02,1,1,2,1,0,4,0,0
twoway_DQN_vs_Rule_clean,DQN_vs_Rule,clean,0,0,2,44,eval,11,outbound,RuleBased,109.197,1,14,0,0,0,0,0,L02,0,0,0,0,91.529,0,0,0
twoway_DQN_vs_Rule_clean,DQN_vs_Rule,clean,0,0,2,44,eval,12,outbound,RuleBased,-167.4622,0,59,0,237.3608,0,0,,L08,0,0,0,0,128.5921,0,0,0
twoway_DQN_vs_Rule_clean,DQN_vs_Rule,clean,0,0,2,44,eval,13,outbound,RuleBased,-167.4622,0,59,0,237.3608,0,0,,L08,0,0,0,0,140.9687,0,0,0
twoway_DQN_vs_Rule_clean,DQN_vs_Rule,clean,0,0,2,44,eval,14,outbound,RuleBased,-166.8722,0,59,0,234.2691,0,0,,L08,0,0,0,0,128.5921,0,0,0
twoway_DQN_vs_Rule_clean,DQN_vs_Rule,clean,0,0,2,44,eval,15,outbound,RuleBased,-166.8722,0,59,0,234.2691,0,0,,L08,0,0,0,0,128.5921,0,0,0
twoway_DQN_vs_Rule_clean,DQN_vs_Rule,clean,0,0,2,44,eval,16,outbound,RuleBased,110.592,1,12,0,0,0,0,0,L02,0,0,0,0,152.8142,0,0,0
twoway_DQN_vs_Rule_clean,DQN_vs_Rule,clean,0,0,2,44,eval,17,outbound,RuleBased,-166.8722,0,59,0,234.2691,0,0,,L08,0,0,0,0,140.9687,0,0,0
twoway_DQN_vs_Rule_clean,DQN_vs_Rule,clean,0,0,2,44,eval,18,outbound,RuleBased,-167.4622,0,59,0,237.3608,0,0,,L08,0,0,0,0,128.5921,0,0,0
twoway_DQN_vs_Rule_clean,DQN_vs_Rule,clean,0,0,2,44,eval,19,outbound,RuleBased,44.592,1,12,0,0,0,0,0,L02,1,1,2,1,0,4,0,0
twoway_DQN_vs_Rule_clean,DQN_vs_Rule,clean,0,0,2,44,eval,20,outbound,RuleBased,38.197,1,14,0,0,0,0,0,L02,1,1,2,1,0,4,2,2
twoway_DQN_vs_Rule_clean,DQN_vs_Rule,clean,0,0,2,44,eval,21,outbound,RuleBased,39.592,1,12,0,0,0,0,0,L02,1,1,2,1,0,4,2,2
twoway_DQN_vs_Rule_clean,DQN_vs_Rule,clean,0,0,2,44,eval,22,outbound,RuleBased,38.929,1,13,0,0,0,0,0,L02,1,1,2,1,0,4,2,2
twoway_DQN_vs_Rule_clean,DQN_vs_Rule,clean,0,0,2,44,eval,23,outbound,RuleBased,40.372,1,11,0,0,0,0,0,L02,1,1,2,1,0,4,2,2
twoway_DQN_vs_Rule_clean,DQN_vs_Rule,clean,0,0,2,44,eval,24,outbound,RuleBased,40.372,1,11,0,0,0,0,0,L02,1,1,2,1,0,4,2,2
twoway_DQN_vs_Rule_clean,DQN_vs_Rule,clean,0,0,2,44,eval,25,outbound,RuleBased,43.197,1,14,0,0,0,0,0,L02,1,1,2,1,0,4,0,0
twoway_DQN_vs_Rule_clean,DQN_vs_Rule,clean,0,0,2,44,eval,26,outbound,RuleBased,-166.8722,0,59,0,234.2691,0,0,,L08,0,0,0,0,128.5921,0,0,0
twoway_DQN_vs_Rule_clean,DQN_vs_Rule,clean,0,0,2,44,eval,27,outbound,RuleBased,43.929,1,13,0,0,0,0,0,L02,1,1,2,1,0,4,0,0
twoway_DQN_vs_Rule_clean,DQN_vs_Rule,clean,0,0,2,44,eval,28,outbound,RuleBased,-166.8722,0,59,0,234.2691,0,0,,L08,0,0,0,0,140.9687,0,0,0
twoway_DQN_vs_Rule_clean,DQN_vs_Rule,clean,0,0,2,44,eval,29,outbound,RuleBased,-167.4622,0,59,0,237.3608,0,0,,L08,0,0,0,0,140.9687,0,0,0
twoway_DQN_vs_Rule_clean,DQN_vs_Rule,clean,0,0,2,44,eval,30,outbound,RuleBased,-167.4622,0,59,0,237.3608,0,0,,L08,0,0,0,0,128.5921,0,0,0
twoway_DQN_vs_Rule_clean,DQN_vs_Rule,clean,0,0,3,45,eval,1,inbound,DQN,-125.978,0,59,0,0,0,0,,L08,0,0,0,0,102.9563,0,0,0
twoway_DQN_vs_Rule_clean,DQN_vs_Rule,clean,0,0,3,45,eval,2,inbound,DQN,-146.8352,0,59,0,49.4072,0,0,,L08,0,0,0,0,322.7522,0,0,0
twoway_DQN_vs_Rule_clean,DQN_vs_Rule,clean,0,0,3,45,eval,3,inbound,DQN,-180.5956,0,59,0,249.368,0,0,,L02,0,0,0,0,217.954,0,0,0
twoway_DQN_vs_Rule_clean,DQN_vs_Rule,clean,0,0,3,45,eval,4,inbound,DQN,-126.842,0,59,0,0,0,0,,L08,0,0,0,0,128.5921,0,0,0
twoway_DQN_vs_Rule_clean,DQN_vs_Rule,clean,0,0,3,45,eval,5,inbound,DQN,-180.5956,0,59,0,249.368,0,0,,L02,0,0,0,0,217.954,0,0,0
twoway_DQN_vs_Rule_clean,DQN_vs_Rule,clean,0,0,3,45,eval,6,inbound,DQN,-126.842,0,59,0,0,0,0,,L08,0,0,0,0,128.5921,0,0,0
twoway_DQN_vs_Rule_clean,DQN_vs_Rule,clean,0,0,3,45,eval,7,inbound,DQN,-125.978,0,59,0,0,0,0,,L08,0,0,0,0,102.9563,0,0,0
twoway_DQN_vs_Rule_clean,DQN_vs_Rule,clean,0,0,3,45,eval,8,inbound,DQN,-126.842,0,59,0,0,0,0,,L08,0,0,0,0,128.5921,0,0,0
twoway_DQN_vs_Rule_clean,DQN_vs_Rule,clean,0,0,3,45,eval,9,inbound,DQN,-180.5956,0,59,0,249.368,0,0,,L02,0,0,0,0,217.954,0,0,0
twoway_DQN_vs_Rule_clean,DQN_vs_Rule,clean,0,0,3,45,eval,10,inbound,DQN,-125.978,0,59,0,0,0,0,,L08,0,0,0,0,102.9563,0,0,0
twoway_DQN_vs_Rule_clean,DQN_vs_Rule,clean,0,0,3,45,eval,11,inbound,DQN,-125.978,0,59,0,0,0,0,,L08,0,0,0,0,102.9563,0,0,0
twoway_DQN_vs_Rule_clean,DQN_vs_Rule,clean,0,0,3,45,eval,12,inbound,DQN,-138.1862,0,59,0,15.2405,0,0,,L02,0,0,0,0,91.6915,0,0,0
twoway_DQN_vs_Rule_clean,DQN_vs_Rule,clean,0,0,3,45,eval,13,inbound,DQN,-180.5956,0,59,0,249.368,0,0,,L02,0,0,0,0,217.954,0,0,0
twoway_DQN_vs_Rule_clean,DQN_vs_Rule,clean,0,0,3,45,eval,14,inbound,DQN,-125.978,0,59,0,0,0,0,,L08,0,0,0,0,102.9563,0,0,0
twoway_DQN_vs_Rule_clean,DQN_vs_Rule,clean,0,0,3,45,eval,15,inbound,DQN,-126.842,0,59,0,0,0,0,,L08,0,0,0,0,128.5921,0,0,0
twoway_DQN_vs_Rule_clean,DQN_vs_Rule,clean,0,0,3,45,eval,16,inbound,DQN,-146.8352,0,59,0,49.4072,0,0,,L08,0,0,0,0,322.7522,0,0,0
twoway_DQN_vs_Rule_clean,DQN_vs_Rule,clean,0,0,3,45,eval,17,inbound,DQN,-170.8958,0,59,0,217.9463,0,0,,L02,0,0,0,0,186.6128,0,0,0
twoway_DQN_vs_Rule_clean,DQN_vs_Rule,clean,0,0,3,45,eval,18,inbound,DQN,-167.084,0,59,0,174.1027,0,0,,L02,0,0,0,0,91.529,0,0,0
twoway_DQN_vs_Rule_clean,DQN_vs_Rule,clean,0,0,3,45,eval,19,inbound,DQN,-126.842,0,59,0,0,0,0,,L08,0,0,0,0,128.5921,0,0,0
twoway_DQN_vs_Rule_clean,DQN_vs_Rule,clean,0,0,3,45,eval,20,inbound,DQN,-170.8958,0,59,0,217.9463,0,0,,L02,0,0,0,0,186.6128,0,0,0
twoway_DQN_vs_Rule_clean,DQN_vs_Rule,clean,0,0,3,45,eval,21,inbound,DQN,-126.842,0,59,0,0,0,0,,L08,0,0,0,0,128.5921,0,0,0
twoway_DQN_vs_Rule_clean,DQN_vs_Rule,clean,0,0,3,45,eval,22,inbound,DQN,-126.842,0,59,0,0,0,0,,L08,0,0,0,0,128.5921,0,0,0
twoway_DQN_vs_Rule_clean,DQN_vs_Rule,clean,0,0,3,45,eval,23,inbound,DQN,-184.5246,0,59,0,271.3221,0,0,,L02,0,0,0,0,186.6128,0,0,0
twoway_DQN_vs_Rule_clean,DQN_vs_Rule,clean,0,0,3,45,eval,24,inbound,DQN,-167.084,0,59,0,174.1027,0,0,,L02,0,0,0,0,91.529,0,0,0
twoway_DQN_vs_Rule_clean,DQN_vs_Rule,clean,0,0,3,45,eval,25,inbound,DQN,-138.1862,0,59,0,15.2405,0,0,,L02,0,0,0,0,153.1935,0,0,0
twoway_DQN_vs_Rule_clean,DQN_vs_Rule,clean,0,0,3,45,eval,26,inbound,DQN,-125.978,0,59,0,0,0,0,,L08,0,0,0,0,102.9563,0,0,0
twoway_DQN_vs_Rule_clean,DQN_vs_Rule,clean,0,0,3,45,eval,27,inbound,DQN,-126.842,0,59,0,0,0,0,,L08,0,0,0,0,128.5921,0,0,0
twoway_DQN_vs_Rule_clean,DQN_vs_Rule,clean,0,0,3,45,eval,28,inbound,DQN,-170.8958,0,59,0,217.9463,0,0,,L02,0,0,0,0,186.6128,0,0,0
twoway_DQN_vs_Rule_clean,DQN_vs_Rule,clean,0,0,3,45,eval,29,inbound,DQN,-126.842,0,59,0,0,0,0,,L08,0,0,0,0,128.5921,0,0,0
twoway_DQN_vs_Rule_clean,DQN_vs_Rule,clean,0,0,3,45,eval,30,inbound,DQN,-138.1862,0,59,0,15.2405,0,0,,L02,0,0,0,0,122.3966,0,0,0
twoway_DQN_vs_Rule_clean,DQN_vs_Rule,clean,0,0,3,45,eval,1,outbound,RuleBased,-166.9415,0,59,0,186.1351,0,0,,L08,0,0,0,0,102.9563,0,0,0
twoway_DQN_vs_Rule_clean,DQN_vs_Rule,clean,0,0,3,45,eval,2,outbound,RuleBased,-166.9415,0,59,0,186.1351,0,0,,L08,0,0,0,0,322.7522,0,0,0
twoway_DQN_vs_Rule_clean,DQN_vs_Rule,clean,0,0,3,45,eval,3,outbound,RuleBased,109.726,1,13,0,0,0,0,0,L02,0,0,0,0,217.954,0,0,0
twoway_DQN_vs_Rule_clean,DQN_vs_Rule,clean,0,0,3,45,eval,4,outbound,RuleBased,-166.9415,0,59,0,186.1351,0,0,,L08,0,0,0,0,128.5921,0,0,0
twoway_DQN_vs_Rule_clean,DQN_vs_Rule,clean,0,0,3,45,eval,5,outbound,RuleBased,110.436,1,12,0,0,0,0,0,L02,0,0,0,0,217.954,0,0,0
twoway_DQN_vs_Rule_clean,DQN_vs_Rule,clean,0,0,3,45,eval,6,outbound,RuleBased,-166.9415,0,59,0,186.1351,0,0,,L08,0,0,0,0,128.5921,0,0,0
twoway_DQN_vs_Rule_clean,DQN_vs_Rule,clean,0,0,3,45,eval,7,outbound,RuleBased,-166.927,0,59,0,186.0599,0,0,,L08,0,0,0,0,102.9563,0,0,0
twoway_DQN_vs_Rule_clean,DQN_vs_Rule,clean,0,0,3,45,eval,8,outbound,RuleBased,-166.927,0,59,0,186.0599,0,0,,L08,0,0,0,0,128.5921,0,0,0
twoway_DQN_vs_Rule_clean,DQN_vs_Rule,clean,0,0,3,45,eval,9,outbound,RuleBased,111.15,1,11,0,0,0,0,0,L02,0,0,0,0,217.954,0,0,0
twoway_DQN_vs_Rule_clean,DQN_vs_Rule,clean,0,0,3,45,eval,10,outbound,RuleBased,-166.927,0,59,0,186.0599,0,0,,L08,0,0,0,0,102.9563,0,0,0
twoway_DQN_vs_Rule_clean,DQN_vs_Rule,clean,0,0,3,45,eval,11,outbound,RuleBased,-166.927,0,59,0,186.0599,0,0,,L08,0,0,0,0,102.9563,0,0,0
twoway_DQN_vs_Rule_clean,DQN_vs_Rule,clean,0,0,3,45,eval,12,outbound,RuleBased,109.726,1,13,0,0,0,0,0,L02,0,0,0,0,91.6915,0,0,0
twoway_DQN_vs_Rule_clean,DQN_vs_Rule,clean,0,0,3,45,eval,13,outbound,RuleBased,109.05,1,14,0,0,0,0,0,L02,0,0,0,0,217.954,0,0,0
twoway_DQN_vs_Rule_clean,DQN_vs_Rule,clean,0,0,3,45,eval,14,outbound,RuleBased,-166.9273,0,59,0,186.0611,0,0,,L08,0,0,0,0,102.9563,0,0,0
twoway_DQN_vs_Rule_clean,DQN_vs_Rule,clean,0,0,3,45,eval,15,outbound,RuleBased,-166.9415,0,59,0,186.1351,0,0,,L08,0,0,0,0,128.5921,0,0,0
twoway_DQN_vs_Rule_clean,DQN_vs_Rule,clean,0,0,3,45,eval,16,outbound,RuleBased,-166.927,0,59,0,186.0599,0,0,,L08,0,0,0,0,322.7522,0,0,0
twoway_DQN_vs_Rule_clean,DQN_vs_Rule,clean,0,0,3,45,eval,17,outbound,RuleBased,110.436,1,12,0,0,0,0,0,L02,0,0,0,0,186.6128,0,0,0
twoway_DQN_vs_Rule_clean,DQN_vs_Rule,clean,0,0,3,45,eval,18,outbound,RuleBased,109.05,1,14,0,0,0,0,0,L02,0,0,0,0,91.529,0,0,0
twoway_DQN_vs_Rule_clean,DQN_vs_Rule,clean,0,0,3,45,eval,19,outbound,RuleBased,-166.9273,0,59,0,186.0611,0,0,,L08,0,0,0,0,128.5921,0,0,0
twoway_DQN_vs_Rule_clean,DQN_vs_Rule,clean,0,0,3,45,eval,20,outbound,RuleBased,110.436,1,12,0,0,0,0,0,L02,0,0,0,0,186.6128,0,0,0
twoway_DQN_vs_Rule_clean,DQN_vs_Rule,clean,0,0,3,45,eval,21,outbound,RuleBased,-166.9415,0,59,0,186.1351,0,0,,L08,0,0,0,0,128.5921,0,0,0
twoway_DQN_vs_Rule_clean,DQN_vs_Rule,clean,0,0,3,45,eval,22,outbound,RuleBased,-166.927,0,59,0,186.0599,0,0,,L08,0,0,0,0,128.5921,0,0,0
twoway_DQN_vs_Rule_clean,DQN_vs_Rule,clean,0,0,3,45,eval,23,outbound,RuleBased,110.436,1,12,0,0,0,0,0,L02,0,0,0,0,186.6128,0,0,0
twoway_DQN_vs_Rule_clean,DQN_vs_Rule,clean,0,0,3,45,eval,24,outbound,RuleBased,109.05,1,14,0,0,0,0,0,L02,0,0,0,0,91.529,0,0,0
twoway_DQN_vs_Rule_clean,DQN_vs_Rule,clean,0,0,3,45,eval,25,outbound,RuleBased,111.15,1,11,0,0,0,0,0,L02,0,0,0,0,153.1935,0,0,0
twoway_DQN_vs_Rule_clean,DQN_vs_Rule,clean,0,0,3,45,eval,26,outbound,RuleBased,-166.9273,0,59,0,186.0611,0,0,,L08,0,0,0,0,102.9563,0,0,0
twoway_DQN_vs_Rule_clean,DQN_vs_Rule,clean,0,0,3,45,eval,27,outbound,RuleBased,-166.927,0,59,0,186.0599,0,0,,L08,0,0,0,0,128.5921,0,0,0
twoway_DQN_vs_Rule_clean,DQN_vs_Rule,clean,0,0,3,45,eval,28,outbound,RuleBased,110.436,1,12,0,0,0,0,0,L02,0,0,0,0,186.6128,0,0,0
twoway_DQN_vs_Rule_clean,DQN_vs_Rule,clean,0,0,3,45,eval,29,outbound,RuleBased,-166.927,0,59,0,186.0599,0,0,,L08,0,0,0,0,128.5921,0,0,0
twoway_DQN_vs_Rule_clean,DQN_vs_Rule,clean,0,0,3,45,eval,30,outbound,RuleBased,110.436,1,12,0,0,0,0,0,L02,0,0,0,0,122.3966,0,0,0
twoway_DQN_vs_Rule_clean,DQN_vs_Rule,clean,0,0,4,46,eval,1,inbound,DQN,-122.372,0,59,0,0,0,0,,L02,0,0,0,0,130,0,0,0
twoway_DQN_vs_Rule_clean,DQN_vs_Rule,clean,0,0,4,46,eval,2,inbound,DQN,-123.407,0,59,0,0,0,0,,L02,0,0,0,0,132.484,0,0,0
twoway_DQN_vs_Rule_clean,DQN_vs_Rule,clean,0,0,4,46,eval,3,inbound,DQN,-165.735,0,59,0,0,0,0,,L08,1,1,1,1,0,3,1,1
twoway_DQN_vs_Rule_clean,DQN_vs_Rule,clean,0,0,4,46,eval,4,inbound,DQN,-165.735,0,59,0,0,0,0,,L08,1,1,1,1,0,3,1,1
twoway_DQN_vs_Rule_clean,DQN_vs_Rule,clean,0,0,4,46,eval,5,inbound,DQN,-166.115,0,59,0,0,0,0,,L08,1,1,1,1,0,3,1,1
twoway_DQN_vs_Rule_clean,DQN_vs_Rule,clean,0,0,4,46,eval,6,inbound,DQN,-166.115,0,59,0,0,0,0,,L08,1,1,1,1,0,3,1,1
twoway_DQN_vs_Rule_clean,DQN_vs_Rule,clean,0,0,4,46,eval,7,inbound,DQN,-124.475,0,59,0,0,0,0,,L02,0,0,0,0,130,0,0,0
twoway_DQN_vs_Rule_clean,DQN_vs_Rule,clean,0,0,4,46,eval,8,inbound,DQN,-195.268,0,59,0,0,0,0,,L08,1,1,2,0,0,2,1,1
twoway_DQN_vs_Rule_clean,DQN_vs_Rule,clean,0,0,4,46,eval,9,inbound,DQN,-167.255,0,59,0,0,0,0,,L08,1,1,1,1,0,3,1,1
twoway_DQN_vs_Rule_clean,DQN_vs_Rule,clean,0,0,4,46,eval,10,inbound,DQN,-123.407,0,59,0,0,0,0,,L02,0,0,0,0,132.484,0,0,0
twoway_DQN_vs_Rule_clean,DQN_vs_Rule,clean,0,0,4,46,eval,11,inbound,DQN,-123.407,0,59,0,0,0,0,,L02,0,0,0,0,132.484,0,0,0
twoway_DQN_vs_Rule_clean,DQN_vs_Rule,clean,0,0,4,46,eval,12,inbound,DQN,-167.255,0,59,0,0,0,0,,L08,1,1,1,1,0,3,1,1
twoway_DQN_vs_Rule_clean,DQN_vs_Rule,clean,0,0,4,46,eval,13,inbound,DQN,-124.475,0,59,0,0,0,0,,L02,0,0,0,0,130,0,0,0
twoway_DQN_vs_Rule_clean,DQN_vs_Rule,clean,0,0,4,46,eval,14,inbound,DQN,-193.775,0,59,0,0,0,0,,L08,1,1,2,0,0,2,1,1
twoway_DQN_vs_Rule_clean,DQN_vs_Rule,clean,0,0,4,46,eval,15,inbound,DQN,-123.407,0,59,0,0,0,0,,L02,0,0,0,0,132.484,0,0,0
twoway_DQN_vs_Rule_clean,DQN_vs_Rule,clean,0,0,4,46,eval,16,inbound,DQN,-165.735,0,59,0,0,0,0,,L08,1,1,1,1,0,3,1,1
twoway_DQN_vs_Rule_clean,DQN_vs_Rule,clean,0,0,4,46,eval,17,inbound,DQN,-165.735,0,59,0,0,0,0,,L08,1,1,1,1,0,3,1,1
twoway_DQN_vs_Rule_clean,DQN_vs_Rule,clean,0,0,4,46,eval,18,inbound,DQN,-123.407,0,59,0,0,0,0,,L02,0,0,0,0,132.484,0,0,0
twoway_DQN_vs_Rule_clean,DQN_vs_Rule,clean,0,0,4,46,eval,19,inbound,DQN,-194.128,0,59,0,0,0,0,,L08,1,1,2,0,0,2,1,1
twoway_DQN_vs_Rule_clean,DQN_vs_Rule,clean,0,0,4,46,eval,20,inbound,DQN,-194.128,0,59,0,0,0,0,,L08,1,1,2,0,0,2,1,1
twoway_DQN_vs_Rule_clean,DQN_vs_Rule,clean,0,0,4,46,eval,21,inbound,DQN,-167.255,0,59,0,0,0,0,,L08,1,1,1,1,0,3,1,1
twoway_DQN_vs_Rule_clean,DQN_vs_Rule,clean,0,0,4,46,eval,22,inbound,DQN,-124.475,0,59,0,0,0,0,,L02,0,0,0,0,130,0,0,0
twoway_DQN_vs_Rule_clean,DQN_vs_Rule,clean,0,0,4,46,eval,23,inbound,DQN,-123.407,0,59,0,0,0,0,,L02,0,0,0,0,132.484,0,0,0
twoway_DQN_vs_Rule_clean,DQN_vs_Rule,clean,0,0,4,46,eval,24,inbound,DQN,-122.372,0,59,0,0,0,0,,L02,0,0,0,0,130,0,0,0
twoway_DQN_vs_Rule_clean,DQN_vs_Rule,clean,0,0,4,46,eval,25,inbound,DQN,-191.963,0,59,0,0,0,0,,L08,1,1,2,0,0,2,1,1
twoway_DQN_vs_Rule_clean,DQN_vs_Rule,clean,0,0,4,46,eval,26,inbound,DQN,-166.115,0,59,0,0,0,0,,L08,1,1,1,1,0,3,1,1
twoway_DQN_vs_Rule_clean,DQN_vs_Rule,clean,0,0,4,46,eval,27,inbound,DQN,-121.348,0,59,0,0,0,0,,L02,0,0,0,0,132.484,0,0,0
twoway_DQN_vs_Rule_clean,DQN_vs_Rule,clean,0,0,4,46,eval,28,inbound,DQN,-165.735,0,59,0,0,0,0,,L08,1,1,1,1,0,3,1,1
twoway_DQN_vs_Rule_clean,DQN_vs_Rule,clean,0,0,4,46,eval,29,inbound,DQN,-123.407,0,59,0,0,0,0,,L02,0,0,0,0,132.484,0,0,0
twoway_DQN_vs_Rule_clean,DQN_vs_Rule,clean,0,0,4,46,eval,30,inbound,DQN,-194.128,0,59,0,0,0,0,,L08,1,1,2,0,0,2,1,1
twoway_DQN_vs_Rule_clean,DQN_vs_Rule,clean,0,0,4,46,eval,1,outbound,RuleBased,-168.547,0,59,0,226.6186,0,0,,L02,0,0,0,0,130,0,0,0
twoway_DQN_vs_Rule_clean,DQN_vs_Rule,clean,0,0,4,46,eval,2,outbound,RuleBased,-168.0258,0,59,0,224.105,0,0,,L02,0,0,0,0,132.484,0,0,0
twoway_DQN_vs_Rule_clean,DQN_vs_Rule,clean,0,0,4,46,eval,3,outbound,RuleBased,71.674,1,13,0,0,0,0,0,L08,1,1,1,1,0,3,1,1
twoway_DQN_vs_Rule_clean,DQN_vs_Rule,clean,0,0,4,46,eval,4,outbound,RuleBased,71.674,1,13,0,0,0,0,0,L08,1,1,1,1,0,3,1,1
twoway_DQN_vs_Rule_clean,DQN_vs_Rule,clean,0,0,4,46,eval,5,outbound,RuleBased,72.465,1,12,0,0,0,0,0,L08,1,1,1,1,0,3,1,1
twoway_DQN_vs_Rule_clean,DQN_vs_Rule,clean,0,0,4,46,eval,6,outbound,RuleBased,72.465,1,12,0,0,0,0,0,L08,1,1,1,1,0,3,1,1
twoway_DQN_vs_Rule_clean,DQN_vs_Rule,clean,0,0,4,46,eval,7,outbound,RuleBased,-167.6271,0,59,0,222.1798,0,0,,L02,0,0,0,0,130,0,0,0
twoway_DQN_vs_Rule_clean,DQN_vs_Rule,clean,0,0,4,46,eval,8,outbound,RuleBased,51.214,1,11,0,0,0,0,0,L08,1,1,2,0,0,2,1,1
twoway_DQN_vs_Rule_clean,DQN_vs_Rule,clean,0,0,4,46,eval,9,outbound,RuleBased,73.214,1,11,0,0,0,0,0,L08,1,1,1,1,0,3,1,1
twoway_DQN_vs_Rule_clean,DQN_vs_Rule,clean,0,0,4,46,eval,10,outbound,RuleBased,-168.547,0,59,0,226.6186,0,0,,L02,0,0,0,0,132.484,0,0,0
twoway_DQN_vs_Rule_clean,DQN_vs_Rule,clean,0,0,4,46,eval,11,outbound,RuleBased,-168.547,0,59,0,226.6186,0,0,,L02,0,0,0,0,132.484,0,0,0
twoway_DQN_vs_Rule_clean,DQN_vs_Rule,clean,0,0,4,46,eval,12,outbound,RuleBased,73.214,1,11,0,0,0,0,0,L08,1,1,1,1,0,3,1,1
twoway_DQN_vs_Rule_clean,DQN_vs_Rule,clean,0,0,4,46,eval,13,outbound,RuleBased,-168.0258,0,59,0,224.105,0,0,,L02,0,0,0,0,130,0,0,0
twoway_DQN_vs_Rule_clean,DQN_vs_Rule,clean,0,0,4,46,eval,14,outbound,RuleBased,49.674,1,13,0,0,0,0,0,L08,1,1,2,0,0,2,1,1
twoway_DQN_vs_Rule_clean,DQN_vs_Rule,clean,0,0,4,46,eval,15,outbound,RuleBased,-168.547,0,59,0,226.6186,0,0,,L02,0,0,0,0,132.484,0,0,0
twoway_DQN_vs_Rule_clean,DQN_vs_Rule,clean,0,0,4,46,eval,16,outbound,RuleBased,71.674,1,13,0,0,0,0,0,L08,1,1,1,1,0,3,1,1
twoway_DQN_vs_Rule_clean,DQN_vs_Rule,clean,0,0,4,46,eval,17,outbound,RuleBased,71.674,1,13,0,0,0,0,0,L08,1,1,1,1,0,3,1,1
twoway_DQN_vs_Rule_clean,DQN_vs_Rule,clean,0,0,4,46,eval,18,outbound,RuleBased,-168.0258,0,59,0,224.105,0,0,,L02,0,0,0,0,132.484,0,0,0
twoway_DQN_vs_Rule_clean,DQN_vs_Rule,clean,0,0,4,46,eval,19,outbound,RuleBased,50.465,1,12,0,0,0,0,0,L08,1,1,2,0,0,2,1,1
twoway_DQN_vs_Rule_clean,DQN_vs_Rule,clean,0,0,4,46,eval,20,outbound,RuleBased,50.465,1,12,0,0,0,0,0,L08,1,1,2,0,0,2,1,1
twoway_DQN_vs_Rule_clean,DQN_vs_Rule,clean,0,0,4,46,eval,21,outbound,RuleBased,73.214,1,11,0,0,0,0,0,L08,1,1,1,1,0,3,1,1
twoway_DQN_vs_Rule_clean,DQN_vs_Rule,clean,0,0,4,46,eval,22,outbound,RuleBased,-168.547,0,59,0,226.6186,0,0,,L02,0,0,0,0,130,0,0,0
twoway_DQN_vs_Rule_clean,DQN_vs_Rule,clean,0,0,4,46,eval,23,outbound,RuleBased,-167.6271,0,59,0,222.1798,0,0,,L02,0,0,0,0,132.484,0,0,0
twoway_DQN_vs_Rule_clean,DQN_vs_Rule,clean,0,0,4,46,eval,24,outbound,RuleBased,-168.0258,0,59,0,224.105,0,0,,L02,0,0,0,0,130,0,0,0
twoway_DQN_vs_Rule_clean,DQN_vs_Rule,clean,0,0,4,46,eval,25,outbound,RuleBased,50.465,1,12,0,0,0,0,0,L08,1,1,2,0,0,2,1,1
twoway_DQN_vs_Rule_clean,DQN_vs_Rule,clean,0,0,4,46,eval,26,outbound,RuleBased,72.465,1,12,0,0,0,0,0,L08,1,1,1,1,0,3,1,1
twoway_DQN_vs_Rule_clean,DQN_vs_Rule,clean,0,0,4,46,eval,27,outbound,RuleBased,-167.6271,0,59,0,222.1798,0,0,,L02,0,0,0,0,132.484,0,0,0
twoway_DQN_vs_Rule_clean,DQN_vs_Rule,clean,0,0,4,46,eval,28,outbound,RuleBased,71.674,1,13,0,0,0,0,0,L08,1,1,1,1,0,3,1,1
twoway_DQN_vs_Rule_clean,DQN_vs_Rule,clean,0,0,4,46,eval,29,outbound,RuleBased,-168.0258,0,59,0,224.105,0,0,,L02,0,0,0,0,132.484,0,0,0
twoway_DQN_vs_Rule_clean,DQN_vs_Rule,clean,0,0,4,46,eval,30,outbound,RuleBased,50.465,1,12,0,0,0,0,0,L08,1,1,2,0,0,2,1,1
twoway_DQN_vs_Rule_clean,DQN_vs_Rule,clean,0,0,5,47,eval,1,inbound,DQN,-161.296,0,59,0,0,0,0,,L02,1,1,1,1,0,4,1,1
twoway_DQN_vs_Rule_clean,DQN_vs_Rule,clean,0,0,5,47,eval,2,inbound,DQN,-141.603,0,59,0,32.5792,0,0,,L08,0,0,0,0,316.9718,0,0,0
twoway_DQN_vs_Rule_clean,DQN_vs_Rule,clean,0,0,5,47,eval,3,inbound,DQN,-192.438,0,59,0,0,0,0,,L02,1,1,2,0,0,3,1,1
twoway_DQN_vs_Rule_clean,DQN_vs_Rule,clean,0,0,5,47,eval,4,inbound,DQN,8.983,1,32,0,0,0,0,0,L02,1,1,2,0,0,3,1,1
twoway_DQN_vs_Rule_clean,DQN_vs_Rule,clean,0,0,5,47,eval,5,inbound,DQN,-4.541,1,58,0,0,0,0,0,L02,1,1,1,1,0,4,1,1
twoway_DQN_vs_Rule_clean,DQN_vs_Rule,clean,0,0,5,47,eval,6,inbound,DQN,-146.001,0,59,0,62.4694,0,0,,L08,0,0,0,0,316.9718,0,0,0
twoway_DQN_vs_Rule_clean,DQN_vs_Rule,clean,0,0,5,47,eval,7,inbound,DQN,-141.603,0,59,0,32.5792,0,0,,L08,0,0,0,0,316.9718,0,0,0
twoway_DQN_vs_Rule_clean,DQN_vs_Rule,clean,0,0,5,47,eval,8,inbound,DQN,-190.451,0,59,0,0,0,0,,L02,1,1,2,0,0,3,1,1
twoway_DQN_vs_Rule_clean,DQN_vs_Rule,clean,0,0,5,47,eval,9,inbound,DQN,-146.001,0,59,0,62.4694,0,0,,L08,0,0,0,0,316.9718,0,0,0
twoway_DQN_vs_Rule_clean,DQN_vs_Rule,clean,0,0,5,47,eval,10,inbound,DQN,37.567,1,32,0,0,0,0,0,L02,1,1,1,1,0,4,1,1
twoway_DQN_vs_Rule_clean,DQN_vs_Rule,clean,0,0,5,47,eval,11,inbound,DQN,-427.406,0,59,0,0,0,0,,L02,0,0,0,1,30.5643,46,0,0
twoway_DQN_vs_Rule_clean,DQN_vs_Rule,clean,0,0,5,47,eval,12,inbound,DQN,-138.0775,0,59,0,47.8355,0,0,,L08,0,0,0,0,313.6664,0,0,0
twoway_DQN_vs_Rule_clean,DQN_vs_Rule,clean,0,0,5,47,eval,13,inbound,DQN,10.97,1,32,0,0,0,0,0,L02,1,1,2,0,0,3,1,1
twoway_DQN_vs_Rule_clean,DQN_vs_Rule,clean,0,0,5,47,eval,14,inbound,DQN,-161.296,0,59,0,0,0,0,,L02,1,1,1,1,0,4,1,1
twoway_DQN_vs_Rule_clean,DQN_vs_Rule,clean,0,0,5,47,eval,15,inbound,DQN,-141.603,0,59,0,32.5792,0,0,,L08,0,0,0,0,316.9718,0,0,0
twoway_DQN_vs_Rule_clean,DQN_vs_Rule,clean,0,0,5,47,eval,16,inbound,DQN,-138.0775,0,59,0,47.8355,0,0,,L08,0,0,0,0,313.6664,0,0,0
twoway_DQN_vs_Rule_clean,DQN_vs_Rule,clean,0,0,5,47,eval,17,inbound,DQN,-138.0775,0,59,0,47.8355,0,0,,L08,0,0,0,0,313.6664,0,0,0
twoway_DQN_vs_Rule_clean,DQN_vs_Rule,clean,0,0,5,47,eval,18,inbound,DQN,37.567,1,32,0,0,0,0,0,L02,1,1,1,1,0,4,1,1
twoway_DQN_vs_Rule_clean,DQN_vs_Rule,clean,0,0,5,47,eval,19,inbound,DQN,-163.31,0,59,0,0,0,0,,L02,1,1,1,1,0,4,1,1
twoway_DQN_vs_Rule_clean,DQN_vs_Rule,clean,0,0,5,47,eval,20,inbound,DQN,-141.603,0,59,0,32.5792,0,0,,L08,0,0,0,0,316.9718,0,0,0
twoway_DQN_vs_Rule_clean,DQN_vs_Rule,clean,0,0,5,47,eval,21,inbound,DQN,-138.0775,0,59,0,47.8355,0,0,,L08,0,0,0,0,313.6664,0,0,0
twoway_DQN_vs_Rule_clean,DQN_vs_Rule,clean,0,0,5,47,eval,22,inbound,DQN,-6.555,1,58,0,0,0,0,0,L02,1,1,1,1,0,4,1,1
twoway_DQN_vs_Rule_clean,DQN_vs_Rule,clean,0,0,5,47,eval,23,inbound,DQN,-190.451,0,59,0,0,0,0,,L02,1,1,2,0,0,3,1,1
twoway_DQN_vs_Rule_clean,DQN_vs_Rule,clean,0,0,5,47,eval,24,inbound,DQN,-146.001,0,59,0,62.4694,0,0,,L08,0,0,0,0,316.9718,0,0,0
twoway_DQN_vs_Rule_clean,DQN_vs_Rule,clean,0,0,5,47,eval,25,inbound,DQN,-141.603,0,59,0,32.5792,0,0,,L08,0,0,0,0,316.9718,0,0,0
twoway_DQN_vs_Rule_clean,DQN_vs_Rule,clean,0,0,5,47,eval,26,inbound,DQN,-146.001,0,59,0,62.4694,0,0,,L08,0,0,0,0,316.9718,0,0,0
twoway_DQN_vs_Rule_clean,DQN_vs_Rule,clean,0,0,5,47,eval,27,inbound,DQN,-141.603,0,59,0,32.5792,0,0,,L08,0,0,0,0,316.9718,0,0,0
twoway_DQN_vs_Rule_clean,DQN_vs_Rule,clean,0,0,5,47,eval,28,inbound,DQN,-146.001,0,59,0,62.4694,0,0,,L08,0,0,0,0,316.9718,0,0,0
twoway_DQN_vs_Rule_clean,DQN_vs_Rule,clean,0,0,5,47,eval,29,inbound,DQN,-146.001,0,59,0,62.4694,0,0,,L08,0,0,0,0,316.9718,0,0,0
twoway_DQN_vs_Rule_clean,DQN_vs_Rule,clean,0,0,5,47,eval,30,inbound,DQN,-161.296,0,59,0,0,0,0,,L02,1,1,1,1,0,4,1,1
twoway_DQN_vs_Rule_clean,DQN_vs_Rule,clean,0,0,5,47,eval,1,outbound,RuleBased,70.303,1,11,0,0,0,0,0,L02,1,1,1,1,0,4,1,1
twoway_DQN_vs_Rule_clean,DQN_vs_Rule,clean,0,0,5,47,eval,2,outbound,RuleBased,-165.1976,0,59,0,180.3144,0,0,,L08,0,0,0,0,316.9718,0,0,0
twoway_DQN_vs_Rule_clean,DQN_vs_Rule,clean,0,0,5,47,eval,3,outbound,RuleBased,50.583,1,12,0,0,0,0,0,L02,1,1,2,0,0,3,1,1
twoway_DQN_vs_Rule_clean,DQN_vs_Rule,clean,0,0,5,47,eval,4,outbound,RuleBased,49.145,1,14,0,0,0,0,0,L02,1,1,2,0,0,3,1,1
twoway_DQN_vs_Rule_clean,DQN_vs_Rule,clean,0,0,5,47,eval,5,outbound,RuleBased,68.889,1,13,0,0,0,0,0,L02,1,1,1,1,0,4,1,1
twoway_DQN_vs_Rule_clean,DQN_vs_Rule,clean,0,0,5,47,eval,6,outbound,RuleBased,-165.1976,0,59,0,180.3144,0,0,,L08,0,0,0,0,316.9718,0,0,0
twoway_DQN_vs_Rule_clean,DQN_vs_Rule,clean,0,0,5,47,eval,7,outbound,RuleBased,-165.1976,0,59,0,180.3145,0,0,,L08,0,0,0,0,316.9718,0,0,0
twoway_DQN_vs_Rule_clean,DQN_vs_Rule,clean,0,0,5,47,eval,8,outbound,RuleBased,50.583,1,12,0,0,0,0,0,L02,1,1,2,0,0,3,1,1
twoway_DQN_vs_Rule_clean,DQN_vs_Rule,clean,0,0,5,47,eval,9,outbound,RuleBased,-165.1976,0,59,0,180.3145,0,0,,L08,0,0,0,0,316.9718,0,0,0
twoway_DQN_vs_Rule_clean,DQN_vs_Rule,clean,0,0,5,47,eval,10,outbound,RuleBased,68.145,1,14,0,0,0,0,0,L02,1,1,1,1,0,4,1,1
twoway_DQN_vs_Rule_clean,DQN_vs_Rule,clean,0,0,5,47,eval,11,outbound,RuleBased,-28.855,1,14,0,0,0,0,0,L02,0,0,0,1,30.5643,46,0,0
twoway_DQN_vs_Rule_clean,DQN_vs_Rule,clean,0,0,5,47,eval,12,outbound,RuleBased,-165.1976,0,59,0,180.3145,0,0,,L08,0,0,0,0,313.6664,0,0,0
twoway_DQN_vs_Rule_clean,DQN_vs_Rule,clean,0,0,5,47,eval,13,outbound,RuleBased,49.145,1,14,0,0,0,0,0,L02,1,1,2,0,0,3,1,1
twoway_DQN_vs_Rule_clean,DQN_vs_Rule,clean,0,0,5,47,eval,14,outbound,RuleBased,70.303,1,11,0,0,0,0,0,L02,1,1,1,1,0,4,1,1
twoway_DQN_vs_Rule_clean,DQN_vs_Rule,clean,0,0,5,47,eval,15,outbound,RuleBased,-165.1976,0,59,0,180.3144,0,0,,L08,0,0,0,0,316.9718,0,0,0
twoway_DQN_vs_Rule_clean,DQN_vs_Rule,clean,0,0,5,47,eval,16,outbound,RuleBased,-165.1976,0,59,0,180.3144,0,0,,L08,0,0,0,0,313.6664,0,0,0
twoway_DQN_vs_Rule_clean,DQN_vs_Rule,clean,0,0,5,47,eval,17,outbound,RuleBased,-165.1976,0,59,0,180.3144,0,0,,L08,0,0,0,0,313.6664,0,0,0
twoway_DQN_vs_Rule_clean,DQN_vs_Rule,clean,0,0,5,47,eval,18,outbound,RuleBased,68.145,1,14,0,0,0,0,0,L02,1,1,1,1,0,4,1,1
twoway_DQN_vs_Rule_clean,DQN_vs_Rule,clean,0,0,5,47,eval,19,outbound,RuleBased,70.303,1,11,0,0,0,0,0,L02,1,1,1,1,0,4,1,1
twoway_DQN_vs_Rule_clean,DQN_vs_Rule,clean,0,0,5,47,eval,20,outbound,RuleBased,-165.1976,0,59,0,180.3144,0,0,,L08,0,0,0,0,316.9718,0,0,0
twoway_DQN_vs_Rule_clean,DQN_vs_Rule,clean,0,0,5,47,eval,21,outbound,RuleBased,-165.1976,0,59,0,180.3144,0,0,,L08,0,0,0,0,313.6664,0,0,0
twoway_DQN_vs_Rule_clean,DQN_vs_Rule,clean,0,0,5,47,eval,22,outbound,RuleBased,68.889,1,13,0,0,0,0,0,L02,1,1,1,1,0,4,1,1
twoway_DQN_vs_Rule_clean,DQN_vs_Rule,clean,0,0,5,47,eval,23,outbound,RuleBased,50.583,1,12,0,0,0,0,0,L02,1,1,2,0,0,3,1,1
twoway_DQN_vs_Rule_clean,DQN_vs_Rule,clean,0,0,5,47,eval,24,outbound,RuleBased,-165.1976,0,59,0,180.3145,0,0,,L08,0,0,0,0,316.9718,0,0,0
twoway_DQN_vs_Rule_clean,DQN_vs_Rule,clean,0,0,5,47,eval,25,outbound,RuleBased,-165.1976,0,59,0,180.3145,0,0,,L08,0,0,0,0,316.9718,0,0,0
twoway_DQN_vs_Rule_clean,DQN_vs_Rule,clean,0,0,5,47,eval,26,outbound,RuleBased,-165.1976,0,59,0,180.3144,0,0,,L08,0,0,0,0,316.9718,0,0,0
twoway_DQN_vs_Rule_clean,DQN_vs_Rule,clean,0,0,5,47,eval,27,outbound,RuleBased,-165.1976,0,59,0,180.3144,0,0,,L08,0,0,0,0,316.9718,0,0,0
twoway_DQN_vs_Rule_clean,DQN_vs_Rule,clean,0,0,5,47,eval,28,outbound,RuleBased,-165.1976,0,59,0,180.3144,0,0,,L08,0,0,0,0,316.9718,0,0,0
twoway_DQN_vs_Rule_clean,DQN_vs_Rule,clean,0,0,5,47,eval,29,outbound,RuleBased,-165.1976,0,59,0,180.3144,0,0,,L08,0,0,0,0,316.9718,0,0,0
twoway_DQN_vs_Rule_clean,DQN_vs_Rule,clean,0,0,5,47,eval,30,outbound,RuleBased,70.303,1,11,0,0,0,0,0,L02,1,1,1,1,0,4,1,1
twoway_DQN_vs_Rule_clean,DQN_vs_Rule,clean,0,0,6,48,eval,1,inbound,DQN,-166.9885,0,59,0,123.8446,0,0,,L08,0,0,0,0,315.7436,0,0,0
twoway_DQN_vs_Rule_clean,DQN_vs_Rule,clean,0,0,6,48,eval,2,inbound,DQN,-208.628,0,59,0,0,0,0,,L02,1,1,2,1,0,4,2,2
twoway_DQN_vs_Rule_clean,DQN_vs_Rule,clean,0,0,6,48,eval,3,inbound,DQN,-213.443,0,59,0,0,0,0,,L02,1,1,2,1,0,4,2,2
twoway_DQN_vs_Rule_clean,DQN_vs_Rule,clean,0,0,6,48,eval,4,inbound,DQN,-166.9885,0,59,0,123.8446,0,0,,L08,0,0,0,0,315.7436,0,0,0
twoway_DQN_vs_Rule_clean,DQN_vs_Rule,clean,0,0,6,48,eval,5,inbound,DQN,-173.4388,0,59,0,156.3486,0,0,,L08,0,0,0,0,315.7436,0,0,0
twoway_DQN_vs_Rule_clean,DQN_vs_Rule,clean,0,0,6,48,eval,6,inbound,DQN,-166.9885,0,59,0,123.8446,0,0,,L08,0,0,0,0,315.7436,0,0,0
twoway_DQN_vs_Rule_clean,DQN_vs_Rule,clean,0,0,6,48,eval,7,inbound,DQN,-166.9885,0,59,0,123.8446,0,0,,L08,0,0,0,0,315.7436,0,0,0
twoway_DQN_vs_Rule_clean,DQN_vs_Rule,clean,0,0,6,48,eval,8,inbound,DQN,-215.855,0,59,0,0,0,0,,L02,1,1,2,1,0,4,2,2
twoway_DQN_vs_Rule_clean,DQN_vs_Rule,clean,0,0,6,48,eval,9,inbound,DQN,-211.28,0,59,0,0,0,0,,L02,1,1,2,1,0,4,2,2
twoway_DQN_vs_Rule_clean,DQN_vs_Rule,clean,0,0,6,48,eval,10,inbound,DQN,-166.9885,0,59,0,123.8446,0,0,,L08,0,0,0,0,315.7436,0,0,0
twoway_DQN_vs_Rule_clean,DQN_vs_Rule,clean,0,0,6,48,eval,11,inbound,DQN,-215.855,0,59,0,0,0,0,,L02,1,1,2,1,0,4,2,2
twoway_DQN_vs_Rule_clean,DQN_vs_Rule,clean,0,0,6,48,eval,12,inbound,DQN,-213.443,0,59,0,0,0,0,,L02,1,1,2,1,0,4,2,2
twoway_DQN_vs_Rule_clean,DQN_vs_Rule,clean,0,0,6,48,eval,13,inbound,DQN,-215.855,0,59,0,0,0,0,,L02,1,1,2,1,0,4,2,2
twoway_DQN_vs_Rule_clean,DQN_vs_Rule,clean,0,0,6,48,eval,14,inbound,DQN,-211.28,0,59,0,0,0,0,,L02,1,1,2,1,0,4,2,2
twoway_DQN_vs_Rule_clean,DQN_vs_Rule,clean,0,0,6,48,eval,15,inbound,DQN,-213.669,0,59,0,0,0,0,,L02,1,1,2,1,0,4,2,2
twoway_DQN_vs_Rule_clean,DQN_vs_Rule,clean,0,0,6,48,eval,16,inbound,DQN,-166.9885,0,59,0,123.8446,0,0,,L08,0,0,0,0,315.7436,0,0,0
twoway_DQN_vs_Rule_clean,DQN_vs_Rule,clean,0,0,6,48,eval,17,inbound,DQN,-213.443,0,59,0,0,0,0,,L02,1,1,2,1,0,4,2,2
twoway_DQN_vs_Rule_clean,DQN_vs_Rule,clean,0,0,6,48,eval,18,inbound,DQN,-166.9885,0,59,0,123.8446,0,0,,L08,0,0,0,0,315.7436,0,0,0
twoway_DQN_vs_Rule_clean,DQN_vs_Rule,clean,0,0,6,48,eval,19,inbound,DQN,-213.669,0,59,0,0,0,0,,L02,1,1,2,1,0,4,2,2
twoway_DQN_vs_Rule_clean,DQN_vs_Rule,clean,0,0,6,48,eval,20,inbound,DQN,-142.065,0,59,0,121.5569,0,0,,L08,0,0,0,0,289.385,0,0,0
twoway_DQN_vs_Rule_clean,DQN_vs_Rule,clean,0,0,6,48,eval,21,inbound,DQN,-208.868,0,59,0,0,0,0,,L02,1,1,2,1,0,4,2,2
twoway_DQN_vs_Rule_clean,DQN_vs_Rule,clean,0,0,6,48,eval,22,inbound,DQN,-173.4388,0,59,0,156.3486,0,0,,L08,0,0,0,0,315.7436,0,0,0
twoway_DQN_vs_Rule_clean,DQN_vs_Rule,clean,0,0,6,48,eval,23,inbound,DQN,-173.4388,0,59,0,156.3486,0,0,,L08,0,0,0,0,315.7436,0,0,0
twoway_DQN_vs_Rule_clean,DQN_vs_Rule,clean,0,0,6,48,eval,24,inbound,DQN,-173.4388,0,59,0,156.3486,0,0,,L08,0,0,0,0,315.7436,0,0,0
twoway_DQN_vs_Rule_clean,DQN_vs_Rule,clean,0,0,6,48,eval,25,inbound,DQN,-173.4388,0,59,0,156.3486,0,0,,L08,0,0,0,0,315.7436,0,0,0
twoway_DQN_vs_Rule_clean,DQN_vs_Rule,clean,0,0,6,48,eval,26,inbound,DQN,-166.9885,0,59,0,123.8446,0,0,,L08,0,0,0,0,315.7436,0,0,0
twoway_DQN_vs_Rule_clean,DQN_vs_Rule,clean,0,0,6,48,eval,27,inbound,DQN,-218.466,0,59,0,0,0,0,,L02,1,1,2,1,0,4,2,2
twoway_DQN_vs_Rule_clean,DQN_vs_Rule,clean,0,0,6,48,eval,28,inbound,DQN,-215.855,0,59,0,0,0,0,,L02,1,1,2,1,0,4,2,2
twoway_DQN_vs_Rule_clean,DQN_vs_Rule,clean,0,0,6,48,eval,29,inbound,DQN,-220.652,0,59,0,0,0,0,,L02,1,1,2,1,0,4,2,2
twoway_DQN_vs_Rule_clean,DQN_vs_Rule,clean,0,0,6,48,eval,30,inbound,DQN,-205.556,0,59,0,0,0,0,,L02,1,1,2,1,0,4,0,0
twoway_DQN_vs_Rule_clean,DQN_vs_Rule,clean,0,0,6,48,eval,1,outbound,RuleBased,-188.0377,0,59,0,274.854,0,0,,L08,0,0,0,0,315.7436,0,0,0
twoway_DQN_vs_Rule_clean,DQN_vs_Rule,clean,0,0,6,48,eval,2,outbound,RuleBased,38.708,1,13,0,0,0,0,0,L02,1,1,2,1,0,4,2,2
twoway_DQN_vs_Rule_clean,DQN_vs_Rule,clean,0,0,6,48,eval,3,outbound,RuleBased,37.926,1,14,0,0,0,0,0,L02,1,1,2,1,0,4,2,2
twoway_DQN_vs_Rule_clean,DQN_vs_Rule,clean,0,0,6,48,eval,4,outbound,RuleBased,-188.7275,0,59,0,278.9546,0,0,,L08,0,0,0,0,315.7436,0,0,0
twoway_DQN_vs_Rule_clean,DQN_vs_Rule,clean,0,0,6,48,eval,5,outbound,RuleBased,-188.0377,0,59,0,274.854,0,0,,L08,0,0,0,0,315.7436,0,0,0
twoway_DQN_vs_Rule_clean,DQN_vs_Rule,clean,0,0,6,48,eval,6,outbound,RuleBased,-188.7275,0,59,0,278.9546,0,0,,L08,0,0,0,0,315.7436,0,0,0
twoway_DQN_vs_Rule_clean,DQN_vs_Rule,clean,0,0,6,48,eval,7,outbound,RuleBased,-187.5717,0,59,0,272.0691,0,0,,L08,0,0,0,0,315.7436,0,0,0
twoway_DQN_vs_Rule_clean,DQN_vs_Rule,clean,0,0,6,48,eval,8,outbound,RuleBased,39.409,1,12,0,0,0,0,0,L02,1,1,2,1,0,4,2,2
twoway_DQN_vs_Rule_clean,DQN_vs_Rule,clean,0,0,6,48,eval,9,outbound,RuleBased,39.409,1,12,0,0,0,0,0,L02,1,1,2,1,0,4,2,2
twoway_DQN_vs_Rule_clean,DQN_vs_Rule,clean,0,0,6,48,eval,10,outbound,RuleBased,-188.7275,0,59,0,278.9546,0,0,,L08,0,0,0,0,315.7436,0,0,0
twoway_DQN_vs_Rule_clean,DQN_vs_Rule,clean,0,0,6,48,eval,11,outbound,RuleBased,39.409,1,12,0,0,0,0,0,L02,1,1,2,1,0,4,2,2
twoway_DQN_vs_Rule_clean,DQN_vs_Rule,clean,0,0,6,48,eval,12,outbound,RuleBased,37.926,1,14,0,0,0,0,0,L02,1,1,2,1,0,4,2,2
twoway_DQN_vs_Rule_clean,DQN_vs_Rule,clean,0,0,6,48,eval,13,outbound,RuleBased,39.409,1,12,0,0,0,0,0,L02,1,1,2,1,0,4,2,2
twoway_DQN_vs_Rule_clean,DQN_vs_Rule,clean,0,0,6,48,eval,14,outbound,RuleBased,39.409,1,12,0,0,0,0,0,L02,1,1,2,1,0,4,2,2
twoway_DQN_vs_Rule_clean,DQN_vs_Rule,clean,0,0,6,48,eval,15,outbound,RuleBased,39.409,1,12,0,0,0,0,0,L02,1,1,2,1,0,4,2,2
twoway_DQN_vs_Rule_clean,DQN_vs_Rule,clean,0,0,6,48,eval,16,outbound,RuleBased,-187.5717,0,59,0,272.0691,0,0,,L08,0,0,0,0,315.7436,0,0,0
twoway_DQN_vs_Rule_clean,DQN_vs_Rule,clean,0,0,6,48,eval,17,outbound,RuleBased,37.926,1,14,0,0,0,0,0,L02,1,1,2,1,0,4,2,2
twoway_DQN_vs_Rule_clean,DQN_vs_Rule,clean,0,0,6,48,eval,18,outbound,RuleBased,-188.7275,0,59,0,278.9546,0,0,,L08,0,0,0,0,315.7436,0,0,0
twoway_DQN_vs_Rule_clean,DQN_vs_Rule,clean,0,0,6,48,eval,19,outbound,RuleBased,39.409,1,12,0,0,0,0,0,L02,1,1,2,1,0,4,2,2
twoway_DQN_vs_Rule_clean,DQN_vs_Rule,clean,0,0,6,48,eval,20,outbound,RuleBased,-187.5717,0,59,0,272.0691,0,0,,L08,0,0,0,0,289.385,0,0,0
twoway_DQN_vs_Rule_clean,DQN_vs_Rule,clean,0,0,6,48,eval,21,outbound,RuleBased,37.926,1,14,0,0,0,0,0,L02,1,1,2,1,0,4,2,2
twoway_DQN_vs_Rule_clean,DQN_vs_Rule,clean,0,0,6,48,eval,22,outbound,RuleBased,-188.7275,0,59,0,278.9546,0,0,,L08,0,0,0,0,315.7436,0,0,0
twoway_DQN_vs_Rule_clean,DQN_vs_Rule,clean,0,0,6,48,eval,23,outbound,RuleBased,-188.7275,0,59,0,278.9546,0,0,,L08,0,0,0,0,315.7436,0,0,0
twoway_DQN_vs_Rule_clean,DQN_vs_Rule,clean,0,0,6,48,eval,24,outbound,RuleBased,-188.7275,0,59,0,278.9546,0,0,,L08,0,0,0,0,315.7436,0,0,0
twoway_DQN_vs_Rule_clean,DQN_vs_Rule,clean,0,0,6,48,eval,25,outbound,RuleBased,-187.5717,0,59,0,272.0691,0,0,,L08,0,0,0,0,315.7436,0,0,0
twoway_DQN_vs_Rule_clean,DQN_vs_Rule,clean,0,0,6,48,eval,26,outbound,RuleBased,-187.5717,0,59,0,272.0691,0,0,,L08,0,0,0,0,315.7436,0,0,0
twoway_DQN_vs_Rule_clean,DQN_vs_Rule,clean,0,0,6,48,eval,27,outbound,RuleBased,40.236,1,11,0,0,0,0,0,L02,1,1,2,1,0,4,2,2
twoway_DQN_vs_Rule_clean,DQN_vs_Rule,clean,0,0,6,48,eval,28,outbound,RuleBased,39.409,1,12,0,0,0,0,0,L02,1,1,2,1,0,4,2,2
twoway_DQN_vs_Rule_clean,DQN_vs_Rule,clean,0,0,6,48,eval,29,outbound,RuleBased,40.236,1,11,0,0,0,0,0,L02,1,1,2,1,0,4,2,2
twoway_DQN_vs_Rule_clean,DQN_vs_Rule,clean,0,0,6,48,eval,30,outbound,RuleBased,43.708,1,13,0,0,0,0,0,L02,1,1,2,1,0,4,0,0
twoway_DQN_vs_Rule_clean,DQN_vs_Rule,clean,0,0,7,49,eval,1,inbound,DQN,-127.722,0,59,0,0,0,0,,L08,0,0,0,0,140.9687,0,0,0
twoway_DQN_vs_Rule_clean,DQN_vs_Rule,clean,0,0,7,49,eval,2,inbound,DQN,-128.911,0,59,0,0,0,0,,L08,0,0,0,0,128.5921,0,0,0
twoway_DQN_vs_Rule_clean,DQN_vs_Rule,clean,0,0,7,49,eval,3,inbound,DQN,-128.911,0,59,0,0,0,0,,L08,0,0,0,0,128.5921,0,0,0
twoway_DQN_vs_Rule_clean,DQN_vs_Rule,clean,0,0,7,49,eval,4,inbound,DQN,-127.722,0,59,0,0,0,0,,L08,0,0,0,0,140.9687,0,0,0
twoway_DQN_vs_Rule_clean,DQN_vs_Rule,clean,0,0,7,49,eval,5,inbound,DQN,-128.911,0,59,0,0,0,0,,L08,0,0,0,0,128.5921,0,0,0
twoway_DQN_vs_Rule_clean,DQN_vs_Rule,clean,0,0,7,49,eval,6,inbound,DQN,-127.722,0,59,0,0,0,0,,L08,0,0,0,0,140.9687,0,0,0
twoway_DQN_vs_Rule_clean,DQN_vs_Rule,clean,0,0,7,49,eval,7,inbound,DQN,-128.911,0,59,0,0,0,0,,L08,0,0,0,0,128.5921,0,0,0
twoway_DQN_vs_Rule_clean,DQN_vs_Rule,clean,0,0,7,49,eval,8,inbound,DQN,-126.954,0,59,0,0,0,0,,L08,0,0,0,0,128.5921,0,0,0
twoway_DQN_vs_Rule_clean,DQN_vs_Rule,clean,0,0,7,49,eval,9,inbound,DQN,-175.2438,0,59,0,207.9776,0,0,,L02,0,0,0,0,274.2863,0,0,0
twoway_DQN_vs_Rule_clean,DQN_vs_Rule,clean,0,0,7,49,eval,10,inbound,DQN,-128.911,0,59,0,0,0,0,,L08,0,0,0,0,128.5921,0,0,0
twoway_DQN_vs_Rule_clean,DQN_vs_Rule,clean,0,0,7,49,eval,11,inbound,DQN,-127.722,0,59,0,0,0,0,,L08,0,0,0,0,140.9687,0,0,0
twoway_DQN_vs_Rule_clean,DQN_vs_Rule,clean,0,0,7,49,eval,12,inbound,DQN,-166.1893,0,59,0,168.4341,0,0,,L02,0,0,0,0,243.9427,0,0,0
twoway_DQN_vs_Rule_clean,DQN_vs_Rule,clean,0,0,7,49,eval,13,inbound,DQN,-181.7761,0,59,0,252.0185,0,0,,L02,0,0,0,0,274.2863,0,0,0
twoway_DQN_vs_Rule_clean,DQN_vs_Rule,clean,0,0,7,49,eval,14,inbound,DQN,-174.6063,0,59,0,221.0367,0,0,,L02,0,0,0,0,243.8097,0,0,0
twoway_DQN_vs_Rule_clean,DQN_vs_Rule,clean,0,0,7,49,eval,15,inbound,DQN,-126.954,0,59,0,0,0,0,,L08,0,0,0,0,128.5921,0,0,0
twoway_DQN_vs_Rule_clean,DQN_vs_Rule,clean,0,0,7,49,eval,16,inbound,DQN,-380.301,0,59,0,0,0,0,,L02,1,1,2,1,0,4,2,2
twoway_DQN_vs_Rule_clean,DQN_vs_Rule,clean,0,0,7,49,eval,17,inbound,DQN,-175.1555,0,59,0,203.8847,0,0,,L02,0,0,0,0,274.2863,0,0,0
twoway_DQN_vs_Rule_clean,DQN_vs_Rule,clean,0,0,7,49,eval,18,inbound,DQN,-126.954,0,59,0,0,0,0,,L08,0,0,0,0,128.5921,0,0,0
twoway_DQN_vs_Rule_clean,DQN_vs_Rule,clean,0,0,7,49,eval,19,inbound,DQN,-164.8908,0,59,0,151.5553,0,0,,L02,0,0,0,0,244.2581,0,0,0
twoway_DQN_vs_Rule_clean,DQN_vs_Rule,clean,0,0,7,49,eval,20,inbound,DQN,-181.8615,0,59,0,256.1025,0,0,,L02,0,0,0,0,274.2863,0,0,0
twoway_DQN_vs_Rule_clean,DQN_vs_Rule,clean,0,0,7,49,eval,21,inbound,DQN,-126.954,0,59,0,0,0,0,,L08,0,0,0,0,128.5921,0,0,0
twoway_DQN_vs_Rule_clean,DQN_vs_Rule,clean,0,0,7,49,eval,22,inbound,DQN,-126.954,0,59,0,0,0,0,,L08,0,0,0,0,128.5921,0,0,0
twoway_DQN_vs_Rule_clean,DQN_vs_Rule,clean,0,0,7,49,eval,23,inbound,DQN,-127.722,0,59,0,0,0,0,,L08,0,0,0,0,140.9687,0,0,0
twoway_DQN_vs_Rule_clean,DQN_vs_Rule,clean,0,0,7,49,eval,24,inbound,DQN,-127.722,0,59,0,0,0,0,,L08,0,0,0,0,140.9687,0,0,0
twoway_DQN_vs_Rule_clean,DQN_vs_Rule,clean,0,0,7,49,eval,25,inbound,DQN,-126.954,0,59,0,0,0,0,,L08,0,0,0,0,128.5921,0,0,0
twoway_DQN_vs_Rule_clean,DQN_vs_Rule,clean,0,0,7,49,eval,26,inbound,DQN,-181.8615,0,59,0,256.1025,0,0,,L02,0,0,0,0,274.2863,0,0,0
twoway_DQN_vs_Rule_clean,DQN_vs_Rule,clean,0,0,7,49,eval,27,inbound,DQN,-127.722,0,59,0,0,0,0,,L08,0,0,0,0,140.9687,0,0,0
twoway_DQN_vs_Rule_clean,DQN_vs_Rule,clean,0,0,7,49,eval,28,inbound,DQN,-181.8615,0,59,0,256.1025,0,0,,L02,0,0,0,0,274.2863,0,0,0
twoway_DQN_vs_Rule_clean,DQN_vs_Rule,clean,0,0,7,49,eval,29,inbound,DQN,-127.722,0,59,0,0,0,0,,L08,0,0,0,0,140.9687,0,0,0
twoway_DQN_vs_Rule_clean,DQN_vs_Rule,clean,0,0,7,49,eval,30,inbound,DQN,-166.1557,0,59,0,149.1899,0,0,,L02,0,0,0,0,243.9427,0,0,0
twoway_DQN_vs_Rule_clean,DQN_vs_Rule,clean,0,0,7,49,eval,1,outbound,RuleBased,-169.7225,0,59,0,252.096,0,0,,L08,0,0,0,0,140.9687,0,0,0
twoway_DQN_vs_Rule_clean,DQN_vs_Rule,clean,0,0,7,49,eval,2,outbound,RuleBased,-172.8048,0,59,0,264.469,0,0,,L08,0,0,0,0,128.5921,0,0,0
twoway_DQN_vs_Rule_clean,DQN_vs_Rule,clean,0,0,7,49,eval,3,outbound,RuleBased,-172.8048,0,59,0,264.469,0,0,,L08,0,0,0,0,128.5921,0,0,0
twoway_DQN_vs_Rule_clean,DQN_vs_Rule,clean,0,0,7,49,eval,4,outbound,RuleBased,-169.7225,0,59,0,252.096,0,0,,L08,0,0,0,0,140.9687,0,0,0
twoway_DQN_vs_Rule_clean,DQN_vs_Rule,clean,0,0,7,49,eval,5,outbound,RuleBased,-171.1819,0,59,0,257.9665,0,0,,L08,0,0,0,0,128.5921,0,0,0
twoway_DQN_vs_Rule_clean,DQN_vs_Rule,clean,0,0,7,49,eval,6,outbound,RuleBased,-169.7225,0,59,0,252.096,0,0,,L08,0,0,0,0,140.9687,0,0,0
twoway_DQN_vs_Rule_clean,DQN_vs_Rule,clean,0,0,7,49,eval,7,outbound,RuleBased,-172.8048,0,59,0,264.469,0,0,,L08,0,0,0,0,128.5921,0,0,0
twoway_DQN_vs_Rule_clean,DQN_vs_Rule,clean,0,0,7,49,eval,8,outbound,RuleBased,-171.1819,0,59,0,257.9665,0,0,,L08,0,0,0,0,128.5921,0,0,0
twoway_DQN_vs_Rule_clean,DQN_vs_Rule,clean,0,0,7,49,eval,9,outbound,RuleBased,109.673,1,13,0,0,0,0,0,L02,0,0,0,0,274.2863,0,0,0
twoway_DQN_vs_Rule_clean,DQN_vs_Rule,clean,0,0,7,49,eval,10,outbound,RuleBased,-171.1819,0,59,0,257.9665,0,0,,L08,0,0,0,0,128.5921,0,0,0
twoway_DQN_vs_Rule_clean,DQN_vs_Rule,clean,0,0,7,49,eval,11,outbound,RuleBased,-171.1819,0,59,0,257.9665,0,0,,L08,0,0,0,0,140.9687,0,0,0
twoway_DQN_vs_Rule_clean,DQN_vs_Rule,clean,0,0,7,49,eval,12,outbound,RuleBased,110.443,1,12,0,0,0,0,0,L02,0,0,0,0,243.9427,0,0,0
twoway_DQN_vs_Rule_clean,DQN_vs_Rule,clean,0,0,7,49,eval,13,outbound,RuleBased,109.012,1,14,0,0,0,0,0,L02,0,0,0,0,274.2863,0,0,0
twoway_DQN_vs_Rule_clean,DQN_vs_Rule,clean,0,0,7,49,eval,14,outbound,RuleBased,109.012,1,14,0,0,0,0,0,L02,0,0,0,0,243.8097,0,0,0
twoway_DQN_vs_Rule_clean,DQN_vs_Rule,clean,0,0,7,49,eval,15,outbound,RuleBased,-169.7225,0,59,0,252.096,0,0,,L08,0,0,0,0,128.5921,0,0,0
twoway_DQN_vs_Rule_clean,DQN_vs_Rule,clean,0,0,7,49,eval,16,outbound,RuleBased,38.673,1,13,0,0,0,0,0,L02,1,1,2,1,0,4,2,2
twoway_DQN_vs_Rule_clean,DQN_vs_Rule,clean,0,0,7,49,eval,17,outbound,RuleBased,109.012,1,14,0,0,0,0,0,L02,0,0,0,0,274.2863,0,0,0
twoway_DQN_vs_Rule_clean,DQN_vs_Rule,clean,0,0,7,49,eval,18,outbound,RuleBased,-172.8048,0,59,0,264.469,0,0,,L08,0,0,0,0,128.5921,0,0,0
twoway_DQN_vs_Rule_clean,DQN_vs_Rule,clean,0,0,7,49,eval,19,outbound,RuleBased,111.132,1,11,0,0,0,0,0,L02,0,0,0,0,244.2581,0,0,0
twoway_DQN_vs_Rule_clean,DQN_vs_Rule,clean,0,0,7,49,eval,20,outbound,RuleBased,109.673,1,13,0,0,0,0,0,L02,0,0,0,0,274.2863,0,0,0
twoway_DQN_vs_Rule_clean,DQN_vs_Rule,clean,0,0,7,49,eval,21,outbound,RuleBased,-172.8048,0,59,0,264.469,0,0,,L08,0,0,0,0,128.5921,0,0,0
twoway_DQN_vs_Rule_clean,DQN_vs_Rule,clean,0,0,7,49,eval,22,outbound,RuleBased,-171.1819,0,59,0,257.9665,0,0,,L08,0,0,0,0,128.5921,0,0,0
twoway_DQN_vs_Rule_clean,DQN_vs_Rule,clean,0,0,7,49,eval,23,outbound,RuleBased,-172.8048,0,59,0,264.469,0,0,,L08,0,0,0,0,140.9687,0,0,0
twoway_DQN_vs_Rule_clean,DQN_vs_Rule,clean,0,0,7,49,eval,24,outbound,RuleBased,-171.1819,0,59,0,257.9665,0,0,,L08,0,0,0,0,140.9687,0,0,0
twoway_DQN_vs_Rule_clean,DQN_vs_Rule,clean,0,0,7,49,eval,25,outbound,RuleBased,-171.1819,0,59,0,257.9665,0,0,,L08,0,0,0,0,128.5921,0,0,0
twoway_DQN_vs_Rule_clean,DQN_vs_Rule,clean,0,0,7,49,eval,26,outbound,RuleBased,109.673,1,13,0,0,0,0,0,L02,0,0,0,0,274.2863,0,0,0
twoway_DQN_vs_Rule_clean,DQN_vs_Rule,clean,0,0,7,49,eval,27,outbound,RuleBased,-171.1819,0,59,0,257.9665,0,0,,L08,0,0,0,0,140.9687,0,0,0
twoway_DQN_vs_Rule_clean,DQN_vs_Rule,clean,0,0,7,49,eval,28,outbound,RuleBased,109.673,1,13,0,0,0,0,0,L02,0,0,0,0,274.2863,0,0,0
twoway_DQN_vs_Rule_clean,DQN_vs_Rule,clean,0,0,7,49,eval,29,outbound,RuleBased,-171.1819,0,59,0,257.9665,0,0,,L08,0,0,0,0,140.9687,0,0,0
twoway_DQN_vs_Rule_clean,DQN_vs_Rule,clean,0,0,7,49,eval,30,outbound,RuleBased,110.443,1,12,0,0,0,0,0,L02,0,0,0,0,243.9427,0,0,0
twoway_DQN_vs_Rule_mid,DQN_vs_Rule,mid,0.1,0.2,0,42,eval,1,inbound,DQN,-342.1296,0,59,3,5.7648,13,10,,L08,1,1,2,1,0,4,2,2
twoway_DQN_vs_Rule_mid,DQN_vs_Rule,mid,0.1,0.2,0,42,eval,2,inbound,DQN,-158.0358,0,59,0,196.0571,22,10,,L08,0,0,0,0,201.7223,0,0,0
twoway_DQN_vs_Rule_mid,DQN_vs_Rule,mid,0.1,0.2,0,42,eval,3,inbound,DQN,79.9402,1,15,1,5.2544,4,3,3.1462,L02,0,0,0,0,239.7016,0,0,0
twoway_DQN_vs_Rule_mid,DQN_vs_Rule,mid,0.1,0.2,0,42,eval,4,inbound,DQN,-125.1368,0,59,0,6.107,20,12,,L02,0,0,0,0,226.7401,0,0,0
twoway_DQN_vs_Rule_mid,DQN_vs_Rule,mid,0.1,0.2,0,42,eval,5,inbound,DQN,68.0975,1,19,1,6.0432,5,4,10.3326,L02,0,0,0,0,239.7016,0,0,0
twoway_DQN_vs_Rule_mid,DQN_vs_Rule,mid,0.1,0.2,0,42,eval,6,inbound,DQN,-134.2673,0,59,0,16.3229,24,12,,L08,0,0,0,0,67.5741,0,0,0
twoway_DQN_vs_Rule_mid,DQN_vs_Rule,mid,0.1,0.2,0,42,eval,7,inbound,DQN,-353.382,0,59,1,6.1526,13,11,,L08,1,1,2,4,0,16,2,2
twoway_DQN_vs_Rule_mid,DQN_vs_Rule,mid,0.1,0.2,0,42,eval,8,inbound,DQN,-144.2971,0,59,0,70.033,29,11,,L08,0,0,0,0,67.5693,0,0,0
twoway_DQN_vs_Rule_mid,DQN_vs_Rule,mid,0.1,0.2,0,42,eval,9,inbound,DQN,10.3848,1,55,1,8.1104,15,12,0.5364,L02,0,0,0,0,200.1605,0,0,0
twoway_DQN_vs_Rule_mid,DQN_vs_Rule,mid,0.1,0.2,0,42,eval,10,inbound,DQN,-144.0362,0,59,0,69.6977,18,7,,L08,0,0,0,0,67.8718,0,0,0
twoway_DQN_vs_Rule_mid,DQN_vs_Rule,mid,0.1,0.2,0,42,eval,11,inbound,DQN,-453.9833,0,59,11,231.7637,27,10,,L02,0,0,0,0,265.0217,0,0,0
twoway_DQN_vs_Rule_mid,DQN_vs_Rule,mid,0.1,0.2,0,42,eval,12,inbound,DQN,-303.3521,0,59,3,6.0279,20,13,,L08,1,1,2,1,0,4,2,2
twoway_DQN_vs_Rule_mid,DQN_vs_Rule,mid,0.1,0.2,0,42,eval,13,inbound,DQN,-424.839,0,59,8,5.6097,18,12,,L08,1,1,2,1,0,4,2,2
twoway_DQN_vs_Rule_mid,DQN_vs_Rule,mid,0.1,0.2,0,42,eval,14,inbound,DQN,82.7172,1,14,1,4.888,2,3,0.6807,L02,0,0,0,0,219.3749,0,0,0
twoway_DQN_vs_Rule_mid,DQN_vs_Rule,mid,0.1,0.2,0,42,eval,15,inbound,DQN,-124.3047,0,59,0,6.3412,22,9,,L02,0,0,0,0,239.7016,0,0,0
twoway_DQN_vs_Rule_mid,DQN_vs_Rule,mid,0.1,0.2,0,42,eval,16,inbound,DQN,-134.6498,0,59,0,106.2725,21,15,,L08,0,0,0,0,135.0103,0,0,0
twoway_DQN_vs_Rule_mid,DQN_vs_Rule,mid,0.1,0.2,0,42,eval,17,inbound,DQN,-122.9129,0,59,0,6.0842,14,9,,L02,0,0,0,0,260.4358,0,0,0
twoway_DQN_vs_Rule_mid,DQN_vs_Rule,mid,0.1,0.2,0,42,eval,18,inbound,DQN,-134.3511,0,59,0,16.3338,25,13,,L08,0,0,0,0,67.4893,0,0,0
twoway_DQN_vs_Rule_mid,DQN_vs_Rule,mid,0.1,0.2,0,42,eval,19,inbound,DQN,-138.2922,0,59,0,135.0547,31,16,,L08,0,0,0,0,135.0963,0,0,0
twoway_DQN_vs_Rule_mid,DQN_vs_Rule,mid,0.1,0.2,0,42,eval,20,inbound,DQN,-124.5054,0,59,0,5.8057,19,14,,L02,0,0,0,0,253.7564,0,0,0
twoway_DQN_vs_Rule_mid,DQN_vs_Rule,mid,0.1,0.2,0,42,eval,21,inbound,DQN,-403.4828,0,59,7,5.9708,14,19,,L08,1,1,2,1,0,4,2,2
twoway_DQN_vs_Rule_mid,DQN_vs_Rule,mid,0.1,0.2,0,42,eval,22,inbound,DQN,-176.2647,0,59,0,250.4086,32,13,,L08,0,0,0,0,201.8937,0,0,0
twoway_DQN_vs_Rule_mid,DQN_vs_Rule,mid,0.1,0.2,0,42,eval,23,inbound,DQN,-125.3677,0,59,0,6.0586,21,9,,L02,0,0,0,0,226.7401,0,0,0
twoway_DQN_vs_Rule_mid,DQN_vs_Rule,mid,0.1,0.2,0,42,eval,24,inbound,DQN,-309.8599,0,59,4,5.9522,22,14,,L08,1,1,2,0,0,3,1,1
twoway_DQN_vs_Rule_mid,DQN_vs_Rule,mid,0.1,0.2,0,42,eval,25,inbound,DQN,-200.2733,0,59,2,174.5859,20,12,,L02,0,0,0,0,287.6222,0,0,0
twoway_DQN_vs_Rule_mid,DQN_vs_Rule,mid,0.1,0.2,0,42,eval,26,inbound,DQN,-156.2521,0,59,0,210.3168,24,6,,L08,0,0,0,0,135.2112,0,0,0
twoway_DQN_vs_Rule_mid,DQN_vs_Rule,mid,0.1,0.2,0,42,eval,27,inbound,DQN,-347.7196,0,59,3,6.2017,22,6,,L08,1,1,2,3,0,8,4,2
twoway_DQN_vs_Rule_mid,DQN_vs_Rule,mid,0.1,0.2,0,42,eval,28,inbound,DQN,-332.4295,0,59,7,130.0955,21,11,,L02,0,0,0,0,102.9357,0,0,0
twoway_DQN_vs_Rule_mid,DQN_vs_Rule,mid,0.1,0.2,0,42,eval,29,inbound,DQN,-366.5747,0,59,5,5.8238,17,10,,L08,1,1,2,1,0,4,2,2
twoway_DQN_vs_Rule_mid,DQN_vs_Rule,mid,0.1,0.2,0,42,eval,30,inbound,DQN,-279.9917,0,59,0,217.242,16,20,,L08,1,1,3,1,2.463,5,3,0
twoway_DQN_vs_Rule_mid,DQN_vs_Rule,mid,0.1,0.2,0,42,eval,1,outbound,RuleBased,-12.446,1,11,2,6.0182,2,1,2.4097,L08,1,1,2,1,0,4,2,2
twoway_DQN_vs_Rule_mid,DQN_vs_Rule,mid,0.1,0.2,0,42,eval,2,outbound,RuleBased,55.4792,1,13,2,6.1333,3,1,4.0797,L08,0,0,0,0,201.7223,0,0,0
twoway_DQN_vs_Rule_mid,DQN_vs_Rule,mid,0.1,0.2,0,42,eval,3,outbound,RuleBased,-234.7386,0,59,2,321.6135,28,15,,L02,0,0,0,0,239.7016,0,0,0
twoway_DQN_vs_Rule_mid,DQN_vs_Rule,mid,0.1,0.2,0,42,eval,4,outbound,RuleBased,-201.141,0,59,1,315.5307,30,13,,L02,0,0,0,0,226.7401,0,0,0
twoway_DQN_vs_Rule_mid,DQN_vs_Rule,mid,0.1,0.2,0,42,eval,5,outbound,RuleBased,-199.4709,0,59,1,306.4218,24,10,,L02,0,0,0,0,239.7016,0,0,0
twoway_DQN_vs_Rule_mid,DQN_vs_Rule,mid,0.1,0.2,0,42,eval,6,outbound,RuleBased,57.1166,1,13,2,6.1669,2,2,2.0779,L08,0,0,0,0,67.5741,0,0,0
twoway_DQN_vs_Rule_mid,DQN_vs_Rule,mid,0.1,0.2,0,42,eval,7,outbound,RuleBased,-47.4835,1,11,2,5.5817,2,1,1.2464,L08,1,1,2,4,0,16,2,2
twoway_DQN_vs_Rule_mid,DQN_vs_Rule,mid,0.1,0.2,0,42,eval,8,outbound,RuleBased,57.1996,1,13,2,5.7689,3,5,2.0147,L08,0,0,0,0,67.5693,0,0,0
twoway_DQN_vs_Rule_mid,DQN_vs_Rule,mid,0.1,0.2,0,42,eval,9,outbound,RuleBased,-234.6695,0,59,2,322.4586,15,11,,L02,0,0,0,0,200.1605,0,0,0
twoway_DQN_vs_Rule_mid,DQN_vs_Rule,mid,0.1,0.2,0,42,eval,10,outbound,RuleBased,79.7432,1,13,1,6.0471,4,5,5.0605,L08,0,0,0,0,67.8718,0,0,0
twoway_DQN_vs_Rule_mid,DQN_vs_Rule,mid,0.1,0.2,0,42,eval,11,outbound,RuleBased,-237.3974,0,59,2,333.8505,32,8,,L02,0,0,0,0,265.0217,0,0,0
twoway_DQN_vs_Rule_mid,DQN_vs_Rule,mid,0.1,0.2,0,42,eval,12,outbound,RuleBased,-15.3135,1,13,2,6.2264,5,4,3.8267,L08,1,1,2,1,0,4,2,2
twoway_DQN_vs_Rule_mid,DQN_vs_Rule,mid,0.1,0.2,0,42,eval,13,outbound,RuleBased,-8.8044,1,11,2,6.7026,0,1,1.4771,L08,1,1,2,1,0,4,2,2
twoway_DQN_vs_Rule_mid,DQN_vs_Rule,mid,0.1,0.2,0,42,eval,14,outbound,RuleBased,-231.869,0,59,2,326.5906,22,10,,L02,0,0,0,0,219.3749,0,0,0
twoway_DQN_vs_Rule_mid,DQN_vs_Rule,mid,0.1,0.2,0,42,eval,15,outbound,RuleBased,-227.4623,0,59,2,299.7654,23,12,,L02,0,0,0,0,239.7016,0,0,0
twoway_DQN_vs_Rule_mid,DQN_vs_Rule,mid,0.1,0.2,0,42,eval,16,outbound,RuleBased,58.7489,1,11,2,4.6866,1,1,2.2202,L08,0,0,0,0,135.0103,0,0,0
twoway_DQN_vs_Rule_mid,DQN_vs_Rule,mid,0.1,0.2,0,42,eval,17,outbound,RuleBased,-224.79,0,59,2,306.7211,15,10,,L02,0,0,0,0,260.4358,0,0,0
twoway_DQN_vs_Rule_mid,DQN_vs_Rule,mid,0.1,0.2,0,42,eval,18,outbound,RuleBased,58.1229,1,13,2,5.4893,2,3,0.8462,L08,0,0,0,0,67.4893,0,0,0
twoway_DQN_vs_Rule_mid,DQN_vs_Rule,mid,0.1,0.2,0,42,eval,19,outbound,RuleBased,59.8442,1,11,2,6.347,3,3,0.8079,L08,0,0,0,0,135.0963,0,0,0
twoway_DQN_vs_Rule_mid,DQN_vs_Rule,mid,0.1,0.2,0,42,eval,20,outbound,RuleBased,-227.8407,0,59,2,325.6322,21,10,,L02,0,0,0,0,253.7564,0,0,0
twoway_DQN_vs_Rule_mid,DQN_vs_Rule,mid,0.1,0.2,0,42,eval,21,outbound,RuleBased,-12.0004,1,12,2,5.4315,1,2,4.5568,L08,1,1,2,1,0,4,2,2
twoway_DQN_vs_Rule_mid,DQN_vs_Rule,mid,0.1,0.2,0,42,eval,22,outbound,RuleBased,56.9892,1,13,2,5.6587,3,2,2.2545,L08,0,0,0,0,201.8937,0,0,0
twoway_DQN_vs_Rule_mid,DQN_vs_Rule,mid,0.1,0.2,0,42,eval,23,outbound,RuleBased,-224.5109,0,59,2,306.112,30,11,,L02,0,0,0,0,226.7401,0,0,0
twoway_DQN_vs_Rule_mid,DQN_vs_Rule,mid,0.1,0.2,0,42,eval,24,outbound,RuleBased,-7.6428,1,12,2,5.528,3,4,5.3357,L08,1,1,2,0,0,3,1,1
twoway_DQN_vs_Rule_mid,DQN_vs_Rule,mid,0.1,0.2,0,42,eval,25,outbound,RuleBased,-207.9452,0,59,1,313.1767,23,13,,L02,0,0,0,0,287.6222,0,0,0
twoway_DQN_vs_Rule_mid,DQN_vs_Rule,mid,0.1,0.2,0,42,eval,26,outbound,RuleBased,59.9061,1,11,2,5.8602,5,1,0.7879,L08,0,0,0,0,135.2112,0,0,0
twoway_DQN_vs_Rule_mid,DQN_vs_Rule,mid,0.1,0.2,0,42,eval,27,outbound,RuleBased,0.5124,1,11,1,6.5078,3,2,9.9362,L08,1,1,2,3,0,8,4,2
twoway_DQN_vs_Rule_mid,DQN_vs_Rule,mid,0.1,0.2,0,42,eval,28,outbound,RuleBased,-227.3494,0,59,2,298.9846,24,13,,L02,0,0,0,0,102.9357,0,0,0
twoway_DQN_vs_Rule_mid,DQN_vs_Rule,mid,0.1,0.2,0,42,eval,29,outbound,RuleBased,-12.0001,1,12,2,5.2263,0,1,0.764,L08,1,1,2,1,0,4,2,2
twoway_DQN_vs_Rule_mid,DQN_vs_Rule,mid,0.1,0.2,0,42,eval,30,outbound,RuleBased,-17.526,1,11,1,6.7738,3,1,2.463,L08,1,1,3,1,2.463,5,3,0
twoway_DQN_vs_Rule_mid,DQN_vs_Rule,mid,0.1,0.2,1,43,eval,1,inbound,DQN,-124.7973,0,59,0,5.591,8,9,,L02,0,0,0,0,132.484,0,0,0
twoway_DQN_vs_Rule_mid,DQN_vs_Rule,mid,0.1,0.2,1,43,eval,2,inbound,DQN,-203.3872,0,59,1,242.7099,28,10,,L02,0,0,0,0,381.6711,0,0,0
twoway_DQN_vs_Rule_mid,DQN_vs_Rule,mid,0.1,0.2,1,43,eval,3,inbound,DQN,-130.9152,0,59,0,5.7693,24,16,,L08,0,0,0,0,140.9687,0,0,0
twoway_DQN_vs_Rule_mid,DQN_vs_Rule,mid,0.1,0.2,1,43,eval,4,inbound,DQN,-241.9577,0,59,2,305.7416,24,9,,L08,0,0,0,0,373.2557,0,0,0
twoway_DQN_vs_Rule_mid,DQN_vs_Rule,mid,0.1,0.2,1,43,eval,5,inbound,DQN,-247.483,0,59,3,268.562,24,11,,L08,0,0,0,0,344.4236,0,0,0
twoway_DQN_vs_Rule_mid,DQN_vs_Rule,mid,0.1,0.2,1,43,eval,6,inbound,DQN,-206.4166,0,59,1,223.2704,21,15,,L02,0,0,0,0,454.7663,0,0,0
twoway_DQN_vs_Rule_mid,DQN_vs_Rule,mid,0.1,0.2,1,43,eval,7,inbound,DQN,-248.3002,0,59,4,191.4598,21,12,,L08,0,0,0,0,330.0266,0,0,0
twoway_DQN_vs_Rule_mid,DQN_vs_Rule,mid,0.1,0.2,1,43,eval,8,inbound,DQN,-214.0041,0,59,1,251.4292,23,9,,L08,0,0,0,0,472.4246,0,0,0
twoway_DQN_vs_Rule_mid,DQN_vs_Rule,mid,0.1,0.2,1,43,eval,9,inbound,DQN,-207.5104,0,59,2,13.2141,10,10,,L02,1,1,1,0,14.5602,2,0,0
twoway_DQN_vs_Rule_mid,DQN_vs_Rule,mid,0.1,0.2,1,43,eval,10,inbound,DQN,-220.3892,0,59,2,265.9914,23,17,,L08,0,0,0,0,344.4236,0,0,0
twoway_DQN_vs_Rule_mid,DQN_vs_Rule,mid,0.1,0.2,1,43,eval,11,inbound,DQN,-134.7475,0,59,0,24.4594,19,14,,L08,0,0,0,0,251.5072,0,0,0
twoway_DQN_vs_Rule_mid,DQN_vs_Rule,mid,0.1,0.2,1,43,eval,12,inbound,DQN,-205.1326,0,59,2,30.8167,12,9,,L02,1,1,1,0,14.5602,2,0,0
twoway_DQN_vs_Rule_mid,DQN_vs_Rule,mid,0.1,0.2,1,43,eval,13,inbound,DQN,-137.248,0,59,0,8.318,33,13,,L08,0,0,0,0,251.5072,0,0,0
twoway_DQN_vs_Rule_mid,DQN_vs_Rule,mid,0.1,0.2,1,43,eval,14,inbound,DQN,-246.6869,0,59,2,311.7151,16,9,,L08,0,0,0,0,422.9297,0,0,0
twoway_DQN_vs_Rule_mid,DQN_vs_Rule,mid,0.1,0.2,1,43,eval,15,inbound,DQN,-267.0934,0,59,3,305.7578,18,10,,L08,0,0,0,0,373.2557,0,0,0
twoway_DQN_vs_Rule_mid,DQN_vs_Rule,mid,0.1,0.2,1,43,eval,16,inbound,DQN,-250.826,0,59,1,72.4708,10,8,,L02,1,1,3,0,0,4,1,0
twoway_DQN_vs_Rule_mid,DQN_vs_Rule,mid,0.1,0.2,1,43,eval,17,inbound,DQN,-173.664,0,59,0,177.1627,24,11,,L02,0,0,0,0,512.9955,0,0,0
twoway_DQN_vs_Rule_mid,DQN_vs_Rule,mid,0.1,0.2,1,43,eval,18,inbound,DQN,-130.2181,0,59,0,5.9823,23,19,,L08,0,0,0,0,140.9687,0,0,0
twoway_DQN_vs_Rule_mid,DQN_vs_Rule,mid,0.1,0.2,1,43,eval,19,inbound,DQN,-250.8208,0,59,3,260.6304,28,12,,L08,0,0,0,0,358.8339,0,0,0
twoway_DQN_vs_Rule_mid,DQN_vs_Rule,mid,0.1,0.2,1,43,eval,20,inbound,DQN,-148.9865,0,59,1,5.6177,10,11,,L02,0,0,0,0,130,0,0,0
twoway_DQN_vs_Rule_mid,DQN_vs_Rule,mid,0.1,0.2,1,43,eval,21,inbound,DQN,-199.7015,0,59,1,278.5902,18,17,,L08,0,0,0,0,315.6445,0,0,0
twoway_DQN_vs_Rule_mid,DQN_vs_Rule,mid,0.1,0.2,1,43,eval,22,inbound,DQN,-208.2529,0,59,1,234.9189,32,14,,L02,0,0,0,0,454.7663,0,0,0
twoway_DQN_vs_Rule_mid,DQN_vs_Rule,mid,0.1,0.2,1,43,eval,23,inbound,DQN,-220.2216,0,59,2,194.6791,28,9,,L02,0,0,0,0,440.164,0,0,0
twoway_DQN_vs_Rule_mid,DQN_vs_Rule,mid,0.1,0.2,1,43,eval,24,inbound,DQN,-156.8953,0,59,1,39.7891,27,11,,L08,0,0,0,0,283.5591,0,0,0
twoway_DQN_vs_Rule_mid,DQN_vs_Rule,mid,0.1,0.2,1,43,eval,25,inbound,DQN,-298.3321,0,59,4,310.5311,26,10,,L08,0,0,0,0,422.9297,0,0,0
twoway_DQN_vs_Rule_mid,DQN_vs_Rule,mid,0.1,0.2,1,43,eval,26,inbound,DQN,-130.4447,0,59,0,6.4784,23,6,,L08,0,0,0,0,128.5921,0,0,0
twoway_DQN_vs_Rule_mid,DQN_vs_Rule,mid,0.1,0.2,1,43,eval,27,inbound,DQN,-137.9355,0,59,0,5.9332,24,11,,L08,0,0,0,0,283.5591,0,0,0
twoway_DQN_vs_Rule_mid,DQN_vs_Rule,mid,0.1,0.2,1,43,eval,28,inbound,DQN,-189.0676,0,59,1,114.5628,20,11,,L02,1,1,1,0,14.5602,2,0,0
twoway_DQN_vs_Rule_mid,DQN_vs_Rule,mid,0.1,0.2,1,43,eval,29,inbound,DQN,-204.7806,0,59,1,255.3718,24,12,,L02,0,0,0,0,381.6711,0,0,0
twoway_DQN_vs_Rule_mid,DQN_vs_Rule,mid,0.1,0.2,1,43,eval,30,inbound,DQN,-124.8481,0,59,0,5.8882,2,11,,L02,0,0,0,0,132.484,0,0,0
twoway_DQN_vs_Rule_mid,DQN_vs_Rule,mid,0.1,0.2,1,43,eval,1,outbound,RuleBased,-116.2444,0,59,0,5.3261,0,9,,L02,0,0,0,0,132.484,0,0,0
twoway_DQN_vs_Rule_mid,DQN_vs_Rule,mid,0.1,0.2,1,43,eval,2,outbound,RuleBased,-116.1877,0,59,0,5.4613,0,10,,L02,0,0,0,0,381.6711,0,0,0
twoway_DQN_vs_Rule_mid,DQN_vs_Rule,mid,0.1,0.2,1,43,eval,3,outbound,RuleBased,-116.1407,0,59,0,5.8267,0,16,,L08,0,0,0,0,140.9687,0,0,0
twoway_DQN_vs_Rule_mid,DQN_vs_Rule,mid,0.1,0.2,1,43,eval,4,outbound,RuleBased,-116.4803,0,59,0,6.3367,0,9,,L08,0,0,0,0,373.2557,0,0,0
twoway_DQN_vs_Rule_mid,DQN_vs_Rule,mid,0.1,0.2,1,43,eval,5,outbound,RuleBased,-116.3067,0,59,0,6.1461,0,11,,L08,0,0,0,0,344.4236,0,0,0
twoway_DQN_vs_Rule_mid,DQN_vs_Rule,mid,0.1,0.2,1,43,eval,6,outbound,RuleBased,-116.0196,0,59,0,5.2721,0,15,,L02,0,0,0,0,454.7663,0,0,0
twoway_DQN_vs_Rule_mid,DQN_vs_Rule,mid,0.1,0.2,1,43,eval,7,outbound,RuleBased,-116.3352,0,59,0,5.7982,0,12,,L08,0,0,0,0,330.0266,0,0,0
twoway_DQN_vs_Rule_mid,DQN_vs_Rule,mid,0.1,0.2,1,43,eval,8,outbound,RuleBased,-116.5548,0,59,0,6.4915,0,9,,L08,0,0,0,0,472.4246,0,0,0
twoway_DQN_vs_Rule_mid,DQN_vs_Rule,mid,0.1,0.2,1,43,eval,9,outbound,RuleBased,-149.0724,0,59,0,5.0282,0,10,,L02,1,1,1,0,14.5602,2,0,0
twoway_DQN_vs_Rule_mid,DQN_vs_Rule,mid,0.1,0.2,1,43,eval,10,outbound,RuleBased,-116.3311,0,59,0,5.9442,0,17,,L08,0,0,0,0,344.4236,0,0,0
twoway_DQN_vs_Rule_mid,DQN_vs_Rule,mid,0.1,0.2,1,43,eval,11,outbound,RuleBased,-116.4133,0,59,0,6.016,0,14,,L08,0,0,0,0,251.5072,0,0,0
twoway_DQN_vs_Rule_mid,DQN_vs_Rule,mid,0.1,0.2,1,43,eval,12,outbound,RuleBased,-149.0208,0,59,0,5.0182,0,9,,L02,1,1,1,0,14.5602,2,0,0
twoway_DQN_vs_Rule_mid,DQN_vs_Rule,mid,0.1,0.2,1,43,eval,13,outbound,RuleBased,-116.2928,0,59,0,5.8788,0,13,,L08,0,0,0,0,251.5072,0,0,0
twoway_DQN_vs_Rule_mid,DQN_vs_Rule,mid,0.1,0.2,1,43,eval,14,outbound,RuleBased,-116.3992,0,59,0,6.5199,0,9,,L08,0,0,0,0,422.9297,0,0,0
twoway_DQN_vs_Rule_mid,DQN_vs_Rule,mid,0.1,0.2,1,43,eval,15,outbound,RuleBased,-116.5004,0,59,0,6.4105,0,10,,L08,0,0,0,0,373.2557,0,0,0
twoway_DQN_vs_Rule_mid,DQN_vs_Rule,mid,0.1,0.2,1,43,eval,16,outbound,RuleBased,-214.1924,0,59,0,5.4018,0,8,,L02,1,1,3,0,0,4,1,0
twoway_DQN_vs_Rule_mid,DQN_vs_Rule,mid,0.1,0.2,1,43,eval,17,outbound,RuleBased,-116.2197,0,59,0,5.1561,0,11,,L02,0,0,0,0,512.9955,0,0,0
twoway_DQN_vs_Rule_mid,DQN_vs_Rule,mid,0.1,0.2,1,43,eval,18,outbound,RuleBased,-116.4153,0,59,0,6.2435,0,19,,L08,0,0,0,0,140.9687,0,0,0
twoway_DQN_vs_Rule_mid,DQN_vs_Rule,mid,0.1,0.2,1,43,eval,19,outbound,RuleBased,-116.3233,0,59,0,5.7642,0,12,,L08,0,0,0,0,358.8339,0,0,0
twoway_DQN_vs_Rule_mid,DQN_vs_Rule,mid,0.1,0.2,1,43,eval,20,outbound,RuleBased,-116.0881,0,59,0,5.0667,0,11,,L02,0,0,0,0,130,0,0,0
twoway_DQN_vs_Rule_mid,DQN_vs_Rule,mid,0.1,0.2,1,43,eval,21,outbound,RuleBased,-116.4891,0,59,0,6.2982,0,17,,L08,0,0,0,0,315.6445,0,0,0
twoway_DQN_vs_Rule_mid,DQN_vs_Rule,mid,0.1,0.2,1,43,eval,22,outbound,RuleBased,-116.0949,0,59,0,5.3668,0,14,,L02,0,0,0,0,454.7663,0,0,0
twoway_DQN_vs_Rule_mid,DQN_vs_Rule,mid,0.1,0.2,1,43,eval,23,outbound,RuleBased,-116.0403,0,59,0,4.8413,0,9,,L02,0,0,0,0,440.164,0,0,0
twoway_DQN_vs_Rule_mid,DQN_vs_Rule,mid,0.1,0.2,1,43,eval,24,outbound,RuleBased,-116.3989,0,59,0,5.8472,0,11,,L08,0,0,0,0,283.5591,0,0,0
twoway_DQN_vs_Rule_mid,DQN_vs_Rule,mid,0.1,0.2,1,43,eval,25,outbound,RuleBased,-116.141,0,59,0,5.5978,0,10,,L08,0,0,0,0,422.9297,0,0,0
twoway_DQN_vs_Rule_mid,DQN_vs_Rule,mid,0.1,0.2,1,43,eval,26,outbound,RuleBased,-116.1709,0,59,0,5.6173,0,6,,L08,0,0,0,0,128.5921,0,0,0
twoway_DQN_vs_Rule_mid,DQN_vs_Rule,mid,0.1,0.2,1,43,eval,27,outbound,RuleBased,-116.4088,0,59,0,6.1709,0,11,,L08,0,0,0,0,283.5591,0,0,0
twoway_DQN_vs_Rule_mid,DQN_vs_Rule,mid,0.1,0.2,1,43,eval,28,outbound,RuleBased,-149.1344,0,59,0,5.1247,0,11,,L02,1,1,1,0,14.5602,2,0,0
twoway_DQN_vs_Rule_mid,DQN_vs_Rule,mid,0.1,0.2,1,43,eval,29,outbound,RuleBased,-116.0621,0,59,0,4.8818,0,12,,L02,0,0,0,0,381.6711,0,0,0
twoway_DQN_vs_Rule_mid,DQN_vs_Rule,mid,0.1,0.2,1,43,eval,30,outbound,RuleBased,-116.0865,0,59,0,5.1921,0,11,,L02,0,0,0,0,132.484,0,0,0
twoway_DQN_vs_Rule_mid,DQN_vs_Rule,mid,0.1,0.2,2,44,eval,1,inbound,DQN,69.6607,1,20,1,5.4403,8,2,2.4327,L08,0,0,0,0,58.2917,1,0,0
twoway_DQN_vs_Rule_mid,DQN_vs_Rule,mid,0.1,0.2,2,44,eval,2,inbound,DQN,-152.1404,0,59,0,95.1859,23,11,,L02,0,0,0,0,123.2013,0,0,0
twoway_DQN_vs_Rule_mid,DQN_vs_Rule,mid,0.1,0.2,2,44,eval,3,inbound,DQN,-153.0536,0,59,0,76.3183,26,11,,L02,0,0,0,0,122.3157,0,0,0
twoway_DQN_vs_Rule_mid,DQN_vs_Rule,mid,0.1,0.2,2,44,eval,4,inbound,DQN,-160.7999,0,59,0,85.8718,25,12,,L02,0,0,0,1,30.8513,3,1,1
twoway_DQN_vs_Rule_mid,DQN_vs_Rule,mid,0.1,0.2,2,44,eval,5,inbound,DQN,-129.9611,0,59,0,6.1054,22,7,,L08,0,0,0,0,253.7564,0,0,0
twoway_DQN_vs_Rule_mid,DQN_vs_Rule,mid,0.1,0.2,2,44,eval,6,inbound,DQN,-131.7033,0,59,0,5.4673,15,17,,L08,0,0,0,0,128.5921,0,0,0
twoway_DQN_vs_Rule_mid,DQN_vs_Rule,mid,0.1,0.2,2,44,eval,7,inbound,DQN,-146.2881,0,59,0,73.1635,25,11,,L02,0,0,0,0,121.8469,0,0,0
twoway_DQN_vs_Rule_mid,DQN_vs_Rule,mid,0.1,0.2,2,44,eval,8,inbound,DQN,17.531,1,47,1,5.7394,15,6,6.9229,L08,0,0,0,0,128.5921,0,0,0
twoway_DQN_vs_Rule_mid,DQN_vs_Rule,mid,0.1,0.2,2,44,eval,9,inbound,DQN,-138.9318,0,59,0,45.932,22,13,,L02,0,0,0,0,91.8909,0,0,0
twoway_DQN_vs_Rule_mid,DQN_vs_Rule,mid,0.1,0.2,2,44,eval,10,inbound,DQN,-152.6559,0,59,0,83.3341,25,13,,L02,0,0,0,0,152.9118,0,0,0
twoway_DQN_vs_Rule_mid,DQN_vs_Rule,mid,0.1,0.2,2,44,eval,11,inbound,DQN,-147.7678,0,59,0,51.0261,19,13,,L02,0,0,0,0,91.6259,0,0,0
twoway_DQN_vs_Rule_mid,DQN_vs_Rule,mid,0.1,0.2,2,44,eval,12,inbound,DQN,85.5628,1,25,0,5.509,3,2,1.7502,L08,0,0,0,0,58.2672,1,1,0
twoway_DQN_vs_Rule_mid,DQN_vs_Rule,mid,0.1,0.2,2,44,eval,13,inbound,DQN,106.7991,1,14,0,6.7239,3,2,1.1846,L08,0,0,0,0,58.2529,1,1,0
twoway_DQN_vs_Rule_mid,DQN_vs_Rule,mid,0.1,0.2,2,44,eval,14,inbound,DQN,56.688,1,27,1,6.2867,6,6,1.0881,L08,0,0,0,0,58.251,1,0,0
twoway_DQN_vs_Rule_mid,DQN_vs_Rule,mid,0.1,0.2,2,44,eval,15,inbound,DQN,70.7411,1,31,0,6.3628,11,1,8.2402,L08,0,0,0,0,58.8209,1,1,0
twoway_DQN_vs_Rule_mid,DQN_vs_Rule,mid,0.1,0.2,2,44,eval,16,inbound,DQN,-146.6712,0,59,0,48.5923,32,11,,L02,0,0,0,0,92.1246,0,0,0
twoway_DQN_vs_Rule_mid,DQN_vs_Rule,mid,0.1,0.2,2,44,eval,17,inbound,DQN,-181.837,0,59,2,5.7311,16,11,,L08,0,0,0,0,157.5434,0,0,0
twoway_DQN_vs_Rule_mid,DQN_vs_Rule,mid,0.1,0.2,2,44,eval,18,inbound,DQN,48.317,1,29,1,5.5252,5,8,7.2912,L08,0,0,0,0,253.7564,0,0,0
twoway_DQN_vs_Rule_mid,DQN_vs_Rule,mid,0.1,0.2,2,44,eval,19,inbound,DQN,-147.481,0,59,0,38.5577,28,13,,L02,0,0,0,0,91.9522,0,0,0
twoway_DQN_vs_Rule_mid,DQN_vs_Rule,mid,0.1,0.2,2,44,eval,20,inbound,DQN,-0.0412,1,26,0,6.1205,6,7,6.7035,L02,1,1,2,0,0,3,1,1
twoway_DQN_vs_Rule_mid,DQN_vs_Rule,mid,0.1,0.2,2,44,eval,21,inbound,DQN,-181.1909,0,59,0,66.28,27,8,,L02,0,0,0,1,32.0415,3,2,2
twoway_DQN_vs_Rule_mid,DQN_vs_Rule,mid,0.1,0.2,2,44,eval,22,inbound,DQN,-200.6929,0,59,0,64.1479,24,9,,L02,0,0,0,1,30.7358,10,1,1
twoway_DQN_vs_Rule_mid,DQN_vs_Rule,mid,0.1,0.2,2,44,eval,23,inbound,DQN,-157.2773,0,59,0,117.3874,21,11,,L02,0,0,0,0,184.3348,0,0,0
twoway_DQN_vs_Rule_mid,DQN_vs_Rule,mid,0.1,0.2,2,44,eval,24,inbound,DQN,-151.1781,0,59,0,105.5832,23,10,,L02,0,0,0,0,92.8867,0,0,0
twoway_DQN_vs_Rule_mid,DQN_vs_Rule,mid,0.1,0.2,2,44,eval,25,inbound,DQN,-181.6014,0,59,1,84.8287,36,9,,L02,0,0,0,1,31.1976,2,2,1
twoway_DQN_vs_Rule_mid,DQN_vs_Rule,mid,0.1,0.2,2,44,eval,26,inbound,DQN,-181.2638,0,59,2,5.962,15,15,,L08,0,0,0,0,128.5921,0,0,0
twoway_DQN_vs_Rule_mid,DQN_vs_Rule,mid,0.1,0.2,2,44,eval,27,inbound,DQN,-139.9578,0,59,0,53.5494,26,9,,L02,0,0,0,0,61.6685,0,0,0
twoway_DQN_vs_Rule_mid,DQN_vs_Rule,mid,0.1,0.2,2,44,eval,28,inbound,DQN,76.954,1,16,1,6.0435,3,3,2.8945,L08,0,0,0,0,58.3128,1,1,0
twoway_DQN_vs_Rule_mid,DQN_vs_Rule,mid,0.1,0.2,2,44,eval,29,inbound,DQN,58.0611,1,22,1,5.4648,2,5,12.6719,L08,0,0,0,0,59.6035,1,1,0
twoway_DQN_vs_Rule_mid,DQN_vs_Rule,mid,0.1,0.2,2,44,eval,30,inbound,DQN,52.8061,1,29,1,6.3936,9,10,5.5951,L08,0,0,0,0,58.509,1,1,0
twoway_DQN_vs_Rule_mid,DQN_vs_Rule,mid,0.1,0.2,2,44,eval,1,outbound,RuleBased,-167.5337,0,59,0,235.0446,21,9,,L08,0,0,0,0,58.2917,1,0,0
twoway_DQN_vs_Rule_mid,DQN_vs_Rule,mid,0.1,0.2,2,44,eval,2,outbound,RuleBased,106.7151,1,11,0,5.4045,2,4,5.4772,L02,0,0,0,0,123.2013,0,0,0
twoway_DQN_vs_Rule_mid,DQN_vs_Rule,mid,0.1,0.2,2,44,eval,3,outbound,RuleBased,107.762,1,13,0,5.0396,0,3,2.2949,L02,0,0,0,0,122.3157,0,0,0
twoway_DQN_vs_Rule_mid,DQN_vs_Rule,mid,0.1,0.2,2,44,eval,4,outbound,RuleBased,94.8186,1,14,0,6.0778,5,3,3.5721,L02,0,0,0,1,30.8513,3,1,1
twoway_DQN_vs_Rule_mid,DQN_vs_Rule,mid,0.1,0.2,2,44,eval,5,outbound,RuleBased,-204.302,0,59,1,390.9759,29,15,,L08,0,0,0,0,253.7564,0,0,0
twoway_DQN_vs_Rule_mid,DQN_vs_Rule,mid,0.1,0.2,2,44,eval,6,outbound,RuleBased,-167.4481,0,59,0,235.2989,25,13,,L08,0,0,0,0,128.5921,0,0,0
twoway_DQN_vs_Rule_mid,DQN_vs_Rule,mid,0.1,0.2,2,44,eval,7,outbound,RuleBased,103.9702,1,13,0,6.3479,2,1,6.8316,L02,0,0,0,0,121.8469,0,0,0
twoway_DQN_vs_Rule_mid,DQN_vs_Rule,mid,0.1,0.2,2,44,eval,8,outbound,RuleBased,-168.0578,0,59,0,238.1535,18,19,,L08,0,0,0,0,128.5921,0,0,0
twoway_DQN_vs_Rule_mid,DQN_vs_Rule,mid,0.1,0.2,2,44,eval,9,outbound,RuleBased,109.683,1,12,0,5.6276,1,0,0.6883,L02,0,0,0,0,91.8909,0,0,0
twoway_DQN_vs_Rule_mid,DQN_vs_Rule,mid,0.1,0.2,2,44,eval,10,outbound,RuleBased,109.3575,1,12,0,4.6678,0,3,1.1557,L02,0,0,0,0,152.9118,0,0,0
twoway_DQN_vs_Rule_mid,DQN_vs_Rule,mid,0.1,0.2,2,44,eval,11,outbound,RuleBased,107.5245,1,14,0,6.3793,3,3,1.4794,L02,0,0,0,0,91.6259,0,0,0
twoway_DQN_vs_Rule_mid,DQN_vs_Rule,mid,0.1,0.2,2,44,eval,12,outbound,RuleBased,-211.2135,0,59,2,255.5848,15,11,,L08,0,0,0,0,58.2672,1,1,0
twoway_DQN_vs_Rule_mid,DQN_vs_Rule,mid,0.1,0.2,2,44,eval,13,outbound,RuleBased,-186.0821,0,59,1,255.3821,21,16,,L08,0,0,0,0,58.2529,1,1,0
twoway_DQN_vs_Rule_mid,DQN_vs_Rule,mid,0.1,0.2,2,44,eval,14,outbound,RuleBased,-167.5611,0,59,0,235.6683,19,13,,L08,0,0,0,0,58.251,1,0,0
twoway_DQN_vs_Rule_mid,DQN_vs_Rule,mid,0.1,0.2,2,44,eval,15,outbound,RuleBased,-210.7687,0,59,2,250.5618,20,10,,L08,0,0,0,0,58.8209,1,1,0
twoway_DQN_vs_Rule_mid,DQN_vs_Rule,mid,0.1,0.2,2,44,eval,16,outbound,RuleBased,107.8516,1,12,0,6.2253,4,3,2.9427,L02,0,0,0,0,92.1246,0,0,0
twoway_DQN_vs_Rule_mid,DQN_vs_Rule,mid,0.1,0.2,2,44,eval,17,outbound,RuleBased,-167.5217,0,59,0,235.447,18,12,,L08,0,0,0,0,157.5434,0,0,0
twoway_DQN_vs_Rule_mid,DQN_vs_Rule,mid,0.1,0.2,2,44,eval,18,outbound,RuleBased,-204.368,0,59,1,391.0248,18,10,,L08,0,0,0,0,253.7564,0,0,0
twoway_DQN_vs_Rule_mid,DQN_vs_Rule,mid,0.1,0.2,2,44,eval,19,outbound,RuleBased,109.7801,1,12,0,5.6297,2,2,0.5093,L02,0,0,0,0,91.9522,0,0,0
twoway_DQN_vs_Rule_mid,DQN_vs_Rule,mid,0.1,0.2,2,44,eval,20,outbound,RuleBased,37.6408,1,14,0,6.4989,2,1,10.0504,L02,1,1,2,0,0,3,1,1
twoway_DQN_vs_Rule_mid,DQN_vs_Rule,mid,0.1,0.2,2,44,eval,21,outbound,RuleBased,94.6104,1,12,0,5.5821,2,1,8.3054,L02,0,0,0,1,32.0415,3,2,2
twoway_DQN_vs_Rule_mid,DQN_vs_Rule,mid,0.1,0.2,2,44,eval,22,outbound,RuleBased,70.7718,1,13,0,5.9207,3,3,4.6315,L02,0,0,0,1,30.7358,10,1,1
twoway_DQN_vs_Rule_mid,DQN_vs_Rule,mid,0.1,0.2,2,44,eval,23,outbound,RuleBased,105.5804,1,11,0,4.6739,1,3,6.9641,L02,0,0,0,0,184.3348,0,0,0
twoway_DQN_vs_Rule_mid,DQN_vs_Rule,mid,0.1,0.2,2,44,eval,24,outbound,RuleBased,99.9664,1,11,0,5.9322,1,1,13.7733,L02,0,0,0,0,92.8867,0,0,0
twoway_DQN_vs_Rule_mid,DQN_vs_Rule,mid,0.1,0.2,2,44,eval,25,outbound,RuleBased,86.9657,1,14,0,6.5742,4,3,7.1801,L02,0,0,0,1,31.1976,2,2,1
twoway_DQN_vs_Rule_mid,DQN_vs_Rule,mid,0.1,0.2,2,44,eval,26,outbound,RuleBased,-167.425,0,59,0,235.646,16,17,,L08,0,0,0,0,128.5921,0,0,0
twoway_DQN_vs_Rule_mid,DQN_vs_Rule,mid,0.1,0.2,2,44,eval,27,outbound,RuleBased,101.1311,1,13,0,5.6937,1,3,10.4977,L02,0,0,0,0,61.6685,0,0,0
twoway_DQN_vs_Rule_mid,DQN_vs_Rule,mid,0.1,0.2,2,44,eval,28,outbound,RuleBased,-185.7067,0,59,1,250.5275,18,9,,L08,0,0,0,0,58.3128,1,1,0
twoway_DQN_vs_Rule_mid,DQN_vs_Rule,mid,0.1,0.2,2,44,eval,29,outbound,RuleBased,-168.2348,0,59,0,238.2498,20,15,,L08,0,0,0,0,59.6035,1,1,0
twoway_DQN_vs_Rule_mid,DQN_vs_Rule,mid,0.1,0.2,2,44,eval,30,outbound,RuleBased,-168.1569,0,59,0,238.6644,17,13,,L08,0,0,0,0,58.509,1,1,0
twoway_DQN_vs_Rule_mid,DQN_vs_Rule,mid,0.1,0.2,3,45,eval,1,inbound,DQN,-152.0138,0,59,1,5.8872,23,14,,L08,0,0,0,0,140.9687,0,0,0
twoway_DQN_vs_Rule_mid,DQN_vs_Rule,mid,0.1,0.2,3,45,eval,2,inbound,DQN,-142.0414,0,59,0,37.8434,26,10,,L08,0,0,0,0,300.1703,0,0,0
twoway_DQN_vs_Rule_mid,DQN_vs_Rule,mid,0.1,0.2,3,45,eval,3,inbound,DQN,-58.9966,1,42,0,6.3147,16,12,2.5502,L02,2,1,3,1,0,11,1,1
twoway_DQN_vs_Rule_mid,DQN_vs_Rule,mid,0.1,0.2,3,45,eval,4,inbound,DQN,-128.9577,0,59,0,22.8575,30,11,,L08,0,0,0,0,233.6044,0,0,0
twoway_DQN_vs_Rule_mid,DQN_vs_Rule,mid,0.1,0.2,3,45,eval,5,inbound,DQN,56.8283,1,20,0,5.5247,6,5,4.0991,L02,1,1,1,1,0,3,1,1
twoway_DQN_vs_Rule_mid,DQN_vs_Rule,mid,0.1,0.2,3,45,eval,6,inbound,DQN,2.2939,1,41,2,5.8176,7,12,11.7625,L08,0,0,0,0,59.4168,1,1,0
twoway_DQN_vs_Rule_mid,DQN_vs_Rule,mid,0.1,0.2,3,45,eval,7,inbound,DQN,-139.3311,0,59,0,45.9627,23,10,,L08,0,0,0,0,284.4935,0,0,0
twoway_DQN_vs_Rule_mid,DQN_vs_Rule,mid,0.1,0.2,3,45,eval,8,inbound,DQN,-177.3623,0,59,2,5.5347,19,16,,L08,0,0,0,0,128.5921,0,0,0
twoway_DQN_vs_Rule_mid,DQN_vs_Rule,mid,0.1,0.2,3,45,eval,9,inbound,DQN,-385.0855,1,56,0,5.8957,14,12,6.9686,L02,5,1,9,1,0,33,15,1
twoway_DQN_vs_Rule_mid,DQN_vs_Rule,mid,0.1,0.2,3,45,eval,10,inbound,DQN,-130.2501,0,59,0,6.7042,26,5,,L08,0,0,0,0,219.6273,0,0,0
twoway_DQN_vs_Rule_mid,DQN_vs_Rule,mid,0.1,0.2,3,45,eval,11,inbound,DQN,-151.8129,0,59,1,5.7281,20,7,,L08,0,0,0,0,219.6273,0,0,0
twoway_DQN_vs_Rule_mid,DQN_vs_Rule,mid,0.1,0.2,3,45,eval,12,inbound,DQN,-155.0423,0,59,0,166.5648,22,8,,L02,0,0,0,0,152.0336,0,0,0
twoway_DQN_vs_Rule_mid,DQN_vs_Rule,mid,0.1,0.2,3,45,eval,13,inbound,DQN,61.9668,1,16,0,6.2685,3,2,2.3256,L02,1,1,1,1,0,4,1,1
twoway_DQN_vs_Rule_mid,DQN_vs_Rule,mid,0.1,0.2,3,45,eval,14,inbound,DQN,-146.7222,0,59,0,53.068,30,4,,L08,0,0,0,0,280.2278,0,0,0
twoway_DQN_vs_Rule_mid,DQN_vs_Rule,mid,0.1,0.2,3,45,eval,15,inbound,DQN,-131.9829,0,59,0,9.4303,26,14,,L08,0,0,0,0,188.1616,0,0,0
twoway_DQN_vs_Rule_mid,DQN_vs_Rule,mid,0.1,0.2,3,45,eval,16,inbound,DQN,-133.6128,0,59,0,16.704,29,14,,L08,0,0,0,0,188.1616,0,0,0
twoway_DQN_vs_Rule_mid,DQN_vs_Rule,mid,0.1,0.2,3,45,eval,17,inbound,DQN,-63.1308,1,47,2,16.775,4,9,2.4951,L02,1,1,2,0,0,2,1,1
twoway_DQN_vs_Rule_mid,DQN_vs_Rule,mid,0.1,0.2,3,45,eval,18,inbound,DQN,-153.5824,0,59,0,143.7783,24,18,,L02,0,0,0,0,61.3313,0,0,0
twoway_DQN_vs_Rule_mid,DQN_vs_Rule,mid,0.1,0.2,3,45,eval,19,inbound,DQN,-5.5446,1,44,2,8.5306,15,12,7.3694,L08,0,0,0,0,58.7053,1,1,0
twoway_DQN_vs_Rule_mid,DQN_vs_Rule,mid,0.1,0.2,3,45,eval,20,inbound,DQN,-50.6161,1,29,0,5.8832,5,4,13.0217,L02,1,1,4,0,0,4,1,1
twoway_DQN_vs_Rule_mid,DQN_vs_Rule,mid,0.1,0.2,3,45,eval,21,inbound,DQN,-128.7923,0,59,0,6.9807,19,14,,L08,0,0,0,0,128.5921,0,0,0
twoway_DQN_vs_Rule_mid,DQN_vs_Rule,mid,0.1,0.2,3,45,eval,22,inbound,DQN,-131.5532,0,59,0,8.3465,30,8,,L08,0,0,0,0,233.6044,0,0,0
twoway_DQN_vs_Rule_mid,DQN_vs_Rule,mid,0.1,0.2,3,45,eval,23,inbound,DQN,34.1665,1,17,0,5.7584,5,4,3.6528,L02,1,1,2,0,0,2,1,1
twoway_DQN_vs_Rule_mid,DQN_vs_Rule,mid,0.1,0.2,3,45,eval,24,inbound,DQN,-188.0027,0,59,0,207.4486,21,15,,L02,0,0,0,0,213.5073,0,0,0
twoway_DQN_vs_Rule_mid,DQN_vs_Rule,mid,0.1,0.2,3,45,eval,25,inbound,DQN,-163.4402,0,59,0,196.786,19,14,,L02,0,0,0,0,154.215,0,0,0
twoway_DQN_vs_Rule_mid,DQN_vs_Rule,mid,0.1,0.2,3,45,eval,26,inbound,DQN,-162.4459,0,59,1,31.8914,29,12,,L08,0,0,0,0,128.5921,0,0,0
twoway_DQN_vs_Rule_mid,DQN_vs_Rule,mid,0.1,0.2,3,45,eval,27,inbound,DQN,-150.6521,0,59,1,8.6063,28,16,,L08,0,0,0,0,128.5921,0,0,0
twoway_DQN_vs_Rule_mid,DQN_vs_Rule,mid,0.1,0.2,3,45,eval,28,inbound,DQN,-134.6965,1,52,4,45.8823,14,12,4.0542,L02,1,1,2,0,0,3,1,1
twoway_DQN_vs_Rule_mid,DQN_vs_Rule,mid,0.1,0.2,3,45,eval,29,inbound,DQN,18.239,1,33,2,6.4484,5,8,0.1126,L08,0,0,0,1,29.1204,5,1,0
twoway_DQN_vs_Rule_mid,DQN_vs_Rule,mid,0.1,0.2,3,45,eval,30,inbound,DQN,-170.2856,0,59,0,200.6415,27,14,,L02,0,0,0,0,213.9163,0,0,0
twoway_DQN_vs_Rule_mid,DQN_vs_Rule,mid,0.1,0.2,3,45,eval,1,outbound,RuleBased,-167.5198,0,59,0,187.0683,19,12,,L08,0,0,0,0,140.9687,0,0,0
twoway_DQN_vs_Rule_mid,DQN_vs_Rule,mid,0.1,0.2,3,45,eval,2,outbound,RuleBased,-167.5251,0,59,0,186.8658,13,11,,L08,0,0,0,0,300.1703,0,0,0
twoway_DQN_vs_Rule_mid,DQN_vs_Rule,mid,0.1,0.2,3,45,eval,3,outbound,RuleBased,-19.0723,1,13,0,5.041,2,3,11.8197,L02,2,1,3,1,0,11,1,1
twoway_DQN_vs_Rule_mid,DQN_vs_Rule,mid,0.1,0.2,3,45,eval,4,outbound,RuleBased,-167.5081,0,59,0,187.3083,23,15,,L08,0,0,0,0,233.6044,0,0,0
twoway_DQN_vs_Rule_mid,DQN_vs_Rule,mid,0.1,0.2,3,45,eval,5,outbound,RuleBased,70.115,1,12,0,5.4636,1,2,2.4276,L02,1,1,1,1,0,3,1,1
twoway_DQN_vs_Rule_mid,DQN_vs_Rule,mid,0.1,0.2,3,45,eval,6,outbound,RuleBased,-167.6013,0,59,0,187.3259,13,8,,L08,0,0,0,0,59.4168,1,1,0
twoway_DQN_vs_Rule_mid,DQN_vs_Rule,mid,0.1,0.2,3,45,eval,7,outbound,RuleBased,-167.6603,0,59,0,187.3123,19,14,,L08,0,0,0,0,284.4935,0,0,0
twoway_DQN_vs_Rule_mid,DQN_vs_Rule,mid,0.1,0.2,3,45,eval,8,outbound,RuleBased,-167.498,0,59,0,186.9237,17,13,,L08,0,0,0,0,128.5921,0,0,0
twoway_DQN_vs_Rule_mid,DQN_vs_Rule,mid,0.1,0.2,3,45,eval,9,outbound,RuleBased,-247.564,1,11,0,7.0673,1,5,14.0625,L02,5,1,9,1,0,33,15,1
twoway_DQN_vs_Rule_mid,DQN_vs_Rule,mid,0.1,0.2,3,45,eval,10,outbound,RuleBased,-167.5255,0,59,0,186.9813,21,8,,L08,0,0,0,0,219.6273,0,0,0
twoway_DQN_vs_Rule_mid,DQN_vs_Rule,mid,0.1,0.2,3,45,eval,11,outbound,RuleBased,-167.5534,0,59,0,187.0199,12,18,,L08,0,0,0,0,219.6273,0,0,0
twoway_DQN_vs_Rule_mid,DQN_vs_Rule,mid,0.1,0.2,3,45,eval,12,outbound,RuleBased,101.3331,1,13,0,6.3975,2,2,9.932,L02,0,0,0,0,152.0336,0,0,0
twoway_DQN_vs_Rule_mid,DQN_vs_Rule,mid,0.1,0.2,3,45,eval,13,outbound,RuleBased,67.542,1,14,0,5.483,4,2,0.1323,L02,1,1,1,1,0,4,1,1
twoway_DQN_vs_Rule_mid,DQN_vs_Rule,mid,0.1,0.2,3,45,eval,14,outbound,RuleBased,-167.4789,0,59,0,187.0479,17,19,,L08,0,0,0,0,280.2278,0,0,0
twoway_DQN_vs_Rule_mid,DQN_vs_Rule,mid,0.1,0.2,3,45,eval,15,outbound,RuleBased,-167.7443,0,59,0,187.8695,26,11,,L08,0,0,0,0,188.1616,0,0,0
twoway_DQN_vs_Rule_mid,DQN_vs_Rule,mid,0.1,0.2,3,45,eval,16,outbound,RuleBased,-167.7324,0,59,0,187.2117,19,10,,L08,0,0,0,0,188.1616,0,0,0
twoway_DQN_vs_Rule_mid,DQN_vs_Rule,mid,0.1,0.2,3,45,eval,17,outbound,RuleBased,42.3395,1,12,0,6.1106,3,6,9.6642,L02,1,1,2,0,0,2,1,1
twoway_DQN_vs_Rule_mid,DQN_vs_Rule,mid,0.1,0.2,3,45,eval,18,outbound,RuleBased,101.5555,1,14,0,5.4158,2,2,8.8753,L02,0,0,0,0,61.3313,0,0,0
twoway_DQN_vs_Rule_mid,DQN_vs_Rule,mid,0.1,0.2,3,45,eval,19,outbound,RuleBased,-167.5633,0,59,0,186.9863,16,9,,L08,0,0,0,0,58.7053,1,1,0
twoway_DQN_vs_Rule_mid,DQN_vs_Rule,mid,0.1,0.2,3,45,eval,20,outbound,RuleBased,-10.1719,1,12,0,6.5844,3,0,0.1642,L02,1,1,4,0,0,4,1,1
twoway_DQN_vs_Rule_mid,DQN_vs_Rule,mid,0.1,0.2,3,45,eval,21,outbound,RuleBased,-167.6735,0,59,0,187.2857,20,13,,L08,0,0,0,0,128.5921,0,0,0
twoway_DQN_vs_Rule_mid,DQN_vs_Rule,mid,0.1,0.2,3,45,eval,22,outbound,RuleBased,-167.5719,0,59,0,187.0043,16,13,,L08,0,0,0,0,233.6044,0,0,0
twoway_DQN_vs_Rule_mid,DQN_vs_Rule,mid,0.1,0.2,3,45,eval,23,outbound,RuleBased,48.6705,1,12,0,5.392,2,1,1.7754,L02,1,1,2,0,0,2,1,1
twoway_DQN_vs_Rule_mid,DQN_vs_Rule,mid,0.1,0.2,3,45,eval,24,outbound,RuleBased,107.4062,1,14,0,5.702,5,5,1.4371,L02,0,0,0,0,213.5073,0,0,0
twoway_DQN_vs_Rule_mid,DQN_vs_Rule,mid,0.1,0.2,3,45,eval,25,outbound,RuleBased,103.0712,1,11,0,6.3035,2,1,9.6107,L02,0,0,0,0,154.215,0,0,0
twoway_DQN_vs_Rule_mid,DQN_vs_Rule,mid,0.1,0.2,3,45,eval,26,outbound,RuleBased,-167.5974,0,59,0,186.9969,14,9,,L08,0,0,0,0,128.5921,0,0,0
twoway_DQN_vs_Rule_mid,DQN_vs_Rule,mid,0.1,0.2,3,45,eval,27,outbound,RuleBased,-167.3621,0,59,0,186.8378,15,9,,L08,0,0,0,0,128.5921,0,0,0
twoway_DQN_vs_Rule_mid,DQN_vs_Rule,mid,0.1,0.2,3,45,eval,28,outbound,RuleBased,46.8018,1,12,0,5.902,0,0,4.0042,L02,1,1,2,0,0,3,1,1
twoway_DQN_vs_Rule_mid,DQN_vs_Rule,mid,0.1,0.2,3,45,eval,29,outbound,RuleBased,-176.5129,0,59,0,186.9576,13,13,,L08,0,0,0,1,29.1204,5,1,0
twoway_DQN_vs_Rule_mid,DQN_vs_Rule,mid,0.1,0.2,3,45,eval,30,outbound,RuleBased,106.7858,1,12,0,6.0932,2,2,4.0266,L02,0,0,0,0,213.9163,0,0,0
twoway_DQN_vs_Rule_mid,DQN_vs_Rule,mid,0.1,0.2,4,46,eval,1,inbound,DQN,-124.2843,0,59,0,5.7268,8,12,,L02,0,0,0,0,130,0,0,0
twoway_DQN_vs_Rule_mid,DQN_vs_Rule,mid,0.1,0.2,4,46,eval,2,inbound,DQN,-125.1042,0,59,0,5.8226,8,16,,L02,0,0,0,0,132.484,0,0,0
twoway_DQN_vs_Rule_mid,DQN_vs_Rule,mid,0.1,0.2,4,46,eval,3,inbound,DQN,9.7451,1,36,0,5.6322,6,9,10.8486,L08,1,1,1,1,0,5,3,1
twoway_DQN_vs_Rule_mid,DQN_vs_Rule,mid,0.1,0.2,4,46,eval,4,inbound,DQN,59.308,1,18,0,6.3249,2,3,5.998,L08,1,1,1,1,0,3,1,1
twoway_DQN_vs_Rule_mid,DQN_vs_Rule,mid,0.1,0.2,4,46,eval,5,inbound,DQN,-53.2111,1,58,0,5.8153,5,15,3.3954,L08,1,1,2,1,0,4,2,2
twoway_DQN_vs_Rule_mid,DQN_vs_Rule,mid,0.1,0.2,4,46,eval,6,inbound,DQN,37.8043,1,30,0,5.3683,4,7,5.9253,L08,1,1,1,1,0,3,1,1
twoway_DQN_vs_Rule_mid,DQN_vs_Rule,mid,0.1,0.2,4,46,eval,7,inbound,DQN,-126.2789,0,59,0,6.1307,9,13,,L02,0,0,0,0,130,0,0,0
twoway_DQN_vs_Rule_mid,DQN_vs_Rule,mid,0.1,0.2,4,46,eval,8,inbound,DQN,21.5678,1,22,0,6.4743,8,4,4.7148,L08,1,1,2,0,0,3,1,1
twoway_DQN_vs_Rule_mid,DQN_vs_Rule,mid,0.1,0.2,4,46,eval,9,inbound,DQN,40.5953,1,26,0,5.4213,4,6,0.2176,L08,1,1,1,1,0,4,2,1
twoway_DQN_vs_Rule_mid,DQN_vs_Rule,mid,0.1,0.2,4,46,eval,10,inbound,DQN,-125.0969,0,59,0,5.7054,5,13,,L02,0,0,0,0,132.484,0,0,0
twoway_DQN_vs_Rule_mid,DQN_vs_Rule,mid,0.1,0.2,4,46,eval,11,inbound,DQN,-125.4402,0,59,0,6.3116,11,16,,L02,0,0,0,0,132.484,0,0,0
twoway_DQN_vs_Rule_mid,DQN_vs_Rule,mid,0.1,0.2,4,46,eval,12,inbound,DQN,53.3147,1,22,0,6.3121,5,5,3.5327,L08,1,1,1,1,0,3,1,1
twoway_DQN_vs_Rule_mid,DQN_vs_Rule,mid,0.1,0.2,4,46,eval,13,inbound,DQN,-125.9083,0,59,0,6.0577,7,15,,L02,0,0,0,0,130,0,0,0
twoway_DQN_vs_Rule_mid,DQN_vs_Rule,mid,0.1,0.2,4,46,eval,14,inbound,DQN,13.3911,1,33,0,6.7599,5,7,0.8284,L08,1,1,1,1,0,4,3,1
twoway_DQN_vs_Rule_mid,DQN_vs_Rule,mid,0.1,0.2,4,46,eval,15,inbound,DQN,-124.3129,0,59,0,6.5535,4,15,,L02,0,0,0,0,132.484,0,0,0
twoway_DQN_vs_Rule_mid,DQN_vs_Rule,mid,0.1,0.2,4,46,eval,16,inbound,DQN,37.6266,1,24,0,5.7911,8,3,8.4561,L08,1,1,1,1,0,4,2,1
twoway_DQN_vs_Rule_mid,DQN_vs_Rule,mid,0.1,0.2,4,46,eval,17,inbound,DQN,31.2937,1,30,0,5.7551,5,5,0.4024,L08,1,1,1,1,0,4,2,1
twoway_DQN_vs_Rule_mid,DQN_vs_Rule,mid,0.1,0.2,4,46,eval,18,inbound,DQN,-125.1864,0,59,0,5.9813,5,13,,L02,0,0,0,0,132.484,0,0,0
twoway_DQN_vs_Rule_mid,DQN_vs_Rule,mid,0.1,0.2,4,46,eval,19,inbound,DQN,-177.8803,1,47,0,6.6784,8,12,3.8904,L08,2,1,7,1,0,9,1,1
twoway_DQN_vs_Rule_mid,DQN_vs_Rule,mid,0.1,0.2,4,46,eval,20,inbound,DQN,20.8152,1,23,0,6.2229,9,3,6.92,L08,1,1,2,0,0,2,1,1
twoway_DQN_vs_Rule_mid,DQN_vs_Rule,mid,0.1,0.2,4,46,eval,21,inbound,DQN,70.332,1,14,0,6.6741,5,1,0.3338,L08,1,1,1,1,0,3,1,1
twoway_DQN_vs_Rule_mid,DQN_vs_Rule,mid,0.1,0.2,4,46,eval,22,inbound,DQN,-126.3651,0,59,0,6.1266,6,12,,L02,0,0,0,0,130,0,0,0
twoway_DQN_vs_Rule_mid,DQN_vs_Rule,mid,0.1,0.2,4,46,eval,23,inbound,DQN,-124.9444,0,59,0,5.4101,2,7,,L02,0,0,0,0,132.484,0,0,0
twoway_DQN_vs_Rule_mid,DQN_vs_Rule,mid,0.1,0.2,4,46,eval,24,inbound,DQN,-124.073,0,59,0,5.9806,4,8,,L02,0,0,0,0,130,0,0,0
twoway_DQN_vs_Rule_mid,DQN_vs_Rule,mid,0.1,0.2,4,46,eval,25,inbound,DQN,-4.6029,1,29,0,5.6458,5,6,16.9342,L08,1,1,2,0,0,3,1,1
twoway_DQN_vs_Rule_mid,DQN_vs_Rule,mid,0.1,0.2,4,46,eval,26,inbound,DQN,51.0849,1,22,0,5.8573,0,5,5.4941,L08,1,1,1,1,0,3,1,1
twoway_DQN_vs_Rule_mid,DQN_vs_Rule,mid,0.1,0.2,4,46,eval,27,inbound,DQN,-123.2014,0,59,0,6.2158,6,14,,L02,0,0,0,0,132.484,0,0,0
twoway_DQN_vs_Rule_mid,DQN_vs_Rule,mid,0.1,0.2,4,46,eval,28,inbound,DQN,40.3518,1,26,0,6.4328,6,5,11.165,L08,1,1,1,1,0,3,1,1
twoway_DQN_vs_Rule_mid,DQN_vs_Rule,mid,0.1,0.2,4,46,eval,29,inbound,DQN,-125.0728,0,59,0,5.838,1,13,,L02,0,0,0,0,132.484,0,0,0
twoway_DQN_vs_Rule_mid,DQN_vs_Rule,mid,0.1,0.2,4,46,eval,30,inbound,DQN,22.9715,1,21,0,6.003,7,2,8.6362,L08,1,1,2,0,0,2,1,1
twoway_DQN_vs_Rule_mid,DQN_vs_Rule,mid,0.1,0.2,4,46,eval,1,outbound,RuleBased,-269.1358,0,59,4,227.2052,18,12,,L02,0,0,0,0,130,0,0,0
twoway_DQN_vs_Rule_mid,DQN_vs_Rule,mid,0.1,0.2,4,46,eval,2,outbound,RuleBased,-268.5647,0,59,4,224.7667,16,8,,L02,0,0,0,0,132.484,0,0,0
twoway_DQN_vs_Rule_mid,DQN_vs_Rule,mid,0.1,0.2,4,46,eval,3,outbound,RuleBased,54.9881,1,13,0,5.7572,0,6,6.615,L08,1,1,1,1,0,5,3,1
twoway_DQN_vs_Rule_mid,DQN_vs_Rule,mid,0.1,0.2,4,46,eval,4,outbound,RuleBased,68.0775,1,13,0,6.2659,5,2,4.0142,L08,1,1,1,1,0,3,1,1
twoway_DQN_vs_Rule_mid,DQN_vs_Rule,mid,0.1,0.2,4,46,eval,5,outbound,RuleBased,34.4481,1,12,0,6.0533,1,2,9.5496,L08,1,1,2,1,0,4,2,2
twoway_DQN_vs_Rule_mid,DQN_vs_Rule,mid,0.1,0.2,4,46,eval,6,outbound,RuleBased,70.3868,1,12,0,5.3698,1,2,2.1818,L08,1,1,1,1,0,3,1,1
twoway_DQN_vs_Rule_mid,DQN_vs_Rule,mid,0.1,0.2,4,46,eval,7,outbound,RuleBased,-268.1386,0,59,4,222.8692,24,13,,L02,0,0,0,0,130,0,0,0
twoway_DQN_vs_Rule_mid,DQN_vs_Rule,mid,0.1,0.2,4,46,eval,8,outbound,RuleBased,44.1732,1,11,0,5.4014,3,4,8.4137,L08,1,1,2,0,0,3,1,1
twoway_DQN_vs_Rule_mid,DQN_vs_Rule,mid,0.1,0.2,4,46,eval,9,outbound,RuleBased,59.8735,1,11,0,6.355,4,3,12.4218,L08,1,1,1,1,0,4,2,1
twoway_DQN_vs_Rule_mid,DQN_vs_Rule,mid,0.1,0.2,4,46,eval,10,outbound,RuleBased,-219.1463,0,59,2,227.3137,18,12,,L02,0,0,0,0,132.484,0,0,0
twoway_DQN_vs_Rule_mid,DQN_vs_Rule,mid,0.1,0.2,4,46,eval,11,outbound,RuleBased,-219.1637,0,59,2,227.1514,16,18,,L02,0,0,0,0,132.484,0,0,0
twoway_DQN_vs_Rule_mid,DQN_vs_Rule,mid,0.1,0.2,4,46,eval,12,outbound,RuleBased,70.3043,1,11,0,6.3834,1,0,3.1478,L08,1,1,1,1,0,3,1,1
twoway_DQN_vs_Rule_mid,DQN_vs_Rule,mid,0.1,0.2,4,46,eval,13,outbound,RuleBased,-243.3585,0,59,3,224.6873,22,9,,L02,0,0,0,0,130,0,0,0
twoway_DQN_vs_Rule_mid,DQN_vs_Rule,mid,0.1,0.2,4,46,eval,14,outbound,RuleBased,64.0476,1,13,0,5.8752,2,2,1.4886,L08,1,1,1,1,0,4,3,1
twoway_DQN_vs_Rule_mid,DQN_vs_Rule,mid,0.1,0.2,4,46,eval,15,outbound,RuleBased,-219.1783,0,59,2,227.3598,20,10,,L02,0,0,0,0,132.484,0,0,0
twoway_DQN_vs_Rule_mid,DQN_vs_Rule,mid,0.1,0.2,4,46,eval,16,outbound,RuleBased,68.1195,1,13,0,5.8272,3,4,0.1843,L08,1,1,1,1,0,4,2,1
twoway_DQN_vs_Rule_mid,DQN_vs_Rule,mid,0.1,0.2,4,46,eval,17,outbound,RuleBased,66.1358,1,13,0,6.5855,4,2,2.5953,L08,1,1,1,1,0,4,2,1
twoway_DQN_vs_Rule_mid,DQN_vs_Rule,mid,0.1,0.2,4,46,eval,18,outbound,RuleBased,-243.4695,0,59,3,224.5014,19,8,,L02,0,0,0,0,132.484,0,0,0
twoway_DQN_vs_Rule_mid,DQN_vs_Rule,mid,0.1,0.2,4,46,eval,19,outbound,RuleBased,-109.5585,1,12,0,4.8114,0,2,8.3998,L08,2,1,7,1,0,9,1,1
twoway_DQN_vs_Rule_mid,DQN_vs_Rule,mid,0.1,0.2,4,46,eval,20,outbound,RuleBased,47.8544,1,12,0,4.9759,0,3,2.8296,L08,1,1,2,0,0,2,1,1
twoway_DQN_vs_Rule_mid,DQN_vs_Rule,mid,0.1,0.2,4,46,eval,21,outbound,RuleBased,65.6609,1,11,0,6.912,2,1,8.9314,L08,1,1,1,1,0,3,1,1
twoway_DQN_vs_Rule_mid,DQN_vs_Rule,mid,0.1,0.2,4,46,eval,22,outbound,RuleBased,-268.865,0,59,4,226.7616,18,13,,L02,0,0,0,0,130,0,0,0
twoway_DQN_vs_Rule_mid,DQN_vs_Rule,mid,0.1,0.2,4,46,eval,23,outbound,RuleBased,-268.2669,0,59,4,223.0383,20,13,,L02,0,0,0,0,132.484,0,0,0
twoway_DQN_vs_Rule_mid,DQN_vs_Rule,mid,0.1,0.2,4,46,eval,24,outbound,RuleBased,-268.3142,0,59,4,224.34,19,14,,L02,0,0,0,0,130,0,0,0
twoway_DQN_vs_Rule_mid,DQN_vs_Rule,mid,0.1,0.2,4,46,eval,25,outbound,RuleBased,46.4599,1,12,0,6.6815,3,2,0.7441,L08,1,1,2,0,0,3,1,1
twoway_DQN_vs_Rule_mid,DQN_vs_Rule,mid,0.1,0.2,4,46,eval,26,outbound,RuleBased,68.636,1,12,0,6.114,3,1,4.257,L08,1,1,1,1,0,3,1,1
twoway_DQN_vs_Rule_mid,DQN_vs_Rule,mid,0.1,0.2,4,46,eval,27,outbound,RuleBased,-268.1217,0,59,4,222.7829,13,13,,L02,0,0,0,0,132.484,0,0,0
twoway_DQN_vs_Rule_mid,DQN_vs_Rule,mid,0.1,0.2,4,46,eval,28,outbound,RuleBased,70.1453,1,13,0,6.0888,0,2,1.3416,L08,1,1,1,1,0,3,1,1
twoway_DQN_vs_Rule_mid,DQN_vs_Rule,mid,0.1,0.2,4,46,eval,29,outbound,RuleBased,-268.5809,0,59,4,224.8944,21,7,,L02,0,0,0,0,132.484,0,0,0
twoway_DQN_vs_Rule_mid,DQN_vs_Rule,mid,0.1,0.2,4,46,eval,30,outbound,RuleBased,46.7165,1,12,0,5.8311,2,1,4.2566,L08,1,1,2,0,0,2,1,1
twoway_DQN_vs_Rule_mid,DQN_vs_Rule,mid,0.1,0.2,5,47,eval,1,inbound,DQN,-157.3447,0,59,0,185.6536,26,14,,L02,0,0,0,0,273.9769,0,0,0
twoway_DQN_vs_Rule_mid,DQN_vs_Rule,mid,0.1,0.2,5,47,eval,2,inbound,DQN,-161.384,0,59,1,100.4281,24,10,,L08,0,0,0,0,311.1554,0,0,0
twoway_DQN_vs_Rule_mid,DQN_vs_Rule,mid,0.1,0.2,5,47,eval,3,inbound,DQN,-4.7539,1,41,0,5.9814,4,11,1.4769,L02,1,1,2,0,0,2,1,1
twoway_DQN_vs_Rule_mid,DQN_vs_Rule,mid,0.1,0.2,5,47,eval,4,inbound,DQN,-167.3185,0,59,0,5.6555,8,12,,L02,1,1,1,1,0,3,1,1
twoway_DQN_vs_Rule_mid,DQN_vs_Rule,mid,0.1,0.2,5,47,eval,5,inbound,DQN,-132.9565,0,59,0,16.0889,17,15,,L02,0,0,0,0,61.3254,0,0,0
twoway_DQN_vs_Rule_mid,DQN_vs_Rule,mid,0.1,0.2,5,47,eval,6,inbound,DQN,-144.9177,0,59,0,70.9667,24,11,,L08,0,0,0,0,306.9354,0,0,0
twoway_DQN_vs_Rule_mid,DQN_vs_Rule,mid,0.1,0.2,5,47,eval,7,inbound,DQN,-381.8963,0,59,9,176.6595,28,13,,L08,0,0,0,0,315.6445,0,0,0
twoway_DQN_vs_Rule_mid,DQN_vs_Rule,mid,0.1,0.2,5,47,eval,8,inbound,DQN,-177.9641,0,59,0,165.7998,28,12,,L02,0,0,0,0,122.2719,0,0,0
twoway_DQN_vs_Rule_mid,DQN_vs_Rule,mid,0.1,0.2,5,47,eval,9,inbound,DQN,-270.5293,0,59,4,204.2628,20,13,,L08,0,0,0,0,347.1987,0,0,0
twoway_DQN_vs_Rule_mid,DQN_vs_Rule,mid,0.1,0.2,5,47,eval,10,inbound,DQN,-165.7278,0,59,0,6.0655,8,10,,L02,1,1,1,1,0,4,1,1
twoway_DQN_vs_Rule_mid,DQN_vs_Rule,mid,0.1,0.2,5,47,eval,11,inbound,DQN,-131.3974,0,59,0,5.6738,21,12,,L02,0,0,0,0,61.0768,0,0,0
twoway_DQN_vs_Rule_mid,DQN_vs_Rule,mid,0.1,0.2,5,47,eval,12,inbound,DQN,-196.0023,0,59,2,101.1498,19,12,,L08,0,0,0,0,304.3563,0,0,0
twoway_DQN_vs_Rule_mid,DQN_vs_Rule,mid,0.1,0.2,5,47,eval,13,inbound,DQN,-144.566,0,59,0,52.3522,31,9,,L02,0,0,0,0,61.0191,0,0,0
twoway_DQN_vs_Rule_mid,DQN_vs_Rule,mid,0.1,0.2,5,47,eval,14,inbound,DQN,-134.5457,0,59,0,25.879,23,12,,L02,0,0,0,0,153.262,0,0,0
twoway_DQN_vs_Rule_mid,DQN_vs_Rule,mid,0.1,0.2,5,47,eval,15,inbound,DQN,-258.3694,0,59,4,158.5699,23,12,,L08,0,0,0,0,330.1297,0,0,0
twoway_DQN_vs_Rule_mid,DQN_vs_Rule,mid,0.1,0.2,5,47,eval,16,inbound,DQN,-493.5302,0,59,14,159.7907,37,17,,L08,0,0,0,0,298.5735,0,0,0
twoway_DQN_vs_Rule_mid,DQN_vs_Rule,mid,0.1,0.2,5,47,eval,17,inbound,DQN,-207.6447,0,59,2,177.9925,24,15,,L08,0,0,0,0,322.4624,0,0,0
twoway_DQN_vs_Rule_mid,DQN_vs_Rule,mid,0.1,0.2,5,47,eval,18,inbound,DQN,-169.708,0,59,0,5.7305,9,9,,L02,1,1,1,1,0,6,1,1
twoway_DQN_vs_Rule_mid,DQN_vs_Rule,mid,0.1,0.2,5,47,eval,19,inbound,DQN,66.8082,1,14,0,6.488,5,3,4.5949,L02,1,1,1,1,0,3,1,1
twoway_DQN_vs_Rule_mid,DQN_vs_Rule,mid,0.1,0.2,5,47,eval,20,inbound,DQN,-382.1691,0,59,9,179.3284,29,12,,L08,0,0,0,0,315.6445,0,0,0
twoway_DQN_vs_Rule_mid,DQN_vs_Rule,mid,0.1,0.2,5,47,eval,21,inbound,DQN,-246.7303,0,59,4,145.0387,20,13,,L08,0,0,0,0,283.5591,0,0,0
twoway_DQN_vs_Rule_mid,DQN_vs_Rule,mid,0.1,0.2,5,47,eval,22,inbound,DQN,-162.8797,0,59,0,6.3894,11,16,,L02,1,1,1,1,0,3,1,1
twoway_DQN_vs_Rule_mid,DQN_vs_Rule,mid,0.1,0.2,5,47,eval,23,inbound,DQN,-182.6802,0,59,0,247.3429,24,7,,L02,0,0,0,0,305.4595,0,0,0
twoway_DQN_vs_Rule_mid,DQN_vs_Rule,mid,0.1,0.2,5,47,eval,24,inbound,DQN,-362.1107,0,59,8,201.6729,26,12,,L08,0,0,0,0,316.9718,0,0,0
twoway_DQN_vs_Rule_mid,DQN_vs_Rule,mid,0.1,0.2,5,47,eval,25,inbound,DQN,-299.846,0,59,6,133.4231,24,11,,L08,0,0,0,0,300.1703,0,0,0
twoway_DQN_vs_Rule_mid,DQN_vs_Rule,mid,0.1,0.2,5,47,eval,26,inbound,DQN,-254.4986,0,59,4,190.1365,23,15,,L08,0,0,0,0,309.4127,0,0,0
twoway_DQN_vs_Rule_mid,DQN_vs_Rule,mid,0.1,0.2,5,47,eval,27,inbound,DQN,-296.5529,0,59,6,154.5829,26,10,,L08,0,0,0,0,306.9354,0,0,0
twoway_DQN_vs_Rule_mid,DQN_vs_Rule,mid,0.1,0.2,5,47,eval,28,inbound,DQN,-398.873,0,59,9,244.7928,25,14,,L08,0,0,0,0,373.2557,0,0,0
twoway_DQN_vs_Rule_mid,DQN_vs_Rule,mid,0.1,0.2,5,47,eval,29,inbound,DQN,-302.761,0,59,5,242.0152,25,13,,L08,0,0,0,0,344.4236,0,0,0
twoway_DQN_vs_Rule_mid,DQN_vs_Rule,mid,0.1,0.2,5,47,eval,30,inbound,DQN,-165.5838,0,59,1,15.7486,32,10,,L02,0,0,0,1,32.205,1,1,1
twoway_DQN_vs_Rule_mid,DQN_vs_Rule,mid,0.1,0.2,5,47,eval,1,outbound,RuleBased,106.9506,1,11,0,6.6177,4,2,4.9908,L02,0,0,0,0,273.9769,0,0,0
twoway_DQN_vs_Rule_mid,DQN_vs_Rule,mid,0.1,0.2,5,47,eval,2,outbound,RuleBased,-165.6556,0,59,0,181.118,18,11,,L08,0,0,0,0,311.1554,0,0,0
twoway_DQN_vs_Rule_mid,DQN_vs_Rule,mid,0.1,0.2,5,47,eval,3,outbound,RuleBased,41.317,1,12,0,6.1328,2,1,11.074,L02,1,1,2,0,0,2,1,1
twoway_DQN_vs_Rule_mid,DQN_vs_Rule,mid,0.1,0.2,5,47,eval,4,outbound,RuleBased,65.8846,1,14,0,6.2406,6,2,6.0398,L02,1,1,1,1,0,3,1,1
twoway_DQN_vs_Rule_mid,DQN_vs_Rule,mid,0.1,0.2,5,47,eval,5,outbound,RuleBased,103.8267,1,13,0,5.1502,2,3,7.1565,L02,0,0,0,0,61.3254,0,0,0
twoway_DQN_vs_Rule_mid,DQN_vs_Rule,mid,0.1,0.2,5,47,eval,6,outbound,RuleBased,-165.8233,0,59,0,181.1651,23,12,,L08,0,0,0,0,306.9354,0,0,0
twoway_DQN_vs_Rule_mid,DQN_vs_Rule,mid,0.1,0.2,5,47,eval,7,outbound,RuleBased,-165.6138,0,59,0,180.8227,18,10,,L08,0,0,0,0,315.6445,0,0,0
twoway_DQN_vs_Rule_mid,DQN_vs_Rule,mid,0.1,0.2,5,47,eval,8,outbound,RuleBased,108.4994,1,12,0,5.2605,0,1,2.1662,L02,0,0,0,0,122.2719,0,0,0
twoway_DQN_vs_Rule_mid,DQN_vs_Rule,mid,0.1,0.2,5,47,eval,9,outbound,RuleBased,-165.9552,0,59,0,181.6328,13,18,,L08,0,0,0,0,347.1987,0,0,0
twoway_DQN_vs_Rule_mid,DQN_vs_Rule,mid,0.1,0.2,5,47,eval,10,outbound,RuleBased,34.6757,1,14,1,5.406,4,5,10.074,L02,1,1,1,1,0,4,1,1
twoway_DQN_vs_Rule_mid,DQN_vs_Rule,mid,0.1,0.2,5,47,eval,11,outbound,RuleBased,104.4111,1,14,0,5.2305,2,6,5.4463,L02,0,0,0,0,61.0768,0,0,0
twoway_DQN_vs_Rule_mid,DQN_vs_Rule,mid,0.1,0.2,5,47,eval,12,outbound,RuleBased,-165.8539,0,59,0,181.2544,14,16,,L08,0,0,0,0,304.3563,0,0,0
twoway_DQN_vs_Rule_mid,DQN_vs_Rule,mid,0.1,0.2,5,47,eval,13,outbound,RuleBased,107.4396,1,14,0,5.1347,4,0,1.6434,L02,0,0,0,0,61.0191,0,0,0
twoway_DQN_vs_Rule_mid,DQN_vs_Rule,mid,0.1,0.2,5,47,eval,14,outbound,RuleBased,110.2545,1,11,0,6.3323,3,1,0.8764,L02,0,0,0,0,153.262,0,0,0
twoway_DQN_vs_Rule_mid,DQN_vs_Rule,mid,0.1,0.2,5,47,eval,15,outbound,RuleBased,-165.7899,0,59,0,181.2202,18,5,,L08,0,0,0,0,330.1297,0,0,0
twoway_DQN_vs_Rule_mid,DQN_vs_Rule,mid,0.1,0.2,5,47,eval,16,outbound,RuleBased,-165.8865,0,59,0,181.287,14,12,,L08,0,0,0,0,298.5735,0,0,0
twoway_DQN_vs_Rule_mid,DQN_vs_Rule,mid,0.1,0.2,5,47,eval,17,outbound,RuleBased,-165.8057,0,59,0,181.5548,17,8,,L08,0,0,0,0,322.4624,0,0,0
twoway_DQN_vs_Rule_mid,DQN_vs_Rule,mid,0.1,0.2,5,47,eval,18,outbound,RuleBased,57.9748,1,14,0,6.5117,4,2,4.6852,L02,1,1,1,1,0,6,1,1
twoway_DQN_vs_Rule_mid,DQN_vs_Rule,mid,0.1,0.2,5,47,eval,19,outbound,RuleBased,70.746,1,11,0,5.9448,1,5,2.6964,L02,1,1,1,1,0,3,1,1
twoway_DQN_vs_Rule_mid,DQN_vs_Rule,mid,0.1,0.2,5,47,eval,20,outbound,RuleBased,-165.6761,0,59,0,181.0237,22,13,,L08,0,0,0,0,315.6445,0,0,0
twoway_DQN_vs_Rule_mid,DQN_vs_Rule,mid,0.1,0.2,5,47,eval,21,outbound,RuleBased,-165.8301,0,59,0,181.2337,14,14,,L08,0,0,0,0,283.5591,0,0,0
twoway_DQN_vs_Rule_mid,DQN_vs_Rule,mid,0.1,0.2,5,47,eval,22,outbound,RuleBased,70.8503,1,13,0,5.2556,5,2,0.8864,L02,1,1,1,1,0,3,1,1
twoway_DQN_vs_Rule_mid,DQN_vs_Rule,mid,0.1,0.2,5,47,eval,23,outbound,RuleBased,106.7144,1,12,0,5.3524,2,3,4.4362,L02,0,0,0,0,305.4595,0,0,0
twoway_DQN_vs_Rule_mid,DQN_vs_Rule,mid,0.1,0.2,5,47,eval,24,outbound,RuleBased,-165.6906,0,59,0,181.0819,20,11,,L08,0,0,0,0,316.9718,0,0,0
twoway_DQN_vs_Rule_mid,DQN_vs_Rule,mid,0.1,0.2,5,47,eval,25,outbound,RuleBased,-165.8916,0,59,0,181.3749,28,9,,L08,0,0,0,0,300.1703,0,0,0
twoway_DQN_vs_Rule_mid,DQN_vs_Rule,mid,0.1,0.2,5,47,eval,26,outbound,RuleBased,-165.6736,0,59,0,181.1411,17,16,,L08,0,0,0,0,309.4127,0,0,0
twoway_DQN_vs_Rule_mid,DQN_vs_Rule,mid,0.1,0.2,5,47,eval,27,outbound,RuleBased,-165.8776,0,59,0,181.0851,15,16,,L08,0,0,0,0,306.9354,0,0,0
twoway_DQN_vs_Rule_mid,DQN_vs_Rule,mid,0.1,0.2,5,47,eval,28,outbound,RuleBased,-165.837,0,59,0,181.4027,16,7,,L08,0,0,0,0,373.2557,0,0,0
twoway_DQN_vs_Rule_mid,DQN_vs_Rule,mid,0.1,0.2,5,47,eval,29,outbound,RuleBased,-165.7253,0,59,0,181.1196,12,10,,L08,0,0,0,0,344.4236,0,0,0
twoway_DQN_vs_Rule_mid,DQN_vs_Rule,mid,0.1,0.2,5,47,eval,30,outbound,RuleBased,101.1217,1,11,0,6.1683,2,3,8.5769,L02,0,0,0,1,32.205,1,1,1
twoway_DQN_vs_Rule_mid,DQN_vs_Rule,mid,0.1,0.2,6,48,eval,1,inbound,DQN,-171.9821,0,59,0,126.1646,24,11,,L08,0,0,0,0,313.3761,0,0,0
twoway_DQN_vs_Rule_mid,DQN_vs_Rule,mid,0.1,0.2,6,48,eval,2,inbound,DQN,-137.7228,0,59,0,16.5615,24,13,,L02,0,0,0,0,61.2549,0,0,0
twoway_DQN_vs_Rule_mid,DQN_vs_Rule,mid,0.1,0.2,6,48,eval,3,inbound,DQN,-145.3298,0,59,0,72.0921,30,13,,L02,0,0,0,0,61.1223,0,0,0
twoway_DQN_vs_Rule_mid,DQN_vs_Rule,mid,0.1,0.2,6,48,eval,4,inbound,DQN,-175.3722,0,59,0,131.1203,20,15,,L08,0,0,0,0,305.6602,0,0,0
twoway_DQN_vs_Rule_mid,DQN_vs_Rule,mid,0.1,0.2,6,48,eval,5,inbound,DQN,-170.3561,0,59,0,153.9823,23,12,,L08,0,0,0,0,313.4316,0,0,0
twoway_DQN_vs_Rule_mid,DQN_vs_Rule,mid,0.1,0.2,6,48,eval,6,inbound,DQN,-175.3382,0,59,0,172.6865,21,17,,L08,0,0,0,0,319.0081,0,0,0
twoway_DQN_vs_Rule_mid,DQN_vs_Rule,mid,0.1,0.2,6,48,eval,7,inbound,DQN,-172.8136,0,59,0,138.6748,17,15,,L08,0,0,0,0,313.3761,0,0,0
twoway_DQN_vs_Rule_mid,DQN_vs_Rule,mid,0.1,0.2,6,48,eval,8,inbound,DQN,-209.6981,0,59,0,40.0072,25,10,,L02,1,1,2,0,0,3,2,1
twoway_DQN_vs_Rule_mid,DQN_vs_Rule,mid,0.1,0.2,6,48,eval,9,inbound,DQN,-149.3712,0,59,0,5.5045,3,17,,L02,1,1,1,1,0,3,1,1
twoway_DQN_vs_Rule_mid,DQN_vs_Rule,mid,0.1,0.2,6,48,eval,10,inbound,DQN,-151.2183,0,59,0,63.349,19,8,,L08,0,0,0,0,305.6602,0,0,0
twoway_DQN_vs_Rule_mid,DQN_vs_Rule,mid,0.1,0.2,6,48,eval,11,inbound,DQN,-296.7461,0,59,0,36.7486,16,9,,L02,1,1,5,0,0,6,2,1
twoway_DQN_vs_Rule_mid,DQN_vs_Rule,mid,0.1,0.2,6,48,eval,12,inbound,DQN,-239.5922,0,59,0,43.6227,30,12,,L02,2,1,3,0,0,4,1,1
twoway_DQN_vs_Rule_mid,DQN_vs_Rule,mid,0.1,0.2,6,48,eval,13,inbound,DQN,-216.961,0,59,0,7.6151,24,9,,L02,1,1,3,0,0,3,1,1
twoway_DQN_vs_Rule_mid,DQN_vs_Rule,mid,0.1,0.2,6,48,eval,14,inbound,DQN,-135.9945,0,59,0,20.6585,24,16,,L02,0,0,0,0,61.8151,0,0,0
twoway_DQN_vs_Rule_mid,DQN_vs_Rule,mid,0.1,0.2,6,48,eval,15,inbound,DQN,-218.5773,0,59,0,62.6462,20,11,,L02,1,1,2,0,0,3,2,1
twoway_DQN_vs_Rule_mid,DQN_vs_Rule,mid,0.1,0.2,6,48,eval,16,inbound,DQN,-170.5287,0,59,0,140.8377,23,15,,L08,0,0,0,0,314.2913,0,0,0
twoway_DQN_vs_Rule_mid,DQN_vs_Rule,mid,0.1,0.2,6,48,eval,17,inbound,DQN,-358.6013,0,59,0,116.8998,31,11,,L02,2,1,7,0,0,7,1,1
twoway_DQN_vs_Rule_mid,DQN_vs_Rule,mid,0.1,0.2,6,48,eval,18,inbound,DQN,-172.7004,0,59,0,143.0862,20,10,,L08,0,0,0,0,312.7261,0,0,0
twoway_DQN_vs_Rule_mid,DQN_vs_Rule,mid,0.1,0.2,6,48,eval,19,inbound,DQN,-219.7998,0,59,0,32.2912,33,3,,L02,2,1,2,2,0,10,1,1
twoway_DQN_vs_Rule_mid,DQN_vs_Rule,mid,0.1,0.2,6,48,eval,20,inbound,DQN,-158.8905,0,59,0,76.154,23,13,,L08,0,0,0,0,305.6602,0,0,0
twoway_DQN_vs_Rule_mid,DQN_vs_Rule,mid,0.1,0.2,6,48,eval,21,inbound,DQN,-170.5632,0,59,1,129.608,29,13,,L02,0,0,0,0,61.2233,0,0,0
twoway_DQN_vs_Rule_mid,DQN_vs_Rule,mid,0.1,0.2,6,48,eval,22,inbound,DQN,-182.2712,0,59,0,201.286,34,14,,L08,0,0,0,0,313.3761,0,0,0
twoway_DQN_vs_Rule_mid,DQN_vs_Rule,mid,0.1,0.2,6,48,eval,23,inbound,DQN,-164.3495,0,59,0,103.241,32,13,,L08,0,0,0,0,310.4613,0,0,0
twoway_DQN_vs_Rule_mid,DQN_vs_Rule,mid,0.1,0.2,6,48,eval,24,inbound,DQN,-179.6005,0,59,0,182.997,20,12,,L08,0,0,0,0,313.4316,0,0,0
twoway_DQN_vs_Rule_mid,DQN_vs_Rule,mid,0.1,0.2,6,48,eval,25,inbound,DQN,-180.3426,0,59,0,202.9785,27,10,,L08,0,0,0,0,315.7436,0,0,0
twoway_DQN_vs_Rule_mid,DQN_vs_Rule,mid,0.1,0.2,6,48,eval,26,inbound,DQN,-163.0625,0,59,0,84.0504,27,11,,L08,0,0,0,0,305.6602,0,0,0
twoway_DQN_vs_Rule_mid,DQN_vs_Rule,mid,0.1,0.2,6,48,eval,27,inbound,DQN,-242.5589,0,59,0,65.3625,22,11,,L02,2,1,3,1,0,6,2,1
twoway_DQN_vs_Rule_mid,DQN_vs_Rule,mid,0.1,0.2,6,48,eval,28,inbound,DQN,-138.5904,0,59,0,39.4523,29,15,,L02,0,0,0,0,61.8151,0,0,0
twoway_DQN_vs_Rule_mid,DQN_vs_Rule,mid,0.1,0.2,6,48,eval,29,inbound,DQN,-195.3835,0,59,0,41.7232,36,15,,L02,1,1,2,0,4.9391,2,1,0
twoway_DQN_vs_Rule_mid,DQN_vs_Rule,mid,0.1,0.2,6,48,eval,30,inbound,DQN,-147.1327,0,59,0,90.4948,24,6,,L02,0,0,0,0,61.8151,0,0,0
twoway_DQN_vs_Rule_mid,DQN_vs_Rule,mid,0.1,0.2,6,48,eval,1,outbound,RuleBased,-188.4986,0,59,0,275.0777,24,16,,L08,0,0,0,0,313.3761,0,0,0
twoway_DQN_vs_Rule_mid,DQN_vs_Rule,mid,0.1,0.2,6,48,eval,2,outbound,RuleBased,104.451,1,13,0,5.0954,2,2,6.1081,L02,0,0,0,0,61.2549,0,0,0
twoway_DQN_vs_Rule_mid,DQN_vs_Rule,mid,0.1,0.2,6,48,eval,3,outbound,RuleBased,107.7083,1,14,0,5.0367,2,4,1.0622,L02,0,0,0,0,61.1223,0,0,0
twoway_DQN_vs_Rule_mid,DQN_vs_Rule,mid,0.1,0.2,6,48,eval,4,outbound,RuleBased,-188.9744,0,59,0,278.7097,23,15,,L08,0,0,0,0,305.6602,0,0,0
twoway_DQN_vs_Rule_mid,DQN_vs_Rule,mid,0.1,0.2,6,48,eval,5,outbound,RuleBased,-188.6992,0,59,0,276.1441,33,10,,L08,0,0,0,0,313.4316,0,0,0
twoway_DQN_vs_Rule_mid,DQN_vs_Rule,mid,0.1,0.2,6,48,eval,6,outbound,RuleBased,-188.98,0,59,0,278.597,31,21,,L08,0,0,0,0,319.0081,0,0,0
twoway_DQN_vs_Rule_mid,DQN_vs_Rule,mid,0.1,0.2,6,48,eval,7,outbound,RuleBased,-187.9922,0,59,0,272.3387,31,7,,L08,0,0,0,0,313.3761,0,0,0
twoway_DQN_vs_Rule_mid,DQN_vs_Rule,mid,0.1,0.2,6,48,eval,8,outbound,RuleBased,44.0496,1,12,0,6.054,4,1,3.7671,L02,1,1,2,0,0,3,2,1
twoway_DQN_vs_Rule_mid,DQN_vs_Rule,mid,0.1,0.2,6,48,eval,9,outbound,RuleBased,70.6584,1,12,0,5.7119,0,2,1.6974,L02,1,1,1,1,0,3,1,1
twoway_DQN_vs_Rule_mid,DQN_vs_Rule,mid,0.1,0.2,6,48,eval,10,outbound,RuleBased,-189.4083,0,59,0,279.5971,24,12,,L08,0,0,0,0,305.6602,0,0,0
twoway_DQN_vs_Rule_mid,DQN_vs_Rule,mid,0.1,0.2,6,48,eval,11,outbound,RuleBased,-52.1373,1,12,0,6.204,3,4,11.4784,L02,1,1,5,0,0,6,2,1
twoway_DQN_vs_Rule_mid,DQN_vs_Rule,mid,0.1,0.2,6,48,eval,12,outbound,RuleBased,12.907,1,14,0,6.0769,2,4,3.1694,L02,2,1,3,0,0,4,1,1
twoway_DQN_vs_Rule_mid,DQN_vs_Rule,mid,0.1,0.2,6,48,eval,13,outbound,RuleBased,13.7529,1,12,0,5.9864,2,2,7.8027,L02,1,1,3,0,0,3,1,1
twoway_DQN_vs_Rule_mid,DQN_vs_Rule,mid,0.1,0.2,6,48,eval,14,outbound,RuleBased,105.4416,1,12,0,5.0233,1,4,5.7968,L02,0,0,0,0,61.8151,0,0,0
twoway_DQN_vs_Rule_mid,DQN_vs_Rule,mid,0.1,0.2,6,48,eval,15,outbound,RuleBased,44.2658,1,12,0,5.4198,3,2,3.4875,L02,1,1,2,0,0,3,2,1
twoway_DQN_vs_Rule_mid,DQN_vs_Rule,mid,0.1,0.2,6,48,eval,16,outbound,RuleBased,-188.0681,0,59,0,272.701,19,12,,L08,0,0,0,0,314.2913,0,0,0
twoway_DQN_vs_Rule_mid,DQN_vs_Rule,mid,0.1,0.2,6,48,eval,17,outbound,RuleBased,-101.9373,1,14,0,6.7237,3,2,0.4208,L02,2,1,7,0,0,7,1,1
twoway_DQN_vs_Rule_mid,DQN_vs_Rule,mid,0.1,0.2,6,48,eval,18,outbound,RuleBased,-189.2824,0,59,0,279.6655,33,10,,L08,0,0,0,0,312.7261,0,0,0
twoway_DQN_vs_Rule_mid,DQN_vs_Rule,mid,0.1,0.2,6,48,eval,19,outbound,RuleBased,19.5625,1,12,0,5.1859,3,0,1.9903,L02,2,1,2,2,0,10,1,1
twoway_DQN_vs_Rule_mid,DQN_vs_Rule,mid,0.1,0.2,6,48,eval,20,outbound,RuleBased,-188.2489,0,59,0,273.1139,35,10,,L08,0,0,0,0,305.6602,0,0,0
twoway_DQN_vs_Rule_mid,DQN_vs_Rule,mid,0.1,0.2,6,48,eval,21,outbound,RuleBased,102.3576,1,14,0,5.4094,2,4,7.7097,L02,0,0,0,0,61.2233,0,0,0
twoway_DQN_vs_Rule_mid,DQN_vs_Rule,mid,0.1,0.2,6,48,eval,22,outbound,RuleBased,-189.3592,0,59,0,279.5885,22,9,,L08,0,0,0,0,313.3761,0,0,0
twoway_DQN_vs_Rule_mid,DQN_vs_Rule,mid,0.1,0.2,6,48,eval,23,outbound,RuleBased,-189.3969,0,59,0,279.8554,26,11,,L08,0,0,0,0,310.4613,0,0,0
twoway_DQN_vs_Rule_mid,DQN_vs_Rule,mid,0.1,0.2,6,48,eval,24,outbound,RuleBased,-189.2144,0,59,0,279.2735,26,13,,L08,0,0,0,0,313.4316,0,0,0
twoway_DQN_vs_Rule_mid,DQN_vs_Rule,mid,0.1,0.2,6,48,eval,25,outbound,RuleBased,-188.1877,0,59,0,272.7563,29,16,,L08,0,0,0,0,315.7436,0,0,0
twoway_DQN_vs_Rule_mid,DQN_vs_Rule,mid,0.1,0.2,6,48,eval,26,outbound,RuleBased,-187.7721,0,59,0,271.5069,32,13,,L08,0,0,0,0,305.6602,0,0,0
twoway_DQN_vs_Rule_mid,DQN_vs_Rule,mid,0.1,0.2,6,48,eval,27,outbound,RuleBased,-1.008,1,11,0,5.4347,1,1,3.6028,L02,2,1,3,1,0,6,2,1
twoway_DQN_vs_Rule_mid,DQN_vs_Rule,mid,0.1,0.2,6,48,eval,28,outbound,RuleBased,107.5755,1,12,0,6.1793,3,2,3.1222,L02,0,0,0,0,61.8151,0,0,0
twoway_DQN_vs_Rule_mid,DQN_vs_Rule,mid,0.1,0.2,6,48,eval,29,outbound,RuleBased,41.9014,1,11,0,6.2274,1,1,4.9391,L02,1,1,2,0,4.9391,2,1,0
twoway_DQN_vs_Rule_mid,DQN_vs_Rule,mid,0.1,0.2,6,48,eval,30,outbound,RuleBased,109.2264,1,13,0,5.1458,2,0,0.1593,L02,0,0,0,0,61.8151,0,0,0
twoway_DQN_vs_Rule_mid,DQN_vs_Rule,mid,0.1,0.2,7,49,eval,1,inbound,DQN,-206.7922,0,59,1,216.4232,27,15,,L08,0,0,0,0,274.8444,0,0,0
twoway_DQN_vs_Rule_mid,DQN_vs_Rule,mid,0.1,0.2,7,49,eval,2,inbound,DQN,-372.3327,0,59,2,99.368,10,9,,L08,2,1,6,0,0,6,2,2
twoway_DQN_vs_Rule_mid,DQN_vs_Rule,mid,0.1,0.2,7,49,eval,3,inbound,DQN,-133.385,0,59,0,8.1439,20,16,,L08,0,0,0,0,251.5072,0,0,0
twoway_DQN_vs_Rule_mid,DQN_vs_Rule,mid,0.1,0.2,7,49,eval,4,inbound,DQN,-271.1857,0,59,2,124.4047,10,11,,L08,2,1,2,2,0,7,3,2
twoway_DQN_vs_Rule_mid,DQN_vs_Rule,mid,0.1,0.2,7,49,eval,5,inbound,DQN,-133.5224,0,59,0,7.2575,25,8,,L08,0,0,0,0,263.949,0,0,0
twoway_DQN_vs_Rule_mid,DQN_vs_Rule,mid,0.1,0.2,7,49,eval,6,inbound,DQN,-194.3883,0,59,1,196.8517,27,12,,L08,0,0,0,0,284.2518,0,0,0
twoway_DQN_vs_Rule_mid,DQN_vs_Rule,mid,0.1,0.2,7,49,eval,7,inbound,DQN,-345.0179,0,59,2,128.3559,16,10,,L08,2,1,5,0,0,5,2,2
twoway_DQN_vs_Rule_mid,DQN_vs_Rule,mid,0.1,0.2,7,49,eval,8,inbound,DQN,-130.634,0,59,0,9.6657,28,15,,L08,0,0,0,0,249.9221,0,0,0
twoway_DQN_vs_Rule_mid,DQN_vs_Rule,mid,0.1,0.2,7,49,eval,9,inbound,DQN,-183.1912,0,59,0,185.9277,25,11,,L02,0,0,0,0,183.6331,0,0,0
twoway_DQN_vs_Rule_mid,DQN_vs_Rule,mid,0.1,0.2,7,49,eval,10,inbound,DQN,-132.7045,0,59,0,19.768,19,9,,L08,0,0,0,0,251.5072,0,0,0
twoway_DQN_vs_Rule_mid,DQN_vs_Rule,mid,0.1,0.2,7,49,eval,11,inbound,DQN,-134.0115,0,59,0,13.0772,31,11,,L08,0,0,0,0,265.6712,0,0,0
twoway_DQN_vs_Rule_mid,DQN_vs_Rule,mid,0.1,0.2,7,49,eval,12,inbound,DQN,-135.1971,0,59,0,81.8872,26,18,,L02,0,0,0,0,61.6133,0,0,0
twoway_DQN_vs_Rule_mid,DQN_vs_Rule,mid,0.1,0.2,7,49,eval,13,inbound,DQN,-152.1493,0,59,0,195.0966,20,13,,L02,0,0,0,0,91.4057,0,0,0
twoway_DQN_vs_Rule_mid,DQN_vs_Rule,mid,0.1,0.2,7,49,eval,14,inbound,DQN,-168.2437,0,59,0,5.7147,23,14,,L02,1,1,1,1,0,3,1,1
twoway_DQN_vs_Rule_mid,DQN_vs_Rule,mid,0.1,0.2,7,49,eval,15,inbound,DQN,-181.3928,0,59,2,5.5718,18,10,,L08,0,0,0,0,263.949,0,0,0
twoway_DQN_vs_Rule_mid,DQN_vs_Rule,mid,0.1,0.2,7,49,eval,16,inbound,DQN,-176.4299,0,59,0,259.9649,21,14,,L02,0,0,0,0,182.7492,0,0,0
twoway_DQN_vs_Rule_mid,DQN_vs_Rule,mid,0.1,0.2,7,49,eval,17,inbound,DQN,-188.8012,0,59,0,231.736,25,11,,L02,0,0,0,0,243.2136,0,0,0
twoway_DQN_vs_Rule_mid,DQN_vs_Rule,mid,0.1,0.2,7,49,eval,18,inbound,DQN,-200.1807,0,59,1,191.3744,30,7,,L08,0,0,0,0,269.9795,0,0,0
twoway_DQN_vs_Rule_mid,DQN_vs_Rule,mid,0.1,0.2,7,49,eval,19,inbound,DQN,-197.8683,0,59,0,227.8498,20,14,,L02,0,0,0,0,153.2497,0,0,0
twoway_DQN_vs_Rule_mid,DQN_vs_Rule,mid,0.1,0.2,7,49,eval,20,inbound,DQN,-191.3103,0,59,0,276.7543,25,11,,L02,0,0,0,0,276.0891,0,0,0
twoway_DQN_vs_Rule_mid,DQN_vs_Rule,mid,0.1,0.2,7,49,eval,21,inbound,DQN,-129.5816,0,59,0,8.5209,20,9,,L08,0,0,0,0,249.9221,0,0,0
twoway_DQN_vs_Rule_mid,DQN_vs_Rule,mid,0.1,0.2,7,49,eval,22,inbound,DQN,-132.4263,0,59,0,5.9686,25,14,,L08,0,0,0,0,251.5072,0,0,0
twoway_DQN_vs_Rule_mid,DQN_vs_Rule,mid,0.1,0.2,7,49,eval,23,inbound,DQN,-268.068,0,59,2,103.6351,18,10,,L08,2,1,2,2,0,8,4,2
twoway_DQN_vs_Rule_mid,DQN_vs_Rule,mid,0.1,0.2,7,49,eval,24,inbound,DQN,-154.5847,0,59,1,12.7153,16,8,,L08,0,0,0,0,280.7249,0,0,0
twoway_DQN_vs_Rule_mid,DQN_vs_Rule,mid,0.1,0.2,7,49,eval,25,inbound,DQN,-178.7362,0,59,2,7.2679,27,9,,L08,0,0,0,0,251.5072,0,0,0
twoway_DQN_vs_Rule_mid,DQN_vs_Rule,mid,0.1,0.2,7,49,eval,26,inbound,DQN,-181.7418,0,59,0,257.3531,31,11,,L02,0,0,0,0,183.8523,0,0,0
twoway_DQN_vs_Rule_mid,DQN_vs_Rule,mid,0.1,0.2,7,49,eval,27,inbound,DQN,-205.6232,0,59,1,117.7952,16,19,,L08,1,1,1,1,0,5,3,1
twoway_DQN_vs_Rule_mid,DQN_vs_Rule,mid,0.1,0.2,7,49,eval,28,inbound,DQN,-157.6361,0,59,0,201.3919,20,12,,L02,0,0,0,0,121.9103,0,0,0
twoway_DQN_vs_Rule_mid,DQN_vs_Rule,mid,0.1,0.2,7,49,eval,29,inbound,DQN,-192.6723,0,59,2,142.4866,31,12,,L08,0,0,0,0,283.5591,0,0,0
twoway_DQN_vs_Rule_mid,DQN_vs_Rule,mid,0.1,0.2,7,49,eval,30,inbound,DQN,-187.1904,0,59,0,215.9596,29,11,,L02,0,0,0,0,182.6264,0,0,0
twoway_DQN_vs_Rule_mid,DQN_vs_Rule,mid,0.1,0.2,7,49,eval,1,outbound,RuleBased,-170.4039,0,59,0,252.7257,18,19,,L08,0,0,0,0,274.8444,0,0,0
twoway_DQN_vs_Rule_mid,DQN_vs_Rule,mid,0.1,0.2,7,49,eval,2,outbound,RuleBased,-358.4914,0,59,0,265.1618,23,6,,L08,2,1,6,0,0,6,2,2
twoway_DQN_vs_Rule_mid,DQN_vs_Rule,mid,0.1,0.2,7,49,eval,3,outbound,RuleBased,-173.3135,0,59,0,265.3641,14,6,,L08,0,0,0,0,251.5072,0,0,0
twoway_DQN_vs_Rule_mid,DQN_vs_Rule,mid,0.1,0.2,7,49,eval,4,outbound,RuleBased,-248.9827,0,59,0,252.439,21,13,,L08,2,1,2,2,0,7,3,2
twoway_DQN_vs_Rule_mid,DQN_vs_Rule,mid,0.1,0.2,7,49,eval,5,outbound,RuleBased,-171.87,0,59,0,258.6534,15,11,,L08,0,0,0,0,263.949,0,0,0
twoway_DQN_vs_Rule_mid,DQN_vs_Rule,mid,0.1,0.2,7,49,eval,6,outbound,RuleBased,-170.2248,0,59,0,252.8513,14,13,,L08,0,0,0,0,284.2518,0,0,0
twoway_DQN_vs_Rule_mid,DQN_vs_Rule,mid,0.1,0.2,7,49,eval,7,outbound,RuleBased,-328.4676,0,59,0,265.8001,17,16,,L08,2,1,5,0,0,5,2,2
twoway_DQN_vs_Rule_mid,DQN_vs_Rule,mid,0.1,0.2,7,49,eval,8,outbound,RuleBased,-171.7908,0,59,0,258.8712,12,14,,L08,0,0,0,0,249.9221,0,0,0
twoway_DQN_vs_Rule_mid,DQN_vs_Rule,mid,0.1,0.2,7,49,eval,9,outbound,RuleBased,104.4311,1,13,0,6.5745,3,4,5.9294,L02,0,0,0,0,183.6331,0,0,0
twoway_DQN_vs_Rule_mid,DQN_vs_Rule,mid,0.1,0.2,7,49,eval,10,outbound,RuleBased,-171.7093,0,59,0,258.8688,17,12,,L08,0,0,0,0,251.5072,0,0,0
twoway_DQN_vs_Rule_mid,DQN_vs_Rule,mid,0.1,0.2,7,49,eval,11,outbound,RuleBased,-171.8229,0,59,0,259.3069,24,15,,L08,0,0,0,0,265.6712,0,0,0
twoway_DQN_vs_Rule_mid,DQN_vs_Rule,mid,0.1,0.2,7,49,eval,12,outbound,RuleBased,103.395,1,12,0,7.2722,5,3,8.2245,L02,0,0,0,0,61.6133,0,0,0
twoway_DQN_vs_Rule_mid,DQN_vs_Rule,mid,0.1,0.2,7,49,eval,13,outbound,RuleBased,106.175,1,14,0,5.8326,3,3,3.0003,L02,0,0,0,0,91.4057,0,0,0
twoway_DQN_vs_Rule_mid,DQN_vs_Rule,mid,0.1,0.2,7,49,eval,14,outbound,RuleBased,67.3976,1,14,0,5.6681,3,1,3.9362,L02,1,1,1,1,0,3,1,1
twoway_DQN_vs_Rule_mid,DQN_vs_Rule,mid,0.1,0.2,7,49,eval,15,outbound,RuleBased,-170.1052,0,59,0,252.5871,15,11,,L08,0,0,0,0,263.949,0,0,0
twoway_DQN_vs_Rule_mid,DQN_vs_Rule,mid,0.1,0.2,7,49,eval,16,outbound,RuleBased,107.4774,1,13,0,5.8137,1,3,2.2267,L02,0,0,0,0,182.7492,0,0,0
twoway_DQN_vs_Rule_mid,DQN_vs_Rule,mid,0.1,0.2,7,49,eval,17,outbound,RuleBased,103.9382,1,14,0,6.5359,3,0,5.7314,L02,0,0,0,0,243.2136,0,0,0
twoway_DQN_vs_Rule_mid,DQN_vs_Rule,mid,0.1,0.2,7,49,eval,18,outbound,RuleBased,-173.2085,0,59,0,265.1797,22,11,,L08,0,0,0,0,269.9795,0,0,0
twoway_DQN_vs_Rule_mid,DQN_vs_Rule,mid,0.1,0.2,7,49,eval,19,outbound,RuleBased,110.093,1,11,0,6.999,1,3,0.7241,L02,0,0,0,0,153.2497,0,0,0
twoway_DQN_vs_Rule_mid,DQN_vs_Rule,mid,0.1,0.2,7,49,eval,20,outbound,RuleBased,100.0744,1,13,0,6.2473,0,1,11.3916,L02,0,0,0,0,276.0891,0,0,0
twoway_DQN_vs_Rule_mid,DQN_vs_Rule,mid,0.1,0.2,7,49,eval,21,outbound,RuleBased,-173.6982,0,59,0,265.8276,15,6,,L08,0,0,0,0,249.9221,0,0,0
twoway_DQN_vs_Rule_mid,DQN_vs_Rule,mid,0.1,0.2,7,49,eval,22,outbound,RuleBased,-171.8307,0,59,0,259.0082,22,10,,L08,0,0,0,0,251.5072,0,0,0
twoway_DQN_vs_Rule_mid,DQN_vs_Rule,mid,0.1,0.2,7,49,eval,23,outbound,RuleBased,-260.4582,0,59,0,265.3801,20,11,,L08,2,1,2,2,0,8,4,2
twoway_DQN_vs_Rule_mid,DQN_vs_Rule,mid,0.1,0.2,7,49,eval,24,outbound,RuleBased,-171.7283,0,59,0,258.7372,14,15,,L08,0,0,0,0,280.7249,0,0,0
twoway_DQN_vs_Rule_mid,DQN_vs_Rule,mid,0.1,0.2,7,49,eval,25,outbound,RuleBased,-171.5148,0,59,0,258.4072,18,11,,L08,0,0,0,0,251.5072,0,0,0
twoway_DQN_vs_Rule_mid,DQN_vs_Rule,mid,0.1,0.2,7,49,eval,26,outbound,RuleBased,103.278,1,13,0,5.6448,1,1,7.5573,L02,0,0,0,0,183.8523,0,0,0
twoway_DQN_vs_Rule_mid,DQN_vs_Rule,mid,0.1,0.2,7,49,eval,27,outbound,RuleBased,-220.767,0,59,0,258.9606,21,12,,L08,1,1,1,1,0,5,3,1
twoway_DQN_vs_Rule_mid,DQN_vs_Rule,mid,0.1,0.2,7,49,eval,28,outbound,RuleBased,105.8814,1,13,0,5.6687,1,3,4.2538,L02,0,0,0,0,121.9103,0,0,0
twoway_DQN_vs_Rule_mid,DQN_vs_Rule,mid,0.1,0.2,7,49,eval,29,outbound,RuleBased,-171.4359,0,59,0,258.0208,20,11,,L08,0,0,0,0,283.5591,0,0,0
twoway_DQN_vs_Rule_mid,DQN_vs_Rule,mid,0.1,0.2,7,49,eval,30,outbound,RuleBased,103.9642,1,12,0,5.1652,2,3,7.7172,L02,0,0,0,0,182.6264,0,0,0
twoway_DQN_vs_Rule_harsh,DQN_vs_Rule,harsh,0.25,0.4,0,42,eval,1,inbound,DQN,-155.959,0,59,0,112.1817,85,29,,L08,0,0,0,0,169.3139,0,0,0
twoway_DQN_vs_Rule_harsh,DQN_vs_Rule,harsh,0.25,0.4,0,42,eval,2,inbound,DQN,-104.448,1,49,3,13.7764,36,21,12.8163,L08,1,1,2,0,0,2,1,1
twoway_DQN_vs_Rule_harsh,DQN_vs_Rule,harsh,0.25,0.4,0,42,eval,3,inbound,DQN,-65.3402,1,55,3,78.7553,44,24,14.0092,L02,0,0,0,0,68.5176,0,0,0
twoway_DQN_vs_Rule_harsh,DQN_vs_Rule,harsh,0.25,0.4,0,42,eval,4,inbound,DQN,59.1122,1,38,0,16.0973,34,15,10.9187,L02,0,0,0,0,302.7691,0,0,0
twoway_DQN_vs_Rule_harsh,DQN_vs_Rule,harsh,0.25,0.4,0,42,eval,5,inbound,DQN,54.3879,1,29,1,13.0041,26,8,4.2236,L02,0,0,0,0,246.1465,0,0,0
twoway_DQN_vs_Rule_harsh,DQN_vs_Rule,harsh,0.25,0.4,0,42,eval,6,inbound,DQN,-333.9564,0,59,3,13.2781,78,25,,L08,2,1,4,1,0,5,1,1
twoway_DQN_vs_Rule_harsh,DQN_vs_Rule,harsh,0.25,0.4,0,42,eval,7,inbound,DQN,-367.8132,0,59,0,61.7876,74,20,,L08,2,1,7,0,0,11,3,1
twoway_DQN_vs_Rule_harsh,DQN_vs_Rule,harsh,0.25,0.4,0,42,eval,8,inbound,DQN,-439.2877,0,59,5,14.6535,72,22,,L08,2,1,5,1,0,8,2,1
twoway_DQN_vs_Rule_harsh,DQN_vs_Rule,harsh,0.25,0.4,0,42,eval,9,inbound,DQN,32.5171,1,19,2,16.5558,12,7,17.7987,L02,0,0,0,0,200.1605,0,0,0
twoway_DQN_vs_Rule_harsh,DQN_vs_Rule,harsh,0.25,0.4,0,42,eval,10,inbound,DQN,-320.8703,0,59,0,81.1848,75,24,,L08,2,1,4,3,11.3861,11,11,4
twoway_DQN_vs_Rule_harsh,DQN_vs_Rule,harsh,0.25,0.4,0,42,eval,11,inbound,DQN,-216.0075,0,59,3,137.6396,76,21,,L02,0,0,0,0,265.0217,0,0,0
twoway_DQN_vs_Rule_harsh,DQN_vs_Rule,harsh,0.25,0.4,0,42,eval,12,inbound,DQN,-157.8519,0,59,0,166.6344,77,24,,L08,0,0,0,0,100.9228,0,0,0
twoway_DQN_vs_Rule_harsh,DQN_vs_Rule,harsh,0.25,0.4,0,42,eval,13,inbound,DQN,-547.8482,0,59,0,92.7465,74,22,,L08,1,1,12,1,0,14,4,2
twoway_DQN_vs_Rule_harsh,DQN_vs_Rule,harsh,0.25,0.4,0,42,eval,14,inbound,DQN,57.12,1,40,0,17.5551,41,23,6.592,L02,0,0,0,0,301.8332,0,0,0
twoway_DQN_vs_Rule_harsh,DQN_vs_Rule,harsh,0.25,0.4,0,42,eval,15,inbound,DQN,-155.0099,0,59,0,130.797,77,27,,L02,0,0,0,0,284.5221,0,0,0
twoway_DQN_vs_Rule_harsh,DQN_vs_Rule,harsh,0.25,0.4,0,42,eval,16,inbound,DQN,-1039.1121,0,59,3,13.0311,63,20,,L08,4,1,23,4,0,35,20,1
twoway_DQN_vs_Rule_harsh,DQN_vs_Rule,harsh,0.25,0.4,0,42,eval,17,inbound,DQN,-347.8305,0,59,7,229.1473,84,28,,L02,0,0,0,0,260,0,0,0
twoway_DQN_vs_Rule_harsh,DQN_vs_Rule,harsh,0.25,0.4,0,42,eval,18,inbound,DQN,-195.5707,0,59,0,21.2689,79,27,,L08,0,0,0,3,33.865,9,9,5
twoway_DQN_vs_Rule_harsh,DQN_vs_Rule,harsh,0.25,0.4,0,42,eval,19,inbound,DQN,-462.5183,0,59,0,25.5711,85,25,,L08,2,1,9,0,0,13,7,1
twoway_DQN_vs_Rule_harsh,DQN_vs_Rule,harsh,0.25,0.4,0,42,eval,20,inbound,DQN,-219.8006,0,59,2,209.3986,81,26,,L02,0,0,0,0,260,0,0,0
twoway_DQN_vs_Rule_harsh,DQN_vs_Rule,harsh,0.25,0.4,0,42,eval,21,inbound,DQN,-141.0188,0,59,0,63.4831,81,26,,L08,0,0,0,0,68.8063,0,0,0
twoway_DQN_vs_Rule_harsh,DQN_vs_Rule,harsh,0.25,0.4,0,42,eval,22,inbound,DQN,-380.327,0,59,6,13.1953,77,23,,L08,1,1,3,0,0,3,1,1
twoway_DQN_vs_Rule_harsh,DQN_vs_Rule,harsh,0.25,0.4,0,42,eval,23,inbound,DQN,54.7109,1,30,1,12.8417,11,20,4.5292,L02,0,0,0,0,246.7851,0,0,0
twoway_DQN_vs_Rule_harsh,DQN_vs_Rule,harsh,0.25,0.4,0,42,eval,24,inbound,DQN,-166.2952,0,59,0,163.5941,84,23,,L08,0,0,0,0,134.499,0,0,0
twoway_DQN_vs_Rule_harsh,DQN_vs_Rule,harsh,0.25,0.4,0,42,eval,25,inbound,DQN,-185.4427,0,59,2,57.8496,61,18,,L02,0,0,0,0,280.7249,0,0,0
twoway_DQN_vs_Rule_harsh,DQN_vs_Rule,harsh,0.25,0.4,0,42,eval,26,inbound,DQN,-2.5737,1,35,0,14.9551,27,13,21.7696,L08,1,1,1,1,0,7,1,1
twoway_DQN_vs_Rule_harsh,DQN_vs_Rule,harsh,0.25,0.4,0,42,eval,27,inbound,DQN,-134.7311,0,59,0,55.9742,83,26,,L08,0,0,0,0,70.4845,0,0,0
twoway_DQN_vs_Rule_harsh,DQN_vs_Rule,harsh,0.25,0.4,0,42,eval,28,inbound,DQN,89.9314,1,21,0,21.3831,17,7,7.0688,L02,0,0,0,0,266.9546,0,0,0
twoway_DQN_vs_Rule_harsh,DQN_vs_Rule,harsh,0.25,0.4,0,42,eval,29,inbound,DQN,-279.3633,0,59,0,121.1427,77,20,,L08,1,1,4,0,0,5,3,1
twoway_DQN_vs_Rule_harsh,DQN_vs_Rule,harsh,0.25,0.4,0,42,eval,30,inbound,DQN,-275.2816,0,59,0,54.7425,80,26,,L08,1,1,4,0,0,5,1,1
twoway_DQN_vs_Rule_harsh,DQN_vs_Rule,harsh,0.25,0.4,0,42,eval,1,outbound,RuleBased,30.7264,1,11,3,13.4979,7,4,5.4219,L08,0,0,0,0,169.3139,0,0,0
twoway_DQN_vs_Rule_harsh,DQN_vs_Rule,harsh,0.25,0.4,0,42,eval,2,outbound,RuleBased,-9.1619,1,13,2,13.6996,7,5,9.1793,L08,1,1,2,0,0,2,1,1
twoway_DQN_vs_Rule_harsh,DQN_vs_Rule,harsh,0.25,0.4,0,42,eval,3,outbound,RuleBased,-235.086,0,59,2,321.5446,81,25,,L02,0,0,0,0,68.5176,0,0,0
twoway_DQN_vs_Rule_harsh,DQN_vs_Rule,harsh,0.25,0.4,0,42,eval,4,outbound,RuleBased,-251.8691,0,59,3,316.0889,73,26,,L02,0,0,0,0,302.7691,0,0,0
twoway_DQN_vs_Rule_harsh,DQN_vs_Rule,harsh,0.25,0.4,0,42,eval,5,outbound,RuleBased,-199.8943,0,59,1,306.7291,70,23,,L02,0,0,0,0,246.1465,0,0,0
twoway_DQN_vs_Rule_harsh,DQN_vs_Rule,harsh,0.25,0.4,0,42,eval,6,outbound,RuleBased,-43.4839,1,13,1,13.8756,9,5,4.6752,L08,2,1,4,1,0,5,1,1
twoway_DQN_vs_Rule_harsh,DQN_vs_Rule,harsh,0.25,0.4,0,42,eval,7,outbound,RuleBased,-149.1104,1,11,1,12.5588,7,5,2.8043,L08,2,1,7,0,0,11,3,1
twoway_DQN_vs_Rule_harsh,DQN_vs_Rule,harsh,0.25,0.4,0,42,eval,8,outbound,RuleBased,-109.2972,1,13,2,12.9801,9,7,4.5331,L08,2,1,5,1,0,8,2,1
twoway_DQN_vs_Rule_harsh,DQN_vs_Rule,harsh,0.25,0.4,0,42,eval,9,outbound,RuleBased,-235.336,0,59,2,323.5447,72,21,,L02,0,0,0,0,200.1605,0,0,0
twoway_DQN_vs_Rule_harsh,DQN_vs_Rule,harsh,0.25,0.4,0,42,eval,10,outbound,RuleBased,-87.8188,1,13,1,13.5417,10,11,11.3861,L08,2,1,4,3,11.3861,11,11,4
twoway_DQN_vs_Rule_harsh,DQN_vs_Rule,harsh,0.25,0.4,0,42,eval,11,outbound,RuleBased,-205.5941,0,59,1,337.7742,74,15,,L02,0,0,0,0,265.0217,0,0,0
twoway_DQN_vs_Rule_harsh,DQN_vs_Rule,harsh,0.25,0.4,0,42,eval,12,outbound,RuleBased,51.3004,1,13,2,13.9838,11,5,8.6101,L08,0,0,0,0,100.9228,0,0,0
twoway_DQN_vs_Rule_harsh,DQN_vs_Rule,harsh,0.25,0.4,0,42,eval,13,outbound,RuleBased,-323.8305,1,11,2,15.051,8,3,3.3234,L08,1,1,12,1,0,14,4,2
twoway_DQN_vs_Rule_harsh,DQN_vs_Rule,harsh,0.25,0.4,0,42,eval,14,outbound,RuleBased,-232.5744,0,59,2,327.2373,76,26,,L02,0,0,0,0,301.8332,0,0,0
twoway_DQN_vs_Rule_harsh,DQN_vs_Rule,harsh,0.25,0.4,0,42,eval,15,outbound,RuleBased,-225.3517,0,59,2,307.9466,72,25,,L02,0,0,0,0,284.5221,0,0,0
twoway_DQN_vs_Rule_harsh,DQN_vs_Rule,harsh,0.25,0.4,0,42,eval,16,outbound,RuleBased,-654.8362,1,11,2,10.514,5,1,4.9956,L08,4,1,23,4,0,35,20,1
twoway_DQN_vs_Rule_harsh,DQN_vs_Rule,harsh,0.25,0.4,0,42,eval,17,outbound,RuleBased,-225.6204,0,59,2,307.4941,69,23,,L02,0,0,0,0,260,0,0,0
twoway_DQN_vs_Rule_harsh,DQN_vs_Rule,harsh,0.25,0.4,0,42,eval,18,outbound,RuleBased,-15.2179,1,13,2,12.329,9,6,1.904,L08,0,0,0,3,33.865,9,9,5
twoway_DQN_vs_Rule_harsh,DQN_vs_Rule,harsh,0.25,0.4,0,42,eval,19,outbound,RuleBased,-198.3636,1,11,1,14.0724,6,3,1.8178,L08,2,1,9,0,0,13,7,1
twoway_DQN_vs_Rule_harsh,DQN_vs_Rule,harsh,0.25,0.4,0,42,eval,20,outbound,RuleBased,-228.6968,0,59,2,326.6962,68,20,,L02,0,0,0,0,260,0,0,0
twoway_DQN_vs_Rule_harsh,DQN_vs_Rule,harsh,0.25,0.4,0,42,eval,21,outbound,RuleBased,76.0403,1,12,1,12.1856,11,6,10.2528,L08,0,0,0,0,68.8063,0,0,0
twoway_DQN_vs_Rule_harsh,DQN_vs_Rule,harsh,0.25,0.4,0,42,eval,22,outbound,RuleBased,-35.7682,1,13,2,12.6901,8,6,5.0727,L08,1,1,3,0,0,3,1,1
twoway_DQN_vs_Rule_harsh,DQN_vs_Rule,harsh,0.25,0.4,0,42,eval,23,outbound,RuleBased,-199.9898,0,59,1,306.1087,74,19,,L02,0,0,0,0,246.7851,0,0,0
twoway_DQN_vs_Rule_harsh,DQN_vs_Rule,harsh,0.25,0.4,0,42,eval,24,outbound,RuleBased,49.5966,1,12,2,12.3779,7,7,12.0052,L08,0,0,0,0,134.499,0,0,0
twoway_DQN_vs_Rule_harsh,DQN_vs_Rule,harsh,0.25,0.4,0,42,eval,25,outbound,RuleBased,-230.7985,0,59,2,318.3338,74,25,,L02,0,0,0,0,280.7249,0,0,0
twoway_DQN_vs_Rule_harsh,DQN_vs_Rule,harsh,0.25,0.4,0,42,eval,26,outbound,RuleBased,5.7736,1,11,2,13.015,8,5,1.7728,L08,1,1,1,1,0,7,1,1
twoway_DQN_vs_Rule_harsh,DQN_vs_Rule,harsh,0.25,0.4,0,42,eval,27,outbound,RuleBased,17.135,1,11,3,14.568,6,4,22.3565,L08,0,0,0,0,70.4845,0,0,0
twoway_DQN_vs_Rule_harsh,DQN_vs_Rule,harsh,0.25,0.4,0,42,eval,28,outbound,RuleBased,-228.4815,0,59,2,298.6787,79,24,,L02,0,0,0,0,266.9546,0,0,0
twoway_DQN_vs_Rule_harsh,DQN_vs_Rule,harsh,0.25,0.4,0,42,eval,29,outbound,RuleBased,-75.2088,1,12,2,11.7183,6,4,1.719,L08,1,1,4,0,0,5,3,1
twoway_DQN_vs_Rule_harsh,DQN_vs_Rule,harsh,0.25,0.4,0,42,eval,30,outbound,RuleBased,-67.4561,1,11,2,15.241,7,7,5.5418,L08,1,1,4,0,0,5,1,1
twoway_DQN_vs_Rule_harsh,DQN_vs_Rule,harsh,0.25,0.4,1,43,eval,1,inbound,DQN,-213.6451,0,59,1,277.2781,71,16,,L02,0,0,0,0,454.7663,0,0,0
twoway_DQN_vs_Rule_harsh,DQN_vs_Rule,harsh,0.25,0.4,1,43,eval,2,inbound,DQN,-207.6933,0,59,1,293.6293,78,22,,L02,0,0,0,0,425.4585,0,0,0
twoway_DQN_vs_Rule_harsh,DQN_vs_Rule,harsh,0.25,0.4,1,43,eval,3,inbound,DQN,-372.7883,0,59,8,220.5021,83,32,,L08,0,0,0,0,440.5831,0,0,0
twoway_DQN_vs_Rule_harsh,DQN_vs_Rule,harsh,0.25,0.4,1,43,eval,4,inbound,DQN,-173.8871,0,59,1,108.4221,80,21,,L08,0,0,0,0,297.8508,0,0,0
twoway_DQN_vs_Rule_harsh,DQN_vs_Rule,harsh,0.25,0.4,1,43,eval,5,inbound,DQN,-132.9005,0,59,0,19.6939,83,33,,L08,0,0,0,0,113.719,0,0,0
twoway_DQN_vs_Rule_harsh,DQN_vs_Rule,harsh,0.25,0.4,1,43,eval,6,inbound,DQN,-209.598,0,59,1,282.0595,80,22,,L02,0,0,0,0,410.9839,0,0,0
twoway_DQN_vs_Rule_harsh,DQN_vs_Rule,harsh,0.25,0.4,1,43,eval,7,inbound,DQN,-206.0026,0,59,2,165.1133,83,25,,L08,0,0,0,0,347.6873,0,0,0
twoway_DQN_vs_Rule_harsh,DQN_vs_Rule,harsh,0.25,0.4,1,43,eval,8,inbound,DQN,-211.6199,0,59,2,208.7464,87,20,,L08,0,0,0,0,379.6516,0,0,0
twoway_DQN_vs_Rule_harsh,DQN_vs_Rule,harsh,0.25,0.4,1,43,eval,9,inbound,DQN,-211.7425,0,59,1,306.5322,78,29,,L02,0,0,0,0,425.4585,0,0,0
twoway_DQN_vs_Rule_harsh,DQN_vs_Rule,harsh,0.25,0.4,1,43,eval,10,inbound,DQN,-133.8406,0,59,0,12.4888,82,19,,L08,0,0,0,0,128.5921,0,0,0
twoway_DQN_vs_Rule_harsh,DQN_vs_Rule,harsh,0.25,0.4,1,43,eval,11,inbound,DQN,-318.3535,0,59,5,303.3335,81,24,,L08,0,0,0,0,422.9297,0,0,0
twoway_DQN_vs_Rule_harsh,DQN_vs_Rule,harsh,0.25,0.4,1,43,eval,12,inbound,DQN,-206.3556,0,59,1,272.6924,83,28,,L02,0,0,0,0,425.4585,0,0,0
twoway_DQN_vs_Rule_harsh,DQN_vs_Rule,harsh,0.25,0.4,1,43,eval,13,inbound,DQN,-132.7907,0,59,0,14.7233,76,22,,L08,0,0,0,0,113.719,0,0,0
twoway_DQN_vs_Rule_harsh,DQN_vs_Rule,harsh,0.25,0.4,1,43,eval,14,inbound,DQN,-353.1631,0,59,7,221.5414,83,23,,L08,0,0,0,0,408.6436,0,0,0
twoway_DQN_vs_Rule_harsh,DQN_vs_Rule,harsh,0.25,0.4,1,43,eval,15,inbound,DQN,-138.7834,0,59,0,93.3592,76,25,,L08,0,0,0,0,188.1616,0,0,0
twoway_DQN_vs_Rule_harsh,DQN_vs_Rule,harsh,0.25,0.4,1,43,eval,16,inbound,DQN,-206.0997,0,59,1,254.2167,73,24,,L02,0,0,0,0,454.7663,0,0,0
twoway_DQN_vs_Rule_harsh,DQN_vs_Rule,harsh,0.25,0.4,1,43,eval,17,inbound,DQN,-188.9688,0,59,0,232.6471,82,21,,L02,0,0,0,0,512.9955,0,0,0
twoway_DQN_vs_Rule_harsh,DQN_vs_Rule,harsh,0.25,0.4,1,43,eval,18,inbound,DQN,-223.9808,0,59,2,197.9419,87,20,,L08,0,0,0,0,411.529,0,0,0
twoway_DQN_vs_Rule_harsh,DQN_vs_Rule,harsh,0.25,0.4,1,43,eval,19,inbound,DQN,-173.0649,0,59,0,19.0292,71,25,,L08,1,1,1,0,0,2,1,0
twoway_DQN_vs_Rule_harsh,DQN_vs_Rule,harsh,0.25,0.4,1,43,eval,20,inbound,DQN,-198.9872,0,59,1,219.9429,76,24,,L02,0,0,0,0,395.212,0,0,0
twoway_DQN_vs_Rule_harsh,DQN_vs_Rule,harsh,0.25,0.4,1,43,eval,21,inbound,DQN,-237.4162,0,59,1,33.4633,64,24,,L08,2,1,2,0,0,4,2,0
twoway_DQN_vs_Rule_harsh,DQN_vs_Rule,harsh,0.25,0.4,1,43,eval,22,inbound,DQN,-207.1523,0,59,1,265.6469,81,23,,L02,0,0,0,0,454.7663,0,0,0
twoway_DQN_vs_Rule_harsh,DQN_vs_Rule,harsh,0.25,0.4,1,43,eval,23,inbound,DQN,-169.3278,0,59,0,205.5531,82,21,,L02,0,0,0,0,483.9396,0,0,0
twoway_DQN_vs_Rule_harsh,DQN_vs_Rule,harsh,0.25,0.4,1,43,eval,24,inbound,DQN,-343.7457,0,59,7,182.8882,77,22,,L08,0,0,0,0,455.0625,0,0,0
twoway_DQN_vs_Rule_harsh,DQN_vs_Rule,harsh,0.25,0.4,1,43,eval,25,inbound,DQN,-224.5972,0,59,2,218.1271,81,20,,L08,0,0,0,0,408.6436,0,0,0
twoway_DQN_vs_Rule_harsh,DQN_vs_Rule,harsh,0.25,0.4,1,43,eval,26,inbound,DQN,-146.6548,0,59,0,67.6089,84,22,,L08,0,0,0,0,362.1344,0,0,0
twoway_DQN_vs_Rule_harsh,DQN_vs_Rule,harsh,0.25,0.4,1,43,eval,27,inbound,DQN,-220.8944,0,59,2,12.4295,64,19,,L08,1,1,1,0,14.5602,2,1,0
twoway_DQN_vs_Rule_harsh,DQN_vs_Rule,harsh,0.25,0.4,1,43,eval,28,inbound,DQN,-220.8218,0,59,1,308.664,79,27,,L02,0,0,0,0,425.4585,0,0,0
twoway_DQN_vs_Rule_harsh,DQN_vs_Rule,harsh,0.25,0.4,1,43,eval,29,inbound,DQN,-181.2671,0,59,0,280.8814,80,21,,L02,0,0,0,0,425.4585,0,0,0
twoway_DQN_vs_Rule_harsh,DQN_vs_Rule,harsh,0.25,0.4,1,43,eval,30,inbound,DQN,-212.7382,0,59,1,268.7739,83,26,,L02,0,0,0,0,410.9839,0,0,0
twoway_DQN_vs_Rule_harsh,DQN_vs_Rule,harsh,0.25,0.4,1,43,eval,1,outbound,RuleBased,-118.0072,0,59,0,10.6982,0,22,,L02,0,0,0,0,454.7663,0,0,0
twoway_DQN_vs_Rule_harsh,DQN_vs_Rule,harsh,0.25,0.4,1,43,eval,2,outbound,RuleBased,-117.8619,0,59,0,10.651,0,26,,L02,0,0,0,0,425.4585,0,0,0
twoway_DQN_vs_Rule_harsh,DQN_vs_Rule,harsh,0.25,0.4,1,43,eval,3,outbound,RuleBased,-118.0066,0,59,0,12.5162,0,28,,L08,0,0,0,0,440.5831,0,0,0
twoway_DQN_vs_Rule_harsh,DQN_vs_Rule,harsh,0.25,0.4,1,43,eval,4,outbound,RuleBased,-118.7491,0,59,0,13.6861,0,28,,L08,0,0,0,0,297.8508,0,0,0
twoway_DQN_vs_Rule_harsh,DQN_vs_Rule,harsh,0.25,0.4,1,43,eval,5,outbound,RuleBased,-118.3832,0,59,0,13.2938,0,25,,L08,0,0,0,0,113.719,0,0,0
twoway_DQN_vs_Rule_harsh,DQN_vs_Rule,harsh,0.25,0.4,1,43,eval,6,outbound,RuleBased,-117.3697,0,59,0,10.2125,0,22,,L02,0,0,0,0,410.9839,0,0,0
twoway_DQN_vs_Rule_harsh,DQN_vs_Rule,harsh,0.25,0.4,1,43,eval,7,outbound,RuleBased,-118.447,0,59,0,12.5985,0,25,,L08,0,0,0,0,347.6873,0,0,0
twoway_DQN_vs_Rule_harsh,DQN_vs_Rule,harsh,0.25,0.4,1,43,eval,8,outbound,RuleBased,-118.8974,0,59,0,14.0643,0,26,,L08,0,0,0,0,379.6516,0,0,0
twoway_DQN_vs_Rule_harsh,DQN_vs_Rule,harsh,0.25,0.4,1,43,eval,9,outbound,RuleBased,-117.6295,0,59,0,9.9924,0,18,,L02,0,0,0,0,425.4585,0,0,0
twoway_DQN_vs_Rule_harsh,DQN_vs_Rule,harsh,0.25,0.4,1,43,eval,10,outbound,RuleBased,-118.476,0,59,0,13.0397,0,23,,L08,0,0,0,0,128.5921,0,0,0
twoway_DQN_vs_Rule_harsh,DQN_vs_Rule,harsh,0.25,0.4,1,43,eval,11,outbound,RuleBased,-118.6146,0,59,0,13.0769,0,24,,L08,0,0,0,0,422.9297,0,0,0
twoway_DQN_vs_Rule_harsh,DQN_vs_Rule,harsh,0.25,0.4,1,43,eval,12,outbound,RuleBased,-117.4559,0,59,0,9.6551,0,26,,L02,0,0,0,0,425.4585,0,0,0
twoway_DQN_vs_Rule_harsh,DQN_vs_Rule,harsh,0.25,0.4,1,43,eval,13,outbound,RuleBased,-118.3887,0,59,0,12.8042,0,27,,L08,0,0,0,0,113.719,0,0,0
twoway_DQN_vs_Rule_harsh,DQN_vs_Rule,harsh,0.25,0.4,1,43,eval,14,outbound,RuleBased,-118.5726,0,59,0,14.1379,0,25,,L08,0,0,0,0,408.6436,0,0,0
twoway_DQN_vs_Rule_harsh,DQN_vs_Rule,harsh,0.25,0.4,1,43,eval,15,outbound,RuleBased,-118.7559,0,59,0,13.8208,0,20,,L08,0,0,0,0,188.1616,0,0,0
twoway_DQN_vs_Rule_harsh,DQN_vs_Rule,harsh,0.25,0.4,1,43,eval,16,outbound,RuleBased,-117.8709,0,59,0,10.6299,0,23,,L02,0,0,0,0,454.7663,0,0,0
twoway_DQN_vs_Rule_harsh,DQN_vs_Rule,harsh,0.25,0.4,1,43,eval,17,outbound,RuleBased,-117.9468,0,59,0,10.1751,0,20,,L02,0,0,0,0,512.9955,0,0,0
twoway_DQN_vs_Rule_harsh,DQN_vs_Rule,harsh,0.25,0.4,1,43,eval,18,outbound,RuleBased,-118.5914,0,59,0,13.4473,0,29,,L08,0,0,0,0,411.529,0,0,0
twoway_DQN_vs_Rule_harsh,DQN_vs_Rule,harsh,0.25,0.4,1,43,eval,19,outbound,RuleBased,-151.4219,0,59,0,12.4866,0,22,,L08,1,1,1,0,0,2,1,0
twoway_DQN_vs_Rule_harsh,DQN_vs_Rule,harsh,0.25,0.4,1,43,eval,20,outbound,RuleBased,-117.5734,0,59,0,9.7883,0,19,,L02,0,0,0,0,395.212,0,0,0
twoway_DQN_vs_Rule_harsh,DQN_vs_Rule,harsh,0.25,0.4,1,43,eval,21,outbound,RuleBased,-189.7833,0,59,0,13.5632,0,27,,L08,2,1,2,0,0,4,2,0
twoway_DQN_vs_Rule_harsh,DQN_vs_Rule,harsh,0.25,0.4,1,43,eval,22,outbound,RuleBased,-117.5734,0,59,0,10.5138,0,22,,L02,0,0,0,0,454.7663,0,0,0
twoway_DQN_vs_Rule_harsh,DQN_vs_Rule,harsh,0.25,0.4,1,43,eval,23,outbound,RuleBased,-117.5315,0,59,0,9.5464,0,20,,L02,0,0,0,0,483.9396,0,0,0
twoway_DQN_vs_Rule_harsh,DQN_vs_Rule,harsh,0.25,0.4,1,43,eval,24,outbound,RuleBased,-118.599,0,59,0,12.7175,0,19,,L08,0,0,0,0,455.0625,0,0,0
twoway_DQN_vs_Rule_harsh,DQN_vs_Rule,harsh,0.25,0.4,1,43,eval,25,outbound,RuleBased,-118.0317,0,59,0,12.1855,0,24,,L08,0,0,0,0,408.6436,0,0,0
twoway_DQN_vs_Rule_harsh,DQN_vs_Rule,harsh,0.25,0.4,1,43,eval,26,outbound,RuleBased,-118.0681,0,59,0,12.1529,0,19,,L08,0,0,0,0,362.1344,0,0,0
twoway_DQN_vs_Rule_harsh,DQN_vs_Rule,harsh,0.25,0.4,1,43,eval,27,outbound,RuleBased,-151.6235,0,59,0,13.4073,0,25,,L08,1,1,1,0,14.5602,2,1,0
twoway_DQN_vs_Rule_harsh,DQN_vs_Rule,harsh,0.25,0.4,1,43,eval,28,outbound,RuleBased,-117.6759,0,59,0,9.7426,0,21,,L02,0,0,0,0,425.4585,0,0,0
twoway_DQN_vs_Rule_harsh,DQN_vs_Rule,harsh,0.25,0.4,1,43,eval,29,outbound,RuleBased,-117.4662,0,59,0,9.2419,0,28,,L02,0,0,0,0,425.4585,0,0,0
twoway_DQN_vs_Rule_harsh,DQN_vs_Rule,harsh,0.25,0.4,1,43,eval,30,outbound,RuleBased,-117.6308,0,59,0,10.1981,0,22,,L02,0,0,0,0,410.9839,0,0,0
twoway_DQN_vs_Rule_harsh,DQN_vs_Rule,harsh,0.25,0.4,2,44,eval,1,inbound,DQN,3.205,1,40,2,12.4977,23,14,10.5769,L08,0,0,0,0,273.0912,0,0,0
twoway_DQN_vs_Rule_harsh,DQN_vs_Rule,harsh,0.25,0.4,2,44,eval,2,inbound,DQN,-211.4661,0,59,0,50.876,76,25,,L02,1,1,2,0,12.3236,2,0,0
twoway_DQN_vs_Rule_harsh,DQN_vs_Rule,harsh,0.25,0.4,2,44,eval,3,inbound,DQN,-222.6691,0,59,0,124.8005,86,23,,L02,1,1,2,1,5.1635,4,1,1
twoway_DQN_vs_Rule_harsh,DQN_vs_Rule,harsh,0.25,0.4,2,44,eval,4,inbound,DQN,-57.8292,1,56,2,21.0359,49,16,5.2922,L02,1,1,1,1,0,3,1,1
twoway_DQN_vs_Rule_harsh,DQN_vs_Rule,harsh,0.25,0.4,2,44,eval,5,inbound,DQN,56.1996,1,33,0,14.5547,25,14,35.5136,L08,0,0,0,0,279.5025,0,0,0
twoway_DQN_vs_Rule_harsh,DQN_vs_Rule,harsh,0.25,0.4,2,44,eval,6,inbound,DQN,46.8982,1,31,1,16.368,31,10,5.7774,L08,0,0,0,0,58.5267,1,0,0
twoway_DQN_vs_Rule_harsh,DQN_vs_Rule,harsh,0.25,0.4,2,44,eval,7,inbound,DQN,-628.5883,0,59,0,61.7324,67,18,,L02,1,1,14,1,15.3711,17,6,0
twoway_DQN_vs_Rule_harsh,DQN_vs_Rule,harsh,0.25,0.4,2,44,eval,8,inbound,DQN,32.1811,1,33,1,17.8181,28,11,20.5899,L08,0,0,0,0,61.7733,0,0,0
twoway_DQN_vs_Rule_harsh,DQN_vs_Rule,harsh,0.25,0.4,2,44,eval,9,inbound,DQN,-163.4376,0,59,0,215.3009,81,21,,L02,0,0,0,0,122.3036,0,0,0
twoway_DQN_vs_Rule_harsh,DQN_vs_Rule,harsh,0.25,0.4,2,44,eval,10,inbound,DQN,-267.1623,0,59,0,41.4733,86,25,,L02,2,1,2,3,2.6002,12,5,5
twoway_DQN_vs_Rule_harsh,DQN_vs_Rule,harsh,0.25,0.4,2,44,eval,11,inbound,DQN,-410.0961,0,59,0,49.1201,71,25,,L02,2,1,6,3,1.6643,17,5,4
twoway_DQN_vs_Rule_harsh,DQN_vs_Rule,harsh,0.25,0.4,2,44,eval,12,inbound,DQN,54.4497,1,25,1,12.0496,19,9,9.4801,L08,0,0,0,0,251.5072,0,0,0
twoway_DQN_vs_Rule_harsh,DQN_vs_Rule,harsh,0.25,0.4,2,44,eval,13,inbound,DQN,-17.604,1,22,4,11.8971,17,9,8.4288,L08,0,0,0,0,58.8476,1,1,0
twoway_DQN_vs_Rule_harsh,DQN_vs_Rule,harsh,0.25,0.4,2,44,eval,14,inbound,DQN,14.4115,1,45,0,13.1599,35,13,23.3274,L08,0,0,0,1,29.1204,4,2,1
twoway_DQN_vs_Rule_harsh,DQN_vs_Rule,harsh,0.25,0.4,2,44,eval,15,inbound,DQN,26.2892,1,25,2,12.8489,12,7,10.4336,L08,0,0,0,0,59.1681,1,0,0
twoway_DQN_vs_Rule_harsh,DQN_vs_Rule,harsh,0.25,0.4,2,44,eval,16,inbound,DQN,-166.2851,0,59,1,120.6958,87,16,,L02,0,0,0,0,92.2007,0,0,0
twoway_DQN_vs_Rule_harsh,DQN_vs_Rule,harsh,0.25,0.4,2,44,eval,17,inbound,DQN,-118.5387,1,36,7,12.4773,26,13,5.5628,L08,0,0,0,0,43.6807,3,0,0
twoway_DQN_vs_Rule_harsh,DQN_vs_Rule,harsh,0.25,0.4,2,44,eval,18,inbound,DQN,42.6732,1,35,1,13.8268,20,20,1.5101,L08,0,0,0,0,277.2385,0,0,0
twoway_DQN_vs_Rule_harsh,DQN_vs_Rule,harsh,0.25,0.4,2,44,eval,19,inbound,DQN,18.8776,1,26,0,11.4861,19,15,2.1249,L02,1,1,2,0,0,3,1,1
twoway_DQN_vs_Rule_harsh,DQN_vs_Rule,harsh,0.25,0.4,2,44,eval,20,inbound,DQN,-191.2672,0,59,0,147.3881,79,27,,L02,0,0,0,3,37.5014,6,6,0
twoway_DQN_vs_Rule_harsh,DQN_vs_Rule,harsh,0.25,0.4,2,44,eval,21,inbound,DQN,-156.6579,0,59,0,62.0251,79,24,,L02,0,0,0,2,36.3697,4,0,0
twoway_DQN_vs_Rule_harsh,DQN_vs_Rule,harsh,0.25,0.4,2,44,eval,22,inbound,DQN,-338.0844,0,59,2,120.7594,93,22,,L02,2,1,4,1,10.0827,7,2,1
twoway_DQN_vs_Rule_harsh,DQN_vs_Rule,harsh,0.25,0.4,2,44,eval,23,inbound,DQN,-490.3326,0,59,1,83.9675,73,23,,L02,1,1,9,4,0,15,2,2
twoway_DQN_vs_Rule_harsh,DQN_vs_Rule,harsh,0.25,0.4,2,44,eval,24,inbound,DQN,-149.3864,0,59,0,112.6368,93,24,,L02,0,0,0,0,44.213,1,0,0
twoway_DQN_vs_Rule_harsh,DQN_vs_Rule,harsh,0.25,0.4,2,44,eval,25,inbound,DQN,-717.8841,0,59,0,46.8353,78,20,,L02,7,1,17,1,12.6879,26,7,0
twoway_DQN_vs_Rule_harsh,DQN_vs_Rule,harsh,0.25,0.4,2,44,eval,26,inbound,DQN,31.3188,1,39,1,18.4764,38,15,7.8259,L08,0,0,0,0,299.4835,0,0,0
twoway_DQN_vs_Rule_harsh,DQN_vs_Rule,harsh,0.25,0.4,2,44,eval,27,inbound,DQN,-305.7075,0,59,0,16.2676,64,24,,L02,0,0,0,3,23.6197,39,22,1
twoway_DQN_vs_Rule_harsh,DQN_vs_Rule,harsh,0.25,0.4,2,44,eval,28,inbound,DQN,60.4131,1,26,1,11.857,16,10,1.6643,L08,0,0,0,0,273.0912,0,0,0
twoway_DQN_vs_Rule_harsh,DQN_vs_Rule,harsh,0.25,0.4,2,44,eval,29,inbound,DQN,64.1073,1,24,1,13.4896,14,9,1.5707,L08,0,0,0,0,58.2621,1,1,0
twoway_DQN_vs_Rule_harsh,DQN_vs_Rule,harsh,0.25,0.4,2,44,eval,30,inbound,DQN,-84.8831,1,49,3,12.7974,44,18,17.7955,L08,1,1,1,0,0,2,1,0
twoway_DQN_vs_Rule_harsh,DQN_vs_Rule,harsh,0.25,0.4,2,44,eval,1,outbound,RuleBased,-227.9494,0,59,2,376.1636,75,24,,L08,0,0,0,0,273.0912,0,0,0
twoway_DQN_vs_Rule_harsh,DQN_vs_Rule,harsh,0.25,0.4,2,44,eval,2,outbound,RuleBased,40.9333,1,11,0,11.6003,8,6,12.3236,L02,1,1,2,0,12.3236,2,0,0
twoway_DQN_vs_Rule_harsh,DQN_vs_Rule,harsh,0.25,0.4,2,44,eval,3,outbound,RuleBased,34.0852,1,13,0,10.9464,9,6,5.1635,L02,1,1,2,1,5.1635,4,1,1
twoway_DQN_vs_Rule_harsh,DQN_vs_Rule,harsh,0.25,0.4,2,44,eval,4,outbound,RuleBased,63.6237,1,14,0,13.4232,8,7,8.0373,L02,1,1,1,1,0,3,1,1
twoway_DQN_vs_Rule_harsh,DQN_vs_Rule,harsh,0.25,0.4,2,44,eval,5,outbound,RuleBased,-229.997,0,59,2,391.4397,71,27,,L08,0,0,0,0,279.5025,0,0,0
twoway_DQN_vs_Rule_harsh,DQN_vs_Rule,harsh,0.25,0.4,2,44,eval,6,outbound,RuleBased,-168.1453,0,59,0,236.5157,74,27,,L08,0,0,0,0,58.5267,1,0,0
twoway_DQN_vs_Rule_harsh,DQN_vs_Rule,harsh,0.25,0.4,2,44,eval,7,outbound,RuleBased,-362.4761,1,13,0,14.256,12,5,15.3711,L02,1,1,14,1,15.3711,17,6,0
twoway_DQN_vs_Rule_harsh,DQN_vs_Rule,harsh,0.25,0.4,2,44,eval,8,outbound,RuleBased,-187.0891,0,59,1,256.8424,64,26,,L08,0,0,0,0,61.7733,0,0,0
twoway_DQN_vs_Rule_harsh,DQN_vs_Rule,harsh,0.25,0.4,2,44,eval,9,outbound,RuleBased,108.5749,1,12,0,12.2707,8,1,1.5487,L02,0,0,0,0,122.3036,0,0,0
twoway_DQN_vs_Rule_harsh,DQN_vs_Rule,harsh,0.25,0.4,2,44,eval,10,outbound,RuleBased,-32.1556,1,12,1,10.0921,6,3,2.6002,L02,2,1,2,3,2.6002,12,5,5
twoway_DQN_vs_Rule_harsh,DQN_vs_Rule,harsh,0.25,0.4,2,44,eval,11,outbound,RuleBased,-127.5009,1,14,0,13.7719,14,4,3.3287,L02,2,1,6,3,1.6643,17,5,4
twoway_DQN_vs_Rule_harsh,DQN_vs_Rule,harsh,0.25,0.4,2,44,eval,12,outbound,RuleBased,-230.0267,0,59,2,392.1483,75,20,,L08,0,0,0,0,251.5072,0,0,0
twoway_DQN_vs_Rule_harsh,DQN_vs_Rule,harsh,0.25,0.4,2,44,eval,13,outbound,RuleBased,-186.5841,0,59,1,256.2549,74,23,,L08,0,0,0,0,58.8476,1,1,0
twoway_DQN_vs_Rule_harsh,DQN_vs_Rule,harsh,0.25,0.4,2,44,eval,14,outbound,RuleBased,-182.4417,0,59,0,237.4562,56,26,,L08,0,0,0,1,29.1204,4,2,1
twoway_DQN_vs_Rule_harsh,DQN_vs_Rule,harsh,0.25,0.4,2,44,eval,15,outbound,RuleBased,-236.6131,0,59,3,251.8508,68,30,,L08,0,0,0,0,59.1681,1,0,0
twoway_DQN_vs_Rule_harsh,DQN_vs_Rule,harsh,0.25,0.4,2,44,eval,16,outbound,RuleBased,104.4451,1,12,0,13.7406,7,5,6.621,L02,0,0,0,0,92.2007,0,0,0
twoway_DQN_vs_Rule_harsh,DQN_vs_Rule,harsh,0.25,0.4,2,44,eval,17,outbound,RuleBased,-236.5743,0,59,3,252.609,66,27,,L08,0,0,0,0,43.6807,3,0,0
twoway_DQN_vs_Rule_harsh,DQN_vs_Rule,harsh,0.25,0.4,2,44,eval,18,outbound,RuleBased,-205.1062,0,59,1,391.4836,72,23,,L08,0,0,0,0,277.2385,0,0,0
twoway_DQN_vs_Rule_harsh,DQN_vs_Rule,harsh,0.25,0.4,2,44,eval,19,outbound,RuleBased,48.7721,1,12,0,12.5717,8,3,1.1458,L02,1,1,2,0,0,3,1,1
twoway_DQN_vs_Rule_harsh,DQN_vs_Rule,harsh,0.25,0.4,2,44,eval,20,outbound,RuleBased,65.9547,1,14,0,14.5221,13,5,22.6134,L02,0,0,0,3,37.5014,6,6,0
twoway_DQN_vs_Rule_harsh,DQN_vs_Rule,harsh,0.25,0.4,2,44,eval,21,outbound,RuleBased,88.889,1,12,0,12.4826,8,3,18.6871,L02,0,0,0,2,36.3697,4,0,0
twoway_DQN_vs_Rule_harsh,DQN_vs_Rule,harsh,0.25,0.4,2,44,eval,22,outbound,RuleBased,-33.3429,1,13,0,12.4882,7,6,10.4208,L02,2,1,4,1,10.0827,7,2,1
twoway_DQN_vs_Rule_harsh,DQN_vs_Rule,harsh,0.25,0.4,2,44,eval,23,outbound,RuleBased,-194.6525,1,11,0,10.4155,7,5,15.6693,L02,1,1,9,4,0,15,2,2
twoway_DQN_vs_Rule_harsh,DQN_vs_Rule,harsh,0.25,0.4,2,44,eval,24,outbound,RuleBased,65.5465,1,11,1,12.6419,6,3,30.9899,L02,0,0,0,0,44.213,1,0,0
twoway_DQN_vs_Rule_harsh,DQN_vs_Rule,harsh,0.25,0.4,2,44,eval,25,outbound,RuleBased,-476.8234,1,14,0,14.792,13,5,16.1552,L02,7,1,17,1,12.6879,26,7,0
twoway_DQN_vs_Rule_harsh,DQN_vs_Rule,harsh,0.25,0.4,2,44,eval,26,outbound,RuleBased,-177.5253,0,59,0,375.0474,66,33,,L08,0,0,0,0,299.4835,0,0,0
twoway_DQN_vs_Rule_harsh,DQN_vs_Rule,harsh,0.25,0.4,2,44,eval,27,outbound,RuleBased,-120.8604,1,13,0,12.739,8,5,23.6197,L02,0,0,0,3,23.6197,39,22,1
twoway_DQN_vs_Rule_harsh,DQN_vs_Rule,harsh,0.25,0.4,2,44,eval,28,outbound,RuleBased,-202.8106,0,59,1,375.7184,70,23,,L08,0,0,0,0,273.0912,0,0,0
twoway_DQN_vs_Rule_harsh,DQN_vs_Rule,harsh,0.25,0.4,2,44,eval,29,outbound,RuleBased,-212.4721,0,59,2,256.9624,69,21,,L08,0,0,0,0,58.2621,1,1,0
twoway_DQN_vs_Rule_harsh,DQN_vs_Rule,harsh,0.25,0.4,2,44,eval,30,outbound,RuleBased,-227.0427,0,59,1,240.3281,59,22,,L08,1,1,1,0,0,2,1,0
twoway_DQN_vs_Rule_harsh,DQN_vs_Rule,harsh,0.25,0.4,3,45,eval,1,inbound,DQN,-136.105,0,59,0,28.75,90,29,,L08,0,0,0,0,298.5735,0,0,0
twoway_DQN_vs_Rule_harsh,DQN_vs_Rule,harsh,0.25,0.4,3,45,eval,2,inbound,DQN,-202.5664,0,59,2,104.4511,76,22,,L08,0,0,0,0,309.4127,0,0,0
twoway_DQN_vs_Rule_harsh,DQN_vs_Rule,harsh,0.25,0.4,3,45,eval,3,inbound,DQN,-180.1704,0,59,0,12.277,71,28,,L02,1,1,1,2,0,10,1,1
twoway_DQN_vs_Rule_harsh,DQN_vs_Rule,harsh,0.25,0.4,3,45,eval,4,inbound,DQN,-161.0133,0,59,0,153.6404,80,26,,L08,0,0,0,0,347.1987,0,0,0
twoway_DQN_vs_Rule_harsh,DQN_vs_Rule,harsh,0.25,0.4,3,45,eval,5,inbound,DQN,-181.8992,0,59,0,14.4333,73,24,,L02,1,1,1,2,0,7,2,1
twoway_DQN_vs_Rule_harsh,DQN_vs_Rule,harsh,0.25,0.4,3,45,eval,6,inbound,DQN,-232.7813,0,59,4,18.0593,84,19,,L08,0,0,0,0,188.1616,0,0,0
twoway_DQN_vs_Rule_harsh,DQN_vs_Rule,harsh,0.25,0.4,3,45,eval,7,inbound,DQN,-180.8418,0,59,2,73.4501,79,27,,L08,0,0,0,0,219.3749,0,0,0
twoway_DQN_vs_Rule_harsh,DQN_vs_Rule,harsh,0.25,0.4,3,45,eval,8,inbound,DQN,-195.1253,0,59,2,124.5918,81,19,,L08,0,0,0,0,299.4835,0,0,0
twoway_DQN_vs_Rule_harsh,DQN_vs_Rule,harsh,0.25,0.4,3,45,eval,9,inbound,DQN,-179.2651,0,59,0,12.9409,75,26,,L02,1,1,1,2,0,19,9,1
twoway_DQN_vs_Rule_harsh,DQN_vs_Rule,harsh,0.25,0.4,3,45,eval,10,inbound,DQN,-214.9962,0,59,2,136.163,76,22,,L08,0,0,0,0,304.3563,0,0,0
twoway_DQN_vs_Rule_harsh,DQN_vs_Rule,harsh,0.25,0.4,3,45,eval,11,inbound,DQN,-151.4201,0,59,0,122.0888,84,23,,L08,0,0,0,0,313.6664,0,0,0
twoway_DQN_vs_Rule_harsh,DQN_vs_Rule,harsh,0.25,0.4,3,45,eval,12,inbound,DQN,-146.6464,0,59,0,82.1758,74,25,,L02,0,0,0,0,122.6148,0,0,0
twoway_DQN_vs_Rule_harsh,DQN_vs_Rule,harsh,0.25,0.4,3,45,eval,13,inbound,DQN,-300.6031,0,59,5,43.5507,71,26,,L02,1,1,1,1,0,5,1,1
twoway_DQN_vs_Rule_harsh,DQN_vs_Rule,harsh,0.25,0.4,3,45,eval,14,inbound,DQN,-337.3237,0,59,3,237.1692,44,26,,L08,0,0,0,0,358.8753,0,0,0
twoway_DQN_vs_Rule_harsh,DQN_vs_Rule,harsh,0.25,0.4,3,45,eval,15,inbound,DQN,-160.0234,0,59,1,18.0853,76,22,,L08,0,0,0,0,219.6273,0,0,0
twoway_DQN_vs_Rule_harsh,DQN_vs_Rule,harsh,0.25,0.4,3,45,eval,16,inbound,DQN,-157.6336,0,59,0,93.8633,82,25,,L08,0,0,0,0,289.385,0,0,0
twoway_DQN_vs_Rule_harsh,DQN_vs_Rule,harsh,0.25,0.4,3,45,eval,17,inbound,DQN,-258.4531,0,59,0,13.8871,77,29,,L02,1,1,3,3,0,15,3,1
twoway_DQN_vs_Rule_harsh,DQN_vs_Rule,harsh,0.25,0.4,3,45,eval,18,inbound,DQN,-153.213,0,59,0,155.6935,91,30,,L02,0,0,0,0,92.5545,0,0,0
twoway_DQN_vs_Rule_harsh,DQN_vs_Rule,harsh,0.25,0.4,3,45,eval,19,inbound,DQN,-160.3143,0,59,1,25.2812,85,23,,L08,0,0,0,0,233.6044,0,0,0
twoway_DQN_vs_Rule_harsh,DQN_vs_Rule,harsh,0.25,0.4,3,45,eval,20,inbound,DQN,-316.6906,0,59,0,13.3907,87,32,,L02,2,1,6,1,0,8,1,1
twoway_DQN_vs_Rule_harsh,DQN_vs_Rule,harsh,0.25,0.4,3,45,eval,21,inbound,DQN,-154.9283,0,59,1,55.1525,87,30,,L08,0,0,0,0,233.6044,0,0,0
twoway_DQN_vs_Rule_harsh,DQN_vs_Rule,harsh,0.25,0.4,3,45,eval,22,inbound,DQN,-144.085,0,59,0,129.4901,80,30,,L08,0,0,0,0,299.4835,0,0,0
twoway_DQN_vs_Rule_harsh,DQN_vs_Rule,harsh,0.25,0.4,3,45,eval,23,inbound,DQN,-217.7666,0,59,1,14.355,65,32,,L02,1,1,2,0,0,2,1,1
twoway_DQN_vs_Rule_harsh,DQN_vs_Rule,harsh,0.25,0.4,3,45,eval,24,inbound,DQN,-148.7685,0,59,0,70.2932,82,26,,L02,0,0,0,0,91.7715,0,0,0
twoway_DQN_vs_Rule_harsh,DQN_vs_Rule,harsh,0.25,0.4,3,45,eval,25,inbound,DQN,-145.2908,0,59,0,66.6193,86,19,,L02,0,0,0,0,156.3156,0,0,0
twoway_DQN_vs_Rule_harsh,DQN_vs_Rule,harsh,0.25,0.4,3,45,eval,26,inbound,DQN,-320.0106,0,59,4,210.5984,68,29,,L08,0,0,0,0,362.2206,0,0,0
twoway_DQN_vs_Rule_harsh,DQN_vs_Rule,harsh,0.25,0.4,3,45,eval,27,inbound,DQN,-134.2644,0,59,0,51.0998,64,24,,L08,0,0,0,0,299.4835,0,0,0
twoway_DQN_vs_Rule_harsh,DQN_vs_Rule,harsh,0.25,0.4,3,45,eval,28,inbound,DQN,-25.7556,1,49,0,13.583,55,22,9.703,L02,1,1,2,0,0,2,1,1
twoway_DQN_vs_Rule_harsh,DQN_vs_Rule,harsh,0.25,0.4,3,45,eval,29,inbound,DQN,-184.7384,0,59,2,14.709,83,24,,L08,0,0,0,0,233.6044,0,0,0
twoway_DQN_vs_Rule_harsh,DQN_vs_Rule,harsh,0.25,0.4,3,45,eval,30,inbound,DQN,-144.8155,0,59,0,71.0448,85,27,,L02,0,0,0,0,153.8106,0,0,0
twoway_DQN_vs_Rule_harsh,DQN_vs_Rule,harsh,0.25,0.4,3,45,eval,1,outbound,RuleBased,-168.2831,0,59,0,188.3334,60,23,,L08,0,0,0,0,298.5735,0,0,0
twoway_DQN_vs_Rule_harsh,DQN_vs_Rule,harsh,0.25,0.4,3,45,eval,2,outbound,RuleBased,-168.2477,0,59,0,187.7456,56,24,,L08,0,0,0,0,309.4127,0,0,0
twoway_DQN_vs_Rule_harsh,DQN_vs_Rule,harsh,0.25,0.4,3,45,eval,3,outbound,RuleBased,35.9555,1,13,0,11.3423,8,5,26.5944,L02,1,1,1,2,0,10,1,1
twoway_DQN_vs_Rule_harsh,DQN_vs_Rule,harsh,0.25,0.4,3,45,eval,4,outbound,RuleBased,-168.2312,0,59,0,188.8053,61,28,,L08,0,0,0,0,347.1987,0,0,0
twoway_DQN_vs_Rule_harsh,DQN_vs_Rule,harsh,0.25,0.4,3,45,eval,5,outbound,RuleBased,55.2431,1,12,0,11.882,4,4,5.462,L02,1,1,1,2,0,7,2,1
twoway_DQN_vs_Rule_harsh,DQN_vs_Rule,harsh,0.25,0.4,3,45,eval,6,outbound,RuleBased,-168.4359,0,59,0,188.8848,50,24,,L08,0,0,0,0,188.1616,0,0,0
twoway_DQN_vs_Rule_harsh,DQN_vs_Rule,harsh,0.25,0.4,3,45,eval,7,outbound,RuleBased,-168.5979,0,59,0,188.9069,55,24,,L08,0,0,0,0,219.3749,0,0,0
twoway_DQN_vs_Rule_harsh,DQN_vs_Rule,harsh,0.25,0.4,3,45,eval,8,outbound,RuleBased,-168.2463,0,59,0,188.1234,53,33,,L08,0,0,0,0,299.4835,0,0,0
twoway_DQN_vs_Rule_harsh,DQN_vs_Rule,harsh,0.25,0.4,3,45,eval,9,outbound,RuleBased,43.1956,1,11,0,14.7618,8,6,31.6407,L02,1,1,1,2,0,19,9,1
twoway_DQN_vs_Rule_harsh,DQN_vs_Rule,harsh,0.25,0.4,3,45,eval,10,outbound,RuleBased,-168.2774,0,59,0,188.0676,65,20,,L08,0,0,0,0,304.3563,0,0,0
twoway_DQN_vs_Rule_harsh,DQN_vs_Rule,harsh,0.25,0.4,3,45,eval,11,outbound,RuleBased,-168.3866,0,59,0,188.3298,60,27,,L08,0,0,0,0,313.6664,0,0,0
twoway_DQN_vs_Rule_harsh,DQN_vs_Rule,harsh,0.25,0.4,3,45,eval,12,outbound,RuleBased,90.856,1,13,0,14.2033,12,4,22.3471,L02,0,0,0,0,122.6148,0,0,0
twoway_DQN_vs_Rule_harsh,DQN_vs_Rule,harsh,0.25,0.4,3,45,eval,13,outbound,RuleBased,63.9255,1,14,0,12.1358,11,3,0.2977,L02,1,1,1,1,0,5,1,1
twoway_DQN_vs_Rule_harsh,DQN_vs_Rule,harsh,0.25,0.4,3,45,eval,14,outbound,RuleBased,-168.1777,0,59,0,188.3165,56,30,,L08,0,0,0,0,358.8753,0,0,0
twoway_DQN_vs_Rule_harsh,DQN_vs_Rule,harsh,0.25,0.4,3,45,eval,15,outbound,RuleBased,-168.7545,0,59,0,190.0154,52,19,,L08,0,0,0,0,219.6273,0,0,0
twoway_DQN_vs_Rule_harsh,DQN_vs_Rule,harsh,0.25,0.4,3,45,eval,16,outbound,RuleBased,-168.7503,0,59,0,188.6726,58,23,,L08,0,0,0,0,289.385,0,0,0
twoway_DQN_vs_Rule_harsh,DQN_vs_Rule,harsh,0.25,0.4,3,45,eval,17,outbound,RuleBased,-24.7618,1,12,0,13.4777,12,9,21.7443,L02,1,1,3,3,0,15,3,1
twoway_DQN_vs_Rule_harsh,DQN_vs_Rule,harsh,0.25,0.4,3,45,eval,18,outbound,RuleBased,92.2272,1,14,0,11.8173,12,3,19.9694,L02,0,0,0,0,92.5545,0,0,0
twoway_DQN_vs_Rule_harsh,DQN_vs_Rule,harsh,0.25,0.4,3,45,eval,19,outbound,RuleBased,-168.3938,0,59,0,188.2403,59,24,,L08,0,0,0,0,233.6044,0,0,0
twoway_DQN_vs_Rule_harsh,DQN_vs_Rule,harsh,0.25,0.4,3,45,eval,20,outbound,RuleBased,-76.9121,1,12,0,14.5794,11,3,0.3694,L02,2,1,6,1,0,8,1,1
twoway_DQN_vs_Rule_harsh,DQN_vs_Rule,harsh,0.25,0.4,3,45,eval,21,outbound,RuleBased,-168.6148,0,59,0,188.7384,61,20,,L08,0,0,0,0,233.6044,0,0,0
twoway_DQN_vs_Rule_harsh,DQN_vs_Rule,harsh,0.25,0.4,3,45,eval,22,outbound,RuleBased,-168.4116,0,59,0,188.2716,50,22,,L08,0,0,0,0,299.4835,0,0,0
twoway_DQN_vs_Rule_harsh,DQN_vs_Rule,harsh,0.25,0.4,3,45,eval,23,outbound,RuleBased,46.4765,1,12,0,12.0111,7,3,3.9947,L02,1,1,2,0,0,2,1,1
twoway_DQN_vs_Rule_harsh,DQN_vs_Rule,harsh,0.25,0.4,3,45,eval,24,outbound,RuleBased,105.3699,1,14,0,12.6287,10,10,3.2335,L02,0,0,0,0,91.7715,0,0,0
twoway_DQN_vs_Rule_harsh,DQN_vs_Rule,harsh,0.25,0.4,3,45,eval,25,outbound,RuleBased,93.0192,1,11,0,13.5778,7,3,21.6242,L02,0,0,0,0,156.3156,0,0,0
twoway_DQN_vs_Rule_harsh,DQN_vs_Rule,harsh,0.25,0.4,3,45,eval,26,outbound,RuleBased,-168.4711,0,59,0,188.3106,57,23,,L08,0,0,0,0,362.2206,0,0,0
twoway_DQN_vs_Rule_harsh,DQN_vs_Rule,harsh,0.25,0.4,3,45,eval,27,outbound,RuleBased,-167.91,0,59,0,187.8441,55,20,,L08,0,0,0,0,299.4835,0,0,0
twoway_DQN_vs_Rule_harsh,DQN_vs_Rule,harsh,0.25,0.4,3,45,eval,28,outbound,RuleBased,42.2669,1,12,0,13.1508,5,6,9.0094,L02,1,1,2,0,0,2,1,1
twoway_DQN_vs_Rule_harsh,DQN_vs_Rule,harsh,0.25,0.4,3,45,eval,29,outbound,RuleBased,-168.2722,0,59,0,188.122,58,25,,L08,0,0,0,0,233.6044,0,0,0
twoway_DQN_vs_Rule_harsh,DQN_vs_Rule,harsh,0.25,0.4,3,45,eval,30,outbound,RuleBased,102.2426,1,12,0,13.4572,7,6,9.0599,L02,0,0,0,0,153.8106,0,0,0
twoway_DQN_vs_Rule_harsh,DQN_vs_Rule,harsh,0.25,0.4,4,46,eval,1,inbound,DQN,-205.1636,0,59,3,14.7216,42,30,,L02,0,0,0,1,34.539,2,1,0
twoway_DQN_vs_Rule_harsh,DQN_vs_Rule,harsh,0.25,0.4,4,46,eval,2,inbound,DQN,-228.2946,0,59,2,12.1158,12,19,,L02,1,1,2,1,0,4,2,1
twoway_DQN_vs_Rule_harsh,DQN_vs_Rule,harsh,0.25,0.4,4,46,eval,3,inbound,DQN,-443.0046,0,59,8,61.5184,90,18,,L08,1,1,2,4,14.8837,12,12,1
twoway_DQN_vs_Rule_harsh,DQN_vs_Rule,harsh,0.25,0.4,4,46,eval,4,inbound,DQN,-201.2041,0,59,1,13.7001,61,28,,L08,1,1,1,1,0,5,3,1
twoway_DQN_vs_Rule_harsh,DQN_vs_Rule,harsh,0.25,0.4,4,46,eval,5,inbound,DQN,-189.3047,0,59,1,13.5102,20,19,,L08,1,1,1,1,0,3,1,1
twoway_DQN_vs_Rule_harsh,DQN_vs_Rule,harsh,0.25,0.4,4,46,eval,6,inbound,DQN,-313.2049,0,59,5,14.187,39,21,,L08,1,1,1,1,0,6,3,1
twoway_DQN_vs_Rule_harsh,DQN_vs_Rule,harsh,0.25,0.4,4,46,eval,7,inbound,DQN,-160.2781,0,59,0,220.7774,81,19,,L02,0,0,0,0,302.8877,0,0,0
twoway_DQN_vs_Rule_harsh,DQN_vs_Rule,harsh,0.25,0.4,4,46,eval,8,inbound,DQN,-311.9217,0,59,1,13.564,64,29,,L08,1,1,3,1,0,20,2,1
twoway_DQN_vs_Rule_harsh,DQN_vs_Rule,harsh,0.25,0.4,4,46,eval,9,inbound,DQN,-180.9382,0,59,1,41.7287,80,28,,L08,0,0,0,1,27.949,6,4,0
twoway_DQN_vs_Rule_harsh,DQN_vs_Rule,harsh,0.25,0.4,4,46,eval,10,inbound,DQN,-137.1609,0,59,0,44.3283,81,27,,L02,0,0,0,0,301.3655,0,0,0
twoway_DQN_vs_Rule_harsh,DQN_vs_Rule,harsh,0.25,0.4,4,46,eval,11,inbound,DQN,-334.1986,0,59,1,105.3082,51,25,,L02,3,1,6,0,0,7,3,2
twoway_DQN_vs_Rule_harsh,DQN_vs_Rule,harsh,0.25,0.4,4,46,eval,12,inbound,DQN,-213.344,0,59,2,13.4271,33,17,,L08,1,1,1,2,0,5,1,1
twoway_DQN_vs_Rule_harsh,DQN_vs_Rule,harsh,0.25,0.4,4,46,eval,13,inbound,DQN,-129.0263,0,59,0,27.6419,75,23,,L02,0,0,0,0,207.6129,0,0,0
twoway_DQN_vs_Rule_harsh,DQN_vs_Rule,harsh,0.25,0.4,4,46,eval,14,inbound,DQN,-217.5484,0,59,1,13.9977,50,21,,L08,1,1,2,0,0,2,1,1
twoway_DQN_vs_Rule_harsh,DQN_vs_Rule,harsh,0.25,0.4,4,46,eval,15,inbound,DQN,-137.2858,1,47,1,28.6757,18,18,20.9863,L02,2,1,4,0,0,6,3,0
twoway_DQN_vs_Rule_harsh,DQN_vs_Rule,harsh,0.25,0.4,4,46,eval,16,inbound,DQN,24.9786,1,26,0,14.6004,28,16,33.7244,L08,1,1,1,1,0,4,2,1
twoway_DQN_vs_Rule_harsh,DQN_vs_Rule,harsh,0.25,0.4,4,46,eval,17,inbound,DQN,-406.7325,0,59,3,54.3702,77,15,,L08,2,1,5,3,2.9198,12,10,3
twoway_DQN_vs_Rule_harsh,DQN_vs_Rule,harsh,0.25,0.4,4,46,eval,18,inbound,DQN,-325.4634,0,59,1,41.9227,31,22,,L02,3,1,5,0,0,7,4,1
twoway_DQN_vs_Rule_harsh,DQN_vs_Rule,harsh,0.25,0.4,4,46,eval,19,inbound,DQN,-186.7646,0,59,0,13.4021,19,20,,L08,1,1,2,0,0,2,1,1
twoway_DQN_vs_Rule_harsh,DQN_vs_Rule,harsh,0.25,0.4,4,46,eval,20,inbound,DQN,-56.4552,1,32,2,13.6026,26,8,15.6237,L08,1,1,2,0,0,2,1,1
twoway_DQN_vs_Rule_harsh,DQN_vs_Rule,harsh,0.25,0.4,4,46,eval,21,inbound,DQN,-319.7297,0,59,0,13.1526,82,21,,L08,1,1,1,2,10.0478,50,2,1
twoway_DQN_vs_Rule_harsh,DQN_vs_Rule,harsh,0.25,0.4,4,46,eval,22,inbound,DQN,-172.0591,0,59,1,44.1487,29,27,,L02,0,0,0,1,34.4997,3,2,0
twoway_DQN_vs_Rule_harsh,DQN_vs_Rule,harsh,0.25,0.4,4,46,eval,23,inbound,DQN,-127.1863,0,59,0,12.5329,54,31,,L02,0,0,0,0,150.6808,0,0,0
twoway_DQN_vs_Rule_harsh,DQN_vs_Rule,harsh,0.25,0.4,4,46,eval,24,inbound,DQN,-49.5063,1,54,3,15.9493,38,13,6.6676,L02,0,0,0,1,34.539,2,1,0
twoway_DQN_vs_Rule_harsh,DQN_vs_Rule,harsh,0.25,0.4,4,46,eval,25,inbound,DQN,-217.1004,0,59,1,13.955,42,25,,L08,1,1,2,0,0,2,1,1
twoway_DQN_vs_Rule_harsh,DQN_vs_Rule,harsh,0.25,0.4,4,46,eval,26,inbound,DQN,-34.3845,1,50,1,13.2954,27,14,15.0429,L08,1,1,1,1,4.7891,4,2,1
twoway_DQN_vs_Rule_harsh,DQN_vs_Rule,harsh,0.25,0.4,4,46,eval,27,inbound,DQN,-143.682,0,59,1,16.0702,51,24,,L02,0,0,0,0,170.7601,0,0,0
twoway_DQN_vs_Rule_harsh,DQN_vs_Rule,harsh,0.25,0.4,4,46,eval,28,inbound,DQN,-221.7706,0,59,0,14.2695,64,29,,L08,1,1,2,2,3.0186,10,6,1
twoway_DQN_vs_Rule_harsh,DQN_vs_Rule,harsh,0.25,0.4,4,46,eval,29,inbound,DQN,20.3332,1,37,1,12.3347,35,13,16.03,L02,0,0,0,1,29.1204,3,2,1
twoway_DQN_vs_Rule_harsh,DQN_vs_Rule,harsh,0.25,0.4,4,46,eval,30,inbound,DQN,14.2757,1,25,0,13.0958,16,11,7.847,L08,1,1,2,0,0,2,1,1
twoway_DQN_vs_Rule_harsh,DQN_vs_Rule,harsh,0.25,0.4,4,46,eval,1,outbound,RuleBased,-272.849,0,59,4,228.0145,70,26,,L02,0,0,0,1,34.539,2,1,0
twoway_DQN_vs_Rule_harsh,DQN_vs_Rule,harsh,0.25,0.4,4,46,eval,2,outbound,RuleBased,-317.2499,0,59,3,225.6258,68,23,,L02,1,1,2,1,0,4,2,1
twoway_DQN_vs_Rule_harsh,DQN_vs_Rule,harsh,0.25,0.4,4,46,eval,3,outbound,RuleBased,-16.1022,1,13,0,12.7701,7,11,14.8837,L08,1,1,2,4,14.8837,12,12,1
twoway_DQN_vs_Rule_harsh,DQN_vs_Rule,harsh,0.25,0.4,4,46,eval,4,outbound,RuleBased,52.5818,1,13,0,14.0983,10,3,9.0319,L08,1,1,1,1,0,5,3,1
twoway_DQN_vs_Rule_harsh,DQN_vs_Rule,harsh,0.25,0.4,4,46,eval,5,outbound,RuleBased,54.4335,1,12,0,13.5291,10,6,21.4866,L08,1,1,1,1,0,3,1,1
twoway_DQN_vs_Rule_harsh,DQN_vs_Rule,harsh,0.25,0.4,4,46,eval,6,outbound,RuleBased,50.7902,1,12,0,12.067,9,3,4.9091,L08,1,1,1,1,0,6,3,1
twoway_DQN_vs_Rule_harsh,DQN_vs_Rule,harsh,0.25,0.4,4,46,eval,7,outbound,RuleBased,-268.7962,0,59,4,223.7093,66,22,,L02,0,0,0,0,302.8877,0,0,0
twoway_DQN_vs_Rule_harsh,DQN_vs_Rule,harsh,0.25,0.4,4,46,eval,8,outbound,RuleBased,-45.6253,1,11,0,12.09,6,6,18.9308,L08,1,1,3,1,0,20,2,1
twoway_DQN_vs_Rule_harsh,DQN_vs_Rule,harsh,0.25,0.4,4,46,eval,9,outbound,RuleBased,73.3071,1,11,0,14.2987,8,5,27.949,L08,0,0,0,1,27.949,6,4,0
twoway_DQN_vs_Rule_harsh,DQN_vs_Rule,harsh,0.25,0.4,4,46,eval,10,outbound,RuleBased,-244.8783,0,59,3,228.2274,65,19,,L02,0,0,0,0,301.3655,0,0,0
twoway_DQN_vs_Rule_harsh,DQN_vs_Rule,harsh,0.25,0.4,4,46,eval,11,outbound,RuleBased,-412.9845,0,59,2,227.9831,64,27,,L02,3,1,6,0,0,7,3,2
twoway_DQN_vs_Rule_harsh,DQN_vs_Rule,harsh,0.25,0.4,4,46,eval,12,outbound,RuleBased,63.6763,1,11,0,14.2137,5,5,7.0825,L08,1,1,1,2,0,5,1,1
twoway_DQN_vs_Rule_harsh,DQN_vs_Rule,harsh,0.25,0.4,4,46,eval,13,outbound,RuleBased,-243.748,0,59,3,225.3483,68,25,,L02,0,0,0,0,207.6129,0,0,0
twoway_DQN_vs_Rule_harsh,DQN_vs_Rule,harsh,0.25,0.4,4,46,eval,14,outbound,RuleBased,46.015,1,13,0,13.2106,5,5,3.3494,L08,1,1,2,0,0,2,1,1
twoway_DQN_vs_Rule_harsh,DQN_vs_Rule,harsh,0.25,0.4,4,46,eval,15,outbound,RuleBased,-355.9925,0,59,2,228.3452,64,29,,L02,2,1,4,0,0,6,3,0
twoway_DQN_vs_Rule_harsh,DQN_vs_Rule,harsh,0.25,0.4,4,46,eval,16,outbound,RuleBased,62.4264,1,13,0,13.1113,11,6,0.4146,L08,1,1,1,1,0,4,2,1
twoway_DQN_vs_Rule_harsh,DQN_vs_Rule,harsh,0.25,0.4,4,46,eval,17,outbound,RuleBased,-88.037,1,13,0,14.8174,11,6,5.8395,L08,2,1,5,3,2.9198,12,10,3
twoway_DQN_vs_Rule_harsh,DQN_vs_Rule,harsh,0.25,0.4,4,46,eval,18,outbound,RuleBased,-440.0646,0,59,4,225.1099,62,18,,L02,3,1,5,0,0,7,4,1
twoway_DQN_vs_Rule_harsh,DQN_vs_Rule,harsh,0.25,0.4,4,46,eval,19,outbound,RuleBased,34.662,1,12,0,10.8255,6,4,18.8995,L08,1,1,2,0,0,2,1,1
twoway_DQN_vs_Rule_harsh,DQN_vs_Rule,harsh,0.25,0.4,4,46,eval,20,outbound,RuleBased,44.5985,1,12,0,11.0898,6,4,6.3666,L08,1,1,2,0,0,2,1,1
twoway_DQN_vs_Rule_harsh,DQN_vs_Rule,harsh,0.25,0.4,4,46,eval,21,outbound,RuleBased,-84.7799,1,11,0,15.5416,8,4,20.0957,L08,1,1,1,2,10.0478,50,2,1
twoway_DQN_vs_Rule_harsh,DQN_vs_Rule,harsh,0.25,0.4,4,46,eval,22,outbound,RuleBased,-250.2733,0,59,3,227.0324,67,21,,L02,0,0,0,1,34.4997,3,2,0
twoway_DQN_vs_Rule_harsh,DQN_vs_Rule,harsh,0.25,0.4,4,46,eval,23,outbound,RuleBased,-294.0587,0,59,5,224.1171,64,27,,L02,0,0,0,0,150.6808,0,0,0
twoway_DQN_vs_Rule_harsh,DQN_vs_Rule,harsh,0.25,0.4,4,46,eval,24,outbound,RuleBased,-246.6393,0,59,3,224.5586,63,25,,L02,0,0,0,1,34.539,2,1,0
twoway_DQN_vs_Rule_harsh,DQN_vs_Rule,harsh,0.25,0.4,4,46,eval,25,outbound,RuleBased,48.2095,1,12,0,14.951,8,3,1.6742,L08,1,1,2,0,0,2,1,1
twoway_DQN_vs_Rule_harsh,DQN_vs_Rule,harsh,0.25,0.4,4,46,eval,26,outbound,RuleBased,55.8557,1,12,0,13.674,7,5,9.5783,L08,1,1,1,1,4.7891,4,2,1
twoway_DQN_vs_Rule_harsh,DQN_vs_Rule,harsh,0.25,0.4,4,46,eval,27,outbound,RuleBased,-268.7992,0,59,4,223.6893,64,21,,L02,0,0,0,0,170.7601,0,0,0
twoway_DQN_vs_Rule_harsh,DQN_vs_Rule,harsh,0.25,0.4,4,46,eval,28,outbound,RuleBased,-2.76,1,13,0,13.633,8,5,3.0186,L08,1,1,2,2,3.0186,10,6,1
twoway_DQN_vs_Rule_harsh,DQN_vs_Rule,harsh,0.25,0.4,4,46,eval,29,outbound,RuleBased,-280.3184,0,59,4,226.0046,65,17,,L02,0,0,0,1,29.1204,3,2,1
twoway_DQN_vs_Rule_harsh,DQN_vs_Rule,harsh,0.25,0.4,4,46,eval,30,outbound,RuleBased,42.0336,1,12,0,13.0802,7,3,9.5773,L08,1,1,2,0,0,2,1,1
twoway_DQN_vs_Rule_harsh,DQN_vs_Rule,harsh,0.25,0.4,5,47,eval,1,inbound,DQN,-134.792,0,59,0,19.5026,81,20,,L02,0,0,0,1,32.5954,1,1,1
twoway_DQN_vs_Rule_harsh,DQN_vs_Rule,harsh,0.25,0.4,5,47,eval,2,inbound,DQN,-186.4934,0,59,2,53.1473,87,25,,L08,0,0,0,0,290.286,0,0,0
twoway_DQN_vs_Rule_harsh,DQN_vs_Rule,harsh,0.25,0.4,5,47,eval,3,inbound,DQN,-306.0879,0,59,1,100.2379,62,21,,L02,1,1,2,0,0,23,2,1
twoway_DQN_vs_Rule_harsh,DQN_vs_Rule,harsh,0.25,0.4,5,47,eval,4,inbound,DQN,-239.4875,0,59,0,167.2953,90,24,,L02,2,1,2,1,0,7,2,1
twoway_DQN_vs_Rule_harsh,DQN_vs_Rule,harsh,0.25,0.4,5,47,eval,5,inbound,DQN,-302.1381,0,59,0,12.4618,76,22,,L02,2,1,5,1,16.1021,8,1,0
twoway_DQN_vs_Rule_harsh,DQN_vs_Rule,harsh,0.25,0.4,5,47,eval,6,inbound,DQN,-141.1187,0,59,0,135.7048,83,21,,L08,0,0,0,0,299.4835,0,0,0
twoway_DQN_vs_Rule_harsh,DQN_vs_Rule,harsh,0.25,0.4,5,47,eval,7,inbound,DQN,-236.9541,0,59,3,173.7913,89,25,,L08,0,0,0,0,391.0537,0,0,0
twoway_DQN_vs_Rule_harsh,DQN_vs_Rule,harsh,0.25,0.4,5,47,eval,8,inbound,DQN,-138.7267,0,59,0,34.7468,82,28,,L02,0,0,0,0,91.799,0,0,0
twoway_DQN_vs_Rule_harsh,DQN_vs_Rule,harsh,0.25,0.4,5,47,eval,9,inbound,DQN,-258.2363,0,59,5,17.1124,73,26,,L08,0,0,0,0,249.7649,0,0,0
twoway_DQN_vs_Rule_harsh,DQN_vs_Rule,harsh,0.25,0.4,5,47,eval,10,inbound,DQN,-276.2153,0,59,4,25.9617,46,26,,L02,1,1,1,3,0,8,1,1
twoway_DQN_vs_Rule_harsh,DQN_vs_Rule,harsh,0.25,0.4,5,47,eval,11,inbound,DQN,-148.7022,0,59,0,82.9871,87,26,,L02,0,0,0,0,121.7037,0,0,0
twoway_DQN_vs_Rule_harsh,DQN_vs_Rule,harsh,0.25,0.4,5,47,eval,12,inbound,DQN,-208.8864,0,59,2,174.5308,82,22,,L08,0,0,0,0,356.5477,0,0,0
twoway_DQN_vs_Rule_harsh,DQN_vs_Rule,harsh,0.25,0.4,5,47,eval,13,inbound,DQN,-383.7956,0,59,0,24.0742,83,22,,L02,0,0,0,1,30.683,45,45,23
twoway_DQN_vs_Rule_harsh,DQN_vs_Rule,harsh,0.25,0.4,5,47,eval,14,inbound,DQN,-129.8149,0,59,0,12.4611,80,19,,L02,0,0,0,0,122.8807,0,0,0
twoway_DQN_vs_Rule_harsh,DQN_vs_Rule,harsh,0.25,0.4,5,47,eval,15,inbound,DQN,-188.6151,0,59,2,32.1022,85,29,,L08,0,0,0,0,298.5842,0,0,0
twoway_DQN_vs_Rule_harsh,DQN_vs_Rule,harsh,0.25,0.4,5,47,eval,16,inbound,DQN,-197.5695,0,59,2,145.9893,76,16,,L08,0,0,0,0,283.5591,0,0,0
twoway_DQN_vs_Rule_harsh,DQN_vs_Rule,harsh,0.25,0.4,5,47,eval,17,inbound,DQN,-181.2118,0,59,2,86.1655,77,21,,L08,0,0,0,0,298.5735,0,0,0
twoway_DQN_vs_Rule_harsh,DQN_vs_Rule,harsh,0.25,0.4,5,47,eval,18,inbound,DQN,-300.0664,0,59,0,12.4175,50,35,,L02,1,1,2,0,0,20,10,1
twoway_DQN_vs_Rule_harsh,DQN_vs_Rule,harsh,0.25,0.4,5,47,eval,19,inbound,DQN,-678.2594,0,59,0,14.0638,79,22,,L02,4,1,10,2,6.0669,48,22,22
twoway_DQN_vs_Rule_harsh,DQN_vs_Rule,harsh,0.25,0.4,5,47,eval,20,inbound,DQN,-283.0537,0,59,6,104.166,83,25,,L08,0,0,0,0,277.2385,0,0,0
twoway_DQN_vs_Rule_harsh,DQN_vs_Rule,harsh,0.25,0.4,5,47,eval,21,inbound,DQN,-163.7262,0,59,1,81.3423,81,24,,L08,0,0,0,0,294.344,0,0,0
twoway_DQN_vs_Rule_harsh,DQN_vs_Rule,harsh,0.25,0.4,5,47,eval,22,inbound,DQN,-766.9454,0,59,0,12.6496,51,25,,L02,5,1,16,2,0,31,14,0
twoway_DQN_vs_Rule_harsh,DQN_vs_Rule,harsh,0.25,0.4,5,47,eval,23,inbound,DQN,-165.1479,0,59,0,233.4739,82,30,,L02,0,0,0,0,245.3679,0,0,0
twoway_DQN_vs_Rule_harsh,DQN_vs_Rule,harsh,0.25,0.4,5,47,eval,24,inbound,DQN,-274.0779,0,59,5,177.5386,83,19,,L08,0,0,0,0,299.4835,0,0,0
twoway_DQN_vs_Rule_harsh,DQN_vs_Rule,harsh,0.25,0.4,5,47,eval,25,inbound,DQN,-142.4584,0,59,0,95.7003,82,27,,L08,0,0,0,0,337.4197,0,0,0
twoway_DQN_vs_Rule_harsh,DQN_vs_Rule,harsh,0.25,0.4,5,47,eval,26,inbound,DQN,-336.8042,0,59,6,223.1556,79,27,,L08,0,0,0,0,358.8753,0,0,0
twoway_DQN_vs_Rule_harsh,DQN_vs_Rule,harsh,0.25,0.4,5,47,eval,27,inbound,DQN,-208.4956,0,59,2,158.6628,86,24,,L08,0,0,0,0,376.1891,0,0,0
twoway_DQN_vs_Rule_harsh,DQN_vs_Rule,harsh,0.25,0.4,5,47,eval,28,inbound,DQN,-287.1831,0,59,5,207.7883,79,20,,L08,0,0,0,0,315.6445,0,0,0
twoway_DQN_vs_Rule_harsh,DQN_vs_Rule,harsh,0.25,0.4,5,47,eval,29,inbound,DQN,-136.9038,0,59,0,22.133,81,30,,L08,0,0,0,0,299.4835,0,0,0
twoway_DQN_vs_Rule_harsh,DQN_vs_Rule,harsh,0.25,0.4,5,47,eval,30,inbound,DQN,-137.1214,0,59,0,81.5886,75,24,,L02,0,0,0,0,125.4157,0,0,0
twoway_DQN_vs_Rule_harsh,DQN_vs_Rule,harsh,0.25,0.4,5,47,eval,1,outbound,RuleBased,93.519,1,11,0,14.745,10,5,11.2294,L02,0,0,0,1,32.5954,1,1,1
twoway_DQN_vs_Rule_harsh,DQN_vs_Rule,harsh,0.25,0.4,5,47,eval,2,outbound,RuleBased,-166.2381,0,59,0,182.1078,56,21,,L08,0,0,0,0,290.286,0,0,0
twoway_DQN_vs_Rule_harsh,DQN_vs_Rule,harsh,0.25,0.4,5,47,eval,3,outbound,RuleBased,-30.2416,1,12,0,13.4822,11,3,24.9165,L02,1,1,2,0,0,23,2,1
twoway_DQN_vs_Rule_harsh,DQN_vs_Rule,harsh,0.25,0.4,5,47,eval,4,outbound,RuleBased,-12.674,1,14,1,13.8239,10,6,13.5895,L02,2,1,2,1,0,7,2,1
twoway_DQN_vs_Rule_harsh,DQN_vs_Rule,harsh,0.25,0.4,5,47,eval,5,outbound,RuleBased,-67.7202,1,13,0,11.2506,9,7,16.1021,L02,2,1,5,1,16.1021,8,1,0
twoway_DQN_vs_Rule_harsh,DQN_vs_Rule,harsh,0.25,0.4,5,47,eval,6,outbound,RuleBased,-166.6196,0,59,0,182.3112,56,21,,L08,0,0,0,0,299.4835,0,0,0
twoway_DQN_vs_Rule_harsh,DQN_vs_Rule,harsh,0.25,0.4,5,47,eval,7,outbound,RuleBased,-166.1561,0,59,0,181.544,57,24,,L08,0,0,0,0,391.0537,0,0,0
twoway_DQN_vs_Rule_harsh,DQN_vs_Rule,harsh,0.25,0.4,5,47,eval,8,outbound,RuleBased,105.9145,1,12,0,11.6125,9,2,4.8739,L02,0,0,0,0,91.799,0,0,0
twoway_DQN_vs_Rule_harsh,DQN_vs_Rule,harsh,0.25,0.4,5,47,eval,9,outbound,RuleBased,-166.8911,0,59,0,183.2471,56,31,,L08,0,0,0,0,249.7649,0,0,0
twoway_DQN_vs_Rule_harsh,DQN_vs_Rule,harsh,0.25,0.4,5,47,eval,10,outbound,RuleBased,18.0978,1,14,1,12.0673,11,6,22.6665,L02,1,1,1,3,0,8,1,1
twoway_DQN_vs_Rule_harsh,DQN_vs_Rule,harsh,0.25,0.4,5,47,eval,11,outbound,RuleBased,73.5042,1,14,1,11.6553,10,6,12.2541,L02,0,0,0,0,121.7037,0,0,0
twoway_DQN_vs_Rule_harsh,DQN_vs_Rule,harsh,0.25,0.4,5,47,eval,12,outbound,RuleBased,-166.6996,0,59,0,182.4995,59,27,,L08,0,0,0,0,356.5477,0,0,0
twoway_DQN_vs_Rule_harsh,DQN_vs_Rule,harsh,0.25,0.4,5,47,eval,13,outbound,RuleBased,-254.6761,1,14,0,11.3618,9,5,3.6976,L02,0,0,0,1,30.683,45,45,23
twoway_DQN_vs_Rule_harsh,DQN_vs_Rule,harsh,0.25,0.4,5,47,eval,14,outbound,RuleBased,108.9523,1,11,0,14.0774,8,4,1.9719,L02,0,0,0,0,122.8807,0,0,0
twoway_DQN_vs_Rule_harsh,DQN_vs_Rule,harsh,0.25,0.4,5,47,eval,15,outbound,RuleBased,-166.555,0,59,0,182.4601,53,16,,L08,0,0,0,0,298.5842,0,0,0
twoway_DQN_vs_Rule_harsh,DQN_vs_Rule,harsh,0.25,0.4,5,47,eval,16,outbound,RuleBased,-166.7737,0,59,0,182.5583,54,27,,L08,0,0,0,0,283.5591,0,0,0
twoway_DQN_vs_Rule_harsh,DQN_vs_Rule,harsh,0.25,0.4,5,47,eval,17,outbound,RuleBased,-166.5764,0,59,0,183.1102,55,20,,L08,0,0,0,0,298.5735,0,0,0
twoway_DQN_vs_Rule_harsh,DQN_vs_Rule,harsh,0.25,0.4,5,47,eval,18,outbound,RuleBased,-14.2245,1,14,0,14.5099,11,7,10.5416,L02,1,1,2,0,0,20,10,1
twoway_DQN_vs_Rule_harsh,DQN_vs_Rule,harsh,0.25,0.4,5,47,eval,19,outbound,RuleBased,-308.4372,1,11,0,13.1889,8,8,6.0669,L02,4,1,10,2,6.0669,48,22,22
twoway_DQN_vs_Rule_harsh,DQN_vs_Rule,harsh,0.25,0.4,5,47,eval,20,outbound,RuleBased,-166.2459,0,59,0,181.7641,56,23,,L08,0,0,0,0,277.2385,0,0,0
twoway_DQN_vs_Rule_harsh,DQN_vs_Rule,harsh,0.25,0.4,5,47,eval,21,outbound,RuleBased,-166.5696,0,59,0,182.2994,57,23,,L08,0,0,0,0,294.344,0,0,0
twoway_DQN_vs_Rule_harsh,DQN_vs_Rule,harsh,0.25,0.4,5,47,eval,22,outbound,RuleBased,-417.4317,1,13,0,11.6232,7,4,1.9944,L02,5,1,16,2,0,31,14,0
twoway_DQN_vs_Rule_harsh,DQN_vs_Rule,harsh,0.25,0.4,5,47,eval,23,outbound,RuleBased,101.8951,1,12,0,11.788,9,5,9.9816,L02,0,0,0,0,245.3679,0,0,0
twoway_DQN_vs_Rule_harsh,DQN_vs_Rule,harsh,0.25,0.4,5,47,eval,24,outbound,RuleBased,-166.3136,0,59,0,182.0906,52,26,,L08,0,0,0,0,299.4835,0,0,0
twoway_DQN_vs_Rule_harsh,DQN_vs_Rule,harsh,0.25,0.4,5,47,eval,25,outbound,RuleBased,-166.7783,0,59,0,182.7111,64,21,,L08,0,0,0,0,337.4197,0,0,0
twoway_DQN_vs_Rule_harsh,DQN_vs_Rule,harsh,0.25,0.4,5,47,eval,26,outbound,RuleBased,-166.2873,0,59,0,182.2287,54,25,,L08,0,0,0,0,358.8753,0,0,0
twoway_DQN_vs_Rule_harsh,DQN_vs_Rule,harsh,0.25,0.4,5,47,eval,27,outbound,RuleBased,-166.7508,0,59,0,182.177,57,30,,L08,0,0,0,0,376.1891,0,0,0
twoway_DQN_vs_Rule_harsh,DQN_vs_Rule,harsh,0.25,0.4,5,47,eval,28,outbound,RuleBased,-166.6609,0,59,0,182.7786,60,20,,L08,0,0,0,0,315.6445,0,0,0
twoway_DQN_vs_Rule_harsh,DQN_vs_Rule,harsh,0.25,0.4,5,47,eval,29,outbound,RuleBased,-166.3895,0,59,0,182.1773,53,18,,L08,0,0,0,0,299.4835,0,0,0
twoway_DQN_vs_Rule_harsh,DQN_vs_Rule,harsh,0.25,0.4,5,47,eval,30,outbound,RuleBased,95.1491,1,11,0,13.8122,10,4,19.298,L02,0,0,0,0,125.4157,0,0,0
twoway_DQN_vs_Rule_harsh,DQN_vs_Rule,harsh,0.25,0.4,6,48,eval,1,inbound,DQN,-176.9277,0,59,0,167.5726,72,27,,L08,0,0,0,0,315.1104,0,0,0
twoway_DQN_vs_Rule_harsh,DQN_vs_Rule,harsh,0.25,0.4,6,48,eval,2,inbound,DQN,-233.5332,0,59,0,18.259,79,28,,L02,2,1,2,2,0,11,2,1
twoway_DQN_vs_Rule_harsh,DQN_vs_Rule,harsh,0.25,0.4,6,48,eval,3,inbound,DQN,-159.5799,0,59,0,42.2111,83,26,,L02,0,0,0,2,30.7251,4,2,2
twoway_DQN_vs_Rule_harsh,DQN_vs_Rule,harsh,0.25,0.4,6,48,eval,4,inbound,DQN,-165.9566,0,59,0,148.9013,81,26,,L08,0,0,0,0,315.1709,0,0,0
twoway_DQN_vs_Rule_harsh,DQN_vs_Rule,harsh,0.25,0.4,6,48,eval,5,inbound,DQN,-172.1089,0,59,0,207.0655,78,22,,L08,0,0,0,0,319.0081,0,0,0
twoway_DQN_vs_Rule_harsh,DQN_vs_Rule,harsh,0.25,0.4,6,48,eval,6,inbound,DQN,-228.5252,0,59,2,198.2988,77,26,,L08,0,0,0,0,333.7577,0,0,0
twoway_DQN_vs_Rule_harsh,DQN_vs_Rule,harsh,0.25,0.4,6,48,eval,7,inbound,DQN,-188.669,0,59,1,128.2699,83,29,,L08,0,0,0,0,315.7436,0,0,0
twoway_DQN_vs_Rule_harsh,DQN_vs_Rule,harsh,0.25,0.4,6,48,eval,8,inbound,DQN,-534.8569,0,59,0,37.2555,87,20,,L02,1,1,12,0,0,13,7,1
twoway_DQN_vs_Rule_harsh,DQN_vs_Rule,harsh,0.25,0.4,6,48,eval,9,inbound,DQN,-137.5978,0,59,0,23.5609,87,27,,L02,0,0,0,0,122.2025,0,0,0
twoway_DQN_vs_Rule_harsh,DQN_vs_Rule,harsh,0.25,0.4,6,48,eval,10,inbound,DQN,-179.5205,0,59,1,136.3737,79,21,,L08,0,0,0,0,312.7261,0,0,0
twoway_DQN_vs_Rule_harsh,DQN_vs_Rule,harsh,0.25,0.4,6,48,eval,11,inbound,DQN,-263.1822,0,59,0,38.4505,81,21,,L02,1,1,2,1,0,14,7,1
twoway_DQN_vs_Rule_harsh,DQN_vs_Rule,harsh,0.25,0.4,6,48,eval,12,inbound,DQN,-144.109,0,59,0,46.5438,84,24,,L02,0,0,0,0,61.7855,0,0,0
twoway_DQN_vs_Rule_harsh,DQN_vs_Rule,harsh,0.25,0.4,6,48,eval,13,inbound,DQN,-146.6501,0,59,0,53.3988,81,19,,L02,0,0,0,0,122.4904,0,0,0
twoway_DQN_vs_Rule_harsh,DQN_vs_Rule,harsh,0.25,0.4,6,48,eval,14,inbound,DQN,-136.0449,0,59,0,21.3607,91,30,,L02,0,0,0,0,93.5163,0,0,0
twoway_DQN_vs_Rule_harsh,DQN_vs_Rule,harsh,0.25,0.4,6,48,eval,15,inbound,DQN,-479.0423,0,59,0,50.949,78,25,,L02,2,1,10,1,3.9235,17,2,1
twoway_DQN_vs_Rule_harsh,DQN_vs_Rule,harsh,0.25,0.4,6,48,eval,16,inbound,DQN,-239.1329,0,59,3,130.9467,73,25,,L08,0,0,0,0,313.3761,0,0,0
twoway_DQN_vs_Rule_harsh,DQN_vs_Rule,harsh,0.25,0.4,6,48,eval,17,inbound,DQN,-149.8253,0,59,0,45.1267,78,22,,L02,0,0,0,1,30.5522,1,1,1
twoway_DQN_vs_Rule_harsh,DQN_vs_Rule,harsh,0.25,0.4,6,48,eval,18,inbound,DQN,-200.8017,0,59,0,234.3646,73,26,,L08,0,0,0,0,345.1896,0,0,0
twoway_DQN_vs_Rule_harsh,DQN_vs_Rule,harsh,0.25,0.4,6,48,eval,19,inbound,DQN,-155.8053,0,59,0,69.6298,82,21,,L02,0,0,0,1,30.8513,3,2,1
twoway_DQN_vs_Rule_harsh,DQN_vs_Rule,harsh,0.25,0.4,6,48,eval,20,inbound,DQN,-204.7169,0,59,1,222.2047,81,25,,L08,0,0,0,0,319.0081,0,0,0
twoway_DQN_vs_Rule_harsh,DQN_vs_Rule,harsh,0.25,0.4,6,48,eval,21,inbound,DQN,-140.282,0,59,0,29.8449,84,31,,L02,0,0,0,0,62.7638,0,0,0
twoway_DQN_vs_Rule_harsh,DQN_vs_Rule,harsh,0.25,0.4,6,48,eval,22,inbound,DQN,-173.5876,0,59,0,180.9871,85,25,,L08,0,0,0,0,313.3761,0,0,0
twoway_DQN_vs_Rule_harsh,DQN_vs_Rule,harsh,0.25,0.4,6,48,eval,23,inbound,DQN,-154.4505,0,59,0,150.1062,75,28,,L08,0,0,0,0,319.0081,0,0,0
twoway_DQN_vs_Rule_harsh,DQN_vs_Rule,harsh,0.25,0.4,6,48,eval,24,inbound,DQN,-192.6832,0,59,1,163.9152,87,25,,L08,0,0,0,0,315.1104,0,0,0
twoway_DQN_vs_Rule_harsh,DQN_vs_Rule,harsh,0.25,0.4,6,48,eval,25,inbound,DQN,-250.6687,0,59,3,182.7216,86,27,,L08,0,0,0,0,315.6445,0,0,0
twoway_DQN_vs_Rule_harsh,DQN_vs_Rule,harsh,0.25,0.4,6,48,eval,26,inbound,DQN,-161.7269,0,59,0,165.5359,89,26,,L08,0,0,0,0,315.7436,0,0,0
twoway_DQN_vs_Rule_harsh,DQN_vs_Rule,harsh,0.25,0.4,6,48,eval,27,inbound,DQN,-395.2888,0,59,0,66.6861,79,23,,L02,1,1,8,1,8.1064,9,5,1
twoway_DQN_vs_Rule_harsh,DQN_vs_Rule,harsh,0.25,0.4,6,48,eval,28,inbound,DQN,-324.7324,0,59,0,39.4257,78,30,,L02,1,1,6,0,0,7,2,1
twoway_DQN_vs_Rule_harsh,DQN_vs_Rule,harsh,0.25,0.4,6,48,eval,29,inbound,DQN,-511.5898,0,59,0,32.13,83,31,,L02,1,1,12,1,11.1131,14,8,1
twoway_DQN_vs_Rule_harsh,DQN_vs_Rule,harsh,0.25,0.4,6,48,eval,30,inbound,DQN,-196.977,0,59,0,12.7015,76,17,,L02,1,1,2,0,0,2,1,1
twoway_DQN_vs_Rule_harsh,DQN_vs_Rule,harsh,0.25,0.4,6,48,eval,1,outbound,RuleBased,-189.0653,0,59,0,275.3518,85,26,,L08,0,0,0,0,315.1104,0,0,0
twoway_DQN_vs_Rule_harsh,DQN_vs_Rule,harsh,0.25,0.4,6,48,eval,2,outbound,RuleBased,0.8989,1,13,0,11.2567,7,6,13.7432,L02,2,1,2,2,0,11,2,1
twoway_DQN_vs_Rule_harsh,DQN_vs_Rule,harsh,0.25,0.4,6,48,eval,3,outbound,RuleBased,84.1894,1,14,0,11.298,12,6,2.3899,L02,0,0,0,2,30.7251,4,2,2
twoway_DQN_vs_Rule_harsh,DQN_vs_Rule,harsh,0.25,0.4,6,48,eval,4,outbound,RuleBased,-189.2795,0,59,0,278.4284,86,29,,L08,0,0,0,0,315.1709,0,0,0
twoway_DQN_vs_Rule_harsh,DQN_vs_Rule,harsh,0.25,0.4,6,48,eval,5,outbound,RuleBased,-189.5387,0,59,0,277.7833,93,24,,L08,0,0,0,0,319.0081,0,0,0
twoway_DQN_vs_Rule_harsh,DQN_vs_Rule,harsh,0.25,0.4,6,48,eval,6,outbound,RuleBased,-189.3039,0,59,0,278.1979,94,31,,L08,0,0,0,0,333.7577,0,0,0
twoway_DQN_vs_Rule_harsh,DQN_vs_Rule,harsh,0.25,0.4,6,48,eval,7,outbound,RuleBased,-188.5128,0,59,0,272.6658,83,18,,L08,0,0,0,0,315.7436,0,0,0
twoway_DQN_vs_Rule_harsh,DQN_vs_Rule,harsh,0.25,0.4,6,48,eval,8,outbound,RuleBased,-260.1166,1,12,0,13.231,9,4,8.4759,L02,1,1,12,0,0,13,7,1
twoway_DQN_vs_Rule_harsh,DQN_vs_Rule,harsh,0.25,0.4,6,48,eval,9,outbound,RuleBased,106.4702,1,12,0,12.8518,9,7,3.8192,L02,0,0,0,0,122.2025,0,0,0
twoway_DQN_vs_Rule_harsh,DQN_vs_Rule,harsh,0.25,0.4,6,48,eval,10,outbound,RuleBased,-190.2697,0,59,0,280.4364,84,23,,L08,0,0,0,0,312.7261,0,0,0
twoway_DQN_vs_Rule_harsh,DQN_vs_Rule,harsh,0.25,0.4,6,48,eval,11,outbound,RuleBased,-0.4029,1,12,0,13.8651,11,5,25.8264,L02,1,1,2,1,0,14,7,1
twoway_DQN_vs_Rule_harsh,DQN_vs_Rule,harsh,0.25,0.4,6,48,eval,12,outbound,RuleBased,102.1474,1,14,0,13.5196,10,6,7.1313,L02,0,0,0,0,61.7855,0,0,0
twoway_DQN_vs_Rule_harsh,DQN_vs_Rule,harsh,0.25,0.4,6,48,eval,13,outbound,RuleBased,95.4811,1,12,0,12.9003,8,4,17.5562,L02,0,0,0,0,122.4904,0,0,0
twoway_DQN_vs_Rule_harsh,DQN_vs_Rule,harsh,0.25,0.4,6,48,eval,14,outbound,RuleBased,99.2363,1,12,0,11.2393,8,6,13.0428,L02,0,0,0,0,93.5163,0,0,0
twoway_DQN_vs_Rule_harsh,DQN_vs_Rule,harsh,0.25,0.4,6,48,eval,15,outbound,RuleBased,-222.6532,1,12,0,12.0526,10,7,7.847,L02,2,1,10,1,3.9235,17,2,1
twoway_DQN_vs_Rule_harsh,DQN_vs_Rule,harsh,0.25,0.4,6,48,eval,16,outbound,RuleBased,-188.6997,0,59,0,273.5001,92,26,,L08,0,0,0,0,313.3761,0,0,0
twoway_DQN_vs_Rule_harsh,DQN_vs_Rule,harsh,0.25,0.4,6,48,eval,17,outbound,RuleBased,98.9943,1,14,0,14.9778,12,5,0.9469,L02,0,0,0,1,30.5522,1,1,1
twoway_DQN_vs_Rule_harsh,DQN_vs_Rule,harsh,0.25,0.4,6,48,eval,18,outbound,RuleBased,-189.9943,0,59,0,280.59,91,21,,L08,0,0,0,0,345.1896,0,0,0
twoway_DQN_vs_Rule_harsh,DQN_vs_Rule,harsh,0.25,0.4,6,48,eval,19,outbound,RuleBased,95.2714,1,12,0,11.4253,6,6,4.4781,L02,0,0,0,1,30.8513,3,2,1
twoway_DQN_vs_Rule_harsh,DQN_vs_Rule,harsh,0.25,0.4,6,48,eval,20,outbound,RuleBased,-189.0982,0,59,0,274.408,91,23,,L08,0,0,0,0,319.0081,0,0,0
twoway_DQN_vs_Rule_harsh,DQN_vs_Rule,harsh,0.25,0.4,6,48,eval,21,outbound,RuleBased,94.1727,1,14,0,11.9041,10,5,17.3469,L02,0,0,0,0,62.7638,0,0,0
twoway_DQN_vs_Rule_harsh,DQN_vs_Rule,harsh,0.25,0.4,6,48,eval,22,outbound,RuleBased,-190.1589,0,59,0,280.4182,86,19,,L08,0,0,0,0,313.3761,0,0,0
twoway_DQN_vs_Rule_harsh,DQN_vs_Rule,harsh,0.25,0.4,6,48,eval,23,outbound,RuleBased,-190.2576,0,59,0,281.0419,100,18,,L08,0,0,0,0,319.0081,0,0,0
twoway_DQN_vs_Rule_harsh,DQN_vs_Rule,harsh,0.25,0.4,6,48,eval,24,outbound,RuleBased,-189.826,0,59,0,279.6995,92,21,,L08,0,0,0,0,315.1104,0,0,0
twoway_DQN_vs_Rule_harsh,DQN_vs_Rule,harsh,0.25,0.4,6,48,eval,25,outbound,RuleBased,-188.9813,0,59,0,273.6508,78,27,,L08,0,0,0,0,315.6445,0,0,0
twoway_DQN_vs_Rule_harsh,DQN_vs_Rule,harsh,0.25,0.4,6,48,eval,26,outbound,RuleBased,-188.039,0,59,0,270.8238,92,26,,L08,0,0,0,0,315.7436,0,0,0
twoway_DQN_vs_Rule_harsh,DQN_vs_Rule,harsh,0.25,0.4,6,48,eval,27,outbound,RuleBased,-164.0344,1,11,0,11.7761,4,6,8.1064,L02,1,1,8,1,8.1064,9,5,1
twoway_DQN_vs_Rule_harsh,DQN_vs_Rule,harsh,0.25,0.4,6,48,eval,28,outbound,RuleBased,-83.9576,1,12,0,13.779,10,7,7.0249,L02,1,1,6,0,0,7,2,1
twoway_DQN_vs_Rule_harsh,DQN_vs_Rule,harsh,0.25,0.4,6,48,eval,29,outbound,RuleBased,-304.5008,1,11,0,13.6686,8,3,11.1131,L02,1,1,12,1,11.1131,14,8,1
twoway_DQN_vs_Rule_harsh,DQN_vs_Rule,harsh,0.25,0.4,6,48,eval,30,outbound,RuleBased,48.6471,1,13,0,11.2836,10,6,0.3584,L02,1,1,2,0,0,2,1,1
twoway_DQN_vs_Rule_harsh,DQN_vs_Rule,harsh,0.25,0.4,7,49,eval,1,inbound,DQN,-155.6137,0,59,1,83.4181,75,21,,L08,0,0,0,0,219.6273,0,0,0
twoway_DQN_vs_Rule_harsh,DQN_vs_Rule,harsh,0.25,0.4,7,49,eval,2,inbound,DQN,-158.8354,0,59,1,27.6298,84,25,,L08,0,0,0,0,279.5025,0,0,0
twoway_DQN_vs_Rule_harsh,DQN_vs_Rule,harsh,0.25,0.4,7,49,eval,3,inbound,DQN,-161.2497,0,59,1,13.4125,76,27,,L08,0,0,0,0,188.1616,0,0,0
twoway_DQN_vs_Rule_harsh,DQN_vs_Rule,harsh,0.25,0.4,7,49,eval,4,inbound,DQN,-210.2318,0,59,3,48.1701,88,28,,L08,0,0,0,0,283.5591,0,0,0
twoway_DQN_vs_Rule_harsh,DQN_vs_Rule,harsh,0.25,0.4,7,49,eval,5,inbound,DQN,-231.236,0,59,3,164.4981,78,25,,L08,0,0,0,0,289.1584,0,0,0
twoway_DQN_vs_Rule_harsh,DQN_vs_Rule,harsh,0.25,0.4,7,49,eval,6,inbound,DQN,-181.4318,0,59,2,56.2473,80,28,,L08,0,0,0,0,265.6712,0,0,0
twoway_DQN_vs_Rule_harsh,DQN_vs_Rule,harsh,0.25,0.4,7,49,eval,7,inbound,DQN,-475.7163,0,59,2,48.5083,53,22,,L08,1,1,9,1,0,12,4,1
twoway_DQN_vs_Rule_harsh,DQN_vs_Rule,harsh,0.25,0.4,7,49,eval,8,inbound,DQN,-152.5803,0,59,1,41.2193,94,27,,L08,0,0,0,0,277.2385,0,0,0
twoway_DQN_vs_Rule_harsh,DQN_vs_Rule,harsh,0.25,0.4,7,49,eval,9,inbound,DQN,-160.1757,0,59,0,171.1953,75,19,,L02,0,0,0,0,154.2467,0,0,0
twoway_DQN_vs_Rule_harsh,DQN_vs_Rule,harsh,0.25,0.4,7,49,eval,10,inbound,DQN,-198.8452,0,59,1,219.7019,80,23,,L08,0,0,0,0,279.646,0,0,0
twoway_DQN_vs_Rule_harsh,DQN_vs_Rule,harsh,0.25,0.4,7,49,eval,11,inbound,DQN,-179.0578,0,59,2,14.6497,65,22,,L08,0,0,0,0,93.9549,0,0,0
twoway_DQN_vs_Rule_harsh,DQN_vs_Rule,harsh,0.25,0.4,7,49,eval,12,inbound,DQN,-141.9726,0,59,0,110.736,84,19,,L02,0,0,0,0,61.8151,0,0,0
twoway_DQN_vs_Rule_harsh,DQN_vs_Rule,harsh,0.25,0.4,7,49,eval,13,inbound,DQN,-242.0413,0,59,0,114.1419,92,20,,L02,1,1,2,1,6.7508,8,7,3
twoway_DQN_vs_Rule_harsh,DQN_vs_Rule,harsh,0.25,0.4,7,49,eval,14,inbound,DQN,-241.4672,0,59,0,172.5015,83,24,,L02,1,1,3,0,0,4,1,1
twoway_DQN_vs_Rule_harsh,DQN_vs_Rule,harsh,0.25,0.4,7,49,eval,15,inbound,DQN,-231.8356,0,59,4,13.0273,61,28,,L08,0,0,0,0,251.5072,0,0,0
twoway_DQN_vs_Rule_harsh,DQN_vs_Rule,harsh,0.25,0.4,7,49,eval,16,inbound,DQN,-233.0888,0,59,0,12.5167,79,23,,L02,1,1,3,1,0,5,1,1
twoway_DQN_vs_Rule_harsh,DQN_vs_Rule,harsh,0.25,0.4,7,49,eval,17,inbound,DQN,-146.5761,0,59,0,111.914,76,22,,L02,0,0,0,0,91.6965,0,0,0
twoway_DQN_vs_Rule_harsh,DQN_vs_Rule,harsh,0.25,0.4,7,49,eval,18,inbound,DQN,-130.0218,0,59,0,79.5598,82,25,,L08,0,0,0,0,263.949,0,0,0
twoway_DQN_vs_Rule_harsh,DQN_vs_Rule,harsh,0.25,0.4,7,49,eval,19,inbound,DQN,-146.2183,0,59,0,80.267,80,27,,L02,0,0,0,0,122.8547,0,0,0
twoway_DQN_vs_Rule_harsh,DQN_vs_Rule,harsh,0.25,0.4,7,49,eval,20,inbound,DQN,-151.9509,0,59,0,139.5786,82,17,,L02,0,0,0,0,67.3151,0,0,0
twoway_DQN_vs_Rule_harsh,DQN_vs_Rule,harsh,0.25,0.4,7,49,eval,21,inbound,DQN,-133.1959,0,59,0,20.1764,82,28,,L08,0,0,0,0,267.3343,0,0,0
twoway_DQN_vs_Rule_harsh,DQN_vs_Rule,harsh,0.25,0.4,7,49,eval,22,inbound,DQN,-185.1769,0,59,1,169.8889,80,18,,L08,0,0,0,0,279.646,0,0,0
twoway_DQN_vs_Rule_harsh,DQN_vs_Rule,harsh,0.25,0.4,7,49,eval,23,inbound,DQN,-137.824,0,59,0,13.5678,81,22,,L08,0,0,0,0,263.9967,0,0,0
twoway_DQN_vs_Rule_harsh,DQN_vs_Rule,harsh,0.25,0.4,7,49,eval,24,inbound,DQN,-134.6078,0,59,0,13.135,86,27,,L08,0,0,0,0,265.6712,0,0,0
twoway_DQN_vs_Rule_harsh,DQN_vs_Rule,harsh,0.25,0.4,7,49,eval,25,inbound,DQN,-219.7583,0,59,1,223.1896,76,18,,L08,0,0,0,0,260,0,0,0
twoway_DQN_vs_Rule_harsh,DQN_vs_Rule,harsh,0.25,0.4,7,49,eval,26,inbound,DQN,-149.2722,0,59,0,60.6631,79,22,,L02,0,0,0,0,64.1884,0,0,0
twoway_DQN_vs_Rule_harsh,DQN_vs_Rule,harsh,0.25,0.4,7,49,eval,27,inbound,DQN,-135.441,0,59,0,25.5758,86,18,,L08,0,0,0,0,267.338,0,0,0
twoway_DQN_vs_Rule_harsh,DQN_vs_Rule,harsh,0.25,0.4,7,49,eval,28,inbound,DQN,-212.2917,0,59,0,234.2389,80,26,,L02,1,1,1,0,0,2,2,1
twoway_DQN_vs_Rule_harsh,DQN_vs_Rule,harsh,0.25,0.4,7,49,eval,29,inbound,DQN,-224.9331,0,59,3,165.2738,83,22,,L08,0,0,0,0,283.5591,0,0,0
twoway_DQN_vs_Rule_harsh,DQN_vs_Rule,harsh,0.25,0.4,7,49,eval,30,inbound,DQN,-149.792,0,59,0,147.5062,82,23,,L02,0,0,0,0,152.399,0,0,0
twoway_DQN_vs_Rule_harsh,DQN_vs_Rule,harsh,0.25,0.4,7,49,eval,1,outbound,RuleBased,-171.2704,0,59,0,253.5722,59,31,,L08,0,0,0,0,219.6273,0,0,0
twoway_DQN_vs_Rule_harsh,DQN_vs_Rule,harsh,0.25,0.4,7,49,eval,2,outbound,RuleBased,-174.3577,0,59,0,266.1382,70,21,,L08,0,0,0,0,279.5025,0,0,0
twoway_DQN_vs_Rule_harsh,DQN_vs_Rule,harsh,0.25,0.4,7,49,eval,3,outbound,RuleBased,-173.9466,0,59,0,266.5127,63,24,,L08,0,0,0,0,188.1616,0,0,0
twoway_DQN_vs_Rule_harsh,DQN_vs_Rule,harsh,0.25,0.4,7,49,eval,4,outbound,RuleBased,-170.3132,0,59,0,252.9025,65,24,,L08,0,0,0,0,283.5591,0,0,0
twoway_DQN_vs_Rule_harsh,DQN_vs_Rule,harsh,0.25,0.4,7,49,eval,5,outbound,RuleBased,-197.7083,0,59,1,259.5422,65,22,,L08,0,0,0,0,289.1584,0,0,0
twoway_DQN_vs_Rule_harsh,DQN_vs_Rule,harsh,0.25,0.4,7,49,eval,6,outbound,RuleBased,-170.877,0,59,0,253.9008,69,26,,L08,0,0,0,0,265.6712,0,0,0
twoway_DQN_vs_Rule_harsh,DQN_vs_Rule,harsh,0.25,0.4,7,49,eval,7,outbound,RuleBased,-465.2895,0,59,0,267.4626,67,31,,L08,1,1,9,1,0,12,4,1
twoway_DQN_vs_Rule_harsh,DQN_vs_Rule,harsh,0.25,0.4,7,49,eval,8,outbound,RuleBased,-172.5858,0,59,0,260.0943,62,26,,L08,0,0,0,0,277.2385,0,0,0
twoway_DQN_vs_Rule_harsh,DQN_vs_Rule,harsh,0.25,0.4,7,49,eval,9,outbound,RuleBased,97.9014,1,13,0,14.5101,10,8,13.3412,L02,0,0,0,0,154.2467,0,0,0
twoway_DQN_vs_Rule_harsh,DQN_vs_Rule,harsh,0.25,0.4,7,49,eval,10,outbound,RuleBased,-172.3817,0,59,0,259.9903,58,28,,L08,0,0,0,0,279.646,0,0,0
twoway_DQN_vs_Rule_harsh,DQN_vs_Rule,harsh,0.25,0.4,7,49,eval,11,outbound,RuleBased,-172.6405,0,59,0,261.0001,66,22,,L08,0,0,0,0,93.9549,0,0,0
twoway_DQN_vs_Rule_harsh,DQN_vs_Rule,harsh,0.25,0.4,7,49,eval,12,outbound,RuleBased,94.5976,1,12,0,16.1942,10,5,18.505,L02,0,0,0,0,61.8151,0,0,0
twoway_DQN_vs_Rule_harsh,DQN_vs_Rule,harsh,0.25,0.4,7,49,eval,13,outbound,RuleBased,-10.3308,1,14,0,12.6912,10,7,6.7508,L02,1,1,2,1,6.7508,8,7,3
twoway_DQN_vs_Rule_harsh,DQN_vs_Rule,harsh,0.25,0.4,7,49,eval,14,outbound,RuleBased,7.8976,1,14,0,12.5478,7,3,8.8564,L02,1,1,3,0,0,4,1,1
twoway_DQN_vs_Rule_harsh,DQN_vs_Rule,harsh,0.25,0.4,7,49,eval,15,outbound,RuleBased,-170.6003,0,59,0,253.2175,60,26,,L08,0,0,0,0,251.5072,0,0,0
twoway_DQN_vs_Rule_harsh,DQN_vs_Rule,harsh,0.25,0.4,7,49,eval,16,outbound,RuleBased,8.7428,1,13,0,12.9446,10,4,5.0101,L02,1,1,3,1,0,5,1,1
twoway_DQN_vs_Rule_harsh,DQN_vs_Rule,harsh,0.25,0.4,7,49,eval,17,outbound,RuleBased,97.668,1,14,0,14.0149,12,4,12.8956,L02,0,0,0,0,91.6965,0,0,0
twoway_DQN_vs_Rule_harsh,DQN_vs_Rule,harsh,0.25,0.4,7,49,eval,18,outbound,RuleBased,-173.7132,0,59,0,266.0954,62,20,,L08,0,0,0,0,263.949,0,0,0
twoway_DQN_vs_Rule_harsh,DQN_vs_Rule,harsh,0.25,0.4,7,49,eval,19,outbound,RuleBased,108.8154,1,11,0,15.4986,8,5,1.6292,L02,0,0,0,0,122.8547,0,0,0
twoway_DQN_vs_Rule_harsh,DQN_vs_Rule,harsh,0.25,0.4,7,49,eval,20,outbound,RuleBased,88.5897,1,13,0,13.9488,10,3,25.6311,L02,0,0,0,0,67.3151,0,0,0
twoway_DQN_vs_Rule_harsh,DQN_vs_Rule,harsh,0.25,0.4,7,49,eval,21,outbound,RuleBased,-174.83,0,59,0,267.5238,63,16,,L08,0,0,0,0,267.3343,0,0,0
twoway_DQN_vs_Rule_harsh,DQN_vs_Rule,harsh,0.25,0.4,7,49,eval,22,outbound,RuleBased,-172.6879,0,59,0,260.4771,72,23,,L08,0,0,0,0,279.646,0,0,0
twoway_DQN_vs_Rule_harsh,DQN_vs_Rule,harsh,0.25,0.4,7,49,eval,23,outbound,RuleBased,-174.2926,0,59,0,266.5875,63,25,,L08,0,0,0,0,263.9967,0,0,0
twoway_DQN_vs_Rule_harsh,DQN_vs_Rule,harsh,0.25,0.4,7,49,eval,24,outbound,RuleBased,-172.4201,0,59,0,259.7561,63,26,,L08,0,0,0,0,265.6712,0,0,0
twoway_DQN_vs_Rule_harsh,DQN_vs_Rule,harsh,0.25,0.4,7,49,eval,25,outbound,RuleBased,-171.9584,0,59,0,258.9991,59,23,,L08,0,0,0,0,260,0,0,0
twoway_DQN_vs_Rule_harsh,DQN_vs_Rule,harsh,0.25,0.4,7,49,eval,26,outbound,RuleBased,95.2943,1,13,0,12.5658,11,5,17.0039,L02,0,0,0,0,64.1884,0,0,0
twoway_DQN_vs_Rule_harsh,DQN_vs_Rule,harsh,0.25,0.4,7,49,eval,27,outbound,RuleBased,-172.5309,0,59,0,260.3292,63,21,,L08,0,0,0,0,267.338,0,0,0
twoway_DQN_vs_Rule_harsh,DQN_vs_Rule,harsh,0.25,0.4,7,49,eval,28,outbound,RuleBased,63.1807,1,13,0,12.3508,10,5,9.571,L02,1,1,1,0,0,2,2,1
twoway_DQN_vs_Rule_harsh,DQN_vs_Rule,harsh,0.25,0.4,7,49,eval,29,outbound,RuleBased,-171.7749,0,59,0,258.0991,64,23,,L08,0,0,0,0,283.5591,0,0,0
twoway_DQN_vs_Rule_harsh,DQN_vs_Rule,harsh,0.25,0.4,7,49,eval,30,outbound,RuleBased,95.8854,1,12,0,11.3341,8,5,17.3637,L02,0,0,0,0,152.399,0,0,0
twoway_DQN_vs_DQN_clean,DQN_vs_DQN,clean,0,0,0,42,eval,1,inbound,DQN,-130.06,0,59,0,0,0,0,,L08,0,0,0,0,113.719,0,0,0
twoway_DQN_vs_DQN_clean,DQN_vs_DQN,clean,0,0,0,42,eval,2,inbound,DQN,-130.06,0,59,0,0,0,0,,L08,0,0,0,0,113.719,0,0,0
twoway_DQN_vs_DQN_clean,DQN_vs_DQN,clean,0,0,0,42,eval,3,inbound,DQN,-121.677,0,59,0,0,0,0,,L02,0,0,0,0,141.8732,0,0,0
twoway_DQN_vs_DQN_clean,DQN_vs_DQN,clean,0,0,0,42,eval,4,inbound,DQN,-122.462,0,59,0,0,0,0,,L02,0,0,0,0,136.4844,0,0,0
twoway_DQN_vs_DQN_clean,DQN_vs_DQN,clean,0,0,0,42,eval,5,inbound,DQN,-121.607,0,59,0,0,0,0,,L02,0,0,0,0,141.8732,0,0,0
twoway_DQN_vs_DQN_clean,DQN_vs_DQN,clean,0,0,0,42,eval,6,inbound,DQN,-130.06,0,59,0,0,0,0,,L08,0,0,0,0,113.719,0,0,0
twoway_DQN_vs_DQN_clean,DQN_vs_DQN,clean,0,0,0,42,eval,7,inbound,DQN,-131.211,0,59,0,0,0,0,,L08,0,0,0,0,125.2517,0,0,0
twoway_DQN_vs_DQN_clean,DQN_vs_DQN,clean,0,0,0,42,eval,8,inbound,DQN,-132.39,0,59,0,0,0,0,,L08,0,0,0,0,113.719,0,0,0
twoway_DQN_vs_DQN_clean,DQN_vs_DQN,clean,0,0,0,42,eval,9,inbound,DQN,-123.579,0,59,0,0,0,0,,L02,0,0,0,0,141.8732,0,0,0
twoway_DQN_vs_DQN_clean,DQN_vs_DQN,clean,0,0,0,42,eval,10,inbound,DQN,-132.39,0,59,0,0,0,0,,L08,0,0,0,0,113.719,0,0,0
twoway_DQN_vs_DQN_clean,DQN_vs_DQN,clean,0,0,0,42,eval,11,inbound,DQN,-185.1657,0,59,0,242.7506,0,0,,L02,0,0,0,0,483.9396,0,0,0
twoway_DQN_vs_DQN_clean,DQN_vs_DQN,clean,0,0,0,42,eval,12,inbound,DQN,-132.39,0,59,0,0,0,0,,L08,0,0,0,0,113.719,0,0,0
twoway_DQN_vs_DQN_clean,DQN_vs_DQN,clean,0,0,0,42,eval,13,inbound,DQN,-131.211,0,59,0,0,0,0,,L08,0,0,0,0,125.2517,0,0,0
twoway_DQN_vs_DQN_clean,DQN_vs_DQN,clean,0,0,0,42,eval,14,inbound,DQN,-122.462,0,59,0,0,0,0,,L02,0,0,0,0,136.4844,0,0,0
twoway_DQN_vs_DQN_clean,DQN_vs_DQN,clean,0,0,0,42,eval,15,inbound,DQN,-121.607,0,59,0,0,0,0,,L02,0,0,0,0,141.8732,0,0,0
twoway_DQN_vs_DQN_clean,DQN_vs_DQN,clean,0,0,0,42,eval,16,inbound,DQN,-130.06,0,59,0,0,0,0,,L08,0,0,0,0,113.719,0,0,0
twoway_DQN_vs_DQN_clean,DQN_vs_DQN,clean,0,0,0,42,eval,17,inbound,DQN,-185.1657,0,59,0,242.7506,0,0,,L02,0,0,0,0,483.9396,0,0,0
twoway_DQN_vs_DQN_clean,DQN_vs_DQN,clean,0,0,0,42,eval,18,inbound,DQN,-130.06,0,59,0,0,0,0,,L08,0,0,0,0,113.719,0,0,0
twoway_DQN_vs_DQN_clean,DQN_vs_DQN,clean,0,0,0,42,eval,19,inbound,DQN,-130.06,0,59,0,0,0,0,,L08,0,0,0,0,113.719,0,0,0
twoway_DQN_vs_DQN_clean,DQN_vs_DQN,clean,0,0,0,42,eval,20,inbound,DQN,-121.677,0,59,0,0,0,0,,L02,0,0,0,0,141.8732,0,0,0
twoway_DQN_vs_DQN_clean,DQN_vs_DQN,clean,0,0,0,42,eval,21,inbound,DQN,-130.06,0,59,0,0,0,0,,L08,0,0,0,0,113.719,0,0,0
twoway_DQN_vs_DQN_clean,DQN_vs_DQN,clean,0,0,0,42,eval,22,inbound,DQN,-132.39,0,59,0,0,0,0,,L08,0,0,0,0,113.719,0,0,0
twoway_DQN_vs_DQN_clean,DQN_vs_DQN,clean,0,0,0,42,eval,23,inbound,DQN,-122.392,0,59,0,0,0,0,,L02,0,0,0,0,136.4844,0,0,0
twoway_DQN_vs_DQN_clean,DQN_vs_DQN,clean,0,0,0,42,eval,24,inbound,DQN,-132.39,0,59,0,0,0,0,,L08,0,0,0,0,113.719,0,0,0
twoway_DQN_vs_DQN_clean,DQN_vs_DQN,clean,0,0,0,42,eval,25,inbound,DQN,-185.1657,0,59,0,242.7506,0,0,,L02,0,0,0,0,483.9396,0,0,0
twoway_DQN_vs_DQN_clean,DQN_vs_DQN,clean,0,0,0,42,eval,26,inbound,DQN,-131.211,0,59,0,0,0,0,,L08,0,0,0,0,125.2517,0,0,0
twoway_DQN_vs_DQN_clean,DQN_vs_DQN,clean,0,0,0,42,eval,27,inbound,DQN,-130.06,0,59,0,0,0,0,,L08,0,0,0,0,113.719,0,0,0
twoway_DQN_vs_DQN_clean,DQN_vs_DQN,clean,0,0,0,42,eval,28,inbound,DQN,-123.509,0,59,0,0,0,0,,L02,0,0,0,0,141.8732,0,0,0
twoway_DQN_vs_DQN_clean,DQN_vs_DQN,clean,0,0,0,42,eval,29,inbound,DQN,-132.39,0,59,0,0,0,0,,L08,0,0,0,0,113.719,0,0,0
twoway_DQN_vs_DQN_clean,DQN_vs_DQN,clean,0,0,0,42,eval,30,inbound,DQN,-132.39,0,59,0,0,0,0,,L08,0,0,0,0,113.719,0,0,0
twoway_DQN_vs_DQN_clean,DQN_vs_DQN,clean,0,0,0,42,eval,1,outbound,DQN,-115.137,0,59,0,0,0,0,,L08,0,0,0,0,113.719,0,0,0
twoway_DQN_vs_DQN_clean,DQN_vs_DQN,clean,0,0,0,42,eval,2,outbound,DQN,-115.137,0,59,0,0,0,0,,L08,0,0,0,0,113.719,0,0,0
twoway_DQN_vs_DQN_clean,DQN_vs_DQN,clean,0,0,0,42,eval,3,outbound,DQN,-113.841,0,59,0,0,0,0,,L02,0,0,0,0,141.8732,0,0,0
twoway_DQN_vs_DQN_clean,DQN_vs_DQN,clean,0,0,0,42,eval,4,outbound,DQN,-114.514,0,59,0,0,0,0,,L02,0,0,0,0,136.4844,0,0,0
twoway_DQN_vs_DQN_clean,DQN_vs_DQN,clean,0,0,0,42,eval,5,outbound,DQN,-113.763,0,59,0,0,0,0,,L02,0,0,0,0,141.8732,0,0,0
twoway_DQN_vs_DQN_clean,DQN_vs_DQN,clean,0,0,0,42,eval,6,outbound,DQN,-115.137,0,59,0,0,0,0,,L08,0,0,0,0,113.719,0,0,0
twoway_DQN_vs_DQN_clean,DQN_vs_DQN,clean,0,0,0,42,eval,7,outbound,DQN,-115.633,0,59,0,0,0,0,,L08,0,0,0,0,125.2517,0,0,0
twoway_DQN_vs_DQN_clean,DQN_vs_DQN,clean,0,0,0,42,eval,8,outbound,DQN,-115.172,0,59,0,0,0,0,,L08,0,0,0,0,113.719,0,0,0
twoway_DQN_vs_DQN_clean,DQN_vs_DQN,clean,0,0,0,42,eval,9,outbound,DQN,-113.841,0,59,0,0,0,0,,L02,0,0,0,0,141.8732,0,0,0
twoway_DQN_vs_DQN_clean,DQN_vs_DQN,clean,0,0,0,42,eval,10,outbound,DQN,-115.172,0,59,0,0,0,0,,L08,0,0,0,0,113.719,0,0,0
twoway_DQN_vs_DQN_clean,DQN_vs_DQN,clean,0,0,0,42,eval,11,outbound,DQN,-113.352,0,59,0,0,0,0,,L02,0,0,0,0,483.9396,0,0,0
twoway_DQN_vs_DQN_clean,DQN_vs_DQN,clean,0,0,0,42,eval,12,outbound,DQN,-115.172,0,59,0,0,0,0,,L08,0,0,0,0,113.719,0,0,0
twoway_DQN_vs_DQN_clean,DQN_vs_DQN,clean,0,0,0,42,eval,13,outbound,DQN,-115.633,0,59,0,0,0,0,,L08,0,0,0,0,125.2517,0,0,0
twoway_DQN_vs_DQN_clean,DQN_vs_DQN,clean,0,0,0,42,eval,14,outbound,DQN,-114.966,0,59,0,0,0,0,,L02,0,0,0,0,136.4844,0,0,0
twoway_DQN_vs_DQN_clean,DQN_vs_DQN,clean,0,0,0,42,eval,15,outbound,DQN,-113.763,0,59,0,0,0,0,,L02,0,0,0,0,141.8732,0,0,0
twoway_DQN_vs_DQN_clean,DQN_vs_DQN,clean,0,0,0,42,eval,16,outbound,DQN,-115.137,0,59,0,0,0,0,,L08,0,0,0,0,113.719,0,0,0
twoway_DQN_vs_DQN_clean,DQN_vs_DQN,clean,0,0,0,42,eval,17,outbound,DQN,-112.9,0,59,0,0,0,0,,L02,0,0,0,0,483.9396,0,0,0
twoway_DQN_vs_DQN_clean,DQN_vs_DQN,clean,0,0,0,42,eval,18,outbound,DQN,-115.137,0,59,0,0,0,0,,L08,0,0,0,0,113.719,0,0,0
twoway_DQN_vs_DQN_clean,DQN_vs_DQN,clean,0,0,0,42,eval,19,outbound,DQN,-115.137,0,59,0,0,0,0,,L08,0,0,0,0,113.719,0,0,0
twoway_DQN_vs_DQN_clean,DQN_vs_DQN,clean,0,0,0,42,eval,20,outbound,DQN,-113.841,0,59,0,0,0,0,,L02,0,0,0,0,141.8732,0,0,0
twoway_DQN_vs_DQN_clean,DQN_vs_DQN,clean,0,0,0,42,eval,21,outbound,DQN,-115.137,0,59,0,0,0,0,,L08,0,0,0,0,113.719,0,0,0
twoway_DQN_vs_DQN_clean,DQN_vs_DQN,clean,0,0,0,42,eval,22,outbound,DQN,-115.172,0,59,0,0,0,0,,L08,0,0,0,0,113.719,0,0,0
twoway_DQN_vs_DQN_clean,DQN_vs_DQN,clean,0,0,0,42,eval,23,outbound,DQN,-114.086,0,59,0,0,0,0,,L02,0,0,0,0,136.4844,0,0,0
twoway_DQN_vs_DQN_clean,DQN_vs_DQN,clean,0,0,0,42,eval,24,outbound,DQN,-115.172,0,59,0,0,0,0,,L08,0,0,0,0,113.719,0,0,0
twoway_DQN_vs_DQN_clean,DQN_vs_DQN,clean,0,0,0,42,eval,25,outbound,DQN,-113.126,0,59,0,0,0,0,,L02,0,0,0,0,483.9396,0,0,0
twoway_DQN_vs_DQN_clean,DQN_vs_DQN,clean,0,0,0,42,eval,26,outbound,DQN,-115.633,0,59,0,0,0,0,,L08,0,0,0,0,125.2517,0,0,0
twoway_DQN_vs_DQN_clean,DQN_vs_DQN,clean,0,0,0,42,eval,27,outbound,DQN,-115.137,0,59,0,0,0,0,,L08,0,0,0,0,113.719,0,0,0
twoway_DQN_vs_DQN_clean,DQN_vs_DQN,clean,0,0,0,42,eval,28,outbound,DQN,-113.763,0,59,0,0,0,0,,L02,0,0,0,0,141.8732,0,0,0
twoway_DQN_vs_DQN_clean,DQN_vs_DQN,clean,0,0,0,42,eval,29,outbound,DQN,-115.172,0,59,0,0,0,0,,L08,0,0,0,0,113.719,0,0,0
twoway_DQN_vs_DQN_clean,DQN_vs_DQN,clean,0,0,0,42,eval,30,outbound,DQN,-115.172,0,59,0,0,0,0,,L08,0,0,0,0,113.719,0,0,0
twoway_DQN_vs_DQN_clean,DQN_vs_DQN,clean,0,0,1,43,eval,1,inbound,DQN,-186.9733,0,59,0,259.8002,0,0,,L02,0,0,0,0,454.7663,0,0,0
twoway_DQN_vs_DQN_clean,DQN_vs_DQN,clean,0,0,1,43,eval,2,inbound,DQN,-190.7744,0,59,0,285.6531,0,0,,L02,0,0,0,0,425.4585,0,0,0
twoway_DQN_vs_DQN_clean,DQN_vs_DQN,clean,0,0,1,43,eval,3,inbound,DQN,-129.0753,0,59,0,14.0419,0,0,,L08,0,0,0,0,193.5385,0,0,0
twoway_DQN_vs_DQN_clean,DQN_vs_DQN,clean,0,0,1,43,eval,4,inbound,DQN,-136.134,0,59,0,25.8652,0,0,,L08,0,0,0,0,180.0692,0,0,0
twoway_DQN_vs_DQN_clean,DQN_vs_DQN,clean,0,0,1,43,eval,5,inbound,DQN,-136.134,0,59,0,25.8652,0,0,,L08,0,0,0,0,180.0692,0,0,0
twoway_DQN_vs_DQN_clean,DQN_vs_DQN,clean,0,0,1,43,eval,6,inbound,DQN,-186.9733,0,59,0,259.8002,0,0,,L02,0,0,0,0,454.7663,0,0,0
twoway_DQN_vs_DQN_clean,DQN_vs_DQN,clean,0,0,1,43,eval,7,inbound,DQN,-129.0753,0,59,0,14.0419,0,0,,L08,0,0,0,0,193.5385,0,0,0
twoway_DQN_vs_DQN_clean,DQN_vs_DQN,clean,0,0,1,43,eval,8,inbound,DQN,-130.97,0,59,0,0,0,0,,L08,0,0,0,0,379.6516,0,0,0
twoway_DQN_vs_DQN_clean,DQN_vs_DQN,clean,0,0,1,43,eval,9,inbound,DQN,-190.7744,0,59,0,285.6531,0,0,,L02,0,0,0,0,425.4585,0,0,0
twoway_DQN_vs_DQN_clean,DQN_vs_DQN,clean,0,0,1,43,eval,10,inbound,DQN,-136.0168,0,59,0,24.7412,0,0,,L08,0,0,0,0,180.0692,0,0,0
twoway_DQN_vs_DQN_clean,DQN_vs_DQN,clean,0,0,1,43,eval,11,inbound,DQN,-136.0168,0,59,0,24.7412,0,0,,L08,0,0,0,0,180.0692,0,0,0
twoway_DQN_vs_DQN_clean,DQN_vs_DQN,clean,0,0,1,43,eval,12,inbound,DQN,-190.7156,0,59,0,284.6321,0,0,,L02,0,0,0,0,425.4585,0,0,0
twoway_DQN_vs_DQN_clean,DQN_vs_DQN,clean,0,0,1,43,eval,13,inbound,DQN,-136.0168,0,59,0,24.7412,0,0,,L08,0,0,0,0,180.0692,0,0,0
twoway_DQN_vs_DQN_clean,DQN_vs_DQN,clean,0,0,1,43,eval,14,inbound,DQN,-136.134,0,59,0,25.8652,0,0,,L08,0,0,0,0,180.0692,0,0,0
twoway_DQN_vs_DQN_clean,DQN_vs_DQN,clean,0,0,1,43,eval,15,inbound,DQN,-136.134,0,59,0,25.8652,0,0,,L08,0,0,0,0,180.0692,0,0,0
twoway_DQN_vs_DQN_clean,DQN_vs_DQN,clean,0,0,1,43,eval,16,inbound,DQN,-186.9733,0,59,0,259.8002,0,0,,L02,0,0,0,0,454.7663,0,0,0
twoway_DQN_vs_DQN_clean,DQN_vs_DQN,clean,0,0,1,43,eval,17,inbound,DQN,-178.7874,0,59,0,208.6998,0,0,,L02,0,0,0,0,512.9955,0,0,0
twoway_DQN_vs_DQN_clean,DQN_vs_DQN,clean,0,0,1,43,eval,18,inbound,DQN,-131.1912,0,59,0,13.4803,0,0,,L08,0,0,0,0,257.5655,0,0,0
twoway_DQN_vs_DQN_clean,DQN_vs_DQN,clean,0,0,1,43,eval,19,inbound,DQN,-129.0753,0,59,0,14.0419,0,0,,L08,0,0,0,0,193.5385,0,0,0
twoway_DQN_vs_DQN_clean,DQN_vs_DQN,clean,0,0,1,43,eval,20,inbound,DQN,-183.0805,0,59,0,234.5542,0,0,,L02,0,0,0,0,483.9396,0,0,0
twoway_DQN_vs_DQN_clean,DQN_vs_DQN,clean,0,0,1,43,eval,21,inbound,DQN,-136.134,0,59,0,25.8652,0,0,,L08,0,0,0,0,180.0692,0,0,0
twoway_DQN_vs_DQN_clean,DQN_vs_DQN,clean,0,0,1,43,eval,22,inbound,DQN,-186.9733,0,59,0,259.8002,0,0,,L02,0,0,0,0,454.7663,0,0,0
twoway_DQN_vs_DQN_clean,DQN_vs_DQN,clean,0,0,1,43,eval,23,inbound,DQN,-183.1396,0,59,0,235.5774,0,0,,L02,0,0,0,0,483.9396,0,0,0
twoway_DQN_vs_DQN_clean,DQN_vs_DQN,clean,0,0,1,43,eval,24,inbound,DQN,-129.0753,0,59,0,14.0419,0,0,,L08,0,0,0,0,193.5385,0,0,0
twoway_DQN_vs_DQN_clean,DQN_vs_DQN,clean,0,0,1,43,eval,25,inbound,DQN,-136.134,0,59,0,25.8652,0,0,,L08,0,0,0,0,180.0692,0,0,0
twoway_DQN_vs_DQN_clean,DQN_vs_DQN,clean,0,0,1,43,eval,26,inbound,DQN,-136.134,0,59,0,25.8652,0,0,,L08,0,0,0,0,180.0692,0,0,0
twoway_DQN_vs_DQN_clean,DQN_vs_DQN,clean,0,0,1,43,eval,27,inbound,DQN,-131.1912,0,59,0,13.4803,0,0,,L08,0,0,0,0,257.5655,0,0,0
twoway_DQN_vs_DQN_clean,DQN_vs_DQN,clean,0,0,1,43,eval,28,inbound,DQN,-190.7744,0,59,0,285.6531,0,0,,L02,0,0,0,0,425.4585,0,0,0
twoway_DQN_vs_DQN_clean,DQN_vs_DQN,clean,0,0,1,43,eval,29,inbound,DQN,-190.7156,0,59,0,284.6321,0,0,,L02,0,0,0,0,425.4585,0,0,0
twoway_DQN_vs_DQN_clean,DQN_vs_DQN,clean,0,0,1,43,eval,30,inbound,DQN,-186.9733,0,59,0,259.8002,0,0,,L02,0,0,0,0,454.7663,0,0,0
twoway_DQN_vs_DQN_clean,DQN_vs_DQN,clean,0,0,1,43,eval,1,outbound,DQN,-115.024,0,59,0,0,0,0,,L02,0,0,0,0,454.7663,0,0,0
twoway_DQN_vs_DQN_clean,DQN_vs_DQN,clean,0,0,1,43,eval,2,outbound,DQN,-115.009,0,59,0,0,0,0,,L02,0,0,0,0,425.4585,0,0,0
twoway_DQN_vs_DQN_clean,DQN_vs_DQN,clean,0,0,1,43,eval,3,outbound,DQN,-115.026,0,59,0,0,0,0,,L08,0,0,0,0,193.5385,0,0,0
twoway_DQN_vs_DQN_clean,DQN_vs_DQN,clean,0,0,1,43,eval,4,outbound,DQN,-115.13,0,59,0,0,0,0,,L08,0,0,0,0,180.0692,0,0,0
twoway_DQN_vs_DQN_clean,DQN_vs_DQN,clean,0,0,1,43,eval,5,outbound,DQN,-115.13,0,59,0,0,0,0,,L08,0,0,0,0,180.0692,0,0,0
twoway_DQN_vs_DQN_clean,DQN_vs_DQN,clean,0,0,1,43,eval,6,outbound,DQN,-114.925,0,59,0,0,0,0,,L02,0,0,0,0,454.7663,0,0,0
twoway_DQN_vs_DQN_clean,DQN_vs_DQN,clean,0,0,1,43,eval,7,outbound,DQN,-115.026,0,59,0,0,0,0,,L08,0,0,0,0,193.5385,0,0,0
twoway_DQN_vs_DQN_clean,DQN_vs_DQN,clean,0,0,1,43,eval,8,outbound,DQN,-115.068,0,59,0,0,0,0,,L08,0,0,0,0,379.6516,0,0,0
twoway_DQN_vs_DQN_clean,DQN_vs_DQN,clean,0,0,1,43,eval,9,outbound,DQN,-115.009,0,59,0,0,0,0,,L02,0,0,0,0,425.4585,0,0,0
twoway_DQN_vs_DQN_clean,DQN_vs_DQN,clean,0,0,1,43,eval,10,outbound,DQN,-115.058,0,59,0,0,0,0,,L08,0,0,0,0,180.0692,0,0,0
twoway_DQN_vs_DQN_clean,DQN_vs_DQN,clean,0,0,1,43,eval,11,outbound,DQN,-115.058,0,59,0,0,0,0,,L08,0,0,0,0,180.0692,0,0,0
twoway_DQN_vs_DQN_clean,DQN_vs_DQN,clean,0,0,1,43,eval,12,outbound,DQN,-114.98,0,59,0,0,0,0,,L02,0,0,0,0,425.4585,0,0,0
twoway_DQN_vs_DQN_clean,DQN_vs_DQN,clean,0,0,1,43,eval,13,outbound,DQN,-115.058,0,59,0,0,0,0,,L08,0,0,0,0,180.0692,0,0,0
twoway_DQN_vs_DQN_clean,DQN_vs_DQN,clean,0,0,1,43,eval,14,outbound,DQN,-115.091,0,59,0,0,0,0,,L08,0,0,0,0,180.0692,0,0,0
twoway_DQN_vs_DQN_clean,DQN_vs_DQN,clean,0,0,1,43,eval,15,outbound,DQN,-115.13,0,59,0,0,0,0,,L08,0,0,0,0,180.0692,0,0,0
twoway_DQN_vs_DQN_clean,DQN_vs_DQN,clean,0,0,1,43,eval,16,outbound,DQN,-115.055,0,59,0,0,0,0,,L02,0,0,0,0,454.7663,0,0,0
twoway_DQN_vs_DQN_clean,DQN_vs_DQN,clean,0,0,1,43,eval,17,outbound,DQN,-115.047,0,59,0,0,0,0,,L02,0,0,0,0,512.9955,0,0,0
twoway_DQN_vs_DQN_clean,DQN_vs_DQN,clean,0,0,1,43,eval,18,outbound,DQN,-115.068,0,59,0,0,0,0,,L08,0,0,0,0,257.5655,0,0,0
twoway_DQN_vs_DQN_clean,DQN_vs_DQN,clean,0,0,1,43,eval,19,outbound,DQN,-115.026,0,59,0,0,0,0,,L08,0,0,0,0,193.5385,0,0,0
twoway_DQN_vs_DQN_clean,DQN_vs_DQN,clean,0,0,1,43,eval,20,outbound,DQN,-114.98,0,59,0,0,0,0,,L02,0,0,0,0,483.9396,0,0,0
twoway_DQN_vs_DQN_clean,DQN_vs_DQN,clean,0,0,1,43,eval,21,outbound,DQN,-115.091,0,59,0,0,0,0,,L08,0,0,0,0,180.0692,0,0,0
twoway_DQN_vs_DQN_clean,DQN_vs_DQN,clean,0,0,1,43,eval,22,outbound,DQN,-115.055,0,59,0,0,0,0,,L02,0,0,0,0,454.7663,0,0,0
twoway_DQN_vs_DQN_clean,DQN_vs_DQN,clean,0,0,1,43,eval,23,outbound,DQN,-115.049,0,59,0,0,0,0,,L02,0,0,0,0,483.9396,0,0,0
twoway_DQN_vs_DQN_clean,DQN_vs_DQN,clean,0,0,1,43,eval,24,outbound,DQN,-115.026,0,59,0,0,0,0,,L08,0,0,0,0,193.5385,0,0,0
twoway_DQN_vs_DQN_clean,DQN_vs_DQN,clean,0,0,1,43,eval,25,outbound,DQN,-115.091,0,59,0,0,0,0,,L08,0,0,0,0,180.0692,0,0,0
twoway_DQN_vs_DQN_clean,DQN_vs_DQN,clean,0,0,1,43,eval,26,outbound,DQN,-115.091,0,59,0,0,0,0,,L08,0,0,0,0,180.0692,0,0,0
twoway_DQN_vs_DQN_clean,DQN_vs_DQN,clean,0,0,1,43,eval,27,outbound,DQN,-115.068,0,59,0,0,0,0,,L08,0,0,0,0,257.5655,0,0,0
twoway_DQN_vs_DQN_clean,DQN_vs_DQN,clean,0,0,1,43,eval,28,outbound,DQN,-115.026,0,59,0,0,0,0,,L02,0,0,0,0,425.4585,0,0,0
twoway_DQN_vs_DQN_clean,DQN_vs_DQN,clean,0,0,1,43,eval,29,outbound,DQN,-114.98,0,59,0,0,0,0,,L02,0,0,0,0,425.4585,0,0,0
twoway_DQN_vs_DQN_clean,DQN_vs_DQN,clean,0,0,1,43,eval,30,outbound,DQN,-115.024,0,59,0,0,0,0,,L02,0,0,0,0,454.7663,0,0,0
twoway_DQN_vs_DQN_clean,DQN_vs_DQN,clean,0,0,2,44,eval,1,inbound,DQN,-127.37,0,59,0,1.7784,0,0,,L08,0,0,0,0,184.1794,0,0,0
twoway_DQN_vs_DQN_clean,DQN_vs_DQN,clean,0,0,2,44,eval,2,inbound,DQN,-127.637,0,59,0,0,0,0,,L02,0,0,0,0,263.4955,0,0,0
twoway_DQN_vs_DQN_clean,DQN_vs_DQN,clean,0,0,2,44,eval,3,inbound,DQN,-127.137,0,59,0,0,0,0,,L02,0,0,0,0,273.7978,0,0,0
twoway_DQN_vs_DQN_clean,DQN_vs_DQN,clean,0,0,2,44,eval,4,inbound,DQN,-127.637,0,59,0,0,0,0,,L02,0,0,0,0,263.4955,0,0,0
twoway_DQN_vs_DQN_clean,DQN_vs_DQN,clean,0,0,2,44,eval,5,inbound,DQN,-127.575,0,59,0,0,0,0,,L08,0,0,0,0,197.7603,0,0,0
twoway_DQN_vs_DQN_clean,DQN_vs_DQN,clean,0,0,2,44,eval,6,inbound,DQN,-129.68,0,59,0,0,0,0,,L08,0,0,0,0,170.7601,0,0,0
twoway_DQN_vs_DQN_clean,DQN_vs_DQN,clean,0,0,2,44,eval,7,inbound,DQN,-127.137,0,59,0,0,0,0,,L02,0,0,0,0,273.7978,0,0,0
twoway_DQN_vs_DQN_clean,DQN_vs_DQN,clean,0,0,2,44,eval,8,inbound,DQN,-127.575,0,59,0,0,0,0,,L08,0,0,0,0,197.7603,0,0,0
twoway_DQN_vs_DQN_clean,DQN_vs_DQN,clean,0,0,2,44,eval,9,inbound,DQN,-127.137,0,59,0,0,0,0,,L02,0,0,0,0,273.7978,0,0,0
twoway_DQN_vs_DQN_clean,DQN_vs_DQN,clean,0,0,2,44,eval,10,inbound,DQN,-127.137,0,59,0,0,0,0,,L02,0,0,0,0,273.7978,0,0,0
twoway_DQN_vs_DQN_clean,DQN_vs_DQN,clean,0,0,2,44,eval,11,inbound,DQN,-163.1466,0,59,0,169.195,0,0,,L02,0,0,0,0,483.9396,0,0,0
twoway_DQN_vs_DQN_clean,DQN_vs_DQN,clean,0,0,2,44,eval,12,inbound,DQN,-129.619,0,59,0,0,0,0,,L08,0,0,0,0,170.7601,0,0,0
twoway_DQN_vs_DQN_clean,DQN_vs_DQN,clean,0,0,2,44,eval,13,inbound,DQN,-129.497,0,59,0,0,0,0,,L08,0,0,0,0,184.1794,0,0,0
twoway_DQN_vs_DQN_clean,DQN_vs_DQN,clean,0,0,2,44,eval,14,inbound,DQN,-129.68,0,59,0,0,0,0,,L08,0,0,0,0,170.7601,0,0,0
twoway_DQN_vs_DQN_clean,DQN_vs_DQN,clean,0,0,2,44,eval,15,inbound,DQN,-127.636,0,59,0,0,0,0,,L08,0,0,0,0,197.7603,0,0,0
twoway_DQN_vs_DQN_clean,DQN_vs_DQN,clean,0,0,2,44,eval,16,inbound,DQN,-163.1466,0,59,0,169.195,0,0,,L02,0,0,0,0,483.9396,0,0,0
twoway_DQN_vs_DQN_clean,DQN_vs_DQN,clean,0,0,2,44,eval,17,inbound,DQN,-127.37,0,59,0,1.7784,0,0,,L08,0,0,0,0,184.1794,0,0,0
twoway_DQN_vs_DQN_clean,DQN_vs_DQN,clean,0,0,2,44,eval,18,inbound,DQN,-129.619,0,59,0,0,0,0,,L08,0,0,0,0,170.7601,0,0,0
twoway_DQN_vs_DQN_clean,DQN_vs_DQN,clean,0,0,2,44,eval,19,inbound,DQN,-127.137,0,59,0,0,0,0,,L02,0,0,0,0,273.7978,0,0,0
twoway_DQN_vs_DQN_clean,DQN_vs_DQN,clean,0,0,2,44,eval,20,inbound,DQN,-127.637,0,59,0,0,0,0,,L02,0,0,0,0,263.4955,0,0,0
twoway_DQN_vs_DQN_clean,DQN_vs_DQN,clean,0,0,2,44,eval,21,inbound,DQN,-127.637,0,59,0,0,0,0,,L02,0,0,0,0,263.4955,0,0,0
twoway_DQN_vs_DQN_clean,DQN_vs_DQN,clean,0,0,2,44,eval,22,inbound,DQN,-127.637,0,59,0,0,0,0,,L02,0,0,0,0,263.4955,0,0,0
twoway_DQN_vs_DQN_clean,DQN_vs_DQN,clean,0,0,2,44,eval,23,inbound,DQN,-127.637,0,59,0,0,0,0,,L02,0,0,0,0,263.4955,0,0,0
twoway_DQN_vs_DQN_clean,DQN_vs_DQN,clean,0,0,2,44,eval,24,inbound,DQN,-127.637,0,59,0,0,0,0,,L02,0,0,0,0,263.4955,0,0,0
twoway_DQN_vs_DQN_clean,DQN_vs_DQN,clean,0,0,2,44,eval,25,inbound,DQN,-127.137,0,59,0,0,0,0,,L02,0,0,0,0,273.7978,0,0,0
twoway_DQN_vs_DQN_clean,DQN_vs_DQN,clean,0,0,2,44,eval,26,inbound,DQN,-127.636,0,59,0,0,0,0,,L08,0,0,0,0,197.7603,0,0,0
twoway_DQN_vs_DQN_clean,DQN_vs_DQN,clean,0,0,2,44,eval,27,inbound,DQN,-127.137,0,59,0,0,0,0,,L02,0,0,0,0,273.7978,0,0,0
twoway_DQN_vs_DQN_clean,DQN_vs_DQN,clean,0,0,2,44,eval,28,inbound,DQN,-127.37,0,59,0,1.7784,0,0,,L08,0,0,0,0,184.1794,0,0,0
twoway_DQN_vs_DQN_clean,DQN_vs_DQN,clean,0,0,2,44,eval,29,inbound,DQN,-129.497,0,59,0,0,0,0,,L08,0,0,0,0,184.1794,0,0,0
twoway_DQN_vs_DQN_clean,DQN_vs_DQN,clean,0,0,2,44,eval,30,inbound,DQN,-127.575,0,59,0,0,0,0,,L08,0,0,0,0,197.7603,0,0,0
twoway_DQN_vs_DQN_clean,DQN_vs_DQN,clean,0,0,2,44,eval,1,outbound,DQN,-114.291,0,59,0,0,0,0,,L08,0,0,0,0,184.1794,0,0,0
twoway_DQN_vs_DQN_clean,DQN_vs_DQN,clean,0,0,2,44,eval,2,outbound,DQN,-116.99,0,59,0,0,0,0,,L02,0,0,0,0,263.4955,0,0,0
twoway_DQN_vs_DQN_clean,DQN_vs_DQN,clean,0,0,2,44,eval,3,outbound,DQN,-116.99,0,59,0,0,0,0,,L02,0,0,0,0,273.7978,0,0,0
twoway_DQN_vs_DQN_clean,DQN_vs_DQN,clean,0,0,2,44,eval,4,outbound,DQN,-116.99,0,59,0,0,0,0,,L02,0,0,0,0,263.4955,0,0,0
twoway_DQN_vs_DQN_clean,DQN_vs_DQN,clean,0,0,2,44,eval,5,outbound,DQN,-114.455,0,59,0,0,0,0,,L08,0,0,0,0,197.7603,0,0,0
twoway_DQN_vs_DQN_clean,DQN_vs_DQN,clean,0,0,2,44,eval,6,outbound,DQN,-114.474,0,59,0,0,0,0,,L08,0,0,0,0,170.7601,0,0,0
twoway_DQN_vs_DQN_clean,DQN_vs_DQN,clean,0,0,2,44,eval,7,outbound,DQN,-116.99,0,59,0,0,0,0,,L02,0,0,0,0,273.7978,0,0,0
twoway_DQN_vs_DQN_clean,DQN_vs_DQN,clean,0,0,2,44,eval,8,outbound,DQN,-114.455,0,59,0,0,0,0,,L08,0,0,0,0,197.7603,0,0,0
twoway_DQN_vs_DQN_clean,DQN_vs_DQN,clean,0,0,2,44,eval,9,outbound,DQN,-116.99,0,59,0,0,0,0,,L02,0,0,0,0,273.7978,0,0,0
twoway_DQN_vs_DQN_clean,DQN_vs_DQN,clean,0,0,2,44,eval,10,outbound,DQN,-116.99,0,59,0,0,0,0,,L02,0,0,0,0,273.7978,0,0,0
twoway_DQN_vs_DQN_clean,DQN_vs_DQN,clean,0,0,2,44,eval,11,outbound,DQN,-116.112,0,59,0,0,0,0,,L02,0,0,0,0,483.9396,0,0,0
twoway_DQN_vs_DQN_clean,DQN_vs_DQN,clean,0,0,2,44,eval,12,outbound,DQN,-114.474,0,59,0,0,0,0,,L08,0,0,0,0,170.7601,0,0,0
twoway_DQN_vs_DQN_clean,DQN_vs_DQN,clean,0,0,2,44,eval,13,outbound,DQN,-115.31,0,59,0,0,0,0,,L08,0,0,0,0,184.1794,0,0,0
twoway_DQN_vs_DQN_clean,DQN_vs_DQN,clean,0,0,2,44,eval,14,outbound,DQN,-114.474,0,59,0,0,0,0,,L08,0,0,0,0,170.7601,0,0,0
twoway_DQN_vs_DQN_clean,DQN_vs_DQN,clean,0,0,2,44,eval,15,outbound,DQN,-114.455,0,59,0,0,0,0,,L08,0,0,0,0,197.7603,0,0,0
twoway_DQN_vs_DQN_clean,DQN_vs_DQN,clean,0,0,2,44,eval,16,outbound,DQN,-114.9,0,59,0,0,0,0,,L02,0,0,0,0,483.9396,0,0,0
twoway_DQN_vs_DQN_clean,DQN_vs_DQN,clean,0,0,2,44,eval,17,outbound,DQN,-114.291,0,59,0,0,0,0,,L08,0,0,0,0,184.1794,0,0,0
twoway_DQN_vs_DQN_clean,DQN_vs_DQN,clean,0,0,2,44,eval,18,outbound,DQN,-114.474,0,59,0,0,0,0,,L08,0,0,0,0,170.7601,0,0,0
twoway_DQN_vs_DQN_clean,DQN_vs_DQN,clean,0,0,2,44,eval,19,outbound,DQN,-116.99,0,59,0,0,0,0,,L02,0,0,0,0,273.7978,0,0,0
twoway_DQN_vs_DQN_clean,DQN_vs_DQN,clean,0,0,2,44,eval,20,outbound,DQN,-116.99,0,59,0,0,0,0,,L02,0,0,0,0,263.4955,0,0,0
twoway_DQN_vs_DQN_clean,DQN_vs_DQN,clean,0,0,2,44,eval,21,outbound,DQN,-116.99,0,59,0,0,0,0,,L02,0,0,0,0,263.4955,0,0,0
twoway_DQN_vs_DQN_clean,DQN_vs_DQN,clean,0,0,2,44,eval,22,outbound,DQN,-116.99,0,59,0,0,0,0,,L02,0,0,0,0,263.4955,0,0,0
twoway_DQN_vs_DQN_clean,DQN_vs_DQN,clean,0,0,2,44,eval,23,outbound,DQN,-116.99,0,59,0,0,0,0,,L02,0,0,0,0,263.4955,0,0,0
twoway_DQN_vs_DQN_clean,DQN_vs_DQN,clean,0,0,2,44,eval,24,outbound,DQN,-116.99,0,59,0,0,0,0,,L02,0,0,0,0,263.4955,0,0,0
twoway_DQN_vs_DQN_clean,DQN_vs_DQN,clean,0,0,2,44,eval,25,outbound,DQN,-116.99,0,59,0,0,0,0,,L02,0,0,0,0,273.7978,0,0,0
twoway_DQN_vs_DQN_clean,DQN_vs_DQN,clean,0,0,2,44,eval,26,outbound,DQN,-114.455,0,59,0,0,0,0,,L08,0,0,0,0,197.7603,0,0,0
twoway_DQN_vs_DQN_clean,DQN_vs_DQN,clean,0,0,2,44,eval,27,outbound,DQN,-116.99,0,59,0,0,0,0,,L02,0,0,0,0,273.7978,0,0,0
twoway_DQN_vs_DQN_clean,DQN_vs_DQN,clean,0,0,2,44,eval,28,outbound,DQN,-114.291,0,59,0,0,0,0,,L08,0,0,0,0,184.1794,0,0,0
twoway_DQN_vs_DQN_clean,DQN_vs_DQN,clean,0,0,2,44,eval,29,outbound,DQN,-115.31,0,59,0,0,0,0,,L08,0,0,0,0,184.1794,0,0,0
twoway_DQN_vs_DQN_clean,DQN_vs_DQN,clean,0,0,2,44,eval,30,outbound,DQN,-114.455,0,59,0,0,0,0,,L08,0,0,0,0,197.7603,0,0,0
twoway_DQN_vs_DQN_clean,DQN_vs_DQN,clean,0,0,3,45,eval,1,inbound,DQN,-126.19,0,59,0,0,0,0,,L08,0,0,0,0,140.9687,0,0,0
twoway_DQN_vs_DQN_clean,DQN_vs_DQN,clean,0,0,3,45,eval,2,inbound,DQN,-124.123,0,59,0,0,0,0,,L08,0,0,0,0,113.719,0,0,0
twoway_DQN_vs_DQN_clean,DQN_vs_DQN,clean,0,0,3,45,eval,3,inbound,DQN,-123.378,0,59,0,0,0,0,,L02,0,0,0,0,130,0,0,0
twoway_DQN_vs_DQN_clean,DQN_vs_DQN,clean,0,0,3,45,eval,4,inbound,DQN,-125.976,0,59,0,0,0,0,,L08,0,0,0,0,113.719,0,0,0
twoway_DQN_vs_DQN_clean,DQN_vs_DQN,clean,0,0,3,45,eval,5,inbound,DQN,-123.378,0,59,0,0,0,0,,L02,0,0,0,0,130,0,0,0
twoway_DQN_vs_DQN_clean,DQN_vs_DQN,clean,0,0,3,45,eval,6,inbound,DQN,-125.976,0,59,0,0,0,0,,L08,0,0,0,0,113.719,0,0,0
twoway_DQN_vs_DQN_clean,DQN_vs_DQN,clean,0,0,3,45,eval,7,inbound,DQN,-126.19,0,59,0,0,0,0,,L08,0,0,0,0,140.9687,0,0,0
twoway_DQN_vs_DQN_clean,DQN_vs_DQN,clean,0,0,3,45,eval,8,inbound,DQN,-125.976,0,59,0,0,0,0,,L08,0,0,0,0,113.719,0,0,0
twoway_DQN_vs_DQN_clean,DQN_vs_DQN,clean,0,0,3,45,eval,9,inbound,DQN,-123.378,0,59,0,0,0,0,,L02,0,0,0,0,130,0,0,0
twoway_DQN_vs_DQN_clean,DQN_vs_DQN,clean,0,0,3,45,eval,10,inbound,DQN,-126.19,0,59,0,0,0,0,,L08,0,0,0,0,140.9687,0,0,0
twoway_DQN_vs_DQN_clean,DQN_vs_DQN,clean,0,0,3,45,eval,11,inbound,DQN,-126.19,0,59,0,0,0,0,,L08,0,0,0,0,140.9687,0,0,0
twoway_DQN_vs_DQN_clean,DQN_vs_DQN,clean,0,0,3,45,eval,12,inbound,DQN,-169.1193,0,59,0,181.8283,0,0,,L02,0,0,0,0,483.9396,0,0,0
twoway_DQN_vs_DQN_clean,DQN_vs_DQN,clean,0,0,3,45,eval,13,inbound,DQN,-123.378,0,59,0,0,0,0,,L02,0,0,0,0,130,0,0,0
twoway_DQN_vs_DQN_clean,DQN_vs_DQN,clean,0,0,3,45,eval,14,inbound,DQN,-126.19,0,59,0,0,0,0,,L08,0,0,0,0,140.9687,0,0,0
twoway_DQN_vs_DQN_clean,DQN_vs_DQN,clean,0,0,3,45,eval,15,inbound,DQN,-125.976,0,59,0,0,0,0,,L08,0,0,0,0,113.719,0,0,0
twoway_DQN_vs_DQN_clean,DQN_vs_DQN,clean,0,0,3,45,eval,16,inbound,DQN,-124.123,0,59,0,0,0,0,,L08,0,0,0,0,113.719,0,0,0
twoway_DQN_vs_DQN_clean,DQN_vs_DQN,clean,0,0,3,45,eval,17,inbound,DQN,-122.317,0,59,0,0,0,0,,L02,0,0,0,0,132.484,0,0,0
twoway_DQN_vs_DQN_clean,DQN_vs_DQN,clean,0,0,3,45,eval,18,inbound,DQN,-169.1193,0,59,0,181.8283,0,0,,L02,0,0,0,0,483.9396,0,0,0
twoway_DQN_vs_DQN_clean,DQN_vs_DQN,clean,0,0,3,45,eval,19,inbound,DQN,-125.976,0,59,0,0,0,0,,L08,0,0,0,0,113.719,0,0,0
twoway_DQN_vs_DQN_clean,DQN_vs_DQN,clean,0,0,3,45,eval,20,inbound,DQN,-122.317,0,59,0,0,0,0,,L02,0,0,0,0,132.484,0,0,0
twoway_DQN_vs_DQN_clean,DQN_vs_DQN,clean,0,0,3,45,eval,21,inbound,DQN,-125.976,0,59,0,0,0,0,,L08,0,0,0,0,113.719,0,0,0
twoway_DQN_vs_DQN_clean,DQN_vs_DQN,clean,0,0,3,45,eval,22,inbound,DQN,-125.976,0,59,0,0,0,0,,L08,0,0,0,0,113.719,0,0,0
twoway_DQN_vs_DQN_clean,DQN_vs_DQN,clean,0,0,3,45,eval,23,inbound,DQN,-124.397,0,59,0,0,0,0,,L02,0,0,0,0,132.484,0,0,0
twoway_DQN_vs_DQN_clean,DQN_vs_DQN,clean,0,0,3,45,eval,24,inbound,DQN,-169.1193,0,59,0,181.8283,0,0,,L02,0,0,0,0,483.9396,0,0,0
twoway_DQN_vs_DQN_clean,DQN_vs_DQN,clean,0,0,3,45,eval,25,inbound,DQN,-169.1193,0,59,0,181.8283,0,0,,L02,0,0,0,0,483.9396,0,0,0
twoway_DQN_vs_DQN_clean,DQN_vs_DQN,clean,0,0,3,45,eval,26,inbound,DQN,-126.19,0,59,0,0,0,0,,L08,0,0,0,0,140.9687,0,0,0
twoway_DQN_vs_DQN_clean,DQN_vs_DQN,clean,0,0,3,45,eval,27,inbound,DQN,-125.976,0,59,0,0,0,0,,L08,0,0,0,0,113.719,0,0,0
twoway_DQN_vs_DQN_clean,DQN_vs_DQN,clean,0,0,3,45,eval,28,inbound,DQN,-122.317,0,59,0,0,0,0,,L02,0,0,0,0,132.484,0,0,0
twoway_DQN_vs_DQN_clean,DQN_vs_DQN,clean,0,0,3,45,eval,29,inbound,DQN,-125.976,0,59,0,0,0,0,,L08,0,0,0,0,113.719,0,0,0
twoway_DQN_vs_DQN_clean,DQN_vs_DQN,clean,0,0,3,45,eval,30,inbound,DQN,-169.1193,0,59,0,181.8283,0,0,,L02,0,0,0,0,483.9396,0,0,0
twoway_DQN_vs_DQN_clean,DQN_vs_DQN,clean,0,0,3,45,eval,1,outbound,DQN,-112.323,0,59,0,0,0,0,,L08,0,0,0,0,140.9687,0,0,0
twoway_DQN_vs_DQN_clean,DQN_vs_DQN,clean,0,0,3,45,eval,2,outbound,DQN,-112.905,0,59,0,0,0,0,,L08,0,0,0,0,113.719,0,0,0
twoway_DQN_vs_DQN_clean,DQN_vs_DQN,clean,0,0,3,45,eval,3,outbound,DQN,-114.942,0,59,0,0,0,0,,L02,0,0,0,0,130,0,0,0
twoway_DQN_vs_DQN_clean,DQN_vs_DQN,clean,0,0,3,45,eval,4,outbound,DQN,-112.905,0,59,0,0,0,0,,L08,0,0,0,0,113.719,0,0,0
twoway_DQN_vs_DQN_clean,DQN_vs_DQN,clean,0,0,3,45,eval,5,outbound,DQN,-114.845,0,59,0,0,0,0,,L02,0,0,0,0,130,0,0,0
twoway_DQN_vs_DQN_clean,DQN_vs_DQN,clean,0,0,3,45,eval,6,outbound,DQN,-112.905,0,59,0,0,0,0,,L08,0,0,0,0,113.719,0,0,0
twoway_DQN_vs_DQN_clean,DQN_vs_DQN,clean,0,0,3,45,eval,7,outbound,DQN,-113.226,0,59,0,0,0,0,,L08,0,0,0,0,140.9687,0,0,0
twoway_DQN_vs_DQN_clean,DQN_vs_DQN,clean,0,0,3,45,eval,8,outbound,DQN,-113.226,0,59,0,0,0,0,,L08,0,0,0,0,113.719,0,0,0
twoway_DQN_vs_DQN_clean,DQN_vs_DQN,clean,0,0,3,45,eval,9,outbound,DQN,-114.457,0,59,0,0,0,0,,L02,0,0,0,0,130,0,0,0
twoway_DQN_vs_DQN_clean,DQN_vs_DQN,clean,0,0,3,45,eval,10,outbound,DQN,-113.226,0,59,0,0,0,0,,L08,0,0,0,0,140.9687,0,0,0
twoway_DQN_vs_DQN_clean,DQN_vs_DQN,clean,0,0,3,45,eval,11,outbound,DQN,-113.226,0,59,0,0,0,0,,L08,0,0,0,0,140.9687,0,0,0
twoway_DQN_vs_DQN_clean,DQN_vs_DQN,clean,0,0,3,45,eval,12,outbound,DQN,-113.763,0,59,0,0,0,0,,L02,0,0,0,0,483.9396,0,0,0
twoway_DQN_vs_DQN_clean,DQN_vs_DQN,clean,0,0,3,45,eval,13,outbound,DQN,-114.942,0,59,0,0,0,0,,L02,0,0,0,0,130,0,0,0
twoway_DQN_vs_DQN_clean,DQN_vs_DQN,clean,0,0,3,45,eval,14,outbound,DQN,-113.226,0,59,0,0,0,0,,L08,0,0,0,0,140.9687,0,0,0
twoway_DQN_vs_DQN_clean,DQN_vs_DQN,clean,0,0,3,45,eval,15,outbound,DQN,-112.905,0,59,0,0,0,0,,L08,0,0,0,0,113.719,0,0,0
twoway_DQN_vs_DQN_clean,DQN_vs_DQN,clean,0,0,3,45,eval,16,outbound,DQN,-113.226,0,59,0,0,0,0,,L08,0,0,0,0,113.719,0,0,0
twoway_DQN_vs_DQN_clean,DQN_vs_DQN,clean,0,0,3,45,eval,17,outbound,DQN,-114.845,0,59,0,0,0,0,,L02,0,0,0,0,132.484,0,0,0
twoway_DQN_vs_DQN_clean,DQN_vs_DQN,clean,0,0,3,45,eval,18,outbound,DQN,-113.739,0,59,0,0,0,0,,L02,0,0,0,0,483.9396,0,0,0
twoway_DQN_vs_DQN_clean,DQN_vs_DQN,clean,0,0,3,45,eval,19,outbound,DQN,-113.226,0,59,0,0,0,0,,L08,0,0,0,0,113.719,0,0,0
twoway_DQN_vs_DQN_clean,DQN_vs_DQN,clean,0,0,3,45,eval,20,outbound,DQN,-114.845,0,59,0,0,0,0,,L02,0,0,0,0,132.484,0,0,0
twoway_DQN_vs_DQN_clean,DQN_vs_DQN,clean,0,0,3,45,eval,21,outbound,DQN,-112.905,0,59,0,0,0,0,,L08,0,0,0,0,113.719,0,0,0
twoway_DQN_vs_DQN_clean,DQN_vs_DQN,clean,0,0,3,45,eval,22,outbound,DQN,-113.226,0,59,0,0,0,0,,L08,0,0,0,0,113.719,0,0,0
twoway_DQN_vs_DQN_clean,DQN_vs_DQN,clean,0,0,3,45,eval,23,outbound,DQN,-114.845,0,59,0,0,0,0,,L02,0,0,0,0,132.484,0,0,0
twoway_DQN_vs_DQN_clean,DQN_vs_DQN,clean,0,0,3,45,eval,24,outbound,DQN,-113.739,0,59,0,0,0,0,,L02,0,0,0,0,483.9396,0,0,0
twoway_DQN_vs_DQN_clean,DQN_vs_DQN,clean,0,0,3,45,eval,25,outbound,DQN,-114.883,0,59,0,0,0,0,,L02,0,0,0,0,483.9396,0,0,0
twoway_DQN_vs_DQN_clean,DQN_vs_DQN,clean,0,0,3,45,eval,26,outbound,DQN,-113.226,0,59,0,0,0,0,,L08,0,0,0,0,140.9687,0,0,0
twoway_DQN_vs_DQN_clean,DQN_vs_DQN,clean,0,0,3,45,eval,27,outbound,DQN,-113.226,0,59,0,0,0,0,,L08,0,0,0,0,113.719,0,0,0
twoway_DQN_vs_DQN_clean,DQN_vs_DQN,clean,0,0,3,45,eval,28,outbound,DQN,-114.845,0,59,0,0,0,0,,L02,0,0,0,0,132.484,0,0,0
twoway_DQN_vs_DQN_clean,DQN_vs_DQN,clean,0,0,3,45,eval,29,outbound,DQN,-113.226,0,59,0,0,0,0,,L08,0,0,0,0,113.719,0,0,0
twoway_DQN_vs_DQN_clean,DQN_vs_DQN,clean,0,0,3,45,eval,30,outbound,DQN,-113.859,0,59,0,0,0,0,,L02,0,0,0,0,483.9396,0,0,0
twoway_DQN_vs_DQN_clean,DQN_vs_DQN,clean,0,0,4,46,eval,1,inbound,DQN,-125.092,0,59,0,0,0,0,,L02,0,0,0,0,155.4056,0,0,0
twoway_DQN_vs_DQN_clean,DQN_vs_DQN,clean,0,0,4,46,eval,2,inbound,DQN,-126.209,0,59,0,0,0,0,,L02,0,0,0,0,150.6808,0,0,0
twoway_DQN_vs_DQN_clean,DQN_vs_DQN,clean,0,0,4,46,eval,3,inbound,DQN,-127.022,0,59,0,0,0,0,,L08,0,0,0,0,102.9563,0,0,0
twoway_DQN_vs_DQN_clean,DQN_vs_DQN,clean,0,0,4,46,eval,4,inbound,DQN,-127.022,0,59,0,0,0,0,,L08,0,0,0,0,102.9563,0,0,0
twoway_DQN_vs_DQN_clean,DQN_vs_DQN,clean,0,0,4,46,eval,5,inbound,DQN,-127.022,0,59,0,0,0,0,,L08,0,0,0,0,102.9563,0,0,0
twoway_DQN_vs_DQN_clean,DQN_vs_DQN,clean,0,0,4,46,eval,6,inbound,DQN,-127.022,0,59,0,0,0,0,,L08,0,0,0,0,102.9563,0,0,0
twoway_DQN_vs_DQN_clean,DQN_vs_DQN,clean,0,0,4,46,eval,7,inbound,DQN,-127.319,0,59,0,0,0,0,,L02,0,0,0,0,155.4056,0,0,0
twoway_DQN_vs_DQN_clean,DQN_vs_DQN,clean,0,0,4,46,eval,8,inbound,DQN,-128.249,0,59,0,0,0,0,,L08,0,0,0,0,113.719,0,0,0
twoway_DQN_vs_DQN_clean,DQN_vs_DQN,clean,0,0,4,46,eval,9,inbound,DQN,-127.022,0,59,0,0,0,0,,L08,0,0,0,0,102.9563,0,0,0
twoway_DQN_vs_DQN_clean,DQN_vs_DQN,clean,0,0,4,46,eval,10,inbound,DQN,-126.209,0,59,0,0,0,0,,L02,0,0,0,0,150.6808,0,0,0
twoway_DQN_vs_DQN_clean,DQN_vs_DQN,clean,0,0,4,46,eval,11,inbound,DQN,-126.209,0,59,0,0,0,0,,L02,0,0,0,0,150.6808,0,0,0
twoway_DQN_vs_DQN_clean,DQN_vs_DQN,clean,0,0,4,46,eval,12,inbound,DQN,-127.022,0,59,0,0,0,0,,L08,0,0,0,0,102.9563,0,0,0
twoway_DQN_vs_DQN_clean,DQN_vs_DQN,clean,0,0,4,46,eval,13,inbound,DQN,-127.319,0,59,0,0,0,0,,L02,0,0,0,0,155.4056,0,0,0
twoway_DQN_vs_DQN_clean,DQN_vs_DQN,clean,0,0,4,46,eval,14,inbound,DQN,-128.249,0,59,0,0,0,0,,L08,0,0,0,0,113.719,0,0,0
twoway_DQN_vs_DQN_clean,DQN_vs_DQN,clean,0,0,4,46,eval,15,inbound,DQN,-126.209,0,59,0,0,0,0,,L02,0,0,0,0,150.6808,0,0,0
twoway_DQN_vs_DQN_clean,DQN_vs_DQN,clean,0,0,4,46,eval,16,inbound,DQN,-127.022,0,59,0,0,0,0,,L08,0,0,0,0,102.9563,0,0,0
twoway_DQN_vs_DQN_clean,DQN_vs_DQN,clean,0,0,4,46,eval,17,inbound,DQN,-127.022,0,59,0,0,0,0,,L08,0,0,0,0,102.9563,0,0,0
twoway_DQN_vs_DQN_clean,DQN_vs_DQN,clean,0,0,4,46,eval,18,inbound,DQN,-126.209,0,59,0,0,0,0,,L02,0,0,0,0,150.6808,0,0,0
twoway_DQN_vs_DQN_clean,DQN_vs_DQN,clean,0,0,4,46,eval,19,inbound,DQN,-128.249,0,59,0,0,0,0,,L08,0,0,0,0,113.719,0,0,0
twoway_DQN_vs_DQN_clean,DQN_vs_DQN,clean,0,0,4,46,eval,20,inbound,DQN,-128.249,0,59,0,0,0,0,,L08,0,0,0,0,113.719,0,0,0
twoway_DQN_vs_DQN_clean,DQN_vs_DQN,clean,0,0,4,46,eval,21,inbound,DQN,-127.022,0,59,0,0,0,0,,L08,0,0,0,0,102.9563,0,0,0
twoway_DQN_vs_DQN_clean,DQN_vs_DQN,clean,0,0,4,46,eval,22,inbound,DQN,-127.319,0,59,0,0,0,0,,L02,0,0,0,0,155.4056,0,0,0
twoway_DQN_vs_DQN_clean,DQN_vs_DQN,clean,0,0,4,46,eval,23,inbound,DQN,-126.209,0,59,0,0,0,0,,L02,0,0,0,0,150.6808,0,0,0
twoway_DQN_vs_DQN_clean,DQN_vs_DQN,clean,0,0,4,46,eval,24,inbound,DQN,-125.092,0,59,0,0,0,0,,L02,0,0,0,0,155.4056,0,0,0
twoway_DQN_vs_DQN_clean,DQN_vs_DQN,clean,0,0,4,46,eval,25,inbound,DQN,-127.084,0,59,0,0,0,0,,L08,0,0,0,0,128.5921,0,0,0
twoway_DQN_vs_DQN_clean,DQN_vs_DQN,clean,0,0,4,46,eval,26,inbound,DQN,-127.022,0,59,0,0,0,0,,L08,0,0,0,0,102.9563,0,0,0
twoway_DQN_vs_DQN_clean,DQN_vs_DQN,clean,0,0,4,46,eval,27,inbound,DQN,-183.77,0,59,0,242.0895,0,0,,L02,0,0,0,0,512.9955,0,0,0
twoway_DQN_vs_DQN_clean,DQN_vs_DQN,clean,0,0,4,46,eval,28,inbound,DQN,-127.022,0,59,0,0,0,0,,L08,0,0,0,0,102.9563,0,0,0
twoway_DQN_vs_DQN_clean,DQN_vs_DQN,clean,0,0,4,46,eval,29,inbound,DQN,-126.209,0,59,0,0,0,0,,L02,0,0,0,0,150.6808,0,0,0
twoway_DQN_vs_DQN_clean,DQN_vs_DQN,clean,0,0,4,46,eval,30,inbound,DQN,-128.249,0,59,0,0,0,0,,L08,0,0,0,0,113.719,0,0,0
twoway_DQN_vs_DQN_clean,DQN_vs_DQN,clean,0,0,4,46,eval,1,outbound,DQN,-114.371,0,59,0,0,0,0,,L02,0,0,0,0,155.4056,0,0,0
twoway_DQN_vs_DQN_clean,DQN_vs_DQN,clean,0,0,4,46,eval,2,outbound,DQN,-114.371,0,59,0,0,0,0,,L02,0,0,0,0,150.6808,0,0,0
twoway_DQN_vs_DQN_clean,DQN_vs_DQN,clean,0,0,4,46,eval,3,outbound,DQN,-114.312,0,59,0,0,0,0,,L08,0,0,0,0,102.9563,0,0,0
twoway_DQN_vs_DQN_clean,DQN_vs_DQN,clean,0,0,4,46,eval,4,outbound,DQN,-114.312,0,59,0,0,0,0,,L08,0,0,0,0,102.9563,0,0,0
twoway_DQN_vs_DQN_clean,DQN_vs_DQN,clean,0,0,4,46,eval,5,outbound,DQN,-114.312,0,59,0,0,0,0,,L08,0,0,0,0,102.9563,0,0,0
twoway_DQN_vs_DQN_clean,DQN_vs_DQN,clean,0,0,4,46,eval,6,outbound,DQN,-114.312,0,59,0,0,0,0,,L08,0,0,0,0,102.9563,0,0,0
twoway_DQN_vs_DQN_clean,DQN_vs_DQN,clean,0,0,4,46,eval,7,outbound,DQN,-114.371,0,59,0,0,0,0,,L02,0,0,0,0,155.4056,0,0,0
twoway_DQN_vs_DQN_clean,DQN_vs_DQN,clean,0,0,4,46,eval,8,outbound,DQN,-114.371,0,59,0,0,0,0,,L08,0,0,0,0,113.719,0,0,0
twoway_DQN_vs_DQN_clean,DQN_vs_DQN,clean,0,0,4,46,eval,9,outbound,DQN,-114.312,0,59,0,0,0,0,,L08,0,0,0,0,102.9563,0,0,0
twoway_DQN_vs_DQN_clean,DQN_vs_DQN,clean,0,0,4,46,eval,10,outbound,DQN,-114.371,0,59,0,0,0,0,,L02,0,0,0,0,150.6808,0,0,0
twoway_DQN_vs_DQN_clean,DQN_vs_DQN,clean,0,0,4,46,eval,11,outbound,DQN,-114.371,0,59,0,0,0,0,,L02,0,0,0,0,150.6808,0,0,0
twoway_DQN_vs_DQN_clean,DQN_vs_DQN,clean,0,0,4,46,eval,12,outbound,DQN,-114.312,0,59,0,0,0,0,,L08,0,0,0,0,102.9563,0,0,0
twoway_DQN_vs_DQN_clean,DQN_vs_DQN,clean,0,0,4,46,eval,13,outbound,DQN,-114.371,0,59,0,0,0,0,,L02,0,0,0,0,155.4056,0,0,0
twoway_DQN_vs_DQN_clean,DQN_vs_DQN,clean,0,0,4,46,eval,14,outbound,DQN,-114.371,0,59,0,0,0,0,,L08,0,0,0,0,113.719,0,0,0
twoway_DQN_vs_DQN_clean,DQN_vs_DQN,clean,0,0,4,46,eval,15,outbound,DQN,-114.371,0,59,0,0,0,0,,L02,0,0,0,0,150.6808,0,0,0
twoway_DQN_vs_DQN_clean,DQN_vs_DQN,clean,0,0,4,46,eval,16,outbound,DQN,-114.312,0,59,0,0,0,0,,L08,0,0,0,0,102.9563,0,0,0
twoway_DQN_vs_DQN_clean,DQN_vs_DQN,clean,0,0,4,46,eval,17,outbound,DQN,-114.312,0,59,0,0,0,0,,L08,0,0,0,0,102.9563,0,0,0
twoway_DQN_vs_DQN_clean,DQN_vs_DQN,clean,0,0,4,46,eval,18,outbound,DQN,-114.371,0,59,0,0,0,0,,L02,0,0,0,0,150.6808,0,0,0
twoway_DQN_vs_DQN_clean,DQN_vs_DQN,clean,0,0,4,46,eval,19,outbound,DQN,-114.371,0,59,0,0,0,0,,L08,0,0,0,0,113.719,0,0,0
twoway_DQN_vs_DQN_clean,DQN_vs_DQN,clean,0,0,4,46,eval,20,outbound,DQN,-114.371,0,59,0,0,0,0,,L08,0,0,0,0,113.719,0,0,0
twoway_DQN_vs_DQN_clean,DQN_vs_DQN,clean,0,0,4,46,eval,21,outbound,DQN,-114.312,0,59,0,0,0,0,,L08,0,0,0,0,102.9563,0,0,0
twoway_DQN_vs_DQN_clean,DQN_vs_DQN,clean,0,0,4,46,eval,22,outbound,DQN,-114.371,0,59,0,0,0,0,,L02,0,0,0,0,155.4056,0,0,0
twoway_DQN_vs_DQN_clean,DQN_vs_DQN,clean,0,0,4,46,eval,23,outbound,DQN,-114.371,0,59,0,0,0,0,,L02,0,0,0,0,150.6808,0,0,0
twoway_DQN_vs_DQN_clean,DQN_vs_DQN,clean,0,0,4,46,eval,24,outbound,DQN,-114.371,0,59,0,0,0,0,,L02,0,0,0,0,155.4056,0,0,0
twoway_DQN_vs_DQN_clean,DQN_vs_DQN,clean,0,0,4,46,eval,25,outbound,DQN,-114.371,0,59,0,0,0,0,,L08,0,0,0,0,128.5921,0,0,0
twoway_DQN_vs_DQN_clean,DQN_vs_DQN,clean,0,0,4,46,eval,26,outbound,DQN,-114.312,0,59,0,0,0,0,,L08,0,0,0,0,102.9563,0,0,0
twoway_DQN_vs_DQN_clean,DQN_vs_DQN,clean,0,0,4,46,eval,27,outbound,DQN,-155.1666,0,59,0,104.8589,0,0,,L02,0,0,0,0,512.9955,0,0,0
twoway_DQN_vs_DQN_clean,DQN_vs_DQN,clean,0,0,4,46,eval,28,outbound,DQN,-114.312,0,59,0,0,0,0,,L08,0,0,0,0,102.9563,0,0,0
twoway_DQN_vs_DQN_clean,DQN_vs_DQN,clean,0,0,4,46,eval,29,outbound,DQN,-114.371,0,59,0,0,0,0,,L02,0,0,0,0,150.6808,0,0,0
twoway_DQN_vs_DQN_clean,DQN_vs_DQN,clean,0,0,4,46,eval,30,outbound,DQN,-114.371,0,59,0,0,0,0,,L08,0,0,0,0,113.719,0,0,0
twoway_DQN_vs_DQN_clean,DQN_vs_DQN,clean,0,0,5,47,eval,1,inbound,DQN,-120.928,0,59,0,0,0,0,,L02,0,0,0,0,130,0,0,0
twoway_DQN_vs_DQN_clean,DQN_vs_DQN,clean,0,0,5,47,eval,2,inbound,DQN,-131.538,0,59,0,2.807,0,0,,L08,0,0,0,0,306.9354,0,0,0
twoway_DQN_vs_DQN_clean,DQN_vs_DQN,clean,0,0,5,47,eval,3,inbound,DQN,-125.098,0,59,0,0,0,0,,L02,0,0,0,0,132.484,0,0,0
twoway_DQN_vs_DQN_clean,DQN_vs_DQN,clean,0,0,5,47,eval,4,inbound,DQN,-125.098,0,59,0,0,0,0,,L02,0,0,0,0,132.484,0,0,0
twoway_DQN_vs_DQN_clean,DQN_vs_DQN,clean,0,0,5,47,eval,5,inbound,DQN,-120.928,0,59,0,0,0,0,,L02,0,0,0,0,130,0,0,0
twoway_DQN_vs_DQN_clean,DQN_vs_DQN,clean,0,0,5,47,eval,6,inbound,DQN,-136.7084,0,59,0,22.4962,0,0,,L08,0,0,0,0,306.9354,0,0,0
twoway_DQN_vs_DQN_clean,DQN_vs_DQN,clean,0,0,5,47,eval,7,inbound,DQN,-130.3873,0,59,0,34.915,0,0,,L08,0,0,0,0,321.3331,0,0,0
twoway_DQN_vs_DQN_clean,DQN_vs_DQN,clean,0,0,5,47,eval,8,inbound,DQN,-124.081,0,59,0,0,0,0,,L02,0,0,0,0,150.6808,0,0,0
twoway_DQN_vs_DQN_clean,DQN_vs_DQN,clean,0,0,5,47,eval,9,inbound,DQN,-136.7084,0,59,0,22.4962,0,0,,L08,0,0,0,0,306.9354,0,0,0
twoway_DQN_vs_DQN_clean,DQN_vs_DQN,clean,0,0,5,47,eval,10,inbound,DQN,-122.972,0,59,0,0,0,0,,L02,0,0,0,0,130,0,0,0
twoway_DQN_vs_DQN_clean,DQN_vs_DQN,clean,0,0,5,47,eval,11,inbound,DQN,-143.1367,0,59,0,28.4536,0,0,,L02,0,0,0,0,462.9109,0,0,0
twoway_DQN_vs_DQN_clean,DQN_vs_DQN,clean,0,0,5,47,eval,12,inbound,DQN,-132.0137,0,59,0,51.8405,0,0,,L08,0,0,0,0,314.1819,0,0,0
twoway_DQN_vs_DQN_clean,DQN_vs_DQN,clean,0,0,5,47,eval,13,inbound,DQN,-124.081,0,59,0,0,0,0,,L02,0,0,0,0,150.6808,0,0,0
twoway_DQN_vs_DQN_clean,DQN_vs_DQN,clean,0,0,5,47,eval,14,inbound,DQN,-120.928,0,59,0,0,0,0,,L02,0,0,0,0,130,0,0,0
twoway_DQN_vs_DQN_clean,DQN_vs_DQN,clean,0,0,5,47,eval,15,inbound,DQN,-131.538,0,59,0,2.807,0,0,,L08,0,0,0,0,306.9354,0,0,0
twoway_DQN_vs_DQN_clean,DQN_vs_DQN,clean,0,0,5,47,eval,16,inbound,DQN,-130.6943,0,59,0,4.493,0,0,,L08,0,0,0,0,307.0146,0,0,0
twoway_DQN_vs_DQN_clean,DQN_vs_DQN,clean,0,0,5,47,eval,17,inbound,DQN,-130.6943,0,59,0,4.493,0,0,,L08,0,0,0,0,307.0146,0,0,0
twoway_DQN_vs_DQN_clean,DQN_vs_DQN,clean,0,0,5,47,eval,18,inbound,DQN,-122.972,0,59,0,0,0,0,,L02,0,0,0,0,130,0,0,0
twoway_DQN_vs_DQN_clean,DQN_vs_DQN,clean,0,0,5,47,eval,19,inbound,DQN,-122.972,0,59,0,0,0,0,,L02,0,0,0,0,130,0,0,0
twoway_DQN_vs_DQN_clean,DQN_vs_DQN,clean,0,0,5,47,eval,20,inbound,DQN,-131.538,0,59,0,2.807,0,0,,L08,0,0,0,0,306.9354,0,0,0
twoway_DQN_vs_DQN_clean,DQN_vs_DQN,clean,0,0,5,47,eval,21,inbound,DQN,-130.6943,0,59,0,4.493,0,0,,L08,0,0,0,0,307.0146,0,0,0
twoway_DQN_vs_DQN_clean,DQN_vs_DQN,clean,0,0,5,47,eval,22,inbound,DQN,-122.972,0,59,0,0,0,0,,L02,0,0,0,0,130,0,0,0
twoway_DQN_vs_DQN_clean,DQN_vs_DQN,clean,0,0,5,47,eval,23,inbound,DQN,-124.081,0,59,0,0,0,0,,L02,0,0,0,0,150.6808,0,0,0
twoway_DQN_vs_DQN_clean,DQN_vs_DQN,clean,0,0,5,47,eval,24,inbound,DQN,-136.7084,0,59,0,22.4962,0,0,,L08,0,0,0,0,306.9354,0,0,0
twoway_DQN_vs_DQN_clean,DQN_vs_DQN,clean,0,0,5,47,eval,25,inbound,DQN,-130.3873,0,59,0,34.915,0,0,,L08,0,0,0,0,321.3331,0,0,0
twoway_DQN_vs_DQN_clean,DQN_vs_DQN,clean,0,0,5,47,eval,26,inbound,DQN,-136.7084,0,59,0,22.4962,0,0,,L08,0,0,0,0,306.9354,0,0,0
twoway_DQN_vs_DQN_clean,DQN_vs_DQN,clean,0,0,5,47,eval,27,inbound,DQN,-131.538,0,59,0,2.807,0,0,,L08,0,0,0,0,306.9354,0,0,0
twoway_DQN_vs_DQN_clean,DQN_vs_DQN,clean,0,0,5,47,eval,28,inbound,DQN,-136.7084,0,59,0,22.4962,0,0,,L08,0,0,0,0,306.9354,0,0,0
twoway_DQN_vs_DQN_clean,DQN_vs_DQN,clean,0,0,5,47,eval,29,inbound,DQN,-136.7084,0,59,0,22.4962,0,0,,L08,0,0,0,0,306.9354,0,0,0
twoway_DQN_vs_DQN_clean,DQN_vs_DQN,clean,0,0,5,47,eval,30,inbound,DQN,-120.928,0,59,0,0,0,0,,L02,0,0,0,0,130,0,0,0
twoway_DQN_vs_DQN_clean,DQN_vs_DQN,clean,0,0,5,47,eval,1,outbound,DQN,-111.964,0,59,0,0,0,0,,L02,0,0,0,0,130,0,0,0
twoway_DQN_vs_DQN_clean,DQN_vs_DQN,clean,0,0,5,47,eval,2,outbound,DQN,-173.7803,0,59,0,259.2008,0,0,,L08,0,0,0,0,306.9354,0,0,0
twoway_DQN_vs_DQN_clean,DQN_vs_DQN,clean,0,0,5,47,eval,3,outbound,DQN,-111.591,0,59,0,0,0,0,,L02,0,0,0,0,132.484,0,0,0
twoway_DQN_vs_DQN_clean,DQN_vs_DQN,clean,0,0,5,47,eval,4,outbound,DQN,-111.591,0,59,0,0,0,0,,L02,0,0,0,0,132.484,0,0,0
twoway_DQN_vs_DQN_clean,DQN_vs_DQN,clean,0,0,5,47,eval,5,outbound,DQN,-111.964,0,59,0,0,0,0,,L02,0,0,0,0,130,0,0,0
twoway_DQN_vs_DQN_clean,DQN_vs_DQN,clean,0,0,5,47,eval,6,outbound,DQN,-173.7803,0,59,0,259.2008,0,0,,L08,0,0,0,0,306.9354,0,0,0
twoway_DQN_vs_DQN_clean,DQN_vs_DQN,clean,0,0,5,47,eval,7,outbound,DQN,-167.0518,0,59,0,238.5307,0,0,,L08,0,0,0,0,321.3331,0,0,0
twoway_DQN_vs_DQN_clean,DQN_vs_DQN,clean,0,0,5,47,eval,8,outbound,DQN,-111.591,0,59,0,0,0,0,,L02,0,0,0,0,150.6808,0,0,0
twoway_DQN_vs_DQN_clean,DQN_vs_DQN,clean,0,0,5,47,eval,9,outbound,DQN,-167.0518,0,59,0,238.5307,0,0,,L08,0,0,0,0,306.9354,0,0,0
twoway_DQN_vs_DQN_clean,DQN_vs_DQN,clean,0,0,5,47,eval,10,outbound,DQN,-111.964,0,59,0,0,0,0,,L02,0,0,0,0,130,0,0,0
twoway_DQN_vs_DQN_clean,DQN_vs_DQN,clean,0,0,5,47,eval,11,outbound,DQN,-112.878,0,59,0,0,0,0,,L02,0,0,0,0,462.9109,0,0,0
twoway_DQN_vs_DQN_clean,DQN_vs_DQN,clean,0,0,5,47,eval,12,outbound,DQN,-167.0518,0,59,0,238.5307,0,0,,L08,0,0,0,0,314.1819,0,0,0
twoway_DQN_vs_DQN_clean,DQN_vs_DQN,clean,0,0,5,47,eval,13,outbound,DQN,-111.591,0,59,0,0,0,0,,L02,0,0,0,0,150.6808,0,0,0
twoway_DQN_vs_DQN_clean,DQN_vs_DQN,clean,0,0,5,47,eval,14,outbound,DQN,-111.964,0,59,0,0,0,0,,L02,0,0,0,0,130,0,0,0
twoway_DQN_vs_DQN_clean,DQN_vs_DQN,clean,0,0,5,47,eval,15,outbound,DQN,-173.7803,0,59,0,259.2008,0,0,,L08,0,0,0,0,306.9354,0,0,0
twoway_DQN_vs_DQN_clean,DQN_vs_DQN,clean,0,0,5,47,eval,16,outbound,DQN,-173.7803,0,59,0,259.2008,0,0,,L08,0,0,0,0,307.0146,0,0,0
twoway_DQN_vs_DQN_clean,DQN_vs_DQN,clean,0,0,5,47,eval,17,outbound,DQN,-173.7803,0,59,0,259.2008,0,0,,L08,0,0,0,0,307.0146,0,0,0
twoway_DQN_vs_DQN_clean,DQN_vs_DQN,clean,0,0,5,47,eval,18,outbound,DQN,-111.964,0,59,0,0,0,0,,L02,0,0,0,0,130,0,0,0
twoway_DQN_vs_DQN_clean,DQN_vs_DQN,clean,0,0,5,47,eval,19,outbound,DQN,-111.964,0,59,0,0,0,0,,L02,0,0,0,0,130,0,0,0
twoway_DQN_vs_DQN_clean,DQN_vs_DQN,clean,0,0,5,47,eval,20,outbound,DQN,-173.7803,0,59,0,259.2008,0,0,,L08,0,0,0,0,306.9354,0,0,0
twoway_DQN_vs_DQN_clean,DQN_vs_DQN,clean,0,0,5,47,eval,21,outbound,DQN,-173.7803,0,59,0,259.2008,0,0,,L08,0,0,0,0,307.0146,0,0,0
twoway_DQN_vs_DQN_clean,DQN_vs_DQN,clean,0,0,5,47,eval,22,outbound,DQN,-111.964,0,59,0,0,0,0,,L02,0,0,0,0,130,0,0,0
twoway_DQN_vs_DQN_clean,DQN_vs_DQN,clean,0,0,5,47,eval,23,outbound,DQN,-111.591,0,59,0,0,0,0,,L02,0,0,0,0,150.6808,0,0,0
twoway_DQN_vs_DQN_clean,DQN_vs_DQN,clean,0,0,5,47,eval,24,outbound,DQN,-167.0518,0,59,0,238.5307,0,0,,L08,0,0,0,0,306.9354,0,0,0
twoway_DQN_vs_DQN_clean,DQN_vs_DQN,clean,0,0,5,47,eval,25,outbound,DQN,-167.0518,0,59,0,238.5307,0,0,,L08,0,0,0,0,321.3331,0,0,0
twoway_DQN_vs_DQN_clean,DQN_vs_DQN,clean,0,0,5,47,eval,26,outbound,DQN,-173.7803,0,59,0,259.2008,0,0,,L08,0,0,0,0,306.9354,0,0,0
twoway_DQN_vs_DQN_clean,DQN_vs_DQN,clean,0,0,5,47,eval,27,outbound,DQN,-173.7803,0,59,0,259.2008,0,0,,L08,0,0,0,0,306.9354,0,0,0
twoway_DQN_vs_DQN_clean,DQN_vs_DQN,clean,0,0,5,47,eval,28,outbound,DQN,-173.7803,0,59,0,259.2008,0,0,,L08,0,0,0,0,306.9354,0,0,0
twoway_DQN_vs_DQN_clean,DQN_vs_DQN,clean,0,0,5,47,eval,29,outbound,DQN,-173.7803,0,59,0,259.2008,0,0,,L08,0,0,0,0,306.9354,0,0,0
twoway_DQN_vs_DQN_clean,DQN_vs_DQN,clean,0,0,5,47,eval,30,outbound,DQN,-111.964,0,59,0,0,0,0,,L02,0,0,0,0,130,0,0,0
twoway_DQN_vs_DQN_clean,DQN_vs_DQN,clean,0,0,6,48,eval,1,inbound,DQN,-161.2309,0,59,0,95.505,0,0,,L08,0,0,0,0,426.0549,0,0,0
twoway_DQN_vs_DQN_clean,DQN_vs_DQN,clean,0,0,6,48,eval,2,inbound,DQN,-123.543,0,59,0,0,0,0,,L02,0,0,0,0,155.4056,0,0,0
twoway_DQN_vs_DQN_clean,DQN_vs_DQN,clean,0,0,6,48,eval,3,inbound,DQN,-124.598,0,59,0,0,0,0,,L02,0,0,0,0,150.6808,0,0,0
twoway_DQN_vs_DQN_clean,DQN_vs_DQN,clean,0,0,6,48,eval,4,inbound,DQN,-170.9096,0,59,0,162.1828,0,0,,L08,0,0,0,0,235.9046,0,0,0
twoway_DQN_vs_DQN_clean,DQN_vs_DQN,clean,0,0,6,48,eval,5,inbound,DQN,-167.6004,0,59,0,125.32,0,0,,L08,0,0,0,0,411.529,0,0,0
twoway_DQN_vs_DQN_clean,DQN_vs_DQN,clean,0,0,6,48,eval,6,inbound,DQN,-170.9096,0,59,0,162.1828,0,0,,L08,0,0,0,0,235.9046,0,0,0
twoway_DQN_vs_DQN_clean,DQN_vs_DQN,clean,0,0,6,48,eval,7,inbound,DQN,-161.2309,0,59,0,95.505,0,0,,L08,0,0,0,0,426.0549,0,0,0
twoway_DQN_vs_DQN_clean,DQN_vs_DQN,clean,0,0,6,48,eval,8,inbound,DQN,-124.598,0,59,0,0,0,0,,L02,0,0,0,0,150.6808,0,0,0
twoway_DQN_vs_DQN_clean,DQN_vs_DQN,clean,0,0,6,48,eval,9,inbound,DQN,-123.543,0,59,0,0,0,0,,L02,0,0,0,0,155.4056,0,0,0
twoway_DQN_vs_DQN_clean,DQN_vs_DQN,clean,0,0,6,48,eval,10,inbound,DQN,-170.9096,0,59,0,162.1828,0,0,,L08,0,0,0,0,235.9046,0,0,0
twoway_DQN_vs_DQN_clean,DQN_vs_DQN,clean,0,0,6,48,eval,11,inbound,DQN,-124.598,0,59,0,0,0,0,,L02,0,0,0,0,150.6808,0,0,0
twoway_DQN_vs_DQN_clean,DQN_vs_DQN,clean,0,0,6,48,eval,12,inbound,DQN,-124.598,0,59,0,0,0,0,,L02,0,0,0,0,150.6808,0,0,0
twoway_DQN_vs_DQN_clean,DQN_vs_DQN,clean,0,0,6,48,eval,13,inbound,DQN,-124.598,0,59,0,0,0,0,,L02,0,0,0,0,150.6808,0,0,0
twoway_DQN_vs_DQN_clean,DQN_vs_DQN,clean,0,0,6,48,eval,14,inbound,DQN,-123.543,0,59,0,0,0,0,,L02,0,0,0,0,155.4056,0,0,0
twoway_DQN_vs_DQN_clean,DQN_vs_DQN,clean,0,0,6,48,eval,15,inbound,DQN,-125.717,0,59,0,0,0,0,,L02,0,0,0,0,155.4056,0,0,0
twoway_DQN_vs_DQN_clean,DQN_vs_DQN,clean,0,0,6,48,eval,16,inbound,DQN,-161.2309,0,59,0,95.505,0,0,,L08,0,0,0,0,426.0549,0,0,0
twoway_DQN_vs_DQN_clean,DQN_vs_DQN,clean,0,0,6,48,eval,17,inbound,DQN,-124.598,0,59,0,0,0,0,,L02,0,0,0,0,150.6808,0,0,0
twoway_DQN_vs_DQN_clean,DQN_vs_DQN,clean,0,0,6,48,eval,18,inbound,DQN,-170.9096,0,59,0,162.1828,0,0,,L08,0,0,0,0,235.9046,0,0,0
twoway_DQN_vs_DQN_clean,DQN_vs_DQN,clean,0,0,6,48,eval,19,inbound,DQN,-125.717,0,59,0,0,0,0,,L02,0,0,0,0,155.4056,0,0,0
twoway_DQN_vs_DQN_clean,DQN_vs_DQN,clean,0,0,6,48,eval,20,inbound,DQN,-134.384,0,59,0,101.9551,0,0,,L08,0,0,0,0,344.4236,0,0,0
twoway_DQN_vs_DQN_clean,DQN_vs_DQN,clean,0,0,6,48,eval,21,inbound,DQN,-123.543,0,59,0,0,0,0,,L02,0,0,0,0,155.4056,0,0,0
twoway_DQN_vs_DQN_clean,DQN_vs_DQN,clean,0,0,6,48,eval,22,inbound,DQN,-176.7588,0,59,0,192.4008,0,0,,L08,0,0,0,0,235.9046,0,0,0
twoway_DQN_vs_DQN_clean,DQN_vs_DQN,clean,0,0,6,48,eval,23,inbound,DQN,-176.7588,0,59,0,192.4008,0,0,,L08,0,0,0,0,235.9046,0,0,0
twoway_DQN_vs_DQN_clean,DQN_vs_DQN,clean,0,0,6,48,eval,24,inbound,DQN,-176.7588,0,59,0,192.4008,0,0,,L08,0,0,0,0,235.9046,0,0,0
twoway_DQN_vs_DQN_clean,DQN_vs_DQN,clean,0,0,6,48,eval,25,inbound,DQN,-167.6004,0,59,0,125.32,0,0,,L08,0,0,0,0,411.529,0,0,0
twoway_DQN_vs_DQN_clean,DQN_vs_DQN,clean,0,0,6,48,eval,26,inbound,DQN,-161.2309,0,59,0,95.505,0,0,,L08,0,0,0,0,426.0549,0,0,0
twoway_DQN_vs_DQN_clean,DQN_vs_DQN,clean,0,0,6,48,eval,27,inbound,DQN,-125.717,0,59,0,0,0,0,,L02,0,0,0,0,155.4056,0,0,0
twoway_DQN_vs_DQN_clean,DQN_vs_DQN,clean,0,0,6,48,eval,28,inbound,DQN,-124.598,0,59,0,0,0,0,,L02,0,0,0,0,150.6808,0,0,0
twoway_DQN_vs_DQN_clean,DQN_vs_DQN,clean,0,0,6,48,eval,29,inbound,DQN,-124.598,0,59,0,0,0,0,,L02,0,0,0,0,150.6808,0,0,0
twoway_DQN_vs_DQN_clean,DQN_vs_DQN,clean,0,0,6,48,eval,30,inbound,DQN,-126.736,0,59,0,0,0,0,,L02,0,0,0,0,150.6808,0,0,0
twoway_DQN_vs_DQN_clean,DQN_vs_DQN,clean,0,0,6,48,eval,1,outbound,DQN,-112.832,0,59,0,0,0,0,,L08,0,0,0,0,426.0549,0,0,0
twoway_DQN_vs_DQN_clean,DQN_vs_DQN,clean,0,0,6,48,eval,2,outbound,DQN,-115.416,0,59,0,0,0,0,,L02,0,0,0,0,155.4056,0,0,0
twoway_DQN_vs_DQN_clean,DQN_vs_DQN,clean,0,0,6,48,eval,3,outbound,DQN,-115.416,0,59,0,0,0,0,,L02,0,0,0,0,150.6808,0,0,0
twoway_DQN_vs_DQN_clean,DQN_vs_DQN,clean,0,0,6,48,eval,4,outbound,DQN,111.432,1,11,0,0,0,0,0,L08,0,0,0,0,235.9046,0,0,0
twoway_DQN_vs_DQN_clean,DQN_vs_DQN,clean,0,0,6,48,eval,5,outbound,DQN,-112.934,0,59,0,0,0,0,,L08,0,0,0,0,411.529,0,0,0
twoway_DQN_vs_DQN_clean,DQN_vs_DQN,clean,0,0,6,48,eval,6,outbound,DQN,111.432,1,11,0,0,0,0,0,L08,0,0,0,0,235.9046,0,0,0
twoway_DQN_vs_DQN_clean,DQN_vs_DQN,clean,0,0,6,48,eval,7,outbound,DQN,-112.966,0,59,0,0,0,0,,L08,0,0,0,0,426.0549,0,0,0
twoway_DQN_vs_DQN_clean,DQN_vs_DQN,clean,0,0,6,48,eval,8,outbound,DQN,-115.416,0,59,0,0,0,0,,L02,0,0,0,0,150.6808,0,0,0
twoway_DQN_vs_DQN_clean,DQN_vs_DQN,clean,0,0,6,48,eval,9,outbound,DQN,-115.416,0,59,0,0,0,0,,L02,0,0,0,0,155.4056,0,0,0
twoway_DQN_vs_DQN_clean,DQN_vs_DQN,clean,0,0,6,48,eval,10,outbound,DQN,111.432,1,11,0,0,0,0,0,L08,0,0,0,0,235.9046,0,0,0
twoway_DQN_vs_DQN_clean,DQN_vs_DQN,clean,0,0,6,48,eval,11,outbound,DQN,-115.416,0,59,0,0,0,0,,L02,0,0,0,0,150.6808,0,0,0
twoway_DQN_vs_DQN_clean,DQN_vs_DQN,clean,0,0,6,48,eval,12,outbound,DQN,-115.416,0,59,0,0,0,0,,L02,0,0,0,0,150.6808,0,0,0
twoway_DQN_vs_DQN_clean,DQN_vs_DQN,clean,0,0,6,48,eval,13,outbound,DQN,-115.416,0,59,0,0,0,0,,L02,0,0,0,0,150.6808,0,0,0
twoway_DQN_vs_DQN_clean,DQN_vs_DQN,clean,0,0,6,48,eval,14,outbound,DQN,-115.416,0,59,0,0,0,0,,L02,0,0,0,0,155.4056,0,0,0
twoway_DQN_vs_DQN_clean,DQN_vs_DQN,clean,0,0,6,48,eval,15,outbound,DQN,-115.534,0,59,0,0,0,0,,L02,0,0,0,0,155.4056,0,0,0
twoway_DQN_vs_DQN_clean,DQN_vs_DQN,clean,0,0,6,48,eval,16,outbound,DQN,-112.966,0,59,0,0,0,0,,L08,0,0,0,0,426.0549,0,0,0
twoway_DQN_vs_DQN_clean,DQN_vs_DQN,clean,0,0,6,48,eval,17,outbound,DQN,-115.416,0,59,0,0,0,0,,L02,0,0,0,0,150.6808,0,0,0
twoway_DQN_vs_DQN_clean,DQN_vs_DQN,clean,0,0,6,48,eval,18,outbound,DQN,111.432,1,11,0,0,0,0,0,L08,0,0,0,0,235.9046,0,0,0
twoway_DQN_vs_DQN_clean,DQN_vs_DQN,clean,0,0,6,48,eval,19,outbound,DQN,-115.534,0,59,0,0,0,0,,L02,0,0,0,0,155.4056,0,0,0
twoway_DQN_vs_DQN_clean,DQN_vs_DQN,clean,0,0,6,48,eval,20,outbound,DQN,-112.966,0,59,0,0,0,0,,L08,0,0,0,0,344.4236,0,0,0
twoway_DQN_vs_DQN_clean,DQN_vs_DQN,clean,0,0,6,48,eval,21,outbound,DQN,-115.416,0,59,0,0,0,0,,L02,0,0,0,0,155.4056,0,0,0
twoway_DQN_vs_DQN_clean,DQN_vs_DQN,clean,0,0,6,48,eval,22,outbound,DQN,111.432,1,11,0,0,0,0,0,L08,0,0,0,0,235.9046,0,0,0
twoway_DQN_vs_DQN_clean,DQN_vs_DQN,clean,0,0,6,48,eval,23,outbound,DQN,111.432,1,11,0,0,0,0,0,L08,0,0,0,0,235.9046,0,0,0
twoway_DQN_vs_DQN_clean,DQN_vs_DQN,clean,0,0,6,48,eval,24,outbound,DQN,111.432,1,11,0,0,0,0,0,L08,0,0,0,0,235.9046,0,0,0
twoway_DQN_vs_DQN_clean,DQN_vs_DQN,clean,0,0,6,48,eval,25,outbound,DQN,-112.934,0,59,0,0,0,0,,L08,0,0,0,0,411.529,0,0,0
twoway_DQN_vs_DQN_clean,DQN_vs_DQN,clean,0,0,6,48,eval,26,outbound,DQN,-112.966,0,59,0,0,0,0,,L08,0,0,0,0,426.0549,0,0,0
twoway_DQN_vs_DQN_clean,DQN_vs_DQN,clean,0,0,6,48,eval,27,outbound,DQN,-115.534,0,59,0,0,0,0,,L02,0,0,0,0,155.4056,0,0,0
twoway_DQN_vs_DQN_clean,DQN_vs_DQN,clean,0,0,6,48,eval,28,outbound,DQN,-115.416,0,59,0,0,0,0,,L02,0,0,0,0,150.6808,0,0,0
twoway_DQN_vs_DQN_clean,DQN_vs_DQN,clean,0,0,6,48,eval,29,outbound,DQN,-115.416,0,59,0,0,0,0,,L02,0,0,0,0,150.6808,0,0,0
twoway_DQN_vs_DQN_clean,DQN_vs_DQN,clean,0,0,6,48,eval,30,outbound,DQN,-115.534,0,59,0,0,0,0,,L02,0,0,0,0,150.6808,0,0,0
twoway_DQN_vs_DQN_clean,DQN_vs_DQN,clean,0,0,7,49,eval,1,inbound,DQN,-143.8895,0,59,0,20.7766,0,0,,L08,0,0,0,0,265.6712,0,0,0
twoway_DQN_vs_DQN_clean,DQN_vs_DQN,clean,0,0,7,49,eval,2,inbound,DQN,-145.8652,0,59,0,30.3395,0,0,,L08,0,0,0,0,251.5072,0,0,0
twoway_DQN_vs_DQN_clean,DQN_vs_DQN,clean,0,0,7,49,eval,3,inbound,DQN,-145.8652,0,59,0,30.3395,0,0,,L08,0,0,0,0,251.5072,0,0,0
twoway_DQN_vs_DQN_clean,DQN_vs_DQN,clean,0,0,7,49,eval,4,inbound,DQN,-143.8895,0,59,0,20.7766,0,0,,L08,0,0,0,0,265.6712,0,0,0
twoway_DQN_vs_DQN_clean,DQN_vs_DQN,clean,0,0,7,49,eval,5,inbound,DQN,-145.8652,0,59,0,30.3395,0,0,,L08,0,0,0,0,251.5072,0,0,0
twoway_DQN_vs_DQN_clean,DQN_vs_DQN,clean,0,0,7,49,eval,6,inbound,DQN,-143.8895,0,59,0,20.7766,0,0,,L08,0,0,0,0,265.6712,0,0,0
twoway_DQN_vs_DQN_clean,DQN_vs_DQN,clean,0,0,7,49,eval,7,inbound,DQN,-145.8652,0,59,0,30.3395,0,0,,L08,0,0,0,0,251.5072,0,0,0
twoway_DQN_vs_DQN_clean,DQN_vs_DQN,clean,0,0,7,49,eval,8,inbound,DQN,-137.4738,0,59,0,10.1053,0,0,,L08,0,0,0,0,379.6516,0,0,0
twoway_DQN_vs_DQN_clean,DQN_vs_DQN,clean,0,0,7,49,eval,9,inbound,DQN,-169.9191,0,59,0,185.9378,0,0,,L02,0,0,0,0,274.2863,0,0,0
twoway_DQN_vs_DQN_clean,DQN_vs_DQN,clean,0,0,7,49,eval,10,inbound,DQN,-145.8652,0,59,0,30.3395,0,0,,L08,0,0,0,0,251.5072,0,0,0
twoway_DQN_vs_DQN_clean,DQN_vs_DQN,clean,0,0,7,49,eval,11,inbound,DQN,-143.8895,0,59,0,20.7766,0,0,,L08,0,0,0,0,265.6712,0,0,0
twoway_DQN_vs_DQN_clean,DQN_vs_DQN,clean,0,0,7,49,eval,12,inbound,DQN,-127.411,0,59,0,0,0,0,,L02,0,0,0,0,180.7812,0,0,0
twoway_DQN_vs_DQN_clean,DQN_vs_DQN,clean,0,0,7,49,eval,13,inbound,DQN,-128.402,0,59,0,0,0,0,,L02,0,0,0,0,174.4716,0,0,0
twoway_DQN_vs_DQN_clean,DQN_vs_DQN,clean,0,0,7,49,eval,14,inbound,DQN,-127.411,0,59,0,0,0,0,,L02,0,0,0,0,180.7812,0,0,0
twoway_DQN_vs_DQN_clean,DQN_vs_DQN,clean,0,0,7,49,eval,15,inbound,DQN,-137.4738,0,59,0,10.1053,0,0,,L08,0,0,0,0,379.6516,0,0,0
twoway_DQN_vs_DQN_clean,DQN_vs_DQN,clean,0,0,7,49,eval,16,inbound,DQN,-129.55,0,59,0,0,0,0,,L02,0,0,0,0,180.7812,0,0,0
twoway_DQN_vs_DQN_clean,DQN_vs_DQN,clean,0,0,7,49,eval,17,inbound,DQN,-171.329,0,59,0,192.0689,0,0,,L02,0,0,0,0,243.8615,0,0,0
twoway_DQN_vs_DQN_clean,DQN_vs_DQN,clean,0,0,7,49,eval,18,inbound,DQN,-137.4738,0,59,0,10.1053,0,0,,L08,0,0,0,0,379.6516,0,0,0
twoway_DQN_vs_DQN_clean,DQN_vs_DQN,clean,0,0,7,49,eval,19,inbound,DQN,-127.411,0,59,0,0,0,0,,L02,0,0,0,0,180.7812,0,0,0
twoway_DQN_vs_DQN_clean,DQN_vs_DQN,clean,0,0,7,49,eval,20,inbound,DQN,-128.402,0,59,0,0,0,0,,L02,0,0,0,0,174.4716,0,0,0
twoway_DQN_vs_DQN_clean,DQN_vs_DQN,clean,0,0,7,49,eval,21,inbound,DQN,-137.4738,0,59,0,10.1053,0,0,,L08,0,0,0,0,379.6516,0,0,0
twoway_DQN_vs_DQN_clean,DQN_vs_DQN,clean,0,0,7,49,eval,22,inbound,DQN,-137.4738,0,59,0,10.1053,0,0,,L08,0,0,0,0,379.6516,0,0,0
twoway_DQN_vs_DQN_clean,DQN_vs_DQN,clean,0,0,7,49,eval,23,inbound,DQN,-143.8895,0,59,0,20.7766,0,0,,L08,0,0,0,0,265.6712,0,0,0
twoway_DQN_vs_DQN_clean,DQN_vs_DQN,clean,0,0,7,49,eval,24,inbound,DQN,-143.8895,0,59,0,20.7766,0,0,,L08,0,0,0,0,265.6712,0,0,0
twoway_DQN_vs_DQN_clean,DQN_vs_DQN,clean,0,0,7,49,eval,25,inbound,DQN,-137.4738,0,59,0,10.1053,0,0,,L08,0,0,0,0,379.6516,0,0,0
twoway_DQN_vs_DQN_clean,DQN_vs_DQN,clean,0,0,7,49,eval,26,inbound,DQN,-128.402,0,59,0,0,0,0,,L02,0,0,0,0,174.4716,0,0,0
twoway_DQN_vs_DQN_clean,DQN_vs_DQN,clean,0,0,7,49,eval,27,inbound,DQN,-143.8895,0,59,0,20.7766,0,0,,L08,0,0,0,0,265.6712,0,0,0
twoway_DQN_vs_DQN_clean,DQN_vs_DQN,clean,0,0,7,49,eval,28,inbound,DQN,-128.402,0,59,0,0,0,0,,L02,0,0,0,0,174.4716,0,0,0
twoway_DQN_vs_DQN_clean,DQN_vs_DQN,clean,0,0,7,49,eval,29,inbound,DQN,-143.8895,0,59,0,20.7766,0,0,,L08,0,0,0,0,265.6712,0,0,0
twoway_DQN_vs_DQN_clean,DQN_vs_DQN,clean,0,0,7,49,eval,30,inbound,DQN,-169.9191,0,59,0,185.9378,0,0,,L02,0,0,0,0,274.3393,0,0,0
twoway_DQN_vs_DQN_clean,DQN_vs_DQN,clean,0,0,7,49,eval,1,outbound,DQN,-113.998,0,59,0,0,0,0,,L08,0,0,0,0,265.6712,0,0,0
twoway_DQN_vs_DQN_clean,DQN_vs_DQN,clean,0,0,7,49,eval,2,outbound,DQN,-113.998,0,59,0,0,0,0,,L08,0,0,0,0,251.5072,0,0,0
twoway_DQN_vs_DQN_clean,DQN_vs_DQN,clean,0,0,7,49,eval,3,outbound,DQN,-113.998,0,59,0,0,0,0,,L08,0,0,0,0,251.5072,0,0,0
twoway_DQN_vs_DQN_clean,DQN_vs_DQN,clean,0,0,7,49,eval,4,outbound,DQN,-113.998,0,59,0,0,0,0,,L08,0,0,0,0,265.6712,0,0,0
twoway_DQN_vs_DQN_clean,DQN_vs_DQN,clean,0,0,7,49,eval,5,outbound,DQN,-113.998,0,59,0,0,0,0,,L08,0,0,0,0,251.5072,0,0,0
twoway_DQN_vs_DQN_clean,DQN_vs_DQN,clean,0,0,7,49,eval,6,outbound,DQN,-113.998,0,59,0,0,0,0,,L08,0,0,0,0,265.6712,0,0,0
twoway_DQN_vs_DQN_clean,DQN_vs_DQN,clean,0,0,7,49,eval,7,outbound,DQN,-113.998,0,59,0,0,0,0,,L08,0,0,0,0,251.5072,0,0,0
twoway_DQN_vs_DQN_clean,DQN_vs_DQN,clean,0,0,7,49,eval,8,outbound,DQN,-113.998,0,59,0,0,0,0,,L08,0,0,0,0,379.6516,0,0,0
twoway_DQN_vs_DQN_clean,DQN_vs_DQN,clean,0,0,7,49,eval,9,outbound,DQN,109.673,1,13,0,0,0,0,0,L02,0,0,0,0,274.2863,0,0,0
twoway_DQN_vs_DQN_clean,DQN_vs_DQN,clean,0,0,7,49,eval,10,outbound,DQN,-113.998,0,59,0,0,0,0,,L08,0,0,0,0,251.5072,0,0,0
twoway_DQN_vs_DQN_clean,DQN_vs_DQN,clean,0,0,7,49,eval,11,outbound,DQN,-113.998,0,59,0,0,0,0,,L08,0,0,0,0,265.6712,0,0,0
twoway_DQN_vs_DQN_clean,DQN_vs_DQN,clean,0,0,7,49,eval,12,outbound,DQN,-113.878,0,59,0,0,0,0,,L02,0,0,0,0,180.7812,0,0,0
twoway_DQN_vs_DQN_clean,DQN_vs_DQN,clean,0,0,7,49,eval,13,outbound,DQN,-113.893,0,59,0,0,0,0,,L02,0,0,0,0,174.4716,0,0,0
twoway_DQN_vs_DQN_clean,DQN_vs_DQN,clean,0,0,7,49,eval,14,outbound,DQN,-113.878,0,59,0,0,0,0,,L02,0,0,0,0,180.7812,0,0,0
twoway_DQN_vs_DQN_clean,DQN_vs_DQN,clean,0,0,7,49,eval,15,outbound,DQN,-113.998,0,59,0,0,0,0,,L08,0,0,0,0,379.6516,0,0,0
twoway_DQN_vs_DQN_clean,DQN_vs_DQN,clean,0,0,7,49,eval,16,outbound,DQN,-113.878,0,59,0,0,0,0,,L02,0,0,0,0,180.7812,0,0,0
twoway_DQN_vs_DQN_clean,DQN_vs_DQN,clean,0,0,7,49,eval,17,outbound,DQN,109.012,1,14,0,0,0,0,0,L02,0,0,0,0,243.8615,0,0,0
twoway_DQN_vs_DQN_clean,DQN_vs_DQN,clean,0,0,7,49,eval,18,outbound,DQN,-113.998,0,59,0,0,0,0,,L08,0,0,0,0,379.6516,0,0,0
twoway_DQN_vs_DQN_clean,DQN_vs_DQN,clean,0,0,7,49,eval,19,outbound,DQN,-113.878,0,59,0,0,0,0,,L02,0,0,0,0,180.7812,0,0,0
twoway_DQN_vs_DQN_clean,DQN_vs_DQN,clean,0,0,7,49,eval,20,outbound,DQN,-113.878,0,59,0,0,0,0,,L02,0,0,0,0,174.4716,0,0,0
twoway_DQN_vs_DQN_clean,DQN_vs_DQN,clean,0,0,7,49,eval,21,outbound,DQN,-113.998,0,59,0,0,0,0,,L08,0,0,0,0,379.6516,0,0,0
twoway_DQN_vs_DQN_clean,DQN_vs_DQN,clean,0,0,7,49,eval,22,outbound,DQN,-113.998,0,59,0,0,0,0,,L08,0,0,0,0,379.6516,0,0,0
twoway_DQN_vs_DQN_clean,DQN_vs_DQN,clean,0,0,7,49,eval,23,outbound,DQN,-113.998,0,59,0,0,0,0,,L08,0,0,0,0,265.6712,0,0,0
twoway_DQN_vs_DQN_clean,DQN_vs_DQN,clean,0,0,7,49,eval,24,outbound,DQN,-113.998,0,59,0,0,0,0,,L08,0,0,0,0,265.6712,0,0,0
twoway_DQN_vs_DQN_clean,DQN_vs_DQN,clean,0,0,7,49,eval,25,outbound,DQN,-113.998,0,59,0,0,0,0,,L08,0,0,0,0,379.6516,0,0,0
twoway_DQN_vs_DQN_clean,DQN_vs_DQN,clean,0,0,7,49,eval,26,outbound,DQN,-113.878,0,59,0,0,0,0,,L02,0,0,0,0,174.4716,0,0,0
twoway_DQN_vs_DQN_clean,DQN_vs_DQN,clean,0,0,7,49,eval,27,outbound,DQN,-113.998,0,59,0,0,0,0,,L08,0,0,0,0,265.6712,0,0,0
twoway_DQN_vs_DQN_clean,DQN_vs_DQN,clean,0,0,7,49,eval,28,outbound,DQN,-113.878,0,59,0,0,0,0,,L02,0,0,0,0,174.4716,0,0,0
twoway_DQN_vs_DQN_clean,DQN_vs_DQN,clean,0,0,7,49,eval,29,outbound,DQN,-113.998,0,59,0,0,0,0,,L08,0,0,0,0,265.6712,0,0,0
twoway_DQN_vs_DQN_clean,DQN_vs_DQN,clean,0,0,7,49,eval,30,outbound,DQN,110.443,1,12,0,0,0,0,0,L02,0,0,0,0,274.3393,0,0,0
twoway_DQN_vs_DQN_mid,DQN_vs_DQN,mid,0.1,0.2,0,42,eval,1,inbound,DQN,-128.8004,0,59,0,5.7155,22,7,,L08,0,0,0,0,251.5072,0,0,0
twoway_DQN_vs_DQN_mid,DQN_vs_DQN,mid,0.1,0.2,0,42,eval,2,inbound,DQN,-129.6042,0,59,0,5.8481,24,13,,L08,0,0,0,0,102.575,0,0,0
twoway_DQN_vs_DQN_mid,DQN_vs_DQN,mid,0.1,0.2,0,42,eval,3,inbound,DQN,-117.983,0,59,0,26.5037,27,10,,L02,0,0,0,0,161.3106,0,0,0
twoway_DQN_vs_DQN_mid,DQN_vs_DQN,mid,0.1,0.2,0,42,eval,4,inbound,DQN,78.2441,1,28,0,6.1592,9,6,7.0157,L02,0,0,0,0,73.1384,0,0,0
twoway_DQN_vs_DQN_mid,DQN_vs_DQN,mid,0.1,0.2,0,42,eval,5,inbound,DQN,-125.2243,0,59,0,10.9695,28,9,,L02,0,0,0,0,141.8732,0,0,0
twoway_DQN_vs_DQN_mid,DQN_vs_DQN,mid,0.1,0.2,0,42,eval,6,inbound,DQN,-129.6986,0,59,0,6.1862,23,16,,L08,0,0,0,0,251.5072,0,0,0
twoway_DQN_vs_DQN_mid,DQN_vs_DQN,mid,0.1,0.2,0,42,eval,7,inbound,DQN,-131.02,0,59,0,6.6087,34,9,,L08,0,0,0,0,265.6712,0,0,0
twoway_DQN_vs_DQN_mid,DQN_vs_DQN,mid,0.1,0.2,0,42,eval,8,inbound,DQN,-1014.0855,0,59,5,5.8407,25,14,,L08,3,1,24,0,0,25,14,9
twoway_DQN_vs_DQN_mid,DQN_vs_DQN,mid,0.1,0.2,0,42,eval,9,inbound,DQN,-144.8279,0,59,1,95.0525,22,15,,L02,0,0,0,0,161.3106,0,0,0
twoway_DQN_vs_DQN_mid,DQN_vs_DQN,mid,0.1,0.2,0,42,eval,10,inbound,DQN,-130.9988,0,59,0,6.3451,31,16,,L08,0,0,0,0,233.6044,0,0,0
twoway_DQN_vs_DQN_mid,DQN_vs_DQN,mid,0.1,0.2,0,42,eval,11,inbound,DQN,-121.4909,0,59,0,21.2611,27,15,,L02,0,0,0,0,155.4056,0,0,0
twoway_DQN_vs_DQN_mid,DQN_vs_DQN,mid,0.1,0.2,0,42,eval,12,inbound,DQN,-131.8607,0,59,0,5.9965,23,15,,L08,0,0,0,0,251.5072,0,0,0
twoway_DQN_vs_DQN_mid,DQN_vs_DQN,mid,0.1,0.2,0,42,eval,13,inbound,DQN,-131.1261,0,59,0,6.0155,22,9,,L08,0,0,0,0,102.575,0,0,0
twoway_DQN_vs_DQN_mid,DQN_vs_DQN,mid,0.1,0.2,0,42,eval,14,inbound,DQN,-143.4794,0,59,1,101.9225,19,14,,L02,0,0,0,0,130,0,0,0
twoway_DQN_vs_DQN_mid,DQN_vs_DQN,mid,0.1,0.2,0,42,eval,15,inbound,DQN,54.5815,1,25,0,5.194,3,6,5.3186,L02,1,1,1,0,0,3,1,0
twoway_DQN_vs_DQN_mid,DQN_vs_DQN,mid,0.1,0.2,0,42,eval,16,inbound,DQN,-129.6505,0,59,0,6.0572,29,9,,L08,0,0,0,0,251.5072,0,0,0
twoway_DQN_vs_DQN_mid,DQN_vs_DQN,mid,0.1,0.2,0,42,eval,17,inbound,DQN,-227.8749,0,59,0,5.2062,4,7,,L02,1,1,3,2,14.5602,38,6,6
twoway_DQN_vs_DQN_mid,DQN_vs_DQN,mid,0.1,0.2,0,42,eval,18,inbound,DQN,-130.4117,0,59,0,5.917,27,7,,L08,0,0,0,0,251.5072,0,0,0
twoway_DQN_vs_DQN_mid,DQN_vs_DQN,mid,0.1,0.2,0,42,eval,19,inbound,DQN,-130.2183,0,59,0,5.7526,21,14,,L08,0,0,0,0,251.5072,0,0,0
twoway_DQN_vs_DQN_mid,DQN_vs_DQN,mid,0.1,0.2,0,42,eval,20,inbound,DQN,-217.5696,0,59,1,293.2568,23,13,,L02,0,0,0,0,454.7663,0,0,0
twoway_DQN_vs_DQN_mid,DQN_vs_DQN,mid,0.1,0.2,0,42,eval,21,inbound,DQN,-129.8532,0,59,0,6.2407,27,15,,L08,0,0,0,0,251.5072,0,0,0
twoway_DQN_vs_DQN_mid,DQN_vs_DQN,mid,0.1,0.2,0,42,eval,22,inbound,DQN,-132.2735,0,59,0,5.6376,20,10,,L08,0,0,0,0,251.5072,0,0,0
twoway_DQN_vs_DQN_mid,DQN_vs_DQN,mid,0.1,0.2,0,42,eval,23,inbound,DQN,-123.1267,0,59,0,29.9248,24,14,,L02,0,0,0,0,141.8732,0,0,0
twoway_DQN_vs_DQN_mid,DQN_vs_DQN,mid,0.1,0.2,0,42,eval,24,inbound,DQN,-130.6258,0,59,0,5.6794,24,16,,L08,0,0,0,0,233.6044,0,0,0
twoway_DQN_vs_DQN_mid,DQN_vs_DQN,mid,0.1,0.2,0,42,eval,25,inbound,DQN,-209.7203,0,59,1,262.0044,23,12,,L02,0,0,0,0,483.9396,0,0,0
twoway_DQN_vs_DQN_mid,DQN_vs_DQN,mid,0.1,0.2,0,42,eval,26,inbound,DQN,-131.463,0,59,0,6.0342,28,10,,L08,0,0,0,0,265.6712,0,0,0
twoway_DQN_vs_DQN_mid,DQN_vs_DQN,mid,0.1,0.2,0,42,eval,27,inbound,DQN,-129.8811,0,59,0,5.7831,20,15,,L08,0,0,0,0,265.6712,0,0,0
twoway_DQN_vs_DQN_mid,DQN_vs_DQN,mid,0.1,0.2,0,42,eval,28,inbound,DQN,-140.9436,0,59,1,56.7106,29,9,,L02,0,0,0,0,161.3106,0,0,0
twoway_DQN_vs_DQN_mid,DQN_vs_DQN,mid,0.1,0.2,0,42,eval,29,inbound,DQN,-132.2564,0,59,0,6.1497,29,11,,L08,0,0,0,0,265.6712,0,0,0
twoway_DQN_vs_DQN_mid,DQN_vs_DQN,mid,0.1,0.2,0,42,eval,30,inbound,DQN,-132.5217,0,59,0,5.8734,25,9,,L08,0,0,0,0,251.5072,0,0,0
twoway_DQN_vs_DQN_mid,DQN_vs_DQN,mid,0.1,0.2,0,42,eval,1,outbound,DQN,-127.6167,0,59,0,5.9542,0,10,,L08,0,0,0,0,251.5072,0,0,0
twoway_DQN_vs_DQN_mid,DQN_vs_DQN,mid,0.1,0.2,0,42,eval,2,outbound,DQN,-153.234,0,59,1,5.783,11,13,,L08,0,0,0,0,102.575,0,0,0
twoway_DQN_vs_DQN_mid,DQN_vs_DQN,mid,0.1,0.2,0,42,eval,3,outbound,DQN,-290.7897,0,59,6,103.6461,16,10,,L02,0,0,0,0,161.3106,0,0,0
twoway_DQN_vs_DQN_mid,DQN_vs_DQN,mid,0.1,0.2,0,42,eval,4,outbound,DQN,-275.9723,0,59,5,120.7828,11,15,,L02,0,0,0,0,73.1384,0,0,0
twoway_DQN_vs_DQN_mid,DQN_vs_DQN,mid,0.1,0.2,0,42,eval,5,outbound,DQN,-116.2383,0,59,0,5.6058,0,9,,L02,0,0,0,0,141.8732,0,0,0
twoway_DQN_vs_DQN_mid,DQN_vs_DQN,mid,0.1,0.2,0,42,eval,6,outbound,DQN,-116.4237,0,59,0,6.0027,0,14,,L08,0,0,0,0,251.5072,0,0,0
twoway_DQN_vs_DQN_mid,DQN_vs_DQN,mid,0.1,0.2,0,42,eval,7,outbound,DQN,-116.4444,0,59,0,5.7848,0,15,,L08,0,0,0,0,265.6712,0,0,0
twoway_DQN_vs_DQN_mid,DQN_vs_DQN,mid,0.1,0.2,0,42,eval,8,outbound,DQN,-1080.2352,0,59,7,5.7313,8,14,,L08,3,1,24,0,0,25,14,9
twoway_DQN_vs_DQN_mid,DQN_vs_DQN,mid,0.1,0.2,0,42,eval,9,outbound,DQN,-117.9358,0,59,0,5.9389,0,19,,L02,0,0,0,0,161.3106,0,0,0
twoway_DQN_vs_DQN_mid,DQN_vs_DQN,mid,0.1,0.2,0,42,eval,10,outbound,DQN,-116.5175,0,59,0,6.6555,0,12,,L08,0,0,0,0,233.6044,0,0,0
twoway_DQN_vs_DQN_mid,DQN_vs_DQN,mid,0.1,0.2,0,42,eval,11,outbound,DQN,-120.546,0,59,0,5.4175,0,9,,L02,0,0,0,0,155.4056,0,0,0
twoway_DQN_vs_DQN_mid,DQN_vs_DQN,mid,0.1,0.2,0,42,eval,12,outbound,DQN,-116.3479,0,59,0,5.7925,0,15,,L08,0,0,0,0,251.5072,0,0,0
twoway_DQN_vs_DQN_mid,DQN_vs_DQN,mid,0.1,0.2,0,42,eval,13,outbound,DQN,-154.7058,0,59,1,6.1819,25,11,,L08,0,0,0,0,102.575,0,0,0
twoway_DQN_vs_DQN_mid,DQN_vs_DQN,mid,0.1,0.2,0,42,eval,14,outbound,DQN,-117.0778,0,59,0,5.7008,0,7,,L02,0,0,0,0,130,0,0,0
twoway_DQN_vs_DQN_mid,DQN_vs_DQN,mid,0.1,0.2,0,42,eval,15,outbound,DQN,-282.5777,0,59,4,117.4513,15,6,,L02,1,1,1,0,0,3,1,0
twoway_DQN_vs_DQN_mid,DQN_vs_DQN,mid,0.1,0.2,0,42,eval,16,outbound,DQN,-116.4324,0,59,0,6.1065,0,11,,L08,0,0,0,0,251.5072,0,0,0
twoway_DQN_vs_DQN_mid,DQN_vs_DQN,mid,0.1,0.2,0,42,eval,17,outbound,DQN,-290.856,0,59,0,5.8509,0,10,,L02,1,1,3,2,14.5602,38,6,6
twoway_DQN_vs_DQN_mid,DQN_vs_DQN,mid,0.1,0.2,0,42,eval,18,outbound,DQN,-127.7148,0,59,0,6.0621,0,21,,L08,0,0,0,0,251.5072,0,0,0
twoway_DQN_vs_DQN_mid,DQN_vs_DQN,mid,0.1,0.2,0,42,eval,19,outbound,DQN,-120.3454,0,59,0,5.368,0,10,,L08,0,0,0,0,251.5072,0,0,0
twoway_DQN_vs_DQN_mid,DQN_vs_DQN,mid,0.1,0.2,0,42,eval,20,outbound,DQN,-117.0931,0,59,0,5.5843,0,12,,L02,0,0,0,0,454.7663,0,0,0
twoway_DQN_vs_DQN_mid,DQN_vs_DQN,mid,0.1,0.2,0,42,eval,21,outbound,DQN,-116.4547,0,59,0,5.7875,0,16,,L08,0,0,0,0,251.5072,0,0,0
twoway_DQN_vs_DQN_mid,DQN_vs_DQN,mid,0.1,0.2,0,42,eval,22,outbound,DQN,-116.5863,0,59,0,6.2978,0,13,,L08,0,0,0,0,251.5072,0,0,0
twoway_DQN_vs_DQN_mid,DQN_vs_DQN,mid,0.1,0.2,0,42,eval,23,outbound,DQN,-121.3363,0,59,0,5.7439,0,10,,L02,0,0,0,0,141.8732,0,0,0
twoway_DQN_vs_DQN_mid,DQN_vs_DQN,mid,0.1,0.2,0,42,eval,24,outbound,DQN,-127.8774,0,59,0,6.1571,0,14,,L08,0,0,0,0,233.6044,0,0,0
twoway_DQN_vs_DQN_mid,DQN_vs_DQN,mid,0.1,0.2,0,42,eval,25,outbound,DQN,-117.1038,0,59,0,6.1718,0,10,,L02,0,0,0,0,483.9396,0,0,0
twoway_DQN_vs_DQN_mid,DQN_vs_DQN,mid,0.1,0.2,0,42,eval,26,outbound,DQN,-119.9999,0,59,0,5.9099,0,11,,L08,0,0,0,0,265.6712,0,0,0
twoway_DQN_vs_DQN_mid,DQN_vs_DQN,mid,0.1,0.2,0,42,eval,27,outbound,DQN,-120.556,0,59,0,5.9842,0,9,,L08,0,0,0,0,265.6712,0,0,0
twoway_DQN_vs_DQN_mid,DQN_vs_DQN,mid,0.1,0.2,0,42,eval,28,outbound,DQN,-196.1451,0,59,2,108.7223,19,10,,L02,0,0,0,0,161.3106,0,0,0
twoway_DQN_vs_DQN_mid,DQN_vs_DQN,mid,0.1,0.2,0,42,eval,29,outbound,DQN,-124.9741,0,59,0,6.372,0,10,,L08,0,0,0,0,265.6712,0,0,0
twoway_DQN_vs_DQN_mid,DQN_vs_DQN,mid,0.1,0.2,0,42,eval,30,outbound,DQN,-117.121,0,59,0,5.8447,0,18,,L08,0,0,0,0,251.5072,0,0,0
twoway_DQN_vs_DQN_mid,DQN_vs_DQN,mid,0.1,0.2,1,43,eval,1,inbound,DQN,-125.8051,0,59,0,5.4749,12,10,,L02,0,0,0,0,132.484,0,0,0
twoway_DQN_vs_DQN_mid,DQN_vs_DQN,mid,0.1,0.2,1,43,eval,2,inbound,DQN,-127.4598,0,59,0,5.9153,23,10,,L02,0,0,0,0,136.4844,0,0,0
twoway_DQN_vs_DQN_mid,DQN_vs_DQN,mid,0.1,0.2,1,43,eval,3,inbound,DQN,-130.4486,0,59,0,6.0415,28,15,,L08,0,0,0,0,102.9563,0,0,0
twoway_DQN_vs_DQN_mid,DQN_vs_DQN,mid,0.1,0.2,1,43,eval,4,inbound,DQN,-197.6049,0,59,2,173.5249,22,10,,L08,0,0,0,0,379.6516,0,0,0
twoway_DQN_vs_DQN_mid,DQN_vs_DQN,mid,0.1,0.2,1,43,eval,5,inbound,DQN,-133.6728,0,59,0,5.9813,30,11,,L08,0,0,0,0,170.7601,0,0,0
twoway_DQN_vs_DQN_mid,DQN_vs_DQN,mid,0.1,0.2,1,43,eval,6,inbound,DQN,-316.8971,0,59,1,13.9542,8,14,,L02,1,1,5,2,0,24,4,3
twoway_DQN_vs_DQN_mid,DQN_vs_DQN,mid,0.1,0.2,1,43,eval,7,inbound,DQN,-159.189,0,59,1,50.8272,28,13,,L08,0,0,0,0,394.1452,0,0,0
twoway_DQN_vs_DQN_mid,DQN_vs_DQN,mid,0.1,0.2,1,43,eval,8,inbound,DQN,-127.6269,0,59,0,73.6532,29,9,,L08,0,0,0,0,362.1344,0,0,0
twoway_DQN_vs_DQN_mid,DQN_vs_DQN,mid,0.1,0.2,1,43,eval,9,inbound,DQN,-1390.1584,0,59,2,7.1082,4,10,,L02,5,1,38,1,0,45,16,14
twoway_DQN_vs_DQN_mid,DQN_vs_DQN,mid,0.1,0.2,1,43,eval,10,inbound,DQN,-170.9596,0,59,1,136.7381,25,16,,L08,0,0,0,0,379.6516,0,0,0
twoway_DQN_vs_DQN_mid,DQN_vs_DQN,mid,0.1,0.2,1,43,eval,11,inbound,DQN,-138.4244,0,59,0,29.1164,25,14,,L08,0,0,0,0,170.7601,0,0,0
twoway_DQN_vs_DQN_mid,DQN_vs_DQN,mid,0.1,0.2,1,43,eval,12,inbound,DQN,-126.6425,0,59,0,5.9415,21,10,,L02,0,0,0,0,130,0,0,0
twoway_DQN_vs_DQN_mid,DQN_vs_DQN,mid,0.1,0.2,1,43,eval,13,inbound,DQN,-194.793,0,59,2,127.8775,29,11,,L08,0,0,0,0,379.6516,0,0,0
twoway_DQN_vs_DQN_mid,DQN_vs_DQN,mid,0.1,0.2,1,43,eval,14,inbound,DQN,-166.1955,0,59,1,85.2811,26,10,,L08,0,0,0,0,203.9196,0,0,0
twoway_DQN_vs_DQN_mid,DQN_vs_DQN,mid,0.1,0.2,1,43,eval,15,inbound,DQN,-165.06,0,59,1,69.596,25,9,,L08,0,0,0,0,362.1344,0,0,0
twoway_DQN_vs_DQN_mid,DQN_vs_DQN,mid,0.1,0.2,1,43,eval,16,inbound,DQN,-124.7945,0,59,0,6.0696,12,9,,L02,0,0,0,0,132.484,0,0,0
twoway_DQN_vs_DQN_mid,DQN_vs_DQN,mid,0.1,0.2,1,43,eval,17,inbound,DQN,-164.4856,0,59,0,206.6032,29,12,,L02,0,0,0,0,486.2554,0,0,0
twoway_DQN_vs_DQN_mid,DQN_vs_DQN,mid,0.1,0.2,1,43,eval,18,inbound,DQN,-129.6248,0,59,0,5.9516,25,17,,L08,0,0,0,0,102.9563,0,0,0
twoway_DQN_vs_DQN_mid,DQN_vs_DQN,mid,0.1,0.2,1,43,eval,19,inbound,DQN,-178.9535,0,59,2,48.09,25,14,,L08,0,0,0,0,347.6873,0,0,0
twoway_DQN_vs_DQN_mid,DQN_vs_DQN,mid,0.1,0.2,1,43,eval,20,inbound,DQN,-244.5017,0,59,4,56.6109,25,11,,L02,0,0,0,0,395.212,0,0,0
twoway_DQN_vs_DQN_mid,DQN_vs_DQN,mid,0.1,0.2,1,43,eval,21,inbound,DQN,-169.3219,0,59,1,130.2098,23,17,,L08,0,0,0,0,203.9196,0,0,0
twoway_DQN_vs_DQN_mid,DQN_vs_DQN,mid,0.1,0.2,1,43,eval,22,inbound,DQN,-124.7081,0,59,0,5.8482,3,13,,L02,0,0,0,0,132.484,0,0,0
twoway_DQN_vs_DQN_mid,DQN_vs_DQN,mid,0.1,0.2,1,43,eval,23,inbound,DQN,-218.4229,0,59,2,237.1888,26,10,,L02,0,0,0,0,440.164,0,0,0
twoway_DQN_vs_DQN_mid,DQN_vs_DQN,mid,0.1,0.2,1,43,eval,24,inbound,DQN,-154.1663,0,59,1,69.4466,24,10,,L08,0,0,0,0,347.6873,0,0,0
twoway_DQN_vs_DQN_mid,DQN_vs_DQN,mid,0.1,0.2,1,43,eval,25,inbound,DQN,-197.7049,0,59,2,142.3472,18,11,,L08,0,0,0,0,379.6516,0,0,0
twoway_DQN_vs_DQN_mid,DQN_vs_DQN,mid,0.1,0.2,1,43,eval,26,inbound,DQN,-165.3134,0,59,1,89.7456,25,6,,L08,0,0,0,0,362.1344,0,0,0
twoway_DQN_vs_DQN_mid,DQN_vs_DQN,mid,0.1,0.2,1,43,eval,27,inbound,DQN,-178.2643,0,59,2,50.8171,16,10,,L08,0,0,0,0,347.6873,0,0,0
twoway_DQN_vs_DQN_mid,DQN_vs_DQN,mid,0.1,0.2,1,43,eval,28,inbound,DQN,-126.4589,0,59,0,6.2328,16,11,,L02,0,0,0,0,136.4844,0,0,0
twoway_DQN_vs_DQN_mid,DQN_vs_DQN,mid,0.1,0.2,1,43,eval,29,inbound,DQN,-126.4332,0,59,0,6.042,10,13,,L02,0,0,0,0,136.4844,0,0,0
twoway_DQN_vs_DQN_mid,DQN_vs_DQN,mid,0.1,0.2,1,43,eval,30,inbound,DQN,-125.773,0,59,0,6.0815,16,10,,L02,0,0,0,0,132.484,0,0,0
twoway_DQN_vs_DQN_mid,DQN_vs_DQN,mid,0.1,0.2,1,43,eval,1,outbound,DQN,-135.1952,0,59,0,5.5061,0,11,,L02,0,0,0,0,132.484,0,0,0
twoway_DQN_vs_DQN_mid,DQN_vs_DQN,mid,0.1,0.2,1,43,eval,2,outbound,DQN,-135.3413,0,59,0,5.8629,0,14,,L02,0,0,0,0,136.4844,0,0,0
twoway_DQN_vs_DQN_mid,DQN_vs_DQN,mid,0.1,0.2,1,43,eval,3,outbound,DQN,-120.367,0,59,0,6.1269,0,9,,L08,0,0,0,0,102.9563,0,0,0
twoway_DQN_vs_DQN_mid,DQN_vs_DQN,mid,0.1,0.2,1,43,eval,4,outbound,DQN,-116.1467,0,59,0,5.855,0,8,,L08,0,0,0,0,379.6516,0,0,0
twoway_DQN_vs_DQN_mid,DQN_vs_DQN,mid,0.1,0.2,1,43,eval,5,outbound,DQN,-116.2016,0,59,0,5.5838,0,11,,L08,0,0,0,0,170.7601,0,0,0
twoway_DQN_vs_DQN_mid,DQN_vs_DQN,mid,0.1,0.2,1,43,eval,6,outbound,DQN,-490.8551,0,59,6,52.5839,2,15,,L02,1,1,5,2,0,24,4,3
twoway_DQN_vs_DQN_mid,DQN_vs_DQN,mid,0.1,0.2,1,43,eval,7,outbound,DQN,-116.6115,0,59,0,6.2626,0,10,,L08,0,0,0,0,394.1452,0,0,0
twoway_DQN_vs_DQN_mid,DQN_vs_DQN,mid,0.1,0.2,1,43,eval,8,outbound,DQN,-127.6542,0,59,0,5.9884,0,11,,L08,0,0,0,0,362.1344,0,0,0
twoway_DQN_vs_DQN_mid,DQN_vs_DQN,mid,0.1,0.2,1,43,eval,9,outbound,DQN,-1385.1586,0,59,0,5.2339,0,14,,L02,5,1,38,1,0,45,16,14
twoway_DQN_vs_DQN_mid,DQN_vs_DQN,mid,0.1,0.2,1,43,eval,10,outbound,DQN,-116.5646,0,59,0,5.8085,0,14,,L08,0,0,0,0,379.6516,0,0,0
twoway_DQN_vs_DQN_mid,DQN_vs_DQN,mid,0.1,0.2,1,43,eval,11,outbound,DQN,-116.3894,0,59,0,6.0255,0,8,,L08,0,0,0,0,170.7601,0,0,0
twoway_DQN_vs_DQN_mid,DQN_vs_DQN,mid,0.1,0.2,1,43,eval,12,outbound,DQN,-116.6234,0,59,0,5.6903,0,10,,L02,0,0,0,0,130,0,0,0
twoway_DQN_vs_DQN_mid,DQN_vs_DQN,mid,0.1,0.2,1,43,eval,13,outbound,DQN,-116.414,0,59,0,6.16,0,18,,L08,0,0,0,0,379.6516,0,0,0
twoway_DQN_vs_DQN_mid,DQN_vs_DQN,mid,0.1,0.2,1,43,eval,14,outbound,DQN,-122.7829,0,59,0,5.8476,8,14,,L08,0,0,0,0,203.9196,0,0,0
twoway_DQN_vs_DQN_mid,DQN_vs_DQN,mid,0.1,0.2,1,43,eval,15,outbound,DQN,-116.3346,0,59,0,5.8076,0,9,,L08,0,0,0,0,362.1344,0,0,0
twoway_DQN_vs_DQN_mid,DQN_vs_DQN,mid,0.1,0.2,1,43,eval,16,outbound,DQN,-127.553,0,59,0,5.2109,0,12,,L02,0,0,0,0,132.484,0,0,0
twoway_DQN_vs_DQN_mid,DQN_vs_DQN,mid,0.1,0.2,1,43,eval,17,outbound,DQN,-116.6474,0,59,0,6.1167,0,8,,L02,0,0,0,0,486.2554,0,0,0
twoway_DQN_vs_DQN_mid,DQN_vs_DQN,mid,0.1,0.2,1,43,eval,18,outbound,DQN,-143.2096,0,59,1,5.8687,0,12,,L08,0,0,0,0,102.9563,0,0,0
twoway_DQN_vs_DQN_mid,DQN_vs_DQN,mid,0.1,0.2,1,43,eval,19,outbound,DQN,-116.3831,0,59,0,5.5517,0,6,,L08,0,0,0,0,347.6873,0,0,0
twoway_DQN_vs_DQN_mid,DQN_vs_DQN,mid,0.1,0.2,1,43,eval,20,outbound,DQN,-116.5699,0,59,0,5.7447,0,12,,L02,0,0,0,0,395.212,0,0,0
twoway_DQN_vs_DQN_mid,DQN_vs_DQN,mid,0.1,0.2,1,43,eval,21,outbound,DQN,-151.6781,0,59,1,6.091,20,18,,L08,0,0,0,0,203.9196,0,0,0
twoway_DQN_vs_DQN_mid,DQN_vs_DQN,mid,0.1,0.2,1,43,eval,22,outbound,DQN,-138.9734,0,59,0,5.5799,0,14,,L02,0,0,0,0,132.484,0,0,0
twoway_DQN_vs_DQN_mid,DQN_vs_DQN,mid,0.1,0.2,1,43,eval,23,outbound,DQN,-116.2916,0,59,0,5.3291,0,9,,L02,0,0,0,0,440.164,0,0,0
twoway_DQN_vs_DQN_mid,DQN_vs_DQN,mid,0.1,0.2,1,43,eval,24,outbound,DQN,-116.4842,0,59,0,6.2522,0,17,,L08,0,0,0,0,347.6873,0,0,0
twoway_DQN_vs_DQN_mid,DQN_vs_DQN,mid,0.1,0.2,1,43,eval,25,outbound,DQN,-120.2829,0,59,0,5.9382,0,15,,L08,0,0,0,0,379.6516,0,0,0
twoway_DQN_vs_DQN_mid,DQN_vs_DQN,mid,0.1,0.2,1,43,eval,26,outbound,DQN,-116.4641,0,59,0,6.2024,0,8,,L08,0,0,0,0,362.1344,0,0,0
twoway_DQN_vs_DQN_mid,DQN_vs_DQN,mid,0.1,0.2,1,43,eval,27,outbound,DQN,-116.7306,0,59,0,6.1566,0,12,,L08,0,0,0,0,347.6873,0,0,0
twoway_DQN_vs_DQN_mid,DQN_vs_DQN,mid,0.1,0.2,1,43,eval,28,outbound,DQN,-120.4933,0,59,0,5.9577,0,9,,L02,0,0,0,0,136.4844,0,0,0
twoway_DQN_vs_DQN_mid,DQN_vs_DQN,mid,0.1,0.2,1,43,eval,29,outbound,DQN,-124.2283,0,59,0,5.5786,0,9,,L02,0,0,0,0,136.4844,0,0,0
twoway_DQN_vs_DQN_mid,DQN_vs_DQN,mid,0.1,0.2,1,43,eval,30,outbound,DQN,-120.6833,0,59,0,6.2129,0,10,,L02,0,0,0,0,132.484,0,0,0
twoway_DQN_vs_DQN_mid,DQN_vs_DQN,mid,0.1,0.2,2,44,eval,1,inbound,DQN,-133.3564,0,59,0,10.8417,22,6,,L08,0,0,0,0,157.5434,0,0,0
twoway_DQN_vs_DQN_mid,DQN_vs_DQN,mid,0.1,0.2,2,44,eval,2,inbound,DQN,-124.7778,0,59,0,5.6802,9,11,,L02,0,0,0,0,130,0,0,0
twoway_DQN_vs_DQN_mid,DQN_vs_DQN,mid,0.1,0.2,2,44,eval,3,inbound,DQN,-123.1055,0,59,0,5.7811,20,14,,L02,0,0,0,0,132.484,0,0,0
twoway_DQN_vs_DQN_mid,DQN_vs_DQN,mid,0.1,0.2,2,44,eval,4,inbound,DQN,-123.9523,0,59,0,5.6845,23,13,,L02,0,0,0,0,130,0,0,0
twoway_DQN_vs_DQN_mid,DQN_vs_DQN,mid,0.1,0.2,2,44,eval,5,inbound,DQN,-129.5091,0,59,0,6.1746,30,13,,L08,0,0,0,0,170.7601,0,0,0
twoway_DQN_vs_DQN_mid,DQN_vs_DQN,mid,0.1,0.2,2,44,eval,6,inbound,DQN,-128.725,0,59,0,10.4482,32,8,,L08,0,0,0,0,128.5921,0,0,0
twoway_DQN_vs_DQN_mid,DQN_vs_DQN,mid,0.1,0.2,2,44,eval,7,inbound,DQN,-123.9804,0,59,0,5.9213,21,7,,L02,0,0,0,0,141.8732,0,0,0
twoway_DQN_vs_DQN_mid,DQN_vs_DQN,mid,0.1,0.2,2,44,eval,8,inbound,DQN,-129.1968,0,59,0,6.1779,22,13,,L08,0,0,0,0,170.7601,0,0,0
twoway_DQN_vs_DQN_mid,DQN_vs_DQN,mid,0.1,0.2,2,44,eval,9,inbound,DQN,-122.8328,0,59,0,6.4793,24,12,,L02,0,0,0,0,132.484,0,0,0
twoway_DQN_vs_DQN_mid,DQN_vs_DQN,mid,0.1,0.2,2,44,eval,10,inbound,DQN,-123.2507,0,59,0,6.0955,24,10,,L02,0,0,0,0,132.484,0,0,0
twoway_DQN_vs_DQN_mid,DQN_vs_DQN,mid,0.1,0.2,2,44,eval,11,inbound,DQN,-123.2683,0,59,0,5.8713,19,12,,L02,0,0,0,0,148.4992,0,0,0
twoway_DQN_vs_DQN_mid,DQN_vs_DQN,mid,0.1,0.2,2,44,eval,12,inbound,DQN,-130.364,0,59,0,5.9185,25,10,,L08,0,0,0,0,136.9838,0,0,0
twoway_DQN_vs_DQN_mid,DQN_vs_DQN,mid,0.1,0.2,2,44,eval,13,inbound,DQN,-129.7446,0,59,0,5.8788,23,16,,L08,0,0,0,0,157.5434,0,0,0
twoway_DQN_vs_DQN_mid,DQN_vs_DQN,mid,0.1,0.2,2,44,eval,14,inbound,DQN,-130.6441,0,59,0,5.8844,24,11,,L08,0,0,0,0,128.5921,0,0,0
twoway_DQN_vs_DQN_mid,DQN_vs_DQN,mid,0.1,0.2,2,44,eval,15,inbound,DQN,-129.1819,0,59,0,6.6187,30,15,,L08,0,0,0,0,180.0692,0,0,0
twoway_DQN_vs_DQN_mid,DQN_vs_DQN,mid,0.1,0.2,2,44,eval,16,inbound,DQN,-123.8128,0,59,0,5.868,21,15,,L02,0,0,0,0,72.8011,0,0,0
twoway_DQN_vs_DQN_mid,DQN_vs_DQN,mid,0.1,0.2,2,44,eval,17,inbound,DQN,-130.7123,0,59,0,6.3175,33,12,,L08,0,0,0,0,102.9357,0,0,0
twoway_DQN_vs_DQN_mid,DQN_vs_DQN,mid,0.1,0.2,2,44,eval,18,inbound,DQN,-130.1154,0,59,0,5.833,27,10,,L08,0,0,0,0,149.9066,0,0,0
twoway_DQN_vs_DQN_mid,DQN_vs_DQN,mid,0.1,0.2,2,44,eval,19,inbound,DQN,-471.9414,0,59,0,6.224,9,15,,L02,0,0,0,2,29.1204,42,20,20
twoway_DQN_vs_DQN_mid,DQN_vs_DQN,mid,0.1,0.2,2,44,eval,20,inbound,DQN,-123.5906,0,59,0,5.4586,15,11,,L02,0,0,0,0,130,0,0,0
twoway_DQN_vs_DQN_mid,DQN_vs_DQN,mid,0.1,0.2,2,44,eval,21,inbound,DQN,-125.712,0,59,0,5.9368,28,17,,L02,0,0,0,0,155.4056,0,0,0
twoway_DQN_vs_DQN_mid,DQN_vs_DQN,mid,0.1,0.2,2,44,eval,22,inbound,DQN,-124.5654,0,59,0,6.2522,20,11,,L02,0,0,0,0,148.4992,0,0,0
twoway_DQN_vs_DQN_mid,DQN_vs_DQN,mid,0.1,0.2,2,44,eval,23,inbound,DQN,-124.6423,0,59,0,5.9629,22,13,,L02,0,0,0,0,148.4992,0,0,0
twoway_DQN_vs_DQN_mid,DQN_vs_DQN,mid,0.1,0.2,2,44,eval,24,inbound,DQN,-125.1142,0,59,0,5.9367,18,16,,L02,0,0,0,0,58.2409,2,0,0
twoway_DQN_vs_DQN_mid,DQN_vs_DQN,mid,0.1,0.2,2,44,eval,25,inbound,DQN,-123.6796,0,59,0,6.0266,28,11,,L02,0,0,0,0,150.6808,0,0,0
twoway_DQN_vs_DQN_mid,DQN_vs_DQN,mid,0.1,0.2,2,44,eval,26,inbound,DQN,-129.7669,0,59,0,6.545,31,13,,L08,0,0,0,0,170.7601,0,0,0
twoway_DQN_vs_DQN_mid,DQN_vs_DQN,mid,0.1,0.2,2,44,eval,27,inbound,DQN,-340.3189,0,59,0,6.0878,13,11,,L02,1,1,4,0,0,12,6,4
twoway_DQN_vs_DQN_mid,DQN_vs_DQN,mid,0.1,0.2,2,44,eval,28,inbound,DQN,-130.1461,0,59,0,6.3303,31,14,,L08,0,0,0,0,140.9687,0,0,0
twoway_DQN_vs_DQN_mid,DQN_vs_DQN,mid,0.1,0.2,2,44,eval,29,inbound,DQN,-129.9586,0,59,0,6.2031,25,14,,L08,0,0,0,0,140.9687,0,0,0
twoway_DQN_vs_DQN_mid,DQN_vs_DQN,mid,0.1,0.2,2,44,eval,30,inbound,DQN,-127.7816,0,59,0,6.264,27,10,,L08,0,0,0,0,128.5921,0,0,0
twoway_DQN_vs_DQN_mid,DQN_vs_DQN,mid,0.1,0.2,2,44,eval,1,outbound,DQN,-116.891,0,59,0,5.4977,0,6,,L08,0,0,0,0,157.5434,0,0,0
twoway_DQN_vs_DQN_mid,DQN_vs_DQN,mid,0.1,0.2,2,44,eval,2,outbound,DQN,-138.3477,0,59,1,71.8736,5,10,,L02,0,0,0,0,130,0,0,0
twoway_DQN_vs_DQN_mid,DQN_vs_DQN,mid,0.1,0.2,2,44,eval,3,outbound,DQN,-137.3409,0,59,1,24.9229,2,15,,L02,0,0,0,0,132.484,0,0,0
twoway_DQN_vs_DQN_mid,DQN_vs_DQN,mid,0.1,0.2,2,44,eval,4,outbound,DQN,-116.5073,0,59,0,5.4163,0,13,,L02,0,0,0,0,130,0,0,0
twoway_DQN_vs_DQN_mid,DQN_vs_DQN,mid,0.1,0.2,2,44,eval,5,outbound,DQN,-116.9777,0,59,0,5.6319,0,11,,L08,0,0,0,0,170.7601,0,0,0
twoway_DQN_vs_DQN_mid,DQN_vs_DQN,mid,0.1,0.2,2,44,eval,6,outbound,DQN,-117.1595,0,59,0,6.2363,0,9,,L08,0,0,0,0,128.5921,0,0,0
twoway_DQN_vs_DQN_mid,DQN_vs_DQN,mid,0.1,0.2,2,44,eval,7,outbound,DQN,-116.0702,0,59,0,5.9583,0,7,,L02,0,0,0,0,141.8732,0,0,0
twoway_DQN_vs_DQN_mid,DQN_vs_DQN,mid,0.1,0.2,2,44,eval,8,outbound,DQN,-116.6634,0,59,0,5.9333,0,14,,L08,0,0,0,0,170.7601,0,0,0
twoway_DQN_vs_DQN_mid,DQN_vs_DQN,mid,0.1,0.2,2,44,eval,9,outbound,DQN,-116.4612,0,59,0,5.8584,0,11,,L02,0,0,0,0,132.484,0,0,0
twoway_DQN_vs_DQN_mid,DQN_vs_DQN,mid,0.1,0.2,2,44,eval,10,outbound,DQN,-116.6193,0,59,0,5.5036,0,12,,L02,0,0,0,0,132.484,0,0,0
twoway_DQN_vs_DQN_mid,DQN_vs_DQN,mid,0.1,0.2,2,44,eval,11,outbound,DQN,-118.9151,0,59,0,5.9631,0,9,,L02,0,0,0,0,148.4992,0,0,0
twoway_DQN_vs_DQN_mid,DQN_vs_DQN,mid,0.1,0.2,2,44,eval,12,outbound,DQN,-147.4833,0,59,1,5.7284,1,10,,L08,0,0,0,0,136.9838,0,0,0
twoway_DQN_vs_DQN_mid,DQN_vs_DQN,mid,0.1,0.2,2,44,eval,13,outbound,DQN,-116.3656,0,59,0,5.629,0,15,,L08,0,0,0,0,157.5434,0,0,0
twoway_DQN_vs_DQN_mid,DQN_vs_DQN,mid,0.1,0.2,2,44,eval,14,outbound,DQN,-116.7131,0,59,0,5.7742,0,15,,L08,0,0,0,0,128.5921,0,0,0
twoway_DQN_vs_DQN_mid,DQN_vs_DQN,mid,0.1,0.2,2,44,eval,15,outbound,DQN,-117.9813,0,59,0,5.8675,0,14,,L08,0,0,0,0,180.0692,0,0,0
twoway_DQN_vs_DQN_mid,DQN_vs_DQN,mid,0.1,0.2,2,44,eval,16,outbound,DQN,-118.98,0,59,0,6.4966,0,13,,L02,0,0,0,0,72.8011,0,0,0
twoway_DQN_vs_DQN_mid,DQN_vs_DQN,mid,0.1,0.2,2,44,eval,17,outbound,DQN,-169.1722,0,59,2,5.7226,0,14,,L08,0,0,0,0,102.9357,0,0,0
twoway_DQN_vs_DQN_mid,DQN_vs_DQN,mid,0.1,0.2,2,44,eval,18,outbound,DQN,-119.7563,0,59,0,6.0774,0,7,,L08,0,0,0,0,149.9066,0,0,0
twoway_DQN_vs_DQN_mid,DQN_vs_DQN,mid,0.1,0.2,2,44,eval,19,outbound,DQN,-332.066,0,59,0,5.99,0,18,,L02,0,0,0,2,29.1204,42,20,20
twoway_DQN_vs_DQN_mid,DQN_vs_DQN,mid,0.1,0.2,2,44,eval,20,outbound,DQN,-116.6609,0,59,0,5.2185,0,11,,L02,0,0,0,0,130,0,0,0
twoway_DQN_vs_DQN_mid,DQN_vs_DQN,mid,0.1,0.2,2,44,eval,21,outbound,DQN,-115.5585,0,59,0,5.08,0,16,,L02,0,0,0,0,155.4056,0,0,0
twoway_DQN_vs_DQN_mid,DQN_vs_DQN,mid,0.1,0.2,2,44,eval,22,outbound,DQN,-118.6802,0,59,0,5.8425,0,14,,L02,0,0,0,0,148.4992,0,0,0
twoway_DQN_vs_DQN_mid,DQN_vs_DQN,mid,0.1,0.2,2,44,eval,23,outbound,DQN,-118.7826,0,59,0,5.7428,0,12,,L02,0,0,0,0,148.4992,0,0,0
twoway_DQN_vs_DQN_mid,DQN_vs_DQN,mid,0.1,0.2,2,44,eval,24,outbound,DQN,-118.6664,0,59,0,5.632,0,14,,L02,0,0,0,0,58.2409,2,0,0
twoway_DQN_vs_DQN_mid,DQN_vs_DQN,mid,0.1,0.2,2,44,eval,25,outbound,DQN,-117.0468,0,59,0,5.351,0,12,,L02,0,0,0,0,150.6808,0,0,0
twoway_DQN_vs_DQN_mid,DQN_vs_DQN,mid,0.1,0.2,2,44,eval,26,outbound,DQN,-117.1474,0,59,0,5.9838,0,12,,L08,0,0,0,0,170.7601,0,0,0
twoway_DQN_vs_DQN_mid,DQN_vs_DQN,mid,0.1,0.2,2,44,eval,27,outbound,DQN,-345.3487,0,59,2,52.6749,2,10,,L02,1,1,4,0,0,12,6,4
twoway_DQN_vs_DQN_mid,DQN_vs_DQN,mid,0.1,0.2,2,44,eval,28,outbound,DQN,-116.6005,0,59,0,5.8415,0,16,,L08,0,0,0,0,140.9687,0,0,0
twoway_DQN_vs_DQN_mid,DQN_vs_DQN,mid,0.1,0.2,2,44,eval,29,outbound,DQN,-116.9877,0,59,0,5.781,0,15,,L08,0,0,0,0,140.9687,0,0,0
twoway_DQN_vs_DQN_mid,DQN_vs_DQN,mid,0.1,0.2,2,44,eval,30,outbound,DQN,-116.4976,0,59,0,5.9563,0,10,,L08,0,0,0,0,128.5921,0,0,0
twoway_DQN_vs_DQN_mid,DQN_vs_DQN,mid,0.1,0.2,3,45,eval,1,inbound,DQN,-134.3609,0,59,0,11.0978,33,13,,L08,0,0,0,0,201.851,0,0,0
twoway_DQN_vs_DQN_mid,DQN_vs_DQN,mid,0.1,0.2,3,45,eval,2,inbound,DQN,-135.9256,0,59,0,17.3336,21,13,,L08,0,0,0,0,279.8759,0,0,0
twoway_DQN_vs_DQN_mid,DQN_vs_DQN,mid,0.1,0.2,3,45,eval,3,inbound,DQN,-125.552,0,59,0,5.8229,15,8,,L02,0,0,0,0,130,0,0,0
twoway_DQN_vs_DQN_mid,DQN_vs_DQN,mid,0.1,0.2,3,45,eval,4,inbound,DQN,-179.6129,0,59,2,6.5519,19,6,,L08,0,0,0,0,153.7284,0,0,0
twoway_DQN_vs_DQN_mid,DQN_vs_DQN,mid,0.1,0.2,3,45,eval,5,inbound,DQN,-125.5248,0,59,0,6.1759,28,9,,L02,0,0,0,0,232.4248,0,0,0
twoway_DQN_vs_DQN_mid,DQN_vs_DQN,mid,0.1,0.2,3,45,eval,6,inbound,DQN,-132.8886,0,59,0,10.0194,16,4,,L08,0,0,0,0,68.7445,0,0,0
twoway_DQN_vs_DQN_mid,DQN_vs_DQN,mid,0.1,0.2,3,45,eval,7,inbound,DQN,-136.8433,0,59,0,15.9224,23,13,,L08,0,0,0,0,294.1154,0,0,0
twoway_DQN_vs_DQN_mid,DQN_vs_DQN,mid,0.1,0.2,3,45,eval,8,inbound,DQN,-156.8054,0,59,1,8.2296,23,12,,L08,0,0,0,0,125.2517,0,0,0
twoway_DQN_vs_DQN_mid,DQN_vs_DQN,mid,0.1,0.2,3,45,eval,9,inbound,DQN,-127.216,0,59,0,5.1965,12,12,,L02,0,0,0,0,188.0088,0,0,0
twoway_DQN_vs_DQN_mid,DQN_vs_DQN,mid,0.1,0.2,3,45,eval,10,inbound,DQN,-133.0577,0,59,0,17.6298,24,15,,L08,0,0,0,0,102.9357,0,0,0
twoway_DQN_vs_DQN_mid,DQN_vs_DQN,mid,0.1,0.2,3,45,eval,11,inbound,DQN,-161.0915,0,59,0,11.5172,24,18,,L08,0,0,0,3,34.4249,6,3,3
twoway_DQN_vs_DQN_mid,DQN_vs_DQN,mid,0.1,0.2,3,45,eval,12,inbound,DQN,-206.2001,0,59,2,105.8881,30,12,,L02,0,0,0,0,395.212,0,0,0
twoway_DQN_vs_DQN_mid,DQN_vs_DQN,mid,0.1,0.2,3,45,eval,13,inbound,DQN,-127.6995,0,59,0,6.3382,36,12,,L02,0,0,0,0,168.2716,0,0,0
twoway_DQN_vs_DQN_mid,DQN_vs_DQN,mid,0.1,0.2,3,45,eval,14,inbound,DQN,-140.5178,0,59,0,14.314,25,8,,L08,0,0,0,1,34.4249,2,1,1
twoway_DQN_vs_DQN_mid,DQN_vs_DQN,mid,0.1,0.2,3,45,eval,15,inbound,DQN,-129.2725,0,59,0,6.6989,22,16,,L08,0,0,0,0,68.7445,0,0,0
twoway_DQN_vs_DQN_mid,DQN_vs_DQN,mid,0.1,0.2,3,45,eval,16,inbound,DQN,-155.1768,0,59,1,7.6869,22,13,,L08,0,0,0,0,113.719,0,0,0
twoway_DQN_vs_DQN_mid,DQN_vs_DQN,mid,0.1,0.2,3,45,eval,17,inbound,DQN,-124.8816,0,59,0,5.7832,22,14,,L02,0,0,0,0,132.484,0,0,0
twoway_DQN_vs_DQN_mid,DQN_vs_DQN,mid,0.1,0.2,3,45,eval,18,inbound,DQN,-151.747,0,59,0,130.5896,29,14,,L02,0,0,0,0,434.5555,0,0,0
twoway_DQN_vs_DQN_mid,DQN_vs_DQN,mid,0.1,0.2,3,45,eval,19,inbound,DQN,-263.8998,0,59,2,7.4317,29,13,,L08,1,1,2,1,0,6,3,2
twoway_DQN_vs_DQN_mid,DQN_vs_DQN,mid,0.1,0.2,3,45,eval,20,inbound,DQN,-181.4913,0,59,2,7.4538,23,16,,L02,0,0,0,1,29.1204,4,2,0
twoway_DQN_vs_DQN_mid,DQN_vs_DQN,mid,0.1,0.2,3,45,eval,21,inbound,DQN,-824.9808,0,59,1,7.7106,18,17,,L08,3,1,19,0,0,29,11,4
twoway_DQN_vs_DQN_mid,DQN_vs_DQN,mid,0.1,0.2,3,45,eval,22,inbound,DQN,-596.6518,0,59,1,12.7229,19,16,,L08,3,1,13,0,0,18,9,5
twoway_DQN_vs_DQN_mid,DQN_vs_DQN,mid,0.1,0.2,3,45,eval,23,inbound,DQN,-134.8083,0,59,0,5.7682,19,12,,L02,0,0,0,1,29.1204,4,0,0
twoway_DQN_vs_DQN_mid,DQN_vs_DQN,mid,0.1,0.2,3,45,eval,24,inbound,DQN,-152.2699,0,59,0,133.7523,20,15,,L02,0,0,0,0,451.4905,0,0,0
twoway_DQN_vs_DQN_mid,DQN_vs_DQN,mid,0.1,0.2,3,45,eval,25,inbound,DQN,-139.7115,0,59,0,95.1051,30,12,,L02,0,0,0,0,430.3458,0,0,0
twoway_DQN_vs_DQN_mid,DQN_vs_DQN,mid,0.1,0.2,3,45,eval,26,inbound,DQN,-156.4526,0,59,0,14.744,29,12,,L08,0,0,0,3,34.4249,6,3,3
twoway_DQN_vs_DQN_mid,DQN_vs_DQN,mid,0.1,0.2,3,45,eval,27,inbound,DQN,-237.7631,0,59,4,6.7515,26,19,,L08,0,0,0,1,29.1204,2,1,0
twoway_DQN_vs_DQN_mid,DQN_vs_DQN,mid,0.1,0.2,3,45,eval,28,inbound,DQN,-123.7838,0,59,0,5.9048,22,9,,L02,0,0,0,0,225.0495,0,0,0
twoway_DQN_vs_DQN_mid,DQN_vs_DQN,mid,0.1,0.2,3,45,eval,29,inbound,DQN,-129.5756,0,59,0,6.3882,25,10,,L08,0,0,0,0,68.7445,0,0,0
twoway_DQN_vs_DQN_mid,DQN_vs_DQN,mid,0.1,0.2,3,45,eval,30,inbound,DQN,-155.6964,0,59,1,17.3267,20,10,,L02,0,0,0,0,225.0495,0,0,0
twoway_DQN_vs_DQN_mid,DQN_vs_DQN,mid,0.1,0.2,3,45,eval,1,outbound,DQN,-114.6399,0,59,0,5.5688,0,12,,L08,0,0,0,0,201.851,0,0,0
twoway_DQN_vs_DQN_mid,DQN_vs_DQN,mid,0.1,0.2,3,45,eval,2,outbound,DQN,-114.736,0,59,0,5.8399,0,15,,L08,0,0,0,0,279.8759,0,0,0
twoway_DQN_vs_DQN_mid,DQN_vs_DQN,mid,0.1,0.2,3,45,eval,3,outbound,DQN,-114.5865,0,59,0,5.8141,0,13,,L02,0,0,0,0,130,0,0,0
twoway_DQN_vs_DQN_mid,DQN_vs_DQN,mid,0.1,0.2,3,45,eval,4,outbound,DQN,-114.5565,0,59,0,5.7962,0,10,,L08,0,0,0,0,153.7284,0,0,0
twoway_DQN_vs_DQN_mid,DQN_vs_DQN,mid,0.1,0.2,3,45,eval,5,outbound,DQN,-151.4877,0,59,0,123.4265,25,14,,L02,0,0,0,0,232.4248,0,0,0
twoway_DQN_vs_DQN_mid,DQN_vs_DQN,mid,0.1,0.2,3,45,eval,6,outbound,DQN,-148.9614,0,59,1,6.303,15,12,,L08,0,0,0,0,68.7445,0,0,0
twoway_DQN_vs_DQN_mid,DQN_vs_DQN,mid,0.1,0.2,3,45,eval,7,outbound,DQN,-114.5289,0,59,0,5.6327,0,6,,L08,0,0,0,0,294.1154,0,0,0
twoway_DQN_vs_DQN_mid,DQN_vs_DQN,mid,0.1,0.2,3,45,eval,8,outbound,DQN,-114.7711,0,59,0,5.9977,0,6,,L08,0,0,0,0,125.2517,0,0,0
twoway_DQN_vs_DQN_mid,DQN_vs_DQN,mid,0.1,0.2,3,45,eval,9,outbound,DQN,-114.3624,0,59,0,5.037,0,6,,L02,0,0,0,0,188.0088,0,0,0
twoway_DQN_vs_DQN_mid,DQN_vs_DQN,mid,0.1,0.2,3,45,eval,10,outbound,DQN,-150.4167,0,59,1,5.4495,18,10,,L08,0,0,0,0,102.9357,0,0,0
twoway_DQN_vs_DQN_mid,DQN_vs_DQN,mid,0.1,0.2,3,45,eval,11,outbound,DQN,-173.3726,0,59,1,5.5694,14,14,,L08,0,0,0,3,34.4249,6,3,3
twoway_DQN_vs_DQN_mid,DQN_vs_DQN,mid,0.1,0.2,3,45,eval,12,outbound,DQN,-114.8371,0,59,0,5.6601,0,12,,L02,0,0,0,0,395.212,0,0,0
twoway_DQN_vs_DQN_mid,DQN_vs_DQN,mid,0.1,0.2,3,45,eval,13,outbound,DQN,-114.472,0,59,0,5.5573,0,14,,L02,0,0,0,0,168.2716,0,0,0
twoway_DQN_vs_DQN_mid,DQN_vs_DQN,mid,0.1,0.2,3,45,eval,14,outbound,DQN,-160.1818,0,59,1,5.6914,20,18,,L08,0,0,0,1,34.4249,2,1,1
twoway_DQN_vs_DQN_mid,DQN_vs_DQN,mid,0.1,0.2,3,45,eval,15,outbound,DQN,-127.2038,0,59,0,5.9146,17,12,,L08,0,0,0,0,68.7445,0,0,0
twoway_DQN_vs_DQN_mid,DQN_vs_DQN,mid,0.1,0.2,3,45,eval,16,outbound,DQN,-115.4376,0,59,0,5.9681,0,11,,L08,0,0,0,0,113.719,0,0,0
twoway_DQN_vs_DQN_mid,DQN_vs_DQN,mid,0.1,0.2,3,45,eval,17,outbound,DQN,-114.4541,0,59,0,5.9426,0,10,,L02,0,0,0,0,132.484,0,0,0
twoway_DQN_vs_DQN_mid,DQN_vs_DQN,mid,0.1,0.2,3,45,eval,18,outbound,DQN,-114.6794,0,59,0,5.5146,0,15,,L02,0,0,0,0,434.5555,0,0,0
twoway_DQN_vs_DQN_mid,DQN_vs_DQN,mid,0.1,0.2,3,45,eval,19,outbound,DQN,-226.9637,0,59,1,5.7885,18,14,,L08,1,1,2,1,0,6,3,2
twoway_DQN_vs_DQN_mid,DQN_vs_DQN,mid,0.1,0.2,3,45,eval,20,outbound,DQN,-121.2465,0,59,0,5.3765,0,12,,L02,0,0,0,1,29.1204,4,2,0
twoway_DQN_vs_DQN_mid,DQN_vs_DQN,mid,0.1,0.2,3,45,eval,21,outbound,DQN,-781.8564,0,59,1,5.8296,20,16,,L08,3,1,19,0,0,29,11,4
twoway_DQN_vs_DQN_mid,DQN_vs_DQN,mid,0.1,0.2,3,45,eval,22,outbound,DQN,-579.4799,0,59,0,5.4445,13,14,,L08,3,1,13,0,0,18,9,5
twoway_DQN_vs_DQN_mid,DQN_vs_DQN,mid,0.1,0.2,3,45,eval,23,outbound,DQN,-125.1825,0,59,0,5.5678,0,11,,L02,0,0,0,1,29.1204,4,0,0
twoway_DQN_vs_DQN_mid,DQN_vs_DQN,mid,0.1,0.2,3,45,eval,24,outbound,DQN,-226.5079,0,59,4,45.9079,5,20,,L02,0,0,0,0,451.4905,0,0,0
twoway_DQN_vs_DQN_mid,DQN_vs_DQN,mid,0.1,0.2,3,45,eval,25,outbound,DQN,-154.1161,0,59,1,78.5542,16,15,,L02,0,0,0,0,430.3458,0,0,0
twoway_DQN_vs_DQN_mid,DQN_vs_DQN,mid,0.1,0.2,3,45,eval,26,outbound,DQN,-173.9259,0,59,1,5.842,14,14,,L08,0,0,0,3,34.4249,6,3,3
twoway_DQN_vs_DQN_mid,DQN_vs_DQN,mid,0.1,0.2,3,45,eval,27,outbound,DQN,-121.408,0,59,0,5.6078,0,13,,L08,0,0,0,1,29.1204,2,1,0
twoway_DQN_vs_DQN_mid,DQN_vs_DQN,mid,0.1,0.2,3,45,eval,28,outbound,DQN,-180.9879,0,59,1,130.0615,19,12,,L02,0,0,0,0,225.0495,0,0,0
twoway_DQN_vs_DQN_mid,DQN_vs_DQN,mid,0.1,0.2,3,45,eval,29,outbound,DQN,-152.6601,0,59,1,5.8326,20,15,,L08,0,0,0,0,68.7445,0,0,0
twoway_DQN_vs_DQN_mid,DQN_vs_DQN,mid,0.1,0.2,3,45,eval,30,outbound,DQN,-159.7638,0,59,1,93.5941,11,13,,L02,0,0,0,0,225.0495,0,0,0
twoway_DQN_vs_DQN_mid,DQN_vs_DQN,mid,0.1,0.2,4,46,eval,1,inbound,DQN,-126.4564,0,59,0,23.0374,19,13,,L02,0,0,0,0,377.6404,0,0,0
twoway_DQN_vs_DQN_mid,DQN_vs_DQN,mid,0.1,0.2,4,46,eval,2,inbound,DQN,-124.4192,0,59,0,6.592,8,8,,L02,0,0,0,0,132.484,0,0,0
twoway_DQN_vs_DQN_mid,DQN_vs_DQN,mid,0.1,0.2,4,46,eval,3,inbound,DQN,-127.3258,0,59,0,7.0713,26,10,,L08,0,0,0,0,171.957,0,0,0
twoway_DQN_vs_DQN_mid,DQN_vs_DQN,mid,0.1,0.2,4,46,eval,4,inbound,DQN,-188.1208,0,59,2,12.198,25,15,,L08,0,0,0,1,34.4249,2,1,1
twoway_DQN_vs_DQN_mid,DQN_vs_DQN,mid,0.1,0.2,4,46,eval,5,inbound,DQN,-248.6377,0,59,0,25.5163,19,10,,L08,0,0,0,4,33.9447,19,9,9
twoway_DQN_vs_DQN_mid,DQN_vs_DQN,mid,0.1,0.2,4,46,eval,6,inbound,DQN,-175.1039,0,59,2,17.6137,24,18,,L08,0,0,0,0,201.851,0,0,0
twoway_DQN_vs_DQN_mid,DQN_vs_DQN,mid,0.1,0.2,4,46,eval,7,inbound,DQN,-140.6993,0,59,1,7.6698,4,12,,L02,0,0,0,0,246.7851,0,0,0
twoway_DQN_vs_DQN_mid,DQN_vs_DQN,mid,0.1,0.2,4,46,eval,8,inbound,DQN,-129.1718,0,59,0,6.8367,25,11,,L08,0,0,0,0,137.7761,0,0,0
twoway_DQN_vs_DQN_mid,DQN_vs_DQN,mid,0.1,0.2,4,46,eval,9,inbound,DQN,-127.2732,0,59,0,13.4069,24,6,,L08,0,0,0,0,201.851,0,0,0
twoway_DQN_vs_DQN_mid,DQN_vs_DQN,mid,0.1,0.2,4,46,eval,10,inbound,DQN,-124.884,0,59,0,6.1387,5,10,,L02,0,0,0,0,132.484,0,0,0
twoway_DQN_vs_DQN_mid,DQN_vs_DQN,mid,0.1,0.2,4,46,eval,11,inbound,DQN,-125.0332,0,59,0,5.4843,10,13,,L02,0,0,0,0,132.484,0,0,0
twoway_DQN_vs_DQN_mid,DQN_vs_DQN,mid,0.1,0.2,4,46,eval,12,inbound,DQN,-128.9647,0,59,0,19.8466,20,13,,L08,0,0,0,0,219.6273,0,0,0
twoway_DQN_vs_DQN_mid,DQN_vs_DQN,mid,0.1,0.2,4,46,eval,13,inbound,DQN,-178.9396,0,59,1,188.4877,17,12,,L02,0,0,0,0,43.6807,2,0,0
twoway_DQN_vs_DQN_mid,DQN_vs_DQN,mid,0.1,0.2,4,46,eval,14,inbound,DQN,-151.1729,0,59,1,23.8759,24,8,,L08,0,0,0,0,170.7601,0,0,0
twoway_DQN_vs_DQN_mid,DQN_vs_DQN,mid,0.1,0.2,4,46,eval,15,inbound,DQN,-125.4487,0,59,0,5.6935,4,13,,L02,0,0,0,0,132.484,0,0,0
twoway_DQN_vs_DQN_mid,DQN_vs_DQN,mid,0.1,0.2,4,46,eval,16,inbound,DQN,-128.7205,0,59,0,10.1999,28,8,,L08,0,0,0,0,201.851,0,0,0
twoway_DQN_vs_DQN_mid,DQN_vs_DQN,mid,0.1,0.2,4,46,eval,17,inbound,DQN,-174.8483,0,59,2,66.9944,33,8,,L08,0,0,0,0,102.575,0,0,0
twoway_DQN_vs_DQN_mid,DQN_vs_DQN,mid,0.1,0.2,4,46,eval,18,inbound,DQN,-125.3142,0,59,0,5.8107,15,13,,L02,0,0,0,0,132.484,0,0,0
twoway_DQN_vs_DQN_mid,DQN_vs_DQN,mid,0.1,0.2,4,46,eval,19,inbound,DQN,-127.8957,0,59,0,12.8287,32,15,,L08,0,0,0,0,215.6545,0,0,0
twoway_DQN_vs_DQN_mid,DQN_vs_DQN,mid,0.1,0.2,4,46,eval,20,inbound,DQN,-128.4952,0,59,0,11.0589,22,11,,L08,0,0,0,0,215.6545,0,0,0
twoway_DQN_vs_DQN_mid,DQN_vs_DQN,mid,0.1,0.2,4,46,eval,21,inbound,DQN,-175.7143,0,59,2,16.6771,20,13,,L08,0,0,0,0,201.851,0,0,0
twoway_DQN_vs_DQN_mid,DQN_vs_DQN,mid,0.1,0.2,4,46,eval,22,inbound,DQN,-127.0676,0,59,0,6.0774,10,9,,L02,0,0,0,0,130,0,0,0
twoway_DQN_vs_DQN_mid,DQN_vs_DQN,mid,0.1,0.2,4,46,eval,23,inbound,DQN,-125.4287,0,59,0,5.8336,5,10,,L02,0,0,0,0,132.484,0,0,0
twoway_DQN_vs_DQN_mid,DQN_vs_DQN,mid,0.1,0.2,4,46,eval,24,inbound,DQN,-123.8934,0,59,0,5.8157,8,12,,L02,0,0,0,0,132.484,0,0,0
twoway_DQN_vs_DQN_mid,DQN_vs_DQN,mid,0.1,0.2,4,46,eval,25,inbound,DQN,-127.1619,0,59,0,6.9381,23,11,,L08,0,0,0,0,170.7601,0,0,0
twoway_DQN_vs_DQN_mid,DQN_vs_DQN,mid,0.1,0.2,4,46,eval,26,inbound,DQN,-147.6836,0,59,0,10.7183,23,14,,L08,0,0,0,1,34.3215,2,1,1
twoway_DQN_vs_DQN_mid,DQN_vs_DQN,mid,0.1,0.2,4,46,eval,27,inbound,DQN,-122.4001,0,59,0,6.3196,10,10,,L02,0,0,0,0,132.484,0,0,0
twoway_DQN_vs_DQN_mid,DQN_vs_DQN,mid,0.1,0.2,4,46,eval,28,inbound,DQN,-127.3819,0,59,0,9.9692,23,15,,L08,0,0,0,0,201.851,0,0,0
twoway_DQN_vs_DQN_mid,DQN_vs_DQN,mid,0.1,0.2,4,46,eval,29,inbound,DQN,-125.9084,0,59,0,5.8286,9,12,,L02,0,0,0,0,132.484,0,0,0
twoway_DQN_vs_DQN_mid,DQN_vs_DQN,mid,0.1,0.2,4,46,eval,30,inbound,DQN,-129.2247,0,59,0,10.2467,26,10,,L08,0,0,0,0,188.1616,0,0,0
twoway_DQN_vs_DQN_mid,DQN_vs_DQN,mid,0.1,0.2,4,46,eval,1,outbound,DQN,-117.5679,0,59,0,5.933,0,11,,L02,0,0,0,0,377.6404,0,0,0
twoway_DQN_vs_DQN_mid,DQN_vs_DQN,mid,0.1,0.2,4,46,eval,2,outbound,DQN,-143.7198,0,59,0,177.9711,20,10,,L02,0,0,0,0,132.484,0,0,0
twoway_DQN_vs_DQN_mid,DQN_vs_DQN,mid,0.1,0.2,4,46,eval,3,outbound,DQN,-118.5635,0,59,0,6.0311,0,15,,L08,0,0,0,0,171.957,0,0,0
twoway_DQN_vs_DQN_mid,DQN_vs_DQN,mid,0.1,0.2,4,46,eval,4,outbound,DQN,-132.9618,0,59,0,5.8596,14,11,,L08,0,0,0,1,34.4249,2,1,1
twoway_DQN_vs_DQN_mid,DQN_vs_DQN,mid,0.1,0.2,4,46,eval,5,outbound,DQN,-38.8263,1,33,0,6.0221,4,7,6.864,L08,0,0,0,4,33.9447,19,9,9
twoway_DQN_vs_DQN_mid,DQN_vs_DQN,mid,0.1,0.2,4,46,eval,6,outbound,DQN,-117.2257,0,59,0,6.2074,0,16,,L08,0,0,0,0,201.851,0,0,0
twoway_DQN_vs_DQN_mid,DQN_vs_DQN,mid,0.1,0.2,4,46,eval,7,outbound,DQN,-169.9213,0,59,0,254.7547,21,12,,L02,0,0,0,0,246.7851,0,0,0
twoway_DQN_vs_DQN_mid,DQN_vs_DQN,mid,0.1,0.2,4,46,eval,8,outbound,DQN,-118.2629,0,59,0,5.6463,0,11,,L08,0,0,0,0,137.7761,0,0,0
twoway_DQN_vs_DQN_mid,DQN_vs_DQN,mid,0.1,0.2,4,46,eval,9,outbound,DQN,-117.5087,0,59,0,5.8453,0,6,,L08,0,0,0,0,201.851,0,0,0
twoway_DQN_vs_DQN_mid,DQN_vs_DQN,mid,0.1,0.2,4,46,eval,10,outbound,DQN,-117.249,0,59,0,6.1778,0,10,,L02,0,0,0,0,132.484,0,0,0
twoway_DQN_vs_DQN_mid,DQN_vs_DQN,mid,0.1,0.2,4,46,eval,11,outbound,DQN,-115.9502,0,59,0,5.6565,0,16,,L02,0,0,0,0,132.484,0,0,0
twoway_DQN_vs_DQN_mid,DQN_vs_DQN,mid,0.1,0.2,4,46,eval,12,outbound,DQN,-117.0391,0,59,0,6.4292,0,11,,L08,0,0,0,0,219.6273,0,0,0
twoway_DQN_vs_DQN_mid,DQN_vs_DQN,mid,0.1,0.2,4,46,eval,13,outbound,DQN,-118.2351,0,59,0,6.2081,0,8,,L02,0,0,0,0,43.6807,2,0,0
twoway_DQN_vs_DQN_mid,DQN_vs_DQN,mid,0.1,0.2,4,46,eval,14,outbound,DQN,-117.2808,0,59,0,5.9393,0,11,,L08,0,0,0,0,170.7601,0,0,0
twoway_DQN_vs_DQN_mid,DQN_vs_DQN,mid,0.1,0.2,4,46,eval,15,outbound,DQN,-157.8602,0,59,0,212.1084,25,10,,L02,0,0,0,0,132.484,0,0,0
twoway_DQN_vs_DQN_mid,DQN_vs_DQN,mid,0.1,0.2,4,46,eval,16,outbound,DQN,-117.3004,0,59,0,6.1029,0,9,,L08,0,0,0,0,201.851,0,0,0
twoway_DQN_vs_DQN_mid,DQN_vs_DQN,mid,0.1,0.2,4,46,eval,17,outbound,DQN,49.7559,1,49,0,5.7814,10,8,0.1978,L08,0,0,0,0,102.575,0,0,0
twoway_DQN_vs_DQN_mid,DQN_vs_DQN,mid,0.1,0.2,4,46,eval,18,outbound,DQN,-121.0227,0,59,0,5.5475,0,13,,L02,0,0,0,0,132.484,0,0,0
twoway_DQN_vs_DQN_mid,DQN_vs_DQN,mid,0.1,0.2,4,46,eval,19,outbound,DQN,-116.9601,0,59,0,6.1204,0,16,,L08,0,0,0,0,215.6545,0,0,0
twoway_DQN_vs_DQN_mid,DQN_vs_DQN,mid,0.1,0.2,4,46,eval,20,outbound,DQN,-117.1615,0,59,0,5.9141,0,9,,L08,0,0,0,0,215.6545,0,0,0
twoway_DQN_vs_DQN_mid,DQN_vs_DQN,mid,0.1,0.2,4,46,eval,21,outbound,DQN,-117.2161,0,59,0,5.8208,0,14,,L08,0,0,0,0,201.851,0,0,0
twoway_DQN_vs_DQN_mid,DQN_vs_DQN,mid,0.1,0.2,4,46,eval,22,outbound,DQN,-146.028,0,59,0,183.8336,16,7,,L02,0,0,0,0,130,0,0,0
twoway_DQN_vs_DQN_mid,DQN_vs_DQN,mid,0.1,0.2,4,46,eval,23,outbound,DQN,-116.4237,0,59,0,5.514,0,10,,L02,0,0,0,0,132.484,0,0,0
twoway_DQN_vs_DQN_mid,DQN_vs_DQN,mid,0.1,0.2,4,46,eval,24,outbound,DQN,-120.8553,0,59,0,5.6195,0,15,,L02,0,0,0,0,132.484,0,0,0
twoway_DQN_vs_DQN_mid,DQN_vs_DQN,mid,0.1,0.2,4,46,eval,25,outbound,DQN,-117.4682,0,59,0,6.4252,0,12,,L08,0,0,0,0,170.7601,0,0,0
twoway_DQN_vs_DQN_mid,DQN_vs_DQN,mid,0.1,0.2,4,46,eval,26,outbound,DQN,-131.4655,0,59,0,6.0972,20,11,,L08,0,0,0,1,34.3215,2,1,1
twoway_DQN_vs_DQN_mid,DQN_vs_DQN,mid,0.1,0.2,4,46,eval,27,outbound,DQN,-112.9555,0,59,0,25.3974,2,10,,L02,0,0,0,0,132.484,0,0,0
twoway_DQN_vs_DQN_mid,DQN_vs_DQN,mid,0.1,0.2,4,46,eval,28,outbound,DQN,-116.9038,0,59,0,5.8921,0,17,,L08,0,0,0,0,201.851,0,0,0
twoway_DQN_vs_DQN_mid,DQN_vs_DQN,mid,0.1,0.2,4,46,eval,29,outbound,DQN,-123.9835,0,59,0,5.9101,0,10,,L02,0,0,0,0,132.484,0,0,0
twoway_DQN_vs_DQN_mid,DQN_vs_DQN,mid,0.1,0.2,4,46,eval,30,outbound,DQN,-117.5738,0,59,0,5.8564,0,13,,L08,0,0,0,0,188.1616,0,0,0
twoway_DQN_vs_DQN_mid,DQN_vs_DQN,mid,0.1,0.2,5,47,eval,1,inbound,DQN,-125.2773,0,59,0,92.2809,25,11,,L02,0,0,0,0,395.212,0,0,0
twoway_DQN_vs_DQN_mid,DQN_vs_DQN,mid,0.1,0.2,5,47,eval,2,inbound,DQN,-133.1413,0,59,0,64.4152,26,13,,L08,0,0,0,0,315.6445,0,0,0
twoway_DQN_vs_DQN_mid,DQN_vs_DQN,mid,0.1,0.2,5,47,eval,3,inbound,DQN,-169.6651,0,59,0,6.3154,26,12,,L02,1,1,1,2,0,6,0,0
twoway_DQN_vs_DQN_mid,DQN_vs_DQN,mid,0.1,0.2,5,47,eval,4,inbound,DQN,-465.7018,0,59,0,6.0416,9,12,,L02,5,1,9,2,0,19,7,2
twoway_DQN_vs_DQN_mid,DQN_vs_DQN,mid,0.1,0.2,5,47,eval,5,inbound,DQN,-121.6945,0,59,0,22.3723,26,11,,L02,0,0,0,0,395.212,0,0,0
twoway_DQN_vs_DQN_mid,DQN_vs_DQN,mid,0.1,0.2,5,47,eval,6,inbound,DQN,-261.8852,0,59,4,187.8682,26,9,,L08,0,0,0,0,362.1344,0,0,0
twoway_DQN_vs_DQN_mid,DQN_vs_DQN,mid,0.1,0.2,5,47,eval,7,inbound,DQN,-247.5714,0,59,4,148.0963,28,12,,L08,0,0,0,0,379.6516,0,0,0
twoway_DQN_vs_DQN_mid,DQN_vs_DQN,mid,0.1,0.2,5,47,eval,8,inbound,DQN,-130.4974,0,59,0,23.4774,29,14,,L02,0,0,0,0,313.3642,0,0,0
twoway_DQN_vs_DQN_mid,DQN_vs_DQN,mid,0.1,0.2,5,47,eval,9,inbound,DQN,-139.6956,0,59,0,60.8548,23,14,,L08,0,0,0,0,315.6445,0,0,0
twoway_DQN_vs_DQN_mid,DQN_vs_DQN,mid,0.1,0.2,5,47,eval,10,inbound,DQN,-220.5228,0,59,0,5.438,12,15,,L02,2,1,2,3,0,10,3,0
twoway_DQN_vs_DQN_mid,DQN_vs_DQN,mid,0.1,0.2,5,47,eval,11,inbound,DQN,-122.794,0,59,0,16.1326,26,12,,L02,0,0,0,0,406.1336,0,0,0
twoway_DQN_vs_DQN_mid,DQN_vs_DQN,mid,0.1,0.2,5,47,eval,12,inbound,DQN,-267.1136,0,59,5,129.9088,29,11,,L08,0,0,0,0,330.0266,0,0,0
twoway_DQN_vs_DQN_mid,DQN_vs_DQN,mid,0.1,0.2,5,47,eval,13,inbound,DQN,-145.2613,0,59,0,148.5217,21,13,,L02,0,0,0,0,406.1336,0,0,0
twoway_DQN_vs_DQN_mid,DQN_vs_DQN,mid,0.1,0.2,5,47,eval,14,inbound,DQN,-169.0068,0,59,0,212.9457,31,10,,L02,0,0,0,0,395.212,0,0,0
twoway_DQN_vs_DQN_mid,DQN_vs_DQN,mid,0.1,0.2,5,47,eval,15,inbound,DQN,-133.9953,0,59,0,15.3209,19,16,,L08,0,0,0,0,315.6445,0,0,0
twoway_DQN_vs_DQN_mid,DQN_vs_DQN,mid,0.1,0.2,5,47,eval,16,inbound,DQN,-139.6589,0,59,0,91.7846,34,7,,L08,0,0,0,0,330.0266,0,0,0
twoway_DQN_vs_DQN_mid,DQN_vs_DQN,mid,0.1,0.2,5,47,eval,17,inbound,DQN,-140.4394,0,59,0,44.3014,28,10,,L08,0,0,0,0,347.6873,0,0,0
twoway_DQN_vs_DQN_mid,DQN_vs_DQN,mid,0.1,0.2,5,47,eval,18,inbound,DQN,-210.6795,0,59,0,5.6085,13,15,,L02,1,1,1,3,0,12,6,0
twoway_DQN_vs_DQN_mid,DQN_vs_DQN,mid,0.1,0.2,5,47,eval,19,inbound,DQN,-125.4111,0,59,0,6.5037,28,13,,L02,0,0,0,0,130,0,0,0
twoway_DQN_vs_DQN_mid,DQN_vs_DQN,mid,0.1,0.2,5,47,eval,20,inbound,DQN,-487.3518,0,59,13,140.7609,27,13,,L08,0,0,0,0,315.6445,0,0,0
twoway_DQN_vs_DQN_mid,DQN_vs_DQN,mid,0.1,0.2,5,47,eval,21,inbound,DQN,-149.5804,0,59,0,113.672,29,13,,L08,0,0,0,0,405.5241,0,0,0
twoway_DQN_vs_DQN_mid,DQN_vs_DQN,mid,0.1,0.2,5,47,eval,22,inbound,DQN,-579.4208,0,59,0,6.4716,19,12,,L02,6,1,12,6,0,28,10,8
twoway_DQN_vs_DQN_mid,DQN_vs_DQN,mid,0.1,0.2,5,47,eval,23,inbound,DQN,-138.3023,0,59,0,126.809,24,10,,L02,0,0,0,0,406.1336,0,0,0
twoway_DQN_vs_DQN_mid,DQN_vs_DQN,mid,0.1,0.2,5,47,eval,24,inbound,DQN,-153.8016,0,59,0,94.7025,27,6,,L08,0,0,0,0,344.4236,0,0,0
twoway_DQN_vs_DQN_mid,DQN_vs_DQN,mid,0.1,0.2,5,47,eval,25,inbound,DQN,-135.8899,0,59,0,16.9791,18,18,,L08,0,0,0,0,315.6445,0,0,0
twoway_DQN_vs_DQN_mid,DQN_vs_DQN,mid,0.1,0.2,5,47,eval,26,inbound,DQN,-163.3323,0,59,1,124.9306,21,15,,L08,0,0,0,0,315.6445,0,0,0
twoway_DQN_vs_DQN_mid,DQN_vs_DQN,mid,0.1,0.2,5,47,eval,27,inbound,DQN,-182.2518,0,59,2,8.006,32,7,,L08,0,0,0,0,297.8508,0,0,0
twoway_DQN_vs_DQN_mid,DQN_vs_DQN,mid,0.1,0.2,5,47,eval,28,inbound,DQN,-186.7024,0,59,2,87.4141,34,7,,L08,0,0,0,0,297.8508,0,0,0
twoway_DQN_vs_DQN_mid,DQN_vs_DQN,mid,0.1,0.2,5,47,eval,29,inbound,DQN,-145.2162,0,59,0,118.608,26,17,,L08,0,0,0,0,315.6445,0,0,0
twoway_DQN_vs_DQN_mid,DQN_vs_DQN,mid,0.1,0.2,5,47,eval,30,inbound,DQN,-131.0787,0,59,0,91.1711,22,13,,L02,0,0,0,0,395.212,0,0,0
twoway_DQN_vs_DQN_mid,DQN_vs_DQN,mid,0.1,0.2,5,47,eval,1,outbound,DQN,-114.3431,0,59,0,5.7448,0,12,,L02,0,0,0,0,395.212,0,0,0
twoway_DQN_vs_DQN_mid,DQN_vs_DQN,mid,0.1,0.2,5,47,eval,2,outbound,DQN,-113.4713,0,59,0,5.3343,0,12,,L08,0,0,0,0,315.6445,0,0,0
twoway_DQN_vs_DQN_mid,DQN_vs_DQN,mid,0.1,0.2,5,47,eval,3,outbound,DQN,-169.3078,0,59,0,5.4554,0,16,,L02,1,1,1,2,0,6,0,0
twoway_DQN_vs_DQN_mid,DQN_vs_DQN,mid,0.1,0.2,5,47,eval,4,outbound,DQN,-424.2789,0,59,0,5.8866,8,9,,L02,5,1,9,2,0,19,7,2
twoway_DQN_vs_DQN_mid,DQN_vs_DQN,mid,0.1,0.2,5,47,eval,5,outbound,DQN,-113.5706,0,59,0,5.1633,0,16,,L02,0,0,0,0,395.212,0,0,0
twoway_DQN_vs_DQN_mid,DQN_vs_DQN,mid,0.1,0.2,5,47,eval,6,outbound,DQN,-113.3725,0,59,0,5.8546,0,13,,L08,0,0,0,0,362.1344,0,0,0
twoway_DQN_vs_DQN_mid,DQN_vs_DQN,mid,0.1,0.2,5,47,eval,7,outbound,DQN,-113.3375,0,59,0,6.077,0,10,,L08,0,0,0,0,379.6516,0,0,0
twoway_DQN_vs_DQN_mid,DQN_vs_DQN,mid,0.1,0.2,5,47,eval,8,outbound,DQN,-161.0853,0,59,2,64.5431,4,13,,L02,0,0,0,0,313.3642,0,0,0
twoway_DQN_vs_DQN_mid,DQN_vs_DQN,mid,0.1,0.2,5,47,eval,9,outbound,DQN,-113.6375,0,59,0,6.6051,0,12,,L08,0,0,0,0,315.6445,0,0,0
twoway_DQN_vs_DQN_mid,DQN_vs_DQN,mid,0.1,0.2,5,47,eval,10,outbound,DQN,-208.3737,0,59,0,5.0433,0,12,,L02,2,1,2,3,0,10,3,0
twoway_DQN_vs_DQN_mid,DQN_vs_DQN,mid,0.1,0.2,5,47,eval,11,outbound,DQN,-113.4391,0,59,0,5.0153,0,10,,L02,0,0,0,0,406.1336,0,0,0
twoway_DQN_vs_DQN_mid,DQN_vs_DQN,mid,0.1,0.2,5,47,eval,12,outbound,DQN,-113.5692,0,59,0,6.111,0,14,,L08,0,0,0,0,330.0266,0,0,0
twoway_DQN_vs_DQN_mid,DQN_vs_DQN,mid,0.1,0.2,5,47,eval,13,outbound,DQN,-113.1567,0,59,0,5.0624,0,10,,L02,0,0,0,0,406.1336,0,0,0
twoway_DQN_vs_DQN_mid,DQN_vs_DQN,mid,0.1,0.2,5,47,eval,14,outbound,DQN,-113.1507,0,59,0,5.0168,0,10,,L02,0,0,0,0,395.212,0,0,0
twoway_DQN_vs_DQN_mid,DQN_vs_DQN,mid,0.1,0.2,5,47,eval,15,outbound,DQN,-113.3167,0,59,0,6.1485,0,11,,L08,0,0,0,0,315.6445,0,0,0
twoway_DQN_vs_DQN_mid,DQN_vs_DQN,mid,0.1,0.2,5,47,eval,16,outbound,DQN,-113.3361,0,59,0,5.9368,0,18,,L08,0,0,0,0,330.0266,0,0,0
twoway_DQN_vs_DQN_mid,DQN_vs_DQN,mid,0.1,0.2,5,47,eval,17,outbound,DQN,-113.416,0,59,0,5.5785,0,14,,L08,0,0,0,0,347.6873,0,0,0
twoway_DQN_vs_DQN_mid,DQN_vs_DQN,mid,0.1,0.2,5,47,eval,18,outbound,DQN,-188.5819,0,59,0,5.3463,0,10,,L02,1,1,1,3,0,12,6,0
twoway_DQN_vs_DQN_mid,DQN_vs_DQN,mid,0.1,0.2,5,47,eval,19,outbound,DQN,-113.3845,0,59,0,5.1065,0,12,,L02,0,0,0,0,130,0,0,0
twoway_DQN_vs_DQN_mid,DQN_vs_DQN,mid,0.1,0.2,5,47,eval,20,outbound,DQN,-113.4084,0,59,0,5.5565,0,12,,L08,0,0,0,0,315.6445,0,0,0
twoway_DQN_vs_DQN_mid,DQN_vs_DQN,mid,0.1,0.2,5,47,eval,21,outbound,DQN,-113.7354,0,59,0,6.4612,0,16,,L08,0,0,0,0,405.5241,0,0,0
twoway_DQN_vs_DQN_mid,DQN_vs_DQN,mid,0.1,0.2,5,47,eval,22,outbound,DQN,-564.7515,0,59,0,6.0009,17,9,,L02,6,1,12,6,0,28,10,8
twoway_DQN_vs_DQN_mid,DQN_vs_DQN,mid,0.1,0.2,5,47,eval,23,outbound,DQN,-113.2858,0,59,0,5.0958,0,11,,L02,0,0,0,0,406.1336,0,0,0
twoway_DQN_vs_DQN_mid,DQN_vs_DQN,mid,0.1,0.2,5,47,eval,24,outbound,DQN,-113.3889,0,59,0,6.0772,0,12,,L08,0,0,0,0,344.4236,0,0,0
twoway_DQN_vs_DQN_mid,DQN_vs_DQN,mid,0.1,0.2,5,47,eval,25,outbound,DQN,-113.3386,0,59,0,5.68,0,15,,L08,0,0,0,0,315.6445,0,0,0
twoway_DQN_vs_DQN_mid,DQN_vs_DQN,mid,0.1,0.2,5,47,eval,26,outbound,DQN,-113.5595,0,59,0,6.1595,0,10,,L08,0,0,0,0,315.6445,0,0,0
twoway_DQN_vs_DQN_mid,DQN_vs_DQN,mid,0.1,0.2,5,47,eval,27,outbound,DQN,-113.1431,0,59,0,5.4318,0,12,,L08,0,0,0,0,297.8508,0,0,0
twoway_DQN_vs_DQN_mid,DQN_vs_DQN,mid,0.1,0.2,5,47,eval,28,outbound,DQN,-113.5838,0,59,0,5.9218,0,14,,L08,0,0,0,0,297.8508,0,0,0
twoway_DQN_vs_DQN_mid,DQN_vs_DQN,mid,0.1,0.2,5,47,eval,29,outbound,DQN,-113.4391,0,59,0,5.8474,0,11,,L08,0,0,0,0,315.6445,0,0,0
twoway_DQN_vs_DQN_mid,DQN_vs_DQN,mid,0.1,0.2,5,47,eval,30,outbound,DQN,-113.1705,0,59,0,4.8244,0,7,,L02,0,0,0,0,395.212,0,0,0
twoway_DQN_vs_DQN_mid,DQN_vs_DQN,mid,0.1,0.2,6,48,eval,1,inbound,DQN,-175.4216,0,59,0,142.0652,28,8,,L08,0,0,0,0,362.1344,0,0,0
twoway_DQN_vs_DQN_mid,DQN_vs_DQN,mid,0.1,0.2,6,48,eval,2,inbound,DQN,-125.8134,0,59,0,6.2774,24,11,,L02,0,0,0,0,132.484,0,0,0
twoway_DQN_vs_DQN_mid,DQN_vs_DQN,mid,0.1,0.2,6,48,eval,3,inbound,DQN,-130.2427,0,59,0,5.8379,30,7,,L02,0,0,0,0,155.4056,0,0,0
twoway_DQN_vs_DQN_mid,DQN_vs_DQN,mid,0.1,0.2,6,48,eval,4,inbound,DQN,-183.9382,0,59,0,186.2509,32,11,,L08,0,0,0,0,426.0549,0,0,0
twoway_DQN_vs_DQN_mid,DQN_vs_DQN,mid,0.1,0.2,6,48,eval,5,inbound,DQN,-183.2435,0,59,0,183.7443,24,5,,L08,0,0,0,0,394.1452,0,0,0
twoway_DQN_vs_DQN_mid,DQN_vs_DQN,mid,0.1,0.2,6,48,eval,6,inbound,DQN,-166.3736,0,59,0,125.8986,26,10,,L08,0,0,0,0,362.1344,0,0,0
twoway_DQN_vs_DQN_mid,DQN_vs_DQN,mid,0.1,0.2,6,48,eval,7,inbound,DQN,-176.9669,0,59,0,139.6463,25,14,,L08,0,0,0,0,376.5902,0,0,0
twoway_DQN_vs_DQN_mid,DQN_vs_DQN,mid,0.1,0.2,6,48,eval,8,inbound,DQN,-214.4658,0,59,0,5.9431,14,15,,L02,0,0,0,1,29.1204,22,0,0
twoway_DQN_vs_DQN_mid,DQN_vs_DQN,mid,0.1,0.2,6,48,eval,9,inbound,DQN,-221.3404,0,59,0,5.851,9,12,,L02,0,0,0,0,58.2409,24,0,0
twoway_DQN_vs_DQN_mid,DQN_vs_DQN,mid,0.1,0.2,6,48,eval,10,inbound,DQN,-175.7172,0,59,0,128.1232,21,13,,L08,0,0,0,0,394.1452,0,0,0
twoway_DQN_vs_DQN_mid,DQN_vs_DQN,mid,0.1,0.2,6,48,eval,11,inbound,DQN,-126.456,0,59,0,6.2021,23,15,,L02,0,0,0,0,132.484,0,0,0
twoway_DQN_vs_DQN_mid,DQN_vs_DQN,mid,0.1,0.2,6,48,eval,12,inbound,DQN,-518.3881,0,59,1,35.7503,23,18,,L02,2,1,11,0,0,12,4,3
twoway_DQN_vs_DQN_mid,DQN_vs_DQN,mid,0.1,0.2,6,48,eval,13,inbound,DQN,-128.3421,0,59,0,6.3488,36,9,,L02,0,0,0,0,161.3106,0,0,0
twoway_DQN_vs_DQN_mid,DQN_vs_DQN,mid,0.1,0.2,6,48,eval,14,inbound,DQN,-124.219,0,59,0,7.5189,23,17,,L02,0,0,0,0,136.4844,0,0,0
twoway_DQN_vs_DQN_mid,DQN_vs_DQN,mid,0.1,0.2,6,48,eval,15,inbound,DQN,-503.5251,0,59,0,9.4484,11,8,,L02,1,1,9,1,0,15,15,0
twoway_DQN_vs_DQN_mid,DQN_vs_DQN,mid,0.1,0.2,6,48,eval,16,inbound,DQN,-175.7631,0,59,0,157.8935,27,10,,L08,0,0,0,0,362.1344,0,0,0
twoway_DQN_vs_DQN_mid,DQN_vs_DQN,mid,0.1,0.2,6,48,eval,17,inbound,DQN,-597.0771,0,59,2,25.7417,10,13,,L02,2,1,11,0,0,15,12,0
twoway_DQN_vs_DQN_mid,DQN_vs_DQN,mid,0.1,0.2,6,48,eval,18,inbound,DQN,-170.5074,0,59,0,146.9076,30,7,,L08,0,0,0,0,362.1344,0,0,0
twoway_DQN_vs_DQN_mid,DQN_vs_DQN,mid,0.1,0.2,6,48,eval,19,inbound,DQN,-129.1449,0,59,0,5.6154,23,17,,L02,0,0,0,0,155.4056,0,0,0
twoway_DQN_vs_DQN_mid,DQN_vs_DQN,mid,0.1,0.2,6,48,eval,20,inbound,DQN,-189.1119,0,59,0,224.2764,17,10,,L08,0,0,0,0,422.9297,0,0,0
twoway_DQN_vs_DQN_mid,DQN_vs_DQN,mid,0.1,0.2,6,48,eval,21,inbound,DQN,-127.2345,0,59,0,5.7132,21,15,,L02,0,0,0,0,136.4844,0,0,0
twoway_DQN_vs_DQN_mid,DQN_vs_DQN,mid,0.1,0.2,6,48,eval,22,inbound,DQN,-187.133,0,59,0,195.5704,28,12,,L08,0,0,0,0,394.1452,0,0,0
twoway_DQN_vs_DQN_mid,DQN_vs_DQN,mid,0.1,0.2,6,48,eval,23,inbound,DQN,-190.9123,0,59,0,224.3793,18,10,,L08,0,0,0,0,408.6436,0,0,0
twoway_DQN_vs_DQN_mid,DQN_vs_DQN,mid,0.1,0.2,6,48,eval,24,inbound,DQN,-191.8408,0,59,0,237.7955,18,4,,L08,0,0,0,0,455.0625,0,0,0
twoway_DQN_vs_DQN_mid,DQN_vs_DQN,mid,0.1,0.2,6,48,eval,25,inbound,DQN,-185.2842,0,59,0,199.3991,21,10,,L08,0,0,0,0,394.1452,0,0,0
twoway_DQN_vs_DQN_mid,DQN_vs_DQN,mid,0.1,0.2,6,48,eval,26,inbound,DQN,-175.7905,0,59,0,163.4522,21,13,,L08,0,0,0,0,408.6436,0,0,0
twoway_DQN_vs_DQN_mid,DQN_vs_DQN,mid,0.1,0.2,6,48,eval,27,inbound,DQN,-128.7849,0,59,0,6.0284,22,15,,L02,0,0,0,0,62.2632,0,0,0
twoway_DQN_vs_DQN_mid,DQN_vs_DQN,mid,0.1,0.2,6,48,eval,28,inbound,DQN,-128.057,0,59,0,5.5623,24,12,,L02,0,0,0,0,161.3106,0,0,0
twoway_DQN_vs_DQN_mid,DQN_vs_DQN,mid,0.1,0.2,6,48,eval,29,inbound,DQN,-127.8129,0,59,0,6.2077,30,13,,L02,0,0,0,0,155.4056,0,0,0
twoway_DQN_vs_DQN_mid,DQN_vs_DQN,mid,0.1,0.2,6,48,eval,30,inbound,DQN,-130.2584,0,59,0,6.0749,20,11,,L02,0,0,0,0,132.484,0,0,0
twoway_DQN_vs_DQN_mid,DQN_vs_DQN,mid,0.1,0.2,6,48,eval,1,outbound,DQN,-115.033,0,59,0,5.571,0,10,,L08,0,0,0,0,362.1344,0,0,0
twoway_DQN_vs_DQN_mid,DQN_vs_DQN,mid,0.1,0.2,6,48,eval,2,outbound,DQN,-121.9568,0,59,0,5.503,0,13,,L02,0,0,0,0,132.484,0,0,0
twoway_DQN_vs_DQN_mid,DQN_vs_DQN,mid,0.1,0.2,6,48,eval,3,outbound,DQN,-126.4524,0,59,0,6.101,0,8,,L02,0,0,0,0,155.4056,0,0,0
twoway_DQN_vs_DQN_mid,DQN_vs_DQN,mid,0.1,0.2,6,48,eval,4,outbound,DQN,-114.2161,0,59,0,5.8239,0,15,,L08,0,0,0,0,426.0549,0,0,0
twoway_DQN_vs_DQN_mid,DQN_vs_DQN,mid,0.1,0.2,6,48,eval,5,outbound,DQN,-115.036,0,59,0,5.7837,0,24,,L08,0,0,0,0,394.1452,0,0,0
twoway_DQN_vs_DQN_mid,DQN_vs_DQN,mid,0.1,0.2,6,48,eval,6,outbound,DQN,-115.212,0,59,0,6.0932,0,15,,L08,0,0,0,0,362.1344,0,0,0
twoway_DQN_vs_DQN_mid,DQN_vs_DQN,mid,0.1,0.2,6,48,eval,7,outbound,DQN,-115.0356,0,59,0,5.8959,0,12,,L08,0,0,0,0,376.5902,0,0,0
twoway_DQN_vs_DQN_mid,DQN_vs_DQN,mid,0.1,0.2,6,48,eval,8,outbound,DQN,-211.1303,0,59,0,6.0129,0,8,,L02,0,0,0,1,29.1204,22,0,0
twoway_DQN_vs_DQN_mid,DQN_vs_DQN,mid,0.1,0.2,6,48,eval,9,outbound,DQN,-241.6303,0,59,0,5.9251,0,7,,L02,0,0,0,0,58.2409,24,0,0
twoway_DQN_vs_DQN_mid,DQN_vs_DQN,mid,0.1,0.2,6,48,eval,10,outbound,DQN,-115.3343,0,59,0,5.9416,0,9,,L08,0,0,0,0,394.1452,0,0,0
twoway_DQN_vs_DQN_mid,DQN_vs_DQN,mid,0.1,0.2,6,48,eval,11,outbound,DQN,-118.2859,0,59,0,6.036,0,7,,L02,0,0,0,0,132.484,0,0,0
twoway_DQN_vs_DQN_mid,DQN_vs_DQN,mid,0.1,0.2,6,48,eval,12,outbound,DQN,-292.0023,1,48,0,5.715,6,13,2.2201,L02,2,1,11,0,0,12,4,3
twoway_DQN_vs_DQN_mid,DQN_vs_DQN,mid,0.1,0.2,6,48,eval,13,outbound,DQN,-115.1162,0,59,0,5.9887,0,11,,L02,0,0,0,0,161.3106,0,0,0
twoway_DQN_vs_DQN_mid,DQN_vs_DQN,mid,0.1,0.2,6,48,eval,14,outbound,DQN,-114.1002,0,59,0,5.836,0,14,,L02,0,0,0,0,136.4844,0,0,0
twoway_DQN_vs_DQN_mid,DQN_vs_DQN,mid,0.1,0.2,6,48,eval,15,outbound,DQN,-454.8236,0,59,0,49.3754,0,15,,L02,1,1,9,1,0,15,15,0
twoway_DQN_vs_DQN_mid,DQN_vs_DQN,mid,0.1,0.2,6,48,eval,16,outbound,DQN,-115.269,0,59,0,5.8955,0,11,,L08,0,0,0,0,362.1344,0,0,0
twoway_DQN_vs_DQN_mid,DQN_vs_DQN,mid,0.1,0.2,6,48,eval,17,outbound,DQN,-555.3784,0,59,1,108.5535,10,16,,L02,2,1,11,0,0,15,12,0
twoway_DQN_vs_DQN_mid,DQN_vs_DQN,mid,0.1,0.2,6,48,eval,18,outbound,DQN,-115.1439,0,59,0,6.0221,0,16,,L08,0,0,0,0,362.1344,0,0,0
twoway_DQN_vs_DQN_mid,DQN_vs_DQN,mid,0.1,0.2,6,48,eval,19,outbound,DQN,-118.2148,0,59,0,5.7241,0,9,,L02,0,0,0,0,155.4056,0,0,0
twoway_DQN_vs_DQN_mid,DQN_vs_DQN,mid,0.1,0.2,6,48,eval,20,outbound,DQN,-114.3902,0,59,0,6.2415,0,16,,L08,0,0,0,0,422.9297,0,0,0
twoway_DQN_vs_DQN_mid,DQN_vs_DQN,mid,0.1,0.2,6,48,eval,21,outbound,DQN,-114.5575,0,59,0,5.6339,0,11,,L02,0,0,0,0,136.4844,0,0,0
twoway_DQN_vs_DQN_mid,DQN_vs_DQN,mid,0.1,0.2,6,48,eval,22,outbound,DQN,-115.255,0,59,0,5.69,0,11,,L08,0,0,0,0,394.1452,0,0,0
twoway_DQN_vs_DQN_mid,DQN_vs_DQN,mid,0.1,0.2,6,48,eval,23,outbound,DQN,-115.2481,0,59,0,6.156,0,7,,L08,0,0,0,0,408.6436,0,0,0
twoway_DQN_vs_DQN_mid,DQN_vs_DQN,mid,0.1,0.2,6,48,eval,24,outbound,DQN,-115.1291,0,59,0,5.9459,0,12,,L08,0,0,0,0,455.0625,0,0,0
twoway_DQN_vs_DQN_mid,DQN_vs_DQN,mid,0.1,0.2,6,48,eval,25,outbound,DQN,-115.1934,0,59,0,6.1047,0,15,,L08,0,0,0,0,394.1452,0,0,0
twoway_DQN_vs_DQN_mid,DQN_vs_DQN,mid,0.1,0.2,6,48,eval,26,outbound,DQN,-114.2891,0,59,0,5.7221,0,11,,L08,0,0,0,0,408.6436,0,0,0
twoway_DQN_vs_DQN_mid,DQN_vs_DQN,mid,0.1,0.2,6,48,eval,27,outbound,DQN,-118.271,0,59,0,6.1225,2,15,,L02,0,0,0,0,62.2632,0,0,0
twoway_DQN_vs_DQN_mid,DQN_vs_DQN,mid,0.1,0.2,6,48,eval,28,outbound,DQN,-114.2967,0,59,0,5.6739,0,11,,L02,0,0,0,0,161.3106,0,0,0
twoway_DQN_vs_DQN_mid,DQN_vs_DQN,mid,0.1,0.2,6,48,eval,29,outbound,DQN,-118.1676,0,59,0,5.6154,0,8,,L02,0,0,0,0,155.4056,0,0,0
twoway_DQN_vs_DQN_mid,DQN_vs_DQN,mid,0.1,0.2,6,48,eval,30,outbound,DQN,-114.548,0,59,0,5.8805,0,5,,L02,0,0,0,0,132.484,0,0,0
twoway_DQN_vs_DQN_mid,DQN_vs_DQN,mid,0.1,0.2,7,49,eval,1,inbound,DQN,-151.6878,0,59,1,65.841,28,15,,L08,0,0,0,0,283.5591,0,0,0
twoway_DQN_vs_DQN_mid,DQN_vs_DQN,mid,0.1,0.2,7,49,eval,2,inbound,DQN,-158.2814,0,59,1,117.5452,18,9,,L08,0,0,0,0,233.6044,0,0,0
twoway_DQN_vs_DQN_mid,DQN_vs_DQN,mid,0.1,0.2,7,49,eval,3,inbound,DQN,-152.1038,0,59,1,93.3651,25,15,,L08,0,0,0,0,233.6044,0,0,0
twoway_DQN_vs_DQN_mid,DQN_vs_DQN,mid,0.1,0.2,7,49,eval,4,inbound,DQN,-151.9335,0,59,1,60.2266,25,12,,L08,0,0,0,0,283.5591,0,0,0
twoway_DQN_vs_DQN_mid,DQN_vs_DQN,mid,0.1,0.2,7,49,eval,5,inbound,DQN,-151.4063,0,59,1,81.6077,29,8,,L08,0,0,0,0,233.6044,0,0,0
twoway_DQN_vs_DQN_mid,DQN_vs_DQN,mid,0.1,0.2,7,49,eval,6,inbound,DQN,-148.9059,0,59,1,63.8981,21,12,,L08,0,0,0,0,219.6273,0,0,0
twoway_DQN_vs_DQN_mid,DQN_vs_DQN,mid,0.1,0.2,7,49,eval,7,inbound,DQN,-170.5651,0,59,2,43.3945,23,10,,L08,0,0,0,0,225.0495,0,0,0
twoway_DQN_vs_DQN_mid,DQN_vs_DQN,mid,0.1,0.2,7,49,eval,8,inbound,DQN,-151.3555,0,59,1,73.6519,25,15,,L08,0,0,0,0,287.3575,0,0,0
twoway_DQN_vs_DQN_mid,DQN_vs_DQN,mid,0.1,0.2,7,49,eval,9,inbound,DQN,-150.5216,0,59,0,89.4812,23,11,,L02,0,0,0,0,122.5612,0,0,0
twoway_DQN_vs_DQN_mid,DQN_vs_DQN,mid,0.1,0.2,7,49,eval,10,inbound,DQN,-154.202,0,59,1,32.9511,24,9,,L08,0,0,0,0,290.286,0,0,0
twoway_DQN_vs_DQN_mid,DQN_vs_DQN,mid,0.1,0.2,7,49,eval,11,inbound,DQN,-157.5363,0,59,1,87.2706,33,11,,L08,0,0,0,0,283.5591,0,0,0
twoway_DQN_vs_DQN_mid,DQN_vs_DQN,mid,0.1,0.2,7,49,eval,12,inbound,DQN,-133.6633,0,59,0,75.4954,22,18,,L02,0,0,0,0,185.9942,0,0,0
twoway_DQN_vs_DQN_mid,DQN_vs_DQN,mid,0.1,0.2,7,49,eval,13,inbound,DQN,-126.7084,0,59,0,20.6298,22,13,,L02,0,0,0,0,155.7987,0,0,0
twoway_DQN_vs_DQN_mid,DQN_vs_DQN,mid,0.1,0.2,7,49,eval,14,inbound,DQN,-125.1799,0,59,0,5.688,8,14,,L02,0,0,0,0,132.484,0,0,0
twoway_DQN_vs_DQN_mid,DQN_vs_DQN,mid,0.1,0.2,7,49,eval,15,inbound,DQN,-129.9373,0,59,0,7.8229,21,10,,L08,0,0,0,0,233.6044,0,0,0
twoway_DQN_vs_DQN_mid,DQN_vs_DQN,mid,0.1,0.2,7,49,eval,16,inbound,DQN,-172.9453,0,59,0,208.8593,20,14,,L02,0,0,0,0,213.3531,0,0,0
twoway_DQN_vs_DQN_mid,DQN_vs_DQN,mid,0.1,0.2,7,49,eval,17,inbound,DQN,-159.7149,0,59,0,92.6854,25,11,,L02,0,0,0,0,434.5555,0,0,0
twoway_DQN_vs_DQN_mid,DQN_vs_DQN,mid,0.1,0.2,7,49,eval,18,inbound,DQN,-184.9963,0,59,2,110.2761,25,7,,L08,0,0,0,0,297.8508,0,0,0
twoway_DQN_vs_DQN_mid,DQN_vs_DQN,mid,0.1,0.2,7,49,eval,19,inbound,DQN,-169.4123,0,59,0,164.0156,27,13,,L02,0,0,0,0,244.7337,0,0,0
twoway_DQN_vs_DQN_mid,DQN_vs_DQN,mid,0.1,0.2,7,49,eval,20,inbound,DQN,-128.879,0,59,0,6.3959,21,12,,L02,0,0,0,0,224.6171,0,0,0
twoway_DQN_vs_DQN_mid,DQN_vs_DQN,mid,0.1,0.2,7,49,eval,21,inbound,DQN,-209.2671,0,59,3,94.7408,24,8,,L08,0,0,0,0,267.3343,0,0,0
twoway_DQN_vs_DQN_mid,DQN_vs_DQN,mid,0.1,0.2,7,49,eval,22,inbound,DQN,-133.1188,0,59,0,5.689,29,14,,L08,0,0,0,0,297.8508,0,0,0
twoway_DQN_vs_DQN_mid,DQN_vs_DQN,mid,0.1,0.2,7,49,eval,23,inbound,DQN,-200.6345,0,59,3,12.6613,22,11,,L08,0,0,0,0,125.2517,0,0,0
twoway_DQN_vs_DQN_mid,DQN_vs_DQN,mid,0.1,0.2,7,49,eval,24,inbound,DQN,-131.9217,0,59,0,5.6574,20,8,,L08,0,0,0,0,219.6273,0,0,0
twoway_DQN_vs_DQN_mid,DQN_vs_DQN,mid,0.1,0.2,7,49,eval,25,inbound,DQN,-128.6061,0,59,0,7.4214,21,8,,L08,0,0,0,0,233.6044,0,0,0
twoway_DQN_vs_DQN_mid,DQN_vs_DQN,mid,0.1,0.2,7,49,eval,26,inbound,DQN,-126.1813,0,59,0,5.1716,10,12,,L02,0,0,0,0,136.4844,0,0,0
twoway_DQN_vs_DQN_mid,DQN_vs_DQN,mid,0.1,0.2,7,49,eval,27,inbound,DQN,-152.3147,0,59,1,44.21,22,19,,L08,0,0,0,0,283.5591,0,0,0
twoway_DQN_vs_DQN_mid,DQN_vs_DQN,mid,0.1,0.2,7,49,eval,28,inbound,DQN,-854.2369,0,59,0,9.3466,21,12,,L02,4,1,18,1,0,34,19,7
twoway_DQN_vs_DQN_mid,DQN_vs_DQN,mid,0.1,0.2,7,49,eval,29,inbound,DQN,-198.9213,0,59,3,79.8651,28,12,,L08,0,0,0,0,246.7851,0,0,0
twoway_DQN_vs_DQN_mid,DQN_vs_DQN,mid,0.1,0.2,7,49,eval,30,inbound,DQN,-176.4145,0,59,0,159.4278,23,11,,L02,0,0,0,0,152.4314,0,0,0
twoway_DQN_vs_DQN_mid,DQN_vs_DQN,mid,0.1,0.2,7,49,eval,1,outbound,DQN,-133.9891,0,59,0,166.1571,12,13,,L08,0,0,0,0,283.5591,0,0,0
twoway_DQN_vs_DQN_mid,DQN_vs_DQN,mid,0.1,0.2,7,49,eval,2,outbound,DQN,-115.2666,0,59,0,5.9525,0,11,,L08,0,0,0,0,233.6044,0,0,0
twoway_DQN_vs_DQN_mid,DQN_vs_DQN,mid,0.1,0.2,7,49,eval,3,outbound,DQN,-122.0699,0,59,0,116.2537,13,13,,L08,0,0,0,0,233.6044,0,0,0
twoway_DQN_vs_DQN_mid,DQN_vs_DQN,mid,0.1,0.2,7,49,eval,4,outbound,DQN,-139.1843,0,59,0,167.4779,18,15,,L08,0,0,0,0,283.5591,0,0,0
twoway_DQN_vs_DQN_mid,DQN_vs_DQN,mid,0.1,0.2,7,49,eval,5,outbound,DQN,-129.3263,0,59,0,126.386,7,16,,L08,0,0,0,0,233.6044,0,0,0
twoway_DQN_vs_DQN_mid,DQN_vs_DQN,mid,0.1,0.2,7,49,eval,6,outbound,DQN,-118.2453,0,59,0,8.0181,0,12,,L08,0,0,0,0,219.6273,0,0,0
twoway_DQN_vs_DQN_mid,DQN_vs_DQN,mid,0.1,0.2,7,49,eval,7,outbound,DQN,-132.8885,0,59,0,67.0037,6,14,,L08,0,0,0,0,225.0495,0,0,0
twoway_DQN_vs_DQN_mid,DQN_vs_DQN,mid,0.1,0.2,7,49,eval,8,outbound,DQN,-142.0924,0,59,0,208.5791,13,13,,L08,0,0,0,0,287.3575,0,0,0
twoway_DQN_vs_DQN_mid,DQN_vs_DQN,mid,0.1,0.2,7,49,eval,9,outbound,DQN,93.4121,1,21,0,5.1839,0,5,4.7831,L02,0,0,0,0,122.5612,0,0,0
twoway_DQN_vs_DQN_mid,DQN_vs_DQN,mid,0.1,0.2,7,49,eval,10,outbound,DQN,-140.4042,0,59,0,226.134,14,13,,L08,0,0,0,0,290.286,0,0,0
twoway_DQN_vs_DQN_mid,DQN_vs_DQN,mid,0.1,0.2,7,49,eval,11,outbound,DQN,-114.9462,0,59,0,5.5589,0,7,,L08,0,0,0,0,283.5591,0,0,0
twoway_DQN_vs_DQN_mid,DQN_vs_DQN,mid,0.1,0.2,7,49,eval,12,outbound,DQN,-116.7755,0,59,0,5.762,1,9,,L02,0,0,0,0,185.9942,0,0,0
twoway_DQN_vs_DQN_mid,DQN_vs_DQN,mid,0.1,0.2,7,49,eval,13,outbound,DQN,-126.9827,0,59,0,6.1639,0,11,,L02,0,0,0,0,155.7987,0,0,0
twoway_DQN_vs_DQN_mid,DQN_vs_DQN,mid,0.1,0.2,7,49,eval,14,outbound,DQN,-115.0222,0,59,0,6.0569,0,12,,L02,0,0,0,0,132.484,0,0,0
twoway_DQN_vs_DQN_mid,DQN_vs_DQN,mid,0.1,0.2,7,49,eval,15,outbound,DQN,-121.6445,0,59,0,182.8017,14,8,,L08,0,0,0,0,233.6044,0,0,0
twoway_DQN_vs_DQN_mid,DQN_vs_DQN,mid,0.1,0.2,7,49,eval,16,outbound,DQN,96.1335,1,21,0,5.9456,4,4,0.1653,L02,0,0,0,0,213.3531,0,0,0
twoway_DQN_vs_DQN_mid,DQN_vs_DQN,mid,0.1,0.2,7,49,eval,17,outbound,DQN,-115.0444,0,59,0,5.9111,0,6,,L02,0,0,0,0,434.5555,0,0,0
twoway_DQN_vs_DQN_mid,DQN_vs_DQN,mid,0.1,0.2,7,49,eval,18,outbound,DQN,-167.0869,0,59,0,233.3093,14,12,,L08,0,0,0,0,297.8508,0,0,0
twoway_DQN_vs_DQN_mid,DQN_vs_DQN,mid,0.1,0.2,7,49,eval,19,outbound,DQN,68.8256,1,33,0,5.5001,8,8,3.8003,L02,0,0,0,0,244.7337,0,0,0
twoway_DQN_vs_DQN_mid,DQN_vs_DQN,mid,0.1,0.2,7,49,eval,20,outbound,DQN,-115.1125,0,59,0,6.142,0,12,,L02,0,0,0,0,224.6171,0,0,0
twoway_DQN_vs_DQN_mid,DQN_vs_DQN,mid,0.1,0.2,7,49,eval,21,outbound,DQN,-172.1832,0,59,0,209.2843,20,10,,L08,0,0,0,0,267.3343,0,0,0
twoway_DQN_vs_DQN_mid,DQN_vs_DQN,mid,0.1,0.2,7,49,eval,22,outbound,DQN,-122.614,0,59,0,21.5739,0,13,,L08,0,0,0,0,297.8508,0,0,0
twoway_DQN_vs_DQN_mid,DQN_vs_DQN,mid,0.1,0.2,7,49,eval,23,outbound,DQN,-116.502,0,59,0,101.6184,11,11,,L08,0,0,0,0,125.2517,0,0,0
twoway_DQN_vs_DQN_mid,DQN_vs_DQN,mid,0.1,0.2,7,49,eval,24,outbound,DQN,-119.2525,0,59,0,6.3838,0,12,,L08,0,0,0,0,219.6273,0,0,0
twoway_DQN_vs_DQN_mid,DQN_vs_DQN,mid,0.1,0.2,7,49,eval,25,outbound,DQN,-115.1209,0,59,0,6.0032,0,13,,L08,0,0,0,0,233.6044,0,0,0
twoway_DQN_vs_DQN_mid,DQN_vs_DQN,mid,0.1,0.2,7,49,eval,26,outbound,DQN,-114.8165,0,59,0,5.7885,0,11,,L02,0,0,0,0,136.4844,0,0,0
twoway_DQN_vs_DQN_mid,DQN_vs_DQN,mid,0.1,0.2,7,49,eval,27,outbound,DQN,-125.9531,0,59,0,144.362,10,10,,L08,0,0,0,0,283.5591,0,0,0
twoway_DQN_vs_DQN_mid,DQN_vs_DQN,mid,0.1,0.2,7,49,eval,28,outbound,DQN,-729.5339,0,59,0,6.3404,21,12,,L02,4,1,18,1,0,34,19,7
twoway_DQN_vs_DQN_mid,DQN_vs_DQN,mid,0.1,0.2,7,49,eval,29,outbound,DQN,-158.9296,0,59,0,229.7132,26,13,,L08,0,0,0,0,246.7851,0,0,0
twoway_DQN_vs_DQN_mid,DQN_vs_DQN,mid,0.1,0.2,7,49,eval,30,outbound,DQN,95.8649,1,18,0,6.0561,2,6,6.3982,L02,0,0,0,0,152.4314,0,0,0
twoway_DQN_vs_DQN_harsh,DQN_vs_DQN,harsh,0.25,0.4,0,42,eval,1,inbound,DQN,-132.8556,0,59,0,14.0185,79,18,,L08,0,0,0,0,265.6712,0,0,0
twoway_DQN_vs_DQN_harsh,DQN_vs_DQN,harsh,0.25,0.4,0,42,eval,2,inbound,DQN,-134.4986,0,59,0,13.008,81,26,,L08,0,0,0,0,219.6273,0,0,0
twoway_DQN_vs_DQN_harsh,DQN_vs_DQN,harsh,0.25,0.4,0,42,eval,3,inbound,DQN,-385.3642,0,59,2,47.8525,50,27,,L02,2,1,5,1,0,8,7,3
twoway_DQN_vs_DQN_harsh,DQN_vs_DQN,harsh,0.25,0.4,0,42,eval,4,inbound,DQN,-128.0577,0,59,0,14.9202,91,26,,L02,0,0,0,0,155.4056,0,0,0
twoway_DQN_vs_DQN_harsh,DQN_vs_DQN,harsh,0.25,0.4,0,42,eval,5,inbound,DQN,-262.937,0,59,2,170.4376,78,22,,L02,1,1,2,1,0,5,4,1
twoway_DQN_vs_DQN_harsh,DQN_vs_DQN,harsh,0.25,0.4,0,42,eval,6,inbound,DQN,-135.6198,0,59,0,22.178,80,26,,L08,0,0,0,0,233.6044,0,0,0
twoway_DQN_vs_DQN_harsh,DQN_vs_DQN,harsh,0.25,0.4,0,42,eval,7,inbound,DQN,-573.458,0,59,3,14.1792,73,26,,L08,2,1,9,2,0,19,14,8
twoway_DQN_vs_DQN_harsh,DQN_vs_DQN,harsh,0.25,0.4,0,42,eval,8,inbound,DQN,-243.0189,0,59,0,46.1657,74,27,,L08,1,1,3,0,0,5,5,2
twoway_DQN_vs_DQN_harsh,DQN_vs_DQN,harsh,0.25,0.4,0,42,eval,9,inbound,DQN,-181.8968,0,59,1,40.9627,60,27,,L02,0,0,0,1,29.1204,7,1,1
twoway_DQN_vs_DQN_harsh,DQN_vs_DQN,harsh,0.25,0.4,0,42,eval,10,inbound,DQN,-133.1988,0,59,0,13.5704,87,23,,L08,0,0,0,0,233.6044,0,0,0
twoway_DQN_vs_DQN_harsh,DQN_vs_DQN,harsh,0.25,0.4,0,42,eval,11,inbound,DQN,-148.9946,0,59,0,74.4818,85,27,,L02,0,0,0,0,423.3729,0,0,0
twoway_DQN_vs_DQN_harsh,DQN_vs_DQN,harsh,0.25,0.4,0,42,eval,12,inbound,DQN,-134.1339,0,59,0,14.2253,85,31,,L08,0,0,0,0,68.5176,0,0,0
twoway_DQN_vs_DQN_harsh,DQN_vs_DQN,harsh,0.25,0.4,0,42,eval,13,inbound,DQN,-132.2321,0,59,0,13.9663,78,22,,L08,0,0,0,0,219.6273,0,0,0
twoway_DQN_vs_DQN_harsh,DQN_vs_DQN,harsh,0.25,0.4,0,42,eval,14,inbound,DQN,-137.0442,0,59,0,88.7468,66,17,,L02,0,0,0,0,43.6807,3,0,0
twoway_DQN_vs_DQN_harsh,DQN_vs_DQN,harsh,0.25,0.4,0,42,eval,15,inbound,DQN,-154.2822,0,59,1,110.8966,86,26,,L02,0,0,0,0,320.4985,0,0,0
twoway_DQN_vs_DQN_harsh,DQN_vs_DQN,harsh,0.25,0.4,0,42,eval,16,inbound,DQN,-131.3004,0,59,0,13.4648,87,21,,L08,0,0,0,0,251.5072,0,0,0
twoway_DQN_vs_DQN_harsh,DQN_vs_DQN,harsh,0.25,0.4,0,42,eval,17,inbound,DQN,-331.2181,0,59,2,79.4974,65,22,,L02,1,1,4,2,0,9,4,2
twoway_DQN_vs_DQN_harsh,DQN_vs_DQN,harsh,0.25,0.4,0,42,eval,18,inbound,DQN,-232.2341,0,59,4,17.2071,87,27,,L08,0,0,0,0,197.7603,0,0,0
twoway_DQN_vs_DQN_harsh,DQN_vs_DQN,harsh,0.25,0.4,0,42,eval,19,inbound,DQN,-131.7313,0,59,0,14.0416,80,19,,L08,0,0,0,0,233.6044,0,0,0
twoway_DQN_vs_DQN_harsh,DQN_vs_DQN,harsh,0.25,0.4,0,42,eval,20,inbound,DQN,-127.4092,0,59,0,12.9685,78,23,,L02,0,0,0,0,180.7812,0,0,0
twoway_DQN_vs_DQN_harsh,DQN_vs_DQN,harsh,0.25,0.4,0,42,eval,21,inbound,DQN,-131.426,0,59,0,13.5562,81,30,,L08,0,0,0,0,233.6044,0,0,0
twoway_DQN_vs_DQN_harsh,DQN_vs_DQN,harsh,0.25,0.4,0,42,eval,22,inbound,DQN,-196.2431,0,59,2,12.4557,76,27,,L08,0,0,0,0,137.3608,0,0,0
twoway_DQN_vs_DQN_harsh,DQN_vs_DQN,harsh,0.25,0.4,0,42,eval,23,inbound,DQN,-169.0879,0,59,1,75.4639,68,24,,L02,0,0,0,0,43.6807,6,1,0
twoway_DQN_vs_DQN_harsh,DQN_vs_DQN,harsh,0.25,0.4,0,42,eval,24,inbound,DQN,-132.4111,0,59,0,15.6143,82,25,,L08,0,0,0,0,205.9873,0,0,0
twoway_DQN_vs_DQN_harsh,DQN_vs_DQN,harsh,0.25,0.4,0,42,eval,25,inbound,DQN,-142.1854,0,59,0,48.8177,83,24,,L02,0,0,0,0,294.1162,0,0,0
twoway_DQN_vs_DQN_harsh,DQN_vs_DQN,harsh,0.25,0.4,0,42,eval,26,inbound,DQN,-133.9396,0,59,0,14.4055,93,20,,L08,0,0,0,0,265.6712,0,0,0
twoway_DQN_vs_DQN_harsh,DQN_vs_DQN,harsh,0.25,0.4,0,42,eval,27,inbound,DQN,-131.9208,0,59,0,13.0874,76,19,,L08,0,0,0,0,251.5072,0,0,0
twoway_DQN_vs_DQN_harsh,DQN_vs_DQN,harsh,0.25,0.4,0,42,eval,28,inbound,DQN,-346.0921,0,59,4,80.1301,61,22,,L02,1,1,3,2,0,8,6,3
twoway_DQN_vs_DQN_harsh,DQN_vs_DQN,harsh,0.25,0.4,0,42,eval,29,inbound,DQN,-133.3726,0,59,0,14.465,85,25,,L08,0,0,0,0,233.6044,0,0,0
twoway_DQN_vs_DQN_harsh,DQN_vs_DQN,harsh,0.25,0.4,0,42,eval,30,inbound,DQN,-134.2726,0,59,0,13.6791,73,27,,L08,0,0,0,0,251.5072,0,0,0
twoway_DQN_vs_DQN_harsh,DQN_vs_DQN,harsh,0.25,0.4,0,42,eval,1,outbound,DQN,-204.4461,0,59,3,12.4493,0,25,,L08,0,0,0,0,265.6712,0,0,0
twoway_DQN_vs_DQN_harsh,DQN_vs_DQN,harsh,0.25,0.4,0,42,eval,2,outbound,DQN,-193.6907,0,59,3,12.6194,0,19,,L08,0,0,0,0,219.6273,0,0,0
twoway_DQN_vs_DQN_harsh,DQN_vs_DQN,harsh,0.25,0.4,0,42,eval,3,outbound,DQN,-366.3557,0,59,0,135.1331,53,27,,L02,2,1,5,1,0,8,7,3
twoway_DQN_vs_DQN_harsh,DQN_vs_DQN,harsh,0.25,0.4,0,42,eval,4,outbound,DQN,-167.1614,0,59,2,12.52,0,25,,L02,0,0,0,0,155.4056,0,0,0
twoway_DQN_vs_DQN_harsh,DQN_vs_DQN,harsh,0.25,0.4,0,42,eval,5,outbound,DQN,-370.9175,0,59,4,60.2403,16,25,,L02,1,1,2,1,0,5,4,1
twoway_DQN_vs_DQN_harsh,DQN_vs_DQN,harsh,0.25,0.4,0,42,eval,6,outbound,DQN,-118.3252,0,59,0,12.1648,0,25,,L08,0,0,0,0,233.6044,0,0,0
twoway_DQN_vs_DQN_harsh,DQN_vs_DQN,harsh,0.25,0.4,0,42,eval,7,outbound,DQN,-454.9673,1,52,4,12.5098,5,21,0.8651,L08,2,1,9,2,0,19,14,8
twoway_DQN_vs_DQN_harsh,DQN_vs_DQN,harsh,0.25,0.4,0,42,eval,8,outbound,DQN,-411.6005,0,59,6,12.5586,23,27,,L08,1,1,3,0,0,5,5,2
twoway_DQN_vs_DQN_harsh,DQN_vs_DQN,harsh,0.25,0.4,0,42,eval,9,outbound,DQN,-148.1784,0,59,0,12.7011,0,24,,L02,0,0,0,1,29.1204,7,1,1
twoway_DQN_vs_DQN_harsh,DQN_vs_DQN,harsh,0.25,0.4,0,42,eval,10,outbound,DQN,-218.4933,0,59,4,12.6258,0,30,,L08,0,0,0,0,233.6044,0,0,0
twoway_DQN_vs_DQN_harsh,DQN_vs_DQN,harsh,0.25,0.4,0,42,eval,11,outbound,DQN,-254.9872,0,59,5,11.5975,0,25,,L02,0,0,0,0,423.3729,0,0,0
twoway_DQN_vs_DQN_harsh,DQN_vs_DQN,harsh,0.25,0.4,0,42,eval,12,outbound,DQN,-217.4299,0,59,3,13.5266,19,24,,L08,0,0,0,0,68.5176,0,0,0
twoway_DQN_vs_DQN_harsh,DQN_vs_DQN,harsh,0.25,0.4,0,42,eval,13,outbound,DQN,-243.5978,0,59,5,13.5263,0,31,,L08,0,0,0,0,219.6273,0,0,0
twoway_DQN_vs_DQN_harsh,DQN_vs_DQN,harsh,0.25,0.4,0,42,eval,14,outbound,DQN,-128.4407,0,59,0,12.4576,0,23,,L02,0,0,0,0,43.6807,3,0,0
twoway_DQN_vs_DQN_harsh,DQN_vs_DQN,harsh,0.25,0.4,0,42,eval,15,outbound,DQN,-174.8672,0,59,2,11.2912,0,18,,L02,0,0,0,0,320.4985,0,0,0
twoway_DQN_vs_DQN_harsh,DQN_vs_DQN,harsh,0.25,0.4,0,42,eval,16,outbound,DQN,-143.2589,0,59,0,209.6225,56,23,,L08,0,0,0,0,251.5072,0,0,0
twoway_DQN_vs_DQN_harsh,DQN_vs_DQN,harsh,0.25,0.4,0,42,eval,17,outbound,DQN,-387.7652,0,59,3,54.4244,16,23,,L02,1,1,4,2,0,9,4,2
twoway_DQN_vs_DQN_harsh,DQN_vs_DQN,harsh,0.25,0.4,0,42,eval,18,outbound,DQN,-117.6113,0,59,0,13.6325,0,20,,L08,0,0,0,0,197.7603,0,0,0
twoway_DQN_vs_DQN_harsh,DQN_vs_DQN,harsh,0.25,0.4,0,42,eval,19,outbound,DQN,-243.5498,0,59,5,13.504,0,28,,L08,0,0,0,0,233.6044,0,0,0
twoway_DQN_vs_DQN_harsh,DQN_vs_DQN,harsh,0.25,0.4,0,42,eval,20,outbound,DQN,-176.1576,0,59,2,69.7957,28,23,,L02,0,0,0,0,180.7812,0,0,0
twoway_DQN_vs_DQN_harsh,DQN_vs_DQN,harsh,0.25,0.4,0,42,eval,21,outbound,DQN,-168.3136,0,59,2,12.3319,0,20,,L08,0,0,0,0,233.6044,0,0,0
twoway_DQN_vs_DQN_harsh,DQN_vs_DQN,harsh,0.25,0.4,0,42,eval,22,outbound,DQN,-122.7805,0,59,0,13.6107,0,28,,L08,0,0,0,0,137.3608,0,0,0
twoway_DQN_vs_DQN_harsh,DQN_vs_DQN,harsh,0.25,0.4,0,42,eval,23,outbound,DQN,-120.8533,0,59,0,13.0161,0,27,,L02,0,0,0,0,43.6807,6,1,0
twoway_DQN_vs_DQN_harsh,DQN_vs_DQN,harsh,0.25,0.4,0,42,eval,24,outbound,DQN,-144.4317,0,59,1,13.0378,0,23,,L08,0,0,0,0,205.9873,0,0,0
twoway_DQN_vs_DQN_harsh,DQN_vs_DQN,harsh,0.25,0.4,0,42,eval,25,outbound,DQN,-235.1509,0,59,4,113.4032,50,27,,L02,0,0,0,0,294.1162,0,0,0
twoway_DQN_vs_DQN_harsh,DQN_vs_DQN,harsh,0.25,0.4,0,42,eval,26,outbound,DQN,-268.5608,0,59,6,12.9304,0,27,,L08,0,0,0,0,265.6712,0,0,0
twoway_DQN_vs_DQN_harsh,DQN_vs_DQN,harsh,0.25,0.4,0,42,eval,27,outbound,DQN,-167.6992,0,59,2,12.7724,0,20,,L08,0,0,0,0,251.5072,0,0,0
twoway_DQN_vs_DQN_harsh,DQN_vs_DQN,harsh,0.25,0.4,0,42,eval,28,outbound,DQN,-310.3963,0,59,1,79.7105,29,16,,L02,1,1,3,2,0,8,6,3
twoway_DQN_vs_DQN_harsh,DQN_vs_DQN,harsh,0.25,0.4,0,42,eval,29,outbound,DQN,-117.428,0,59,0,12.2279,0,27,,L08,0,0,0,0,233.6044,0,0,0
twoway_DQN_vs_DQN_harsh,DQN_vs_DQN,harsh,0.25,0.4,0,42,eval,30,outbound,DQN,-168.018,0,59,2,13.5326,0,20,,L08,0,0,0,0,251.5072,0,0,0
twoway_DQN_vs_DQN_harsh,DQN_vs_DQN,harsh,0.25,0.4,1,43,eval,1,inbound,DQN,-154.8478,0,59,1,81.133,82,23,,L02,0,0,0,0,291.935,0,0,0
twoway_DQN_vs_DQN_harsh,DQN_vs_DQN,harsh,0.25,0.4,1,43,eval,2,inbound,DQN,-174.1751,0,59,1,217.517,83,23,,L02,0,0,0,0,322.6914,0,0,0
twoway_DQN_vs_DQN_harsh,DQN_vs_DQN,harsh,0.25,0.4,1,43,eval,3,inbound,DQN,-251.3031,0,59,3,251.8035,78,29,,L08,0,0,0,0,271.0924,0,0,0
twoway_DQN_vs_DQN_harsh,DQN_vs_DQN,harsh,0.25,0.4,1,43,eval,4,inbound,DQN,-131.8683,0,59,0,14.0318,77,29,,L08,0,0,0,0,113.719,0,0,0
twoway_DQN_vs_DQN_harsh,DQN_vs_DQN,harsh,0.25,0.4,1,43,eval,5,inbound,DQN,-140.311,0,59,0,13.685,75,24,,L08,0,0,0,0,102.9563,0,0,0
twoway_DQN_vs_DQN_harsh,DQN_vs_DQN,harsh,0.25,0.4,1,43,eval,6,inbound,DQN,-185.6486,0,59,1,126.0346,86,21,,L02,0,0,0,0,451.4905,0,0,0
twoway_DQN_vs_DQN_harsh,DQN_vs_DQN,harsh,0.25,0.4,1,43,eval,7,inbound,DQN,-577.575,0,59,5,20.2109,53,28,,L08,4,1,9,0,0,13,3,0
twoway_DQN_vs_DQN_harsh,DQN_vs_DQN,harsh,0.25,0.4,1,43,eval,8,inbound,DQN,-129.7476,0,59,0,15.3848,79,23,,L08,0,0,0,0,113.719,0,0,0
twoway_DQN_vs_DQN_harsh,DQN_vs_DQN,harsh,0.25,0.4,1,43,eval,9,inbound,DQN,-196.5995,0,59,0,13.1229,67,23,,L02,1,1,2,0,0,3,1,0
twoway_DQN_vs_DQN_harsh,DQN_vs_DQN,harsh,0.25,0.4,1,43,eval,10,inbound,DQN,-209.1909,0,59,0,13.0696,71,18,,L08,1,1,2,0,0,3,2,0
twoway_DQN_vs_DQN_harsh,DQN_vs_DQN,harsh,0.25,0.4,1,43,eval,11,inbound,DQN,-156.4544,0,59,0,174.1603,85,28,,L08,0,0,0,0,362.1344,0,0,0
twoway_DQN_vs_DQN_harsh,DQN_vs_DQN,harsh,0.25,0.4,1,43,eval,12,inbound,DQN,-214.8929,0,59,3,50.1439,78,25,,L02,0,0,0,0,204.8177,0,0,0
twoway_DQN_vs_DQN_harsh,DQN_vs_DQN,harsh,0.25,0.4,1,43,eval,13,inbound,DQN,-166.5701,0,59,1,140.5489,87,26,,L08,0,0,0,0,344.4236,0,0,0
twoway_DQN_vs_DQN_harsh,DQN_vs_DQN,harsh,0.25,0.4,1,43,eval,14,inbound,DQN,-199.456,0,59,1,243.0205,82,23,,L08,0,0,0,0,373.2557,0,0,0
twoway_DQN_vs_DQN_harsh,DQN_vs_DQN,harsh,0.25,0.4,1,43,eval,15,inbound,DQN,-284.0069,0,59,5,192.2041,79,22,,L08,0,0,0,0,373.2557,0,0,0
twoway_DQN_vs_DQN_harsh,DQN_vs_DQN,harsh,0.25,0.4,1,43,eval,16,inbound,DQN,-189.1768,0,59,1,229.8359,84,25,,L02,0,0,0,0,410.9839,0,0,0
twoway_DQN_vs_DQN_harsh,DQN_vs_DQN,harsh,0.25,0.4,1,43,eval,17,inbound,DQN,-165.8776,0,59,0,197.2042,85,20,,L02,0,0,0,0,512.9955,0,0,0
twoway_DQN_vs_DQN_harsh,DQN_vs_DQN,harsh,0.25,0.4,1,43,eval,18,inbound,DQN,-168.3507,0,59,1,120.0297,80,26,,L08,0,0,0,0,394.1452,0,0,0
twoway_DQN_vs_DQN_harsh,DQN_vs_DQN,harsh,0.25,0.4,1,43,eval,19,inbound,DQN,-375.118,0,59,7,20.6546,47,23,,L08,1,1,1,1,0,7,3,1
twoway_DQN_vs_DQN_harsh,DQN_vs_DQN,harsh,0.25,0.4,1,43,eval,20,inbound,DQN,-316.5309,0,59,7,45.8428,63,19,,L02,0,0,0,1,29.1204,8,0,0
twoway_DQN_vs_DQN_harsh,DQN_vs_DQN,harsh,0.25,0.4,1,43,eval,21,inbound,DQN,-203.0673,0,59,0,27.1297,89,26,,L08,1,1,2,0,0,2,1,1
twoway_DQN_vs_DQN_harsh,DQN_vs_DQN,harsh,0.25,0.4,1,43,eval,22,inbound,DQN,-154.5665,0,59,1,139.7906,81,23,,L02,0,0,0,0,235.3036,0,0,0
twoway_DQN_vs_DQN_harsh,DQN_vs_DQN,harsh,0.25,0.4,1,43,eval,23,inbound,DQN,-228.581,0,59,4,56.4591,79,19,,L02,0,0,0,0,282.4407,0,0,0
twoway_DQN_vs_DQN_harsh,DQN_vs_DQN,harsh,0.25,0.4,1,43,eval,24,inbound,DQN,-235.7314,0,59,0,23.4802,76,23,,L08,1,1,2,12,13.8889,26,0,0
twoway_DQN_vs_DQN_harsh,DQN_vs_DQN,harsh,0.25,0.4,1,43,eval,25,inbound,DQN,-338.5593,0,59,1,14.2473,64,21,,L08,1,1,5,0,0,7,4,0
twoway_DQN_vs_DQN_harsh,DQN_vs_DQN,harsh,0.25,0.4,1,43,eval,26,inbound,DQN,-156.195,0,59,1,58.0285,76,24,,L08,0,0,0,0,188.1616,0,0,0
twoway_DQN_vs_DQN_harsh,DQN_vs_DQN,harsh,0.25,0.4,1,43,eval,27,inbound,DQN,-132.7954,0,59,0,18.3062,83,22,,L08,0,0,0,0,140.9687,0,0,0
twoway_DQN_vs_DQN_harsh,DQN_vs_DQN,harsh,0.25,0.4,1,43,eval,28,inbound,DQN,-208.5389,0,59,2,245.4097,79,21,,L02,0,0,0,0,338.449,0,0,0
twoway_DQN_vs_DQN_harsh,DQN_vs_DQN,harsh,0.25,0.4,1,43,eval,29,inbound,DQN,-169.212,0,59,1,193.0601,79,24,,L02,0,0,0,0,320.4985,0,0,0
twoway_DQN_vs_DQN_harsh,DQN_vs_DQN,harsh,0.25,0.4,1,43,eval,30,inbound,DQN,-176.8743,0,59,2,22.287,81,25,,L02,0,0,0,0,253.611,0,0,0
twoway_DQN_vs_DQN_harsh,DQN_vs_DQN,harsh,0.25,0.4,1,43,eval,1,outbound,DQN,-117.9229,0,59,0,10.0149,0,26,,L02,0,0,0,0,291.935,0,0,0
twoway_DQN_vs_DQN_harsh,DQN_vs_DQN,harsh,0.25,0.4,1,43,eval,2,outbound,DQN,-118.251,0,59,0,11.2266,0,24,,L02,0,0,0,0,322.6914,0,0,0
twoway_DQN_vs_DQN_harsh,DQN_vs_DQN,harsh,0.25,0.4,1,43,eval,3,outbound,DQN,88.0334,1,21,0,13.0038,15,7,9.052,L08,0,0,0,0,271.0924,0,0,0
twoway_DQN_vs_DQN_harsh,DQN_vs_DQN,harsh,0.25,0.4,1,43,eval,4,outbound,DQN,-118.5028,0,59,0,12.9503,0,20,,L08,0,0,0,0,113.719,0,0,0
twoway_DQN_vs_DQN_harsh,DQN_vs_DQN,harsh,0.25,0.4,1,43,eval,5,outbound,DQN,-118.48,0,59,0,13.0299,0,24,,L08,0,0,0,0,102.9563,0,0,0
twoway_DQN_vs_DQN_harsh,DQN_vs_DQN,harsh,0.25,0.4,1,43,eval,6,outbound,DQN,-121.8584,0,59,0,10.8212,0,24,,L02,0,0,0,0,451.4905,0,0,0
twoway_DQN_vs_DQN_harsh,DQN_vs_DQN,harsh,0.25,0.4,1,43,eval,7,outbound,DQN,-414.4871,0,59,0,13.6129,0,18,,L08,4,1,9,0,0,13,3,0
twoway_DQN_vs_DQN_harsh,DQN_vs_DQN,harsh,0.25,0.4,1,43,eval,8,outbound,DQN,-118.6578,0,59,0,12.8735,0,23,,L08,0,0,0,0,113.719,0,0,0
twoway_DQN_vs_DQN_harsh,DQN_vs_DQN,harsh,0.25,0.4,1,43,eval,9,outbound,DQN,-189.7157,0,59,0,10.9947,0,24,,L02,1,1,2,0,0,3,1,0
twoway_DQN_vs_DQN_harsh,DQN_vs_DQN,harsh,0.25,0.4,1,43,eval,10,outbound,DQN,-181.6028,0,59,0,12.9126,0,27,,L08,1,1,2,0,0,3,2,0
twoway_DQN_vs_DQN_harsh,DQN_vs_DQN,harsh,0.25,0.4,1,43,eval,11,outbound,DQN,-120.3039,0,59,0,12.4406,0,29,,L08,0,0,0,0,362.1344,0,0,0
twoway_DQN_vs_DQN_harsh,DQN_vs_DQN,harsh,0.25,0.4,1,43,eval,12,outbound,DQN,-118.3922,0,59,0,11.862,0,24,,L02,0,0,0,0,204.8177,0,0,0
twoway_DQN_vs_DQN_harsh,DQN_vs_DQN,harsh,0.25,0.4,1,43,eval,13,outbound,DQN,-118.8314,0,59,0,12.9454,0,23,,L08,0,0,0,0,344.4236,0,0,0
twoway_DQN_vs_DQN_harsh,DQN_vs_DQN,harsh,0.25,0.4,1,43,eval,14,outbound,DQN,30.4227,1,57,0,12.2156,31,25,0.3754,L08,0,0,0,0,373.2557,0,0,0
twoway_DQN_vs_DQN_harsh,DQN_vs_DQN,harsh,0.25,0.4,1,43,eval,15,outbound,DQN,-118.5958,0,59,0,13.3324,0,25,,L08,0,0,0,0,373.2557,0,0,0
twoway_DQN_vs_DQN_harsh,DQN_vs_DQN,harsh,0.25,0.4,1,43,eval,16,outbound,DQN,-120.5696,0,59,0,13.1561,0,20,,L02,0,0,0,0,410.9839,0,0,0
twoway_DQN_vs_DQN_harsh,DQN_vs_DQN,harsh,0.25,0.4,1,43,eval,17,outbound,DQN,-121.0028,0,59,0,13.8337,0,21,,L02,0,0,0,0,512.9955,0,0,0
twoway_DQN_vs_DQN_harsh,DQN_vs_DQN,harsh,0.25,0.4,1,43,eval,18,outbound,DQN,-118.5204,0,59,0,12.6438,0,27,,L08,0,0,0,0,394.1452,0,0,0
twoway_DQN_vs_DQN_harsh,DQN_vs_DQN,harsh,0.25,0.4,1,43,eval,19,outbound,DQN,17.9503,1,27,0,13.3511,28,13,11.9999,L08,1,1,1,1,0,7,3,1
twoway_DQN_vs_DQN_harsh,DQN_vs_DQN,harsh,0.25,0.4,1,43,eval,20,outbound,DQN,-121.3339,0,59,0,12.3042,0,23,,L02,0,0,0,1,29.1204,8,0,0
twoway_DQN_vs_DQN_harsh,DQN_vs_DQN,harsh,0.25,0.4,1,43,eval,21,outbound,DQN,-3.3887,1,43,0,12.3291,9,19,3.4579,L08,1,1,2,0,0,2,1,1
twoway_DQN_vs_DQN_harsh,DQN_vs_DQN,harsh,0.25,0.4,1,43,eval,22,outbound,DQN,-119.0933,0,59,0,14.4365,0,24,,L02,0,0,0,0,235.3036,0,0,0
twoway_DQN_vs_DQN_harsh,DQN_vs_DQN,harsh,0.25,0.4,1,43,eval,23,outbound,DQN,-117.6825,0,59,0,10.1022,0,23,,L02,0,0,0,0,282.4407,0,0,0
twoway_DQN_vs_DQN_harsh,DQN_vs_DQN,harsh,0.25,0.4,1,43,eval,24,outbound,DQN,-31.0408,1,33,0,13.4098,17,13,13.8889,L08,1,1,2,12,13.8889,26,0,0
twoway_DQN_vs_DQN_harsh,DQN_vs_DQN,harsh,0.25,0.4,1,43,eval,25,outbound,DQN,-281.6008,0,59,0,12.9267,0,19,,L08,1,1,5,0,0,7,4,0
twoway_DQN_vs_DQN_harsh,DQN_vs_DQN,harsh,0.25,0.4,1,43,eval,26,outbound,DQN,-118.8446,0,59,0,13.8882,0,26,,L08,0,0,0,0,188.1616,0,0,0
twoway_DQN_vs_DQN_harsh,DQN_vs_DQN,harsh,0.25,0.4,1,43,eval,27,outbound,DQN,-118.6081,0,59,0,13.1433,0,24,,L08,0,0,0,0,140.9687,0,0,0
twoway_DQN_vs_DQN_harsh,DQN_vs_DQN,harsh,0.25,0.4,1,43,eval,28,outbound,DQN,-178.6587,0,59,1,233.9654,66,20,,L02,0,0,0,0,338.449,0,0,0
twoway_DQN_vs_DQN_harsh,DQN_vs_DQN,harsh,0.25,0.4,1,43,eval,29,outbound,DQN,-117.6923,0,59,0,9.4796,0,24,,L02,0,0,0,0,320.4985,0,0,0
twoway_DQN_vs_DQN_harsh,DQN_vs_DQN,harsh,0.25,0.4,1,43,eval,30,outbound,DQN,-118.7878,0,59,0,12.8309,0,21,,L02,0,0,0,0,253.611,0,0,0
twoway_DQN_vs_DQN_harsh,DQN_vs_DQN,harsh,0.25,0.4,2,44,eval,1,inbound,DQN,-170.8383,0,59,0,174.1091,84,23,,L08,0,0,0,0,455.0625,0,0,0
twoway_DQN_vs_DQN_harsh,DQN_vs_DQN,harsh,0.25,0.4,2,44,eval,2,inbound,DQN,-129.4865,0,59,0,13.5663,80,22,,L02,0,0,0,0,154.7584,0,0,0
twoway_DQN_vs_DQN_harsh,DQN_vs_DQN,harsh,0.25,0.4,2,44,eval,3,inbound,DQN,-129.7585,0,59,0,13.5817,76,15,,L02,0,0,0,0,200.1605,0,0,0
twoway_DQN_vs_DQN_harsh,DQN_vs_DQN,harsh,0.25,0.4,2,44,eval,4,inbound,DQN,-126.0415,0,59,0,14.8174,66,13,,L02,0,0,0,0,130,0,0,0
twoway_DQN_vs_DQN_harsh,DQN_vs_DQN,harsh,0.25,0.4,2,44,eval,5,inbound,DQN,-130.1839,0,59,0,13.2964,83,33,,L08,0,0,0,0,137.3608,0,0,0
twoway_DQN_vs_DQN_harsh,DQN_vs_DQN,harsh,0.25,0.4,2,44,eval,6,inbound,DQN,-134.0875,0,59,0,13.7126,82,30,,L08,0,0,0,0,157.5434,0,0,0
twoway_DQN_vs_DQN_harsh,DQN_vs_DQN,harsh,0.25,0.4,2,44,eval,7,inbound,DQN,-224.4669,0,59,0,22.1192,80,24,,L02,1,1,3,0,0,3,1,1
twoway_DQN_vs_DQN_harsh,DQN_vs_DQN,harsh,0.25,0.4,2,44,eval,8,inbound,DQN,-129.8982,0,59,0,14.2948,76,24,,L08,0,0,0,0,113.719,0,0,0
twoway_DQN_vs_DQN_harsh,DQN_vs_DQN,harsh,0.25,0.4,2,44,eval,9,inbound,DQN,-127.1118,0,59,0,27.2914,84,22,,L02,0,0,0,0,293.0894,0,0,0
twoway_DQN_vs_DQN_harsh,DQN_vs_DQN,harsh,0.25,0.4,2,44,eval,10,inbound,DQN,-129.7497,0,59,0,13.4822,77,22,,L02,0,0,0,0,200.1605,0,0,0
twoway_DQN_vs_DQN_harsh,DQN_vs_DQN,harsh,0.25,0.4,2,44,eval,11,inbound,DQN,-125.8399,0,59,0,14.1917,89,24,,L02,0,0,0,0,150.6808,0,0,0
twoway_DQN_vs_DQN_harsh,DQN_vs_DQN,harsh,0.25,0.4,2,44,eval,12,inbound,DQN,-208.4449,0,59,3,22.8316,52,21,,L08,0,0,0,0,150.6808,0,0,0
twoway_DQN_vs_DQN_harsh,DQN_vs_DQN,harsh,0.25,0.4,2,44,eval,13,inbound,DQN,-134.404,0,59,0,19.4351,78,24,,L08,0,0,0,0,128.5921,0,0,0
twoway_DQN_vs_DQN_harsh,DQN_vs_DQN,harsh,0.25,0.4,2,44,eval,14,inbound,DQN,-132.2485,0,59,0,14.0684,88,23,,L08,0,0,0,0,128.5921,0,0,0
twoway_DQN_vs_DQN_harsh,DQN_vs_DQN,harsh,0.25,0.4,2,44,eval,15,inbound,DQN,-373.9865,0,59,0,13.7904,85,20,,L08,3,1,5,4,0,22,10,3
twoway_DQN_vs_DQN_harsh,DQN_vs_DQN,harsh,0.25,0.4,2,44,eval,16,inbound,DQN,-126.4294,0,59,0,13.899,79,30,,L02,0,0,0,0,155.4056,0,0,0
twoway_DQN_vs_DQN_harsh,DQN_vs_DQN,harsh,0.25,0.4,2,44,eval,17,inbound,DQN,-518.8381,0,59,0,14.886,87,27,,L08,3,1,10,8,0,27,13,2
twoway_DQN_vs_DQN_harsh,DQN_vs_DQN,harsh,0.25,0.4,2,44,eval,18,inbound,DQN,-198.5501,0,59,0,13.255,82,27,,L08,1,1,2,0,0,2,1,1
twoway_DQN_vs_DQN_harsh,DQN_vs_DQN,harsh,0.25,0.4,2,44,eval,19,inbound,DQN,-288.7239,0,59,0,12.6222,65,22,,L02,1,1,5,0,0,6,2,0
twoway_DQN_vs_DQN_harsh,DQN_vs_DQN,harsh,0.25,0.4,2,44,eval,20,inbound,DQN,-131.5929,0,59,0,26.7939,86,21,,L02,0,0,0,0,207.6129,0,0,0
twoway_DQN_vs_DQN_harsh,DQN_vs_DQN,harsh,0.25,0.4,2,44,eval,21,inbound,DQN,-145.4367,0,59,0,51.7208,90,30,,L02,0,0,0,0,174.4716,0,0,0
twoway_DQN_vs_DQN_harsh,DQN_vs_DQN,harsh,0.25,0.4,2,44,eval,22,inbound,DQN,-195.538,0,59,0,13.0802,80,27,,L02,1,1,2,0,0,2,1,1
twoway_DQN_vs_DQN_harsh,DQN_vs_DQN,harsh,0.25,0.4,2,44,eval,23,inbound,DQN,-128.4294,0,59,0,13.1789,81,22,,L02,0,0,0,0,155.4056,0,0,0
twoway_DQN_vs_DQN_harsh,DQN_vs_DQN,harsh,0.25,0.4,2,44,eval,24,inbound,DQN,-126.778,0,59,0,12.4085,75,25,,L02,0,0,0,0,130,0,0,0
twoway_DQN_vs_DQN_harsh,DQN_vs_DQN,harsh,0.25,0.4,2,44,eval,25,inbound,DQN,-126.449,0,59,0,13.2868,83,23,,L02,0,0,0,0,150.6808,0,0,0
twoway_DQN_vs_DQN_harsh,DQN_vs_DQN,harsh,0.25,0.4,2,44,eval,26,inbound,DQN,-278.8181,0,59,0,60.9744,77,26,,L08,1,1,4,1,6.7141,7,2,2
twoway_DQN_vs_DQN_harsh,DQN_vs_DQN,harsh,0.25,0.4,2,44,eval,27,inbound,DQN,-136.2375,0,59,0,43.5279,78,18,,L02,0,0,0,0,200.1605,0,0,0
twoway_DQN_vs_DQN_harsh,DQN_vs_DQN,harsh,0.25,0.4,2,44,eval,28,inbound,DQN,-155.3567,0,59,1,12.8796,69,26,,L08,0,0,0,0,43.6807,3,1,1
twoway_DQN_vs_DQN_harsh,DQN_vs_DQN,harsh,0.25,0.4,2,44,eval,29,inbound,DQN,-258.2916,0,59,1,13.6894,73,18,,L08,1,1,3,1,5.5642,7,3,1
twoway_DQN_vs_DQN_harsh,DQN_vs_DQN,harsh,0.25,0.4,2,44,eval,30,inbound,DQN,-322.3706,0,59,0,13.5313,83,27,,L08,1,1,2,1,0,44,3,1
twoway_DQN_vs_DQN_harsh,DQN_vs_DQN,harsh,0.25,0.4,2,44,eval,1,outbound,DQN,-118.1995,0,59,0,12.1954,0,27,,L08,0,0,0,0,455.0625,0,0,0
twoway_DQN_vs_DQN_harsh,DQN_vs_DQN,harsh,0.25,0.4,2,44,eval,2,outbound,DQN,-117.6433,0,59,0,11.5938,15,23,,L02,0,0,0,0,154.7584,0,0,0
twoway_DQN_vs_DQN_harsh,DQN_vs_DQN,harsh,0.25,0.4,2,44,eval,3,outbound,DQN,-118.4422,0,59,0,9.9023,0,22,,L02,0,0,0,0,200.1605,0,0,0
twoway_DQN_vs_DQN_harsh,DQN_vs_DQN,harsh,0.25,0.4,2,44,eval,4,outbound,DQN,-117.8188,0,59,0,11.2501,0,17,,L02,0,0,0,0,130,0,0,0
twoway_DQN_vs_DQN_harsh,DQN_vs_DQN,harsh,0.25,0.4,2,44,eval,5,outbound,DQN,-119.1684,0,59,0,13.2015,0,13,,L08,0,0,0,0,137.3608,0,0,0
twoway_DQN_vs_DQN_harsh,DQN_vs_DQN,harsh,0.25,0.4,2,44,eval,6,outbound,DQN,-173.2716,0,59,2,12.2665,0,31,,L08,0,0,0,0,157.5434,0,0,0
twoway_DQN_vs_DQN_harsh,DQN_vs_DQN,harsh,0.25,0.4,2,44,eval,7,outbound,DQN,-234.9661,0,59,1,12.7483,46,29,,L02,1,1,3,0,0,3,1,1
twoway_DQN_vs_DQN_harsh,DQN_vs_DQN,harsh,0.25,0.4,2,44,eval,8,outbound,DQN,-118.7574,0,59,0,12.711,0,25,,L08,0,0,0,0,113.719,0,0,0
twoway_DQN_vs_DQN_harsh,DQN_vs_DQN,harsh,0.25,0.4,2,44,eval,9,outbound,DQN,-117.6616,0,59,0,12.7446,0,24,,L02,0,0,0,0,293.0894,0,0,0
twoway_DQN_vs_DQN_harsh,DQN_vs_DQN,harsh,0.25,0.4,2,44,eval,10,outbound,DQN,-140.9657,0,59,1,22.7691,3,22,,L02,0,0,0,0,200.1605,0,0,0
twoway_DQN_vs_DQN_harsh,DQN_vs_DQN,harsh,0.25,0.4,2,44,eval,11,outbound,DQN,-122.0355,0,59,0,12.0246,0,23,,L02,0,0,0,0,150.6808,0,0,0
twoway_DQN_vs_DQN_harsh,DQN_vs_DQN,harsh,0.25,0.4,2,44,eval,12,outbound,DQN,-142.0127,0,59,0,90.8298,38,24,,L08,0,0,0,0,150.6808,0,0,0
twoway_DQN_vs_DQN_harsh,DQN_vs_DQN,harsh,0.25,0.4,2,44,eval,13,outbound,DQN,-121.1582,0,59,0,27.5441,8,22,,L08,0,0,0,0,128.5921,0,0,0
twoway_DQN_vs_DQN_harsh,DQN_vs_DQN,harsh,0.25,0.4,2,44,eval,14,outbound,DQN,-120.4973,0,59,0,82.986,23,22,,L08,0,0,0,0,128.5921,0,0,0
twoway_DQN_vs_DQN_harsh,DQN_vs_DQN,harsh,0.25,0.4,2,44,eval,15,outbound,DQN,-152.8424,1,37,0,11.7873,11,14,1.6782,L08,3,1,5,4,0,22,10,3
twoway_DQN_vs_DQN_harsh,DQN_vs_DQN,harsh,0.25,0.4,2,44,eval,16,outbound,DQN,-118.3064,0,59,0,10.0458,0,25,,L02,0,0,0,0,155.4056,0,0,0
twoway_DQN_vs_DQN_harsh,DQN_vs_DQN,harsh,0.25,0.4,2,44,eval,17,outbound,DQN,-294.5684,1,31,1,13.5348,20,10,9.5683,L08,3,1,10,8,0,27,13,2
twoway_DQN_vs_DQN_harsh,DQN_vs_DQN,harsh,0.25,0.4,2,44,eval,18,outbound,DQN,-51.1611,1,59,1,11.7173,5,27,2.4379,L08,1,1,2,0,0,2,1,1
twoway_DQN_vs_DQN_harsh,DQN_vs_DQN,harsh,0.25,0.4,2,44,eval,19,outbound,DQN,-288.771,0,59,0,10.6131,0,29,,L02,1,1,5,0,0,6,2,0
twoway_DQN_vs_DQN_harsh,DQN_vs_DQN,harsh,0.25,0.4,2,44,eval,20,outbound,DQN,-125.9725,0,59,0,13.8203,0,27,,L02,0,0,0,0,207.6129,0,0,0
twoway_DQN_vs_DQN_harsh,DQN_vs_DQN,harsh,0.25,0.4,2,44,eval,21,outbound,DQN,-118.2116,0,59,0,12.1891,0,20,,L02,0,0,0,0,174.4716,0,0,0
twoway_DQN_vs_DQN_harsh,DQN_vs_DQN,harsh,0.25,0.4,2,44,eval,22,outbound,DQN,-184.7704,0,59,0,12.0626,39,22,,L02,1,1,2,0,0,2,1,1
twoway_DQN_vs_DQN_harsh,DQN_vs_DQN,harsh,0.25,0.4,2,44,eval,23,outbound,DQN,-118.4249,0,59,0,11.966,0,29,,L02,0,0,0,0,155.4056,0,0,0
twoway_DQN_vs_DQN_harsh,DQN_vs_DQN,harsh,0.25,0.4,2,44,eval,24,outbound,DQN,-118.2921,0,59,0,11.3288,0,28,,L02,0,0,0,0,130,0,0,0
twoway_DQN_vs_DQN_harsh,DQN_vs_DQN,harsh,0.25,0.4,2,44,eval,25,outbound,DQN,-118.2522,0,59,0,11.0432,0,24,,L02,0,0,0,0,150.6808,0,0,0
twoway_DQN_vs_DQN_harsh,DQN_vs_DQN,harsh,0.25,0.4,2,44,eval,26,outbound,DQN,-88.4104,1,46,0,13.3866,11,20,6.7141,L08,1,1,4,1,6.7141,7,2,2
twoway_DQN_vs_DQN_harsh,DQN_vs_DQN,harsh,0.25,0.4,2,44,eval,27,outbound,DQN,-118.0037,0,59,0,12.1735,0,20,,L02,0,0,0,0,200.1605,0,0,0
twoway_DQN_vs_DQN_harsh,DQN_vs_DQN,harsh,0.25,0.4,2,44,eval,28,outbound,DQN,-125.5666,0,59,0,13.9044,0,28,,L08,0,0,0,0,43.6807,3,1,1
twoway_DQN_vs_DQN_harsh,DQN_vs_DQN,harsh,0.25,0.4,2,44,eval,29,outbound,DQN,-80.3191,1,45,0,89.8503,22,13,11.1284,L08,1,1,3,1,5.5642,7,3,1
twoway_DQN_vs_DQN_harsh,DQN_vs_DQN,harsh,0.25,0.4,2,44,eval,30,outbound,DQN,-121.4039,1,15,1,12.1203,7,6,19.9338,L08,1,1,2,1,0,44,3,1
twoway_DQN_vs_DQN_harsh,DQN_vs_DQN,harsh,0.25,0.4,3,45,eval,1,inbound,DQN,-146.8093,0,59,0,83.9018,75,23,,L08,0,0,0,0,67.7857,0,0,0
twoway_DQN_vs_DQN_harsh,DQN_vs_DQN,harsh,0.25,0.4,3,45,eval,2,inbound,DQN,-137.4984,0,59,0,38.6091,86,28,,L08,0,0,0,0,136.9838,0,0,0
twoway_DQN_vs_DQN_harsh,DQN_vs_DQN,harsh,0.25,0.4,3,45,eval,3,inbound,DQN,-126.6796,0,59,0,12.609,77,27,,L02,0,0,0,0,136.4844,0,0,0
twoway_DQN_vs_DQN_harsh,DQN_vs_DQN,harsh,0.25,0.4,3,45,eval,4,inbound,DQN,-469.1586,0,59,4,41.1492,81,22,,L08,2,1,6,2,0,11,5,3
twoway_DQN_vs_DQN_harsh,DQN_vs_DQN,harsh,0.25,0.4,3,45,eval,5,inbound,DQN,-128.4239,0,59,0,13.6586,86,19,,L02,0,0,0,0,184.8669,0,0,0
twoway_DQN_vs_DQN_harsh,DQN_vs_DQN,harsh,0.25,0.4,3,45,eval,6,inbound,DQN,-224.2274,0,59,2,143.4388,83,29,,L08,0,0,0,0,204.6392,0,0,0
twoway_DQN_vs_DQN_harsh,DQN_vs_DQN,harsh,0.25,0.4,3,45,eval,7,inbound,DQN,-148.2086,0,59,0,116.6206,84,15,,L08,0,0,0,0,305.2017,0,0,0
twoway_DQN_vs_DQN_harsh,DQN_vs_DQN,harsh,0.25,0.4,3,45,eval,8,inbound,DQN,-192.2366,0,59,2,116.2432,76,28,,L08,0,0,0,0,135.5304,0,0,0
twoway_DQN_vs_DQN_harsh,DQN_vs_DQN,harsh,0.25,0.4,3,45,eval,9,inbound,DQN,-164.3167,0,59,1,15.3558,51,25,,L02,0,0,0,1,34.539,2,1,0
twoway_DQN_vs_DQN_harsh,DQN_vs_DQN,harsh,0.25,0.4,3,45,eval,10,inbound,DQN,-138.7313,0,59,0,71.093,73,18,,L08,0,0,0,0,102.9357,0,0,0
twoway_DQN_vs_DQN_harsh,DQN_vs_DQN,harsh,0.25,0.4,3,45,eval,11,inbound,DQN,-143.108,0,59,0,41.0276,88,29,,L08,0,0,0,0,169.151,0,0,0
twoway_DQN_vs_DQN_harsh,DQN_vs_DQN,harsh,0.25,0.4,3,45,eval,12,inbound,DQN,-189.8332,0,59,0,259.5978,79,24,,L02,0,0,0,0,483.9396,0,0,0
twoway_DQN_vs_DQN_harsh,DQN_vs_DQN,harsh,0.25,0.4,3,45,eval,13,inbound,DQN,-127.0222,0,59,0,13.9364,86,26,,L02,0,0,0,0,130,0,0,0
twoway_DQN_vs_DQN_harsh,DQN_vs_DQN,harsh,0.25,0.4,3,45,eval,14,inbound,DQN,-145.2474,0,59,0,117.7768,83,23,,L08,0,0,0,0,238.2631,0,0,0
twoway_DQN_vs_DQN_harsh,DQN_vs_DQN,harsh,0.25,0.4,3,45,eval,15,inbound,DQN,-415.187,0,59,10,13.4774,54,31,,L08,0,0,0,0,113.719,0,0,0
twoway_DQN_vs_DQN_harsh,DQN_vs_DQN,harsh,0.25,0.4,3,45,eval,16,inbound,DQN,-146.1036,0,59,0,80.0477,84,24,,L08,0,0,0,0,270.941,0,0,0
twoway_DQN_vs_DQN_harsh,DQN_vs_DQN,harsh,0.25,0.4,3,45,eval,17,inbound,DQN,-126.7546,0,59,0,13.4719,83,27,,L02,0,0,0,0,225.0495,0,0,0
twoway_DQN_vs_DQN_harsh,DQN_vs_DQN,harsh,0.25,0.4,3,45,eval,18,inbound,DQN,-143.8866,0,59,0,58.396,88,26,,L02,0,0,0,0,388.0003,0,0,0
twoway_DQN_vs_DQN_harsh,DQN_vs_DQN,harsh,0.25,0.4,3,45,eval,19,inbound,DQN,-182.9154,0,59,2,94.92,88,35,,L08,0,0,0,0,211.4715,0,0,0
twoway_DQN_vs_DQN_harsh,DQN_vs_DQN,harsh,0.25,0.4,3,45,eval,20,inbound,DQN,-240.484,0,59,1,17.8725,72,26,,L02,1,1,3,0,0,3,2,0
twoway_DQN_vs_DQN_harsh,DQN_vs_DQN,harsh,0.25,0.4,3,45,eval,21,inbound,DQN,-133.6897,0,59,0,18.7693,87,32,,L08,0,0,0,0,233.6044,0,0,0
twoway_DQN_vs_DQN_harsh,DQN_vs_DQN,harsh,0.25,0.4,3,45,eval,22,inbound,DQN,-149.4247,0,59,0,107.0197,81,28,,L08,0,0,0,0,338.5707,0,0,0
twoway_DQN_vs_DQN_harsh,DQN_vs_DQN,harsh,0.25,0.4,3,45,eval,23,inbound,DQN,-127.8991,0,59,0,14.1561,85,25,,L02,0,0,0,0,161.3106,0,0,0
twoway_DQN_vs_DQN_harsh,DQN_vs_DQN,harsh,0.25,0.4,3,45,eval,24,inbound,DQN,-144.8565,0,59,0,136.4743,82,24,,L02,0,0,0,0,457.4911,0,0,0
twoway_DQN_vs_DQN_harsh,DQN_vs_DQN,harsh,0.25,0.4,3,45,eval,25,inbound,DQN,-149.6223,0,59,0,74.7012,81,27,,L02,0,0,0,0,406.9327,0,0,0
twoway_DQN_vs_DQN_harsh,DQN_vs_DQN,harsh,0.25,0.4,3,45,eval,26,inbound,DQN,-356.9524,0,59,9,13.3282,83,25,,L08,0,0,0,0,137.7761,0,0,0
twoway_DQN_vs_DQN_harsh,DQN_vs_DQN,harsh,0.25,0.4,3,45,eval,27,inbound,DQN,-161.4234,0,59,0,109.5814,89,22,,L08,0,0,0,0,271.7755,0,0,0
twoway_DQN_vs_DQN_harsh,DQN_vs_DQN,harsh,0.25,0.4,3,45,eval,28,inbound,DQN,-125.9083,0,59,0,13.514,83,31,,L02,0,0,0,0,225.0495,0,0,0
twoway_DQN_vs_DQN_harsh,DQN_vs_DQN,harsh,0.25,0.4,3,45,eval,29,inbound,DQN,-173.0452,0,59,0,173.8826,87,23,,L08,0,0,0,0,169.151,0,0,0
twoway_DQN_vs_DQN_harsh,DQN_vs_DQN,harsh,0.25,0.4,3,45,eval,30,inbound,DQN,-142.718,0,59,0,50.9154,84,22,,L02,0,0,0,0,388.0003,0,0,0
twoway_DQN_vs_DQN_harsh,DQN_vs_DQN,harsh,0.25,0.4,3,45,eval,1,outbound,DQN,44.4693,1,33,1,13.9357,30,16,0.2927,L08,0,0,0,0,67.7857,0,0,0
twoway_DQN_vs_DQN_harsh,DQN_vs_DQN,harsh,0.25,0.4,3,45,eval,2,outbound,DQN,-126.847,0,59,0,13.3394,51,18,,L08,0,0,0,0,136.9838,0,0,0
twoway_DQN_vs_DQN_harsh,DQN_vs_DQN,harsh,0.25,0.4,3,45,eval,3,outbound,DQN,-116.5886,0,59,0,12.5812,0,22,,L02,0,0,0,0,136.4844,0,0,0
twoway_DQN_vs_DQN_harsh,DQN_vs_DQN,harsh,0.25,0.4,3,45,eval,4,outbound,DQN,-409.6784,0,59,3,13.0104,46,30,,L08,2,1,6,2,0,11,5,3
twoway_DQN_vs_DQN_harsh,DQN_vs_DQN,harsh,0.25,0.4,3,45,eval,5,outbound,DQN,-126.1321,0,59,0,65.1319,28,23,,L02,0,0,0,0,184.8669,0,0,0
twoway_DQN_vs_DQN_harsh,DQN_vs_DQN,harsh,0.25,0.4,3,45,eval,6,outbound,DQN,-119.6913,0,59,0,12.7859,18,28,,L08,0,0,0,0,204.6392,0,0,0
twoway_DQN_vs_DQN_harsh,DQN_vs_DQN,harsh,0.25,0.4,3,45,eval,7,outbound,DQN,-148.2861,0,59,1,12.591,24,27,,L08,0,0,0,0,305.2017,0,0,0
twoway_DQN_vs_DQN_harsh,DQN_vs_DQN,harsh,0.25,0.4,3,45,eval,8,outbound,DQN,-70.6774,1,59,4,12.7505,62,21,0.8544,L08,0,0,0,0,135.5304,0,0,0
twoway_DQN_vs_DQN_harsh,DQN_vs_DQN,harsh,0.25,0.4,3,45,eval,9,outbound,DQN,-156.1104,0,59,0,126.8063,69,23,,L02,0,0,0,1,34.539,2,1,0
twoway_DQN_vs_DQN_harsh,DQN_vs_DQN,harsh,0.25,0.4,3,45,eval,10,outbound,DQN,-205.8665,0,59,3,14.0812,3,26,,L08,0,0,0,0,102.9357,0,0,0
twoway_DQN_vs_DQN_harsh,DQN_vs_DQN,harsh,0.25,0.4,3,45,eval,11,outbound,DQN,-196.2664,0,59,3,12.5876,27,17,,L08,0,0,0,0,169.151,0,0,0
twoway_DQN_vs_DQN_harsh,DQN_vs_DQN,harsh,0.25,0.4,3,45,eval,12,outbound,DQN,-174.9582,0,59,2,16.0908,0,28,,L02,0,0,0,0,483.9396,0,0,0
twoway_DQN_vs_DQN_harsh,DQN_vs_DQN,harsh,0.25,0.4,3,45,eval,13,outbound,DQN,-141.0762,0,59,1,20.3758,5,20,,L02,0,0,0,0,130,0,0,0
twoway_DQN_vs_DQN_harsh,DQN_vs_DQN,harsh,0.25,0.4,3,45,eval,14,outbound,DQN,-154.677,0,59,1,13.21,67,24,,L08,0,0,0,0,238.2631,0,0,0
twoway_DQN_vs_DQN_harsh,DQN_vs_DQN,harsh,0.25,0.4,3,45,eval,15,outbound,DQN,-116.8114,0,59,0,12.7184,0,27,,L08,0,0,0,0,113.719,0,0,0
twoway_DQN_vs_DQN_harsh,DQN_vs_DQN,harsh,0.25,0.4,3,45,eval,16,outbound,DQN,-169.3109,0,59,2,12.7076,24,22,,L08,0,0,0,0,270.941,0,0,0
twoway_DQN_vs_DQN_harsh,DQN_vs_DQN,harsh,0.25,0.4,3,45,eval,17,outbound,DQN,-168.0074,0,59,1,110.1937,55,27,,L02,0,0,0,0,225.0495,0,0,0
twoway_DQN_vs_DQN_harsh,DQN_vs_DQN,harsh,0.25,0.4,3,45,eval,18,outbound,DQN,-182.4603,0,59,1,126.9801,68,24,,L02,0,0,0,0,388.0003,0,0,0
twoway_DQN_vs_DQN_harsh,DQN_vs_DQN,harsh,0.25,0.4,3,45,eval,19,outbound,DQN,-124.9912,0,59,0,14.3939,0,26,,L08,0,0,0,0,211.4715,0,0,0
twoway_DQN_vs_DQN_harsh,DQN_vs_DQN,harsh,0.25,0.4,3,45,eval,20,outbound,DQN,-317.8387,0,59,3,76.9491,35,27,,L02,1,1,3,0,0,3,2,0
twoway_DQN_vs_DQN_harsh,DQN_vs_DQN,harsh,0.25,0.4,3,45,eval,21,outbound,DQN,-135.9556,0,59,0,13.5684,0,29,,L08,0,0,0,0,233.6044,0,0,0
twoway_DQN_vs_DQN_harsh,DQN_vs_DQN,harsh,0.25,0.4,3,45,eval,22,outbound,DQN,-224.3373,0,59,4,13.7288,8,24,,L08,0,0,0,0,338.5707,0,0,0
twoway_DQN_vs_DQN_harsh,DQN_vs_DQN,harsh,0.25,0.4,3,45,eval,23,outbound,DQN,-125.2017,0,59,0,12.8355,0,32,,L02,0,0,0,0,161.3106,0,0,0
twoway_DQN_vs_DQN_harsh,DQN_vs_DQN,harsh,0.25,0.4,3,45,eval,24,outbound,DQN,-125.9295,0,59,0,65.0065,33,30,,L02,0,0,0,0,457.4911,0,0,0
twoway_DQN_vs_DQN_harsh,DQN_vs_DQN,harsh,0.25,0.4,3,45,eval,25,outbound,DQN,-132.8319,0,59,0,77.5511,35,31,,L02,0,0,0,0,406.9327,0,0,0
twoway_DQN_vs_DQN_harsh,DQN_vs_DQN,harsh,0.25,0.4,3,45,eval,26,outbound,DQN,-169.5532,0,59,2,13.3051,0,30,,L08,0,0,0,0,137.7761,0,0,0
twoway_DQN_vs_DQN_harsh,DQN_vs_DQN,harsh,0.25,0.4,3,45,eval,27,outbound,DQN,-196.1666,0,59,3,13.1043,7,25,,L08,0,0,0,0,271.7755,0,0,0
twoway_DQN_vs_DQN_harsh,DQN_vs_DQN,harsh,0.25,0.4,3,45,eval,28,outbound,DQN,-181.6662,0,59,1,131.1281,76,22,,L02,0,0,0,0,225.0495,0,0,0
twoway_DQN_vs_DQN_harsh,DQN_vs_DQN,harsh,0.25,0.4,3,45,eval,29,outbound,DQN,-174.3376,0,59,2,12.6793,10,27,,L08,0,0,0,0,169.151,0,0,0
twoway_DQN_vs_DQN_harsh,DQN_vs_DQN,harsh,0.25,0.4,3,45,eval,30,outbound,DQN,-144.7702,0,59,0,113.3738,62,25,,L02,0,0,0,0,388.0003,0,0,0
twoway_DQN_vs_DQN_harsh,DQN_vs_DQN,harsh,0.25,0.4,4,46,eval,1,inbound,DQN,-133.0989,0,59,0,24.1878,78,21,,L02,0,0,0,0,263.4877,0,0,0
twoway_DQN_vs_DQN_harsh,DQN_vs_DQN,harsh,0.25,0.4,4,46,eval,2,inbound,DQN,-124.5837,0,59,0,54.3832,55,20,,L02,0,0,0,0,43.6807,2,0,0
twoway_DQN_vs_DQN_harsh,DQN_vs_DQN,harsh,0.25,0.4,4,46,eval,3,inbound,DQN,-135.1183,0,59,0,17.5627,83,30,,L08,0,0,0,0,265.6712,0,0,0
twoway_DQN_vs_DQN_harsh,DQN_vs_DQN,harsh,0.25,0.4,4,46,eval,4,inbound,DQN,-129.4881,0,59,0,13.916,73,28,,L08,0,0,0,0,103.4615,0,0,0
twoway_DQN_vs_DQN_harsh,DQN_vs_DQN,harsh,0.25,0.4,4,46,eval,5,inbound,DQN,-132.7885,0,59,0,16.7919,90,25,,L08,0,0,0,0,102.9357,0,0,0
twoway_DQN_vs_DQN_harsh,DQN_vs_DQN,harsh,0.25,0.4,4,46,eval,6,inbound,DQN,-215.4793,0,59,0,14.5897,55,24,,L08,2,1,2,0,14.5602,8,4,0
twoway_DQN_vs_DQN_harsh,DQN_vs_DQN,harsh,0.25,0.4,4,46,eval,7,inbound,DQN,-130.3588,0,59,0,52.1971,76,19,,L02,0,0,0,0,282.4407,0,0,0
twoway_DQN_vs_DQN_harsh,DQN_vs_DQN,harsh,0.25,0.4,4,46,eval,8,inbound,DQN,-130.4779,0,59,0,14.1572,77,23,,L08,0,0,0,0,113.719,0,0,0
twoway_DQN_vs_DQN_harsh,DQN_vs_DQN,harsh,0.25,0.4,4,46,eval,9,inbound,DQN,-282.6674,0,59,0,13.6478,41,18,,L08,3,1,4,2,0,10,5,0
twoway_DQN_vs_DQN_harsh,DQN_vs_DQN,harsh,0.25,0.4,4,46,eval,10,inbound,DQN,-146.6362,0,59,1,18.3281,58,29,,L02,0,0,0,0,132.484,0,0,0
twoway_DQN_vs_DQN_harsh,DQN_vs_DQN,harsh,0.25,0.4,4,46,eval,11,inbound,DQN,-128.5801,0,59,0,20.1625,48,17,,L02,0,0,0,0,141.8732,0,0,0
twoway_DQN_vs_DQN_harsh,DQN_vs_DQN,harsh,0.25,0.4,4,46,eval,12,inbound,DQN,-131.2053,0,59,0,15.1043,77,21,,L08,0,0,0,0,170.7601,0,0,0
twoway_DQN_vs_DQN_harsh,DQN_vs_DQN,harsh,0.25,0.4,4,46,eval,13,inbound,DQN,-126.8196,0,59,0,16.0039,50,20,,L02,0,0,0,0,130,0,0,0
twoway_DQN_vs_DQN_harsh,DQN_vs_DQN,harsh,0.25,0.4,4,46,eval,14,inbound,DQN,-135.3414,0,59,0,15.5361,68,19,,L08,0,0,0,0,113.719,0,0,0
twoway_DQN_vs_DQN_harsh,DQN_vs_DQN,harsh,0.25,0.4,4,46,eval,15,inbound,DQN,-156.4854,0,59,0,194.3918,81,21,,L02,0,0,0,0,393.0117,0,0,0
twoway_DQN_vs_DQN_harsh,DQN_vs_DQN,harsh,0.25,0.4,4,46,eval,16,inbound,DQN,-131.0507,0,59,0,13.1396,78,29,,L08,0,0,0,0,103.4615,0,0,0
twoway_DQN_vs_DQN_harsh,DQN_vs_DQN,harsh,0.25,0.4,4,46,eval,17,inbound,DQN,-141.4253,0,59,0,14.4727,53,29,,L08,0,0,0,0,102.9563,0,0,0
twoway_DQN_vs_DQN_harsh,DQN_vs_DQN,harsh,0.25,0.4,4,46,eval,18,inbound,DQN,-127.3857,0,59,0,12.4519,18,13,,L02,0,0,0,0,132.484,0,0,0
twoway_DQN_vs_DQN_harsh,DQN_vs_DQN,harsh,0.25,0.4,4,46,eval,19,inbound,DQN,-132.4485,0,59,0,13.5291,84,26,,L08,0,0,0,0,69.0385,0,0,0
twoway_DQN_vs_DQN_harsh,DQN_vs_DQN,harsh,0.25,0.4,4,46,eval,20,inbound,DQN,-129.814,0,59,0,17.8209,84,14,,L08,0,0,0,0,215.6545,0,0,0
twoway_DQN_vs_DQN_harsh,DQN_vs_DQN,harsh,0.25,0.4,4,46,eval,21,inbound,DQN,-190.4748,0,59,2,129.3779,82,29,,L08,0,0,0,0,239.0852,0,0,0
twoway_DQN_vs_DQN_harsh,DQN_vs_DQN,harsh,0.25,0.4,4,46,eval,22,inbound,DQN,-127.5361,0,59,0,13.6003,81,28,,L02,0,0,0,0,168.2716,0,0,0
twoway_DQN_vs_DQN_harsh,DQN_vs_DQN,harsh,0.25,0.4,4,46,eval,23,inbound,DQN,-170.0963,0,59,1,110.3038,27,25,,L02,0,0,0,2,29.1204,4,1,0
twoway_DQN_vs_DQN_harsh,DQN_vs_DQN,harsh,0.25,0.4,4,46,eval,24,inbound,DQN,-166.6224,0,59,0,214.1458,82,20,,L02,0,0,0,0,483.9396,0,0,0
twoway_DQN_vs_DQN_harsh,DQN_vs_DQN,harsh,0.25,0.4,4,46,eval,25,inbound,DQN,-130.068,0,59,0,13.8245,83,26,,L08,0,0,0,0,184.1794,0,0,0
twoway_DQN_vs_DQN_harsh,DQN_vs_DQN,harsh,0.25,0.4,4,46,eval,26,inbound,DQN,-132.5576,0,59,0,13.194,75,31,,L08,0,0,0,0,219.6273,0,0,0
twoway_DQN_vs_DQN_harsh,DQN_vs_DQN,harsh,0.25,0.4,4,46,eval,27,inbound,DQN,-173.0237,0,59,0,201.6785,73,19,,L02,0,0,0,0,469.2164,0,0,0
twoway_DQN_vs_DQN_harsh,DQN_vs_DQN,harsh,0.25,0.4,4,46,eval,28,inbound,DQN,-131.5698,0,59,0,14.1756,81,22,,L08,0,0,0,0,103.2407,0,0,0
twoway_DQN_vs_DQN_harsh,DQN_vs_DQN,harsh,0.25,0.4,4,46,eval,29,inbound,DQN,-461.5082,0,59,1,72.3695,21,25,,L02,3,1,8,1,0,15,5,2
twoway_DQN_vs_DQN_harsh,DQN_vs_DQN,harsh,0.25,0.4,4,46,eval,30,inbound,DQN,-139.1926,0,59,0,28.075,72,27,,L08,0,0,0,0,204.6392,0,0,0
twoway_DQN_vs_DQN_harsh,DQN_vs_DQN,harsh,0.25,0.4,4,46,eval,1,outbound,DQN,-199.0694,0,59,3,111.9906,34,20,,L02,0,0,0,0,263.4877,0,0,0
twoway_DQN_vs_DQN_harsh,DQN_vs_DQN,harsh,0.25,0.4,4,46,eval,2,outbound,DQN,-171.6789,0,59,2,11.8398,0,20,,L02,0,0,0,0,43.6807,2,0,0
twoway_DQN_vs_DQN_harsh,DQN_vs_DQN,harsh,0.25,0.4,4,46,eval,3,outbound,DQN,-193.4951,0,59,3,12.9677,0,20,,L08,0,0,0,0,265.6712,0,0,0
twoway_DQN_vs_DQN_harsh,DQN_vs_DQN,harsh,0.25,0.4,4,46,eval,4,outbound,DQN,-197.0357,0,59,3,12.7877,0,28,,L08,0,0,0,0,103.4615,0,0,0
twoway_DQN_vs_DQN_harsh,DQN_vs_DQN,harsh,0.25,0.4,4,46,eval,5,outbound,DQN,-150.4229,0,59,1,12.631,19,29,,L08,0,0,0,0,102.9357,0,0,0
twoway_DQN_vs_DQN_harsh,DQN_vs_DQN,harsh,0.25,0.4,4,46,eval,6,outbound,DQN,-209.229,0,59,1,14.1242,0,26,,L08,2,1,2,0,14.5602,8,4,0
twoway_DQN_vs_DQN_harsh,DQN_vs_DQN,harsh,0.25,0.4,4,46,eval,7,outbound,DQN,-167.5802,0,59,2,11.5578,0,25,,L02,0,0,0,0,282.4407,0,0,0
twoway_DQN_vs_DQN_harsh,DQN_vs_DQN,harsh,0.25,0.4,4,46,eval,8,outbound,DQN,-193.6625,0,59,3,13.7856,0,18,,L08,0,0,0,0,113.719,0,0,0
twoway_DQN_vs_DQN_harsh,DQN_vs_DQN,harsh,0.25,0.4,4,46,eval,9,outbound,DQN,-322.3408,0,59,2,12.5448,0,22,,L08,3,1,4,2,0,10,5,0
twoway_DQN_vs_DQN_harsh,DQN_vs_DQN,harsh,0.25,0.4,4,46,eval,10,outbound,DQN,-218.3129,0,59,4,59.8847,21,22,,L02,0,0,0,0,132.484,0,0,0
twoway_DQN_vs_DQN_harsh,DQN_vs_DQN,harsh,0.25,0.4,4,46,eval,11,outbound,DQN,-116.8301,0,59,0,12.5377,0,24,,L02,0,0,0,0,141.8732,0,0,0
twoway_DQN_vs_DQN_harsh,DQN_vs_DQN,harsh,0.25,0.4,4,46,eval,12,outbound,DQN,-146.8664,0,59,1,12.2617,0,20,,L08,0,0,0,0,170.7601,0,0,0
twoway_DQN_vs_DQN_harsh,DQN_vs_DQN,harsh,0.25,0.4,4,46,eval,13,outbound,DQN,-192.8089,0,59,3,10.431,0,20,,L02,0,0,0,0,130,0,0,0
twoway_DQN_vs_DQN_harsh,DQN_vs_DQN,harsh,0.25,0.4,4,46,eval,14,outbound,DQN,-243.2692,0,59,5,13.7082,0,19,,L08,0,0,0,0,113.719,0,0,0
twoway_DQN_vs_DQN_harsh,DQN_vs_DQN,harsh,0.25,0.4,4,46,eval,15,outbound,DQN,-217.377,0,59,4,11.2307,0,20,,L02,0,0,0,0,393.0117,0,0,0
twoway_DQN_vs_DQN_harsh,DQN_vs_DQN,harsh,0.25,0.4,4,46,eval,16,outbound,DQN,-193.5074,0,59,3,13.8918,0,19,,L08,0,0,0,0,103.4615,0,0,0
twoway_DQN_vs_DQN_harsh,DQN_vs_DQN,harsh,0.25,0.4,4,46,eval,17,outbound,DQN,-178.9017,0,59,2,12.8019,0,32,,L08,0,0,0,0,102.9563,0,0,0
twoway_DQN_vs_DQN_harsh,DQN_vs_DQN,harsh,0.25,0.4,4,46,eval,18,outbound,DQN,-192.9026,0,59,3,13.3434,0,28,,L02,0,0,0,0,132.484,0,0,0
twoway_DQN_vs_DQN_harsh,DQN_vs_DQN,harsh,0.25,0.4,4,46,eval,19,outbound,DQN,-169.8168,0,59,2,13.7465,0,14,,L08,0,0,0,0,69.0385,0,0,0
twoway_DQN_vs_DQN_harsh,DQN_vs_DQN,harsh,0.25,0.4,4,46,eval,20,outbound,DQN,-143.2565,0,59,1,12.9662,0,26,,L08,0,0,0,0,215.6545,0,0,0
twoway_DQN_vs_DQN_harsh,DQN_vs_DQN,harsh,0.25,0.4,4,46,eval,21,outbound,DQN,-197.976,0,59,3,12.9475,0,13,,L08,0,0,0,0,239.0852,0,0,0
twoway_DQN_vs_DQN_harsh,DQN_vs_DQN,harsh,0.25,0.4,4,46,eval,22,outbound,DQN,-143.1547,0,59,1,12.1243,0,30,,L02,0,0,0,0,168.2716,0,0,0
twoway_DQN_vs_DQN_harsh,DQN_vs_DQN,harsh,0.25,0.4,4,46,eval,23,outbound,DQN,-230.5463,0,59,4,13.071,0,28,,L02,0,0,0,2,29.1204,4,1,0
twoway_DQN_vs_DQN_harsh,DQN_vs_DQN,harsh,0.25,0.4,4,46,eval,24,outbound,DQN,-242.5216,0,59,5,10.1722,0,24,,L02,0,0,0,0,483.9396,0,0,0
twoway_DQN_vs_DQN_harsh,DQN_vs_DQN,harsh,0.25,0.4,4,46,eval,25,outbound,DQN,-122.3352,0,59,0,12.7444,0,21,,L08,0,0,0,0,184.1794,0,0,0
twoway_DQN_vs_DQN_harsh,DQN_vs_DQN,harsh,0.25,0.4,4,46,eval,26,outbound,DQN,-293.476,0,59,7,13.6578,0,23,,L08,0,0,0,0,219.6273,0,0,0
twoway_DQN_vs_DQN_harsh,DQN_vs_DQN,harsh,0.25,0.4,4,46,eval,27,outbound,DQN,-118.2659,0,59,0,13.0482,0,33,,L02,0,0,0,0,469.2164,0,0,0
twoway_DQN_vs_DQN_harsh,DQN_vs_DQN,harsh,0.25,0.4,4,46,eval,28,outbound,DQN,-171.3593,0,59,2,12.2127,0,22,,L08,0,0,0,0,103.2407,0,0,0
twoway_DQN_vs_DQN_harsh,DQN_vs_DQN,harsh,0.25,0.4,4,46,eval,29,outbound,DQN,-388.4655,0,59,0,12.01,0,19,,L02,3,1,8,1,0,15,5,2
twoway_DQN_vs_DQN_harsh,DQN_vs_DQN,harsh,0.25,0.4,4,46,eval,30,outbound,DQN,-344.9338,0,59,9,12.9872,6,26,,L08,0,0,0,0,204.6392,0,0,0
twoway_DQN_vs_DQN_harsh,DQN_vs_DQN,harsh,0.25,0.4,5,47,eval,1,inbound,DQN,-138.4082,0,59,0,60.4809,81,20,,L02,0,0,0,0,395.212,0,0,0
twoway_DQN_vs_DQN_harsh,DQN_vs_DQN,harsh,0.25,0.4,5,47,eval,2,inbound,DQN,-182.8646,0,59,2,66.4762,73,26,,L08,0,0,0,0,297.8508,0,0,0
twoway_DQN_vs_DQN_harsh,DQN_vs_DQN,harsh,0.25,0.4,5,47,eval,3,inbound,DQN,27.5855,1,59,0,12.3736,59,19,1.9161,L02,0,0,0,0,279.5025,0,0,0
twoway_DQN_vs_DQN_harsh,DQN_vs_DQN,harsh,0.25,0.4,5,47,eval,4,inbound,DQN,-132.3889,0,59,0,13.6331,89,25,,L02,0,0,0,0,180.7812,0,0,0
twoway_DQN_vs_DQN_harsh,DQN_vs_DQN,harsh,0.25,0.4,5,47,eval,5,inbound,DQN,-152.2665,0,59,1,12.9466,85,20,,L02,0,0,0,0,282.8171,0,0,0
twoway_DQN_vs_DQN_harsh,DQN_vs_DQN,harsh,0.25,0.4,5,47,eval,6,inbound,DQN,-338.9019,1,50,6,19.6674,37,22,11.5462,L08,2,1,6,1,0,24,4,3
twoway_DQN_vs_DQN_harsh,DQN_vs_DQN,harsh,0.25,0.4,5,47,eval,7,inbound,DQN,-163.5971,0,59,0,154.5741,82,24,,L08,0,0,0,0,455.1134,0,0,0
twoway_DQN_vs_DQN_harsh,DQN_vs_DQN,harsh,0.25,0.4,5,47,eval,8,inbound,DQN,-132.6436,0,59,0,38.6041,82,23,,L02,0,0,0,0,313.3642,0,0,0
twoway_DQN_vs_DQN_harsh,DQN_vs_DQN,harsh,0.25,0.4,5,47,eval,9,inbound,DQN,-189.4766,0,59,2,41.8735,78,31,,L08,0,0,0,0,251.5072,0,0,0
twoway_DQN_vs_DQN_harsh,DQN_vs_DQN,harsh,0.25,0.4,5,47,eval,10,inbound,DQN,-129.7605,0,59,0,13.2317,82,26,,L02,0,0,0,0,207.6129,0,0,0
twoway_DQN_vs_DQN_harsh,DQN_vs_DQN,harsh,0.25,0.4,5,47,eval,11,inbound,DQN,-129.1583,0,59,0,40.1865,83,24,,L02,0,0,0,0,313.3642,0,0,0
twoway_DQN_vs_DQN_harsh,DQN_vs_DQN,harsh,0.25,0.4,5,47,eval,12,inbound,DQN,-194.3236,0,59,1,163.4148,84,22,,L08,0,0,0,0,204.8297,0,0,0
twoway_DQN_vs_DQN_harsh,DQN_vs_DQN,harsh,0.25,0.4,5,47,eval,13,inbound,DQN,-140.8733,0,59,0,101.8669,83,19,,L02,0,0,0,0,406.1336,0,0,0
twoway_DQN_vs_DQN_harsh,DQN_vs_DQN,harsh,0.25,0.4,5,47,eval,14,inbound,DQN,-152.6129,0,59,1,12.621,76,22,,L02,0,0,0,0,320.4985,0,0,0
twoway_DQN_vs_DQN_harsh,DQN_vs_DQN,harsh,0.25,0.4,5,47,eval,15,inbound,DQN,-509.4825,0,59,7,24.2592,34,28,,L08,3,1,6,2,0,12,4,0
twoway_DQN_vs_DQN_harsh,DQN_vs_DQN,harsh,0.25,0.4,5,47,eval,16,inbound,DQN,-215.4533,0,59,3,86.7686,76,15,,L08,0,0,0,0,283.5591,0,0,0
twoway_DQN_vs_DQN_harsh,DQN_vs_DQN,harsh,0.25,0.4,5,47,eval,17,inbound,DQN,-277.312,0,59,4,207.6898,80,26,,L08,0,0,0,0,455.0625,0,0,0
twoway_DQN_vs_DQN_harsh,DQN_vs_DQN,harsh,0.25,0.4,5,47,eval,18,inbound,DQN,-566.621,0,59,0,13.5365,52,33,,L02,2,1,14,1,0,17,4,4
twoway_DQN_vs_DQN_harsh,DQN_vs_DQN,harsh,0.25,0.4,5,47,eval,19,inbound,DQN,-204.5931,0,59,3,19.0782,84,22,,L02,0,0,0,0,282.8171,0,0,0
twoway_DQN_vs_DQN_harsh,DQN_vs_DQN,harsh,0.25,0.4,5,47,eval,20,inbound,DQN,-252.997,0,59,4,151.9316,85,24,,L08,0,0,0,0,426.0549,0,0,0
twoway_DQN_vs_DQN_harsh,DQN_vs_DQN,harsh,0.25,0.4,5,47,eval,21,inbound,DQN,-200.455,0,59,1,198.739,85,23,,L08,0,0,0,0,455.0625,0,0,0
twoway_DQN_vs_DQN_harsh,DQN_vs_DQN,harsh,0.25,0.4,5,47,eval,22,inbound,DQN,-129.5646,0,59,0,12.9627,82,27,,L02,0,0,0,0,207.6129,0,0,0
twoway_DQN_vs_DQN_harsh,DQN_vs_DQN,harsh,0.25,0.4,5,47,eval,23,inbound,DQN,-147.2139,0,59,0,117.4299,88,28,,L02,0,0,0,0,406.1336,0,0,0
twoway_DQN_vs_DQN_harsh,DQN_vs_DQN,harsh,0.25,0.4,5,47,eval,24,inbound,DQN,-809.4812,0,59,10,36.546,49,24,,L08,3,1,12,0,0,17,8,5
twoway_DQN_vs_DQN_harsh,DQN_vs_DQN,harsh,0.25,0.4,5,47,eval,25,inbound,DQN,-189.8279,0,59,2,74.8991,83,22,,L08,0,0,0,0,362.1344,0,0,0
twoway_DQN_vs_DQN_harsh,DQN_vs_DQN,harsh,0.25,0.4,5,47,eval,26,inbound,DQN,-233.6379,0,59,4,24.6456,78,29,,L08,0,0,0,0,261.7494,0,0,0
twoway_DQN_vs_DQN_harsh,DQN_vs_DQN,harsh,0.25,0.4,5,47,eval,27,inbound,DQN,-180.0216,0,59,2,48.6496,82,23,,L08,0,0,0,0,297.8508,0,0,0
twoway_DQN_vs_DQN_harsh,DQN_vs_DQN,harsh,0.25,0.4,5,47,eval,28,inbound,DQN,-193.8419,0,59,2,43.932,85,20,,L08,0,0,0,0,297.8508,0,0,0
twoway_DQN_vs_DQN_harsh,DQN_vs_DQN,harsh,0.25,0.4,5,47,eval,29,inbound,DQN,-511.1083,0,59,11,14.9513,32,36,,L08,1,1,2,2,0,13,7,3
twoway_DQN_vs_DQN_harsh,DQN_vs_DQN,harsh,0.25,0.4,5,47,eval,30,inbound,DQN,-130.5911,0,59,0,51.3878,85,16,,L02,0,0,0,0,395.212,0,0,0
twoway_DQN_vs_DQN_harsh,DQN_vs_DQN,harsh,0.25,0.4,5,47,eval,1,outbound,DQN,-114.9915,0,59,0,9.7541,0,22,,L02,0,0,0,0,395.212,0,0,0
twoway_DQN_vs_DQN_harsh,DQN_vs_DQN,harsh,0.25,0.4,5,47,eval,2,outbound,DQN,-116.3213,0,59,0,13.4797,0,26,,L08,0,0,0,0,297.8508,0,0,0
twoway_DQN_vs_DQN_harsh,DQN_vs_DQN,harsh,0.25,0.4,5,47,eval,3,outbound,DQN,-256.0143,0,59,4,212.3035,52,25,,L02,0,0,0,0,279.5025,0,0,0
twoway_DQN_vs_DQN_harsh,DQN_vs_DQN,harsh,0.25,0.4,5,47,eval,4,outbound,DQN,-115.1474,0,59,0,10.349,0,20,,L02,0,0,0,0,180.7812,0,0,0
twoway_DQN_vs_DQN_harsh,DQN_vs_DQN,harsh,0.25,0.4,5,47,eval,5,outbound,DQN,-116.0539,0,59,0,10.8659,0,22,,L02,0,0,0,0,282.8171,0,0,0
twoway_DQN_vs_DQN_harsh,DQN_vs_DQN,harsh,0.25,0.4,5,47,eval,6,outbound,DQN,-341.6745,0,59,0,13.2315,0,27,,L08,2,1,6,1,0,24,4,3
twoway_DQN_vs_DQN_harsh,DQN_vs_DQN,harsh,0.25,0.4,5,47,eval,7,outbound,DQN,-115.8204,0,59,0,13.1004,0,21,,L08,0,0,0,0,455.1134,0,0,0
twoway_DQN_vs_DQN_harsh,DQN_vs_DQN,harsh,0.25,0.4,5,47,eval,8,outbound,DQN,-169.4093,0,59,1,190.2653,52,23,,L02,0,0,0,0,313.3642,0,0,0
twoway_DQN_vs_DQN_harsh,DQN_vs_DQN,harsh,0.25,0.4,5,47,eval,9,outbound,DQN,-116.3327,0,59,0,46.3991,8,18,,L08,0,0,0,0,251.5072,0,0,0
twoway_DQN_vs_DQN_harsh,DQN_vs_DQN,harsh,0.25,0.4,5,47,eval,10,outbound,DQN,-115.8738,0,59,0,11.1906,0,26,,L02,0,0,0,0,207.6129,0,0,0
twoway_DQN_vs_DQN_harsh,DQN_vs_DQN,harsh,0.25,0.4,5,47,eval,11,outbound,DQN,-179.5535,0,59,1,217.2583,63,25,,L02,0,0,0,0,313.3642,0,0,0
twoway_DQN_vs_DQN_harsh,DQN_vs_DQN,harsh,0.25,0.4,5,47,eval,12,outbound,DQN,42.0945,1,47,0,12.9917,9,21,17.2294,L08,0,0,0,0,204.8297,0,0,0
twoway_DQN_vs_DQN_harsh,DQN_vs_DQN,harsh,0.25,0.4,5,47,eval,13,outbound,DQN,-115.3691,0,59,0,9.8614,0,26,,L02,0,0,0,0,406.1336,0,0,0
twoway_DQN_vs_DQN_harsh,DQN_vs_DQN,harsh,0.25,0.4,5,47,eval,14,outbound,DQN,-115.4682,0,59,0,10.1673,0,25,,L02,0,0,0,0,320.4985,0,0,0
twoway_DQN_vs_DQN_harsh,DQN_vs_DQN,harsh,0.25,0.4,5,47,eval,15,outbound,DQN,-327.1775,0,59,0,71.4636,0,26,,L08,3,1,6,2,0,12,4,0
twoway_DQN_vs_DQN_harsh,DQN_vs_DQN,harsh,0.25,0.4,5,47,eval,16,outbound,DQN,-116.1311,0,59,0,13.4712,0,24,,L08,0,0,0,0,283.5591,0,0,0
twoway_DQN_vs_DQN_harsh,DQN_vs_DQN,harsh,0.25,0.4,5,47,eval,17,outbound,DQN,-115.836,0,59,0,12.4074,0,21,,L08,0,0,0,0,455.0625,0,0,0
twoway_DQN_vs_DQN_harsh,DQN_vs_DQN,harsh,0.25,0.4,5,47,eval,18,outbound,DQN,-578.8696,0,59,0,11.7945,0,19,,L02,2,1,14,1,0,17,4,4
twoway_DQN_vs_DQN_harsh,DQN_vs_DQN,harsh,0.25,0.4,5,47,eval,19,outbound,DQN,-116.9116,0,59,0,11.9892,0,29,,L02,0,0,0,0,282.8171,0,0,0
twoway_DQN_vs_DQN_harsh,DQN_vs_DQN,harsh,0.25,0.4,5,47,eval,20,outbound,DQN,-116.007,0,59,0,13.7117,0,16,,L08,0,0,0,0,426.0549,0,0,0
twoway_DQN_vs_DQN_harsh,DQN_vs_DQN,harsh,0.25,0.4,5,47,eval,21,outbound,DQN,-115.7293,0,59,0,12.6451,0,21,,L08,0,0,0,0,455.0625,0,0,0
twoway_DQN_vs_DQN_harsh,DQN_vs_DQN,harsh,0.25,0.4,5,47,eval,22,outbound,DQN,-138.1013,0,59,1,53.6722,11,35,,L02,0,0,0,0,207.6129,0,0,0
twoway_DQN_vs_DQN_harsh,DQN_vs_DQN,harsh,0.25,0.4,5,47,eval,23,outbound,DQN,-114.8913,0,59,0,10.8278,0,23,,L02,0,0,0,0,406.1336,0,0,0
twoway_DQN_vs_DQN_harsh,DQN_vs_DQN,harsh,0.25,0.4,5,47,eval,24,outbound,DQN,-523.3258,0,59,0,25.3012,0,24,,L08,3,1,12,0,0,17,8,5
twoway_DQN_vs_DQN_harsh,DQN_vs_DQN,harsh,0.25,0.4,5,47,eval,25,outbound,DQN,-116.3331,0,59,0,12.815,0,24,,L08,0,0,0,0,362.1344,0,0,0
twoway_DQN_vs_DQN_harsh,DQN_vs_DQN,harsh,0.25,0.4,5,47,eval,26,outbound,DQN,-124.0175,0,59,0,13.1019,0,25,,L08,0,0,0,0,261.7494,0,0,0
twoway_DQN_vs_DQN_harsh,DQN_vs_DQN,harsh,0.25,0.4,5,47,eval,27,outbound,DQN,-115.3125,0,59,0,11.7887,0,30,,L08,0,0,0,0,297.8508,0,0,0
twoway_DQN_vs_DQN_harsh,DQN_vs_DQN,harsh,0.25,0.4,5,47,eval,28,outbound,DQN,-115.5754,0,59,0,12.8435,0,19,,L08,0,0,0,0,297.8508,0,0,0
twoway_DQN_vs_DQN_harsh,DQN_vs_DQN,harsh,0.25,0.4,5,47,eval,29,outbound,DQN,-91.331,1,40,2,13.0514,11,21,10.9832,L08,1,1,2,2,0,13,7,3
twoway_DQN_vs_DQN_harsh,DQN_vs_DQN,harsh,0.25,0.4,5,47,eval,30,outbound,DQN,-115.4026,0,59,0,11.061,0,23,,L02,0,0,0,0,395.212,0,0,0
twoway_DQN_vs_DQN_harsh,DQN_vs_DQN,harsh,0.25,0.4,6,48,eval,1,inbound,DQN,-171.634,0,59,0,176.6023,85,25,,L08,0,0,0,0,487.055,0,0,0
twoway_DQN_vs_DQN_harsh,DQN_vs_DQN,harsh,0.25,0.4,6,48,eval,2,inbound,DQN,-289.2512,0,59,5,122.0006,81,30,,L02,0,0,0,0,452.3024,0,0,0
twoway_DQN_vs_DQN_harsh,DQN_vs_DQN,harsh,0.25,0.4,6,48,eval,3,inbound,DQN,-525.6381,0,59,0,13.0137,23,29,,L02,2,1,10,1,0,14,5,2
twoway_DQN_vs_DQN_harsh,DQN_vs_DQN,harsh,0.25,0.4,6,48,eval,4,inbound,DQN,-270.8505,0,59,4,77.0659,73,23,,L08,0,0,0,0,239.8596,0,0,0
twoway_DQN_vs_DQN_harsh,DQN_vs_DQN,harsh,0.25,0.4,6,48,eval,5,inbound,DQN,-209.8693,0,59,2,168.724,75,22,,L08,0,0,0,0,312.1674,0,0,0
twoway_DQN_vs_DQN_harsh,DQN_vs_DQN,harsh,0.25,0.4,6,48,eval,6,inbound,DQN,-165.1986,0,59,0,108.9538,76,24,,L08,0,0,0,0,69.069,0,0,0
twoway_DQN_vs_DQN_harsh,DQN_vs_DQN,harsh,0.25,0.4,6,48,eval,7,inbound,DQN,-193.1122,0,59,1,165.7929,74,30,,L08,0,0,0,0,269.509,0,0,0
twoway_DQN_vs_DQN_harsh,DQN_vs_DQN,harsh,0.25,0.4,6,48,eval,8,inbound,DQN,-166.5474,0,59,1,23.1007,72,20,,L02,0,0,0,1,29.1204,1,1,0
twoway_DQN_vs_DQN_harsh,DQN_vs_DQN,harsh,0.25,0.4,6,48,eval,9,inbound,DQN,-191.5472,0,59,2,41.7824,57,28,,L02,0,0,0,1,29.1204,2,0,0
twoway_DQN_vs_DQN_harsh,DQN_vs_DQN,harsh,0.25,0.4,6,48,eval,10,inbound,DQN,-167.2773,0,59,0,146.7358,92,22,,L08,0,0,0,0,270.3258,0,0,0
twoway_DQN_vs_DQN_harsh,DQN_vs_DQN,harsh,0.25,0.4,6,48,eval,11,inbound,DQN,-252.4054,0,59,3,42.3793,29,21,,L02,0,0,0,0,43.6807,4,2,0
twoway_DQN_vs_DQN_harsh,DQN_vs_DQN,harsh,0.25,0.4,6,48,eval,12,inbound,DQN,-317.0369,0,59,0,51.081,37,24,,L02,2,1,4,2,0,10,5,1
twoway_DQN_vs_DQN_harsh,DQN_vs_DQN,harsh,0.25,0.4,6,48,eval,13,inbound,DQN,-234.6276,0,59,0,12.5333,27,17,,L02,1,1,1,0,14.5602,2,1,0
twoway_DQN_vs_DQN_harsh,DQN_vs_DQN,harsh,0.25,0.4,6,48,eval,14,inbound,DQN,-137.2104,0,59,0,13.511,58,29,,L02,0,0,0,0,130,0,0,0
twoway_DQN_vs_DQN_harsh,DQN_vs_DQN,harsh,0.25,0.4,6,48,eval,15,inbound,DQN,-248.9487,0,59,0,15.4712,48,26,,L02,1,1,2,1,0,3,3,0
twoway_DQN_vs_DQN_harsh,DQN_vs_DQN,harsh,0.25,0.4,6,48,eval,16,inbound,DQN,-165.1998,0,59,0,147.4813,85,27,,L08,0,0,0,0,202.2607,0,0,0
twoway_DQN_vs_DQN_harsh,DQN_vs_DQN,harsh,0.25,0.4,6,48,eval,17,inbound,DQN,-176.9424,0,59,0,13.1992,45,23,,L02,0,0,0,0,102.9563,0,0,0
twoway_DQN_vs_DQN_harsh,DQN_vs_DQN,harsh,0.25,0.4,6,48,eval,18,inbound,DQN,-155.2558,0,59,0,136.2533,81,23,,L08,0,0,0,0,270.2511,0,0,0
twoway_DQN_vs_DQN_harsh,DQN_vs_DQN,harsh,0.25,0.4,6,48,eval,19,inbound,DQN,-788.7643,0,59,2,20.2958,47,21,,L02,4,1,16,2,0,24,11,5
twoway_DQN_vs_DQN_harsh,DQN_vs_DQN,harsh,0.25,0.4,6,48,eval,20,inbound,DQN,-160.4255,0,59,0,186.1763,72,25,,L08,0,0,0,0,67.4013,0,0,0
twoway_DQN_vs_DQN_harsh,DQN_vs_DQN,harsh,0.25,0.4,6,48,eval,21,inbound,DQN,-225.7651,0,59,3,168.753,88,30,,L02,0,0,0,0,424.523,0,0,0
twoway_DQN_vs_DQN_harsh,DQN_vs_DQN,harsh,0.25,0.4,6,48,eval,22,inbound,DQN,-154.0573,0,59,0,126.3396,84,27,,L08,0,0,0,0,135.7774,0,0,0
twoway_DQN_vs_DQN_harsh,DQN_vs_DQN,harsh,0.25,0.4,6,48,eval,23,inbound,DQN,-179.6827,0,59,0,195.5125,81,27,,L08,0,0,0,0,303.7153,0,0,0
twoway_DQN_vs_DQN_harsh,DQN_vs_DQN,harsh,0.25,0.4,6,48,eval,24,inbound,DQN,-157.6739,0,59,0,185.3237,76,25,,L08,0,0,0,0,347.6873,0,0,0
twoway_DQN_vs_DQN_harsh,DQN_vs_DQN,harsh,0.25,0.4,6,48,eval,25,inbound,DQN,-221.5365,0,59,2,192.2903,84,27,,L08,0,0,0,0,372.8572,0,0,0
twoway_DQN_vs_DQN_harsh,DQN_vs_DQN,harsh,0.25,0.4,6,48,eval,26,inbound,DQN,-165.5742,0,59,0,151.8163,76,26,,L08,0,0,0,0,203.7999,0,0,0
twoway_DQN_vs_DQN_harsh,DQN_vs_DQN,harsh,0.25,0.4,6,48,eval,27,inbound,DQN,-319.4255,0,59,0,13.8752,61,24,,L02,2,1,5,0,0,6,3,0
twoway_DQN_vs_DQN_harsh,DQN_vs_DQN,harsh,0.25,0.4,6,48,eval,28,inbound,DQN,-346.0532,0,59,0,14.2857,78,27,,L02,1,1,6,1,7.9271,12,3,1
twoway_DQN_vs_DQN_harsh,DQN_vs_DQN,harsh,0.25,0.4,6,48,eval,29,inbound,DQN,-219.5356,0,59,3,112.0923,80,34,,L02,0,0,0,0,291.935,0,0,0
twoway_DQN_vs_DQN_harsh,DQN_vs_DQN,harsh,0.25,0.4,6,48,eval,30,inbound,DQN,-176.7637,0,59,0,29.7796,30,20,,L02,0,0,0,0,68.9237,0,0,0
twoway_DQN_vs_DQN_harsh,DQN_vs_DQN,harsh,0.25,0.4,6,48,eval,1,outbound,DQN,-117.2099,0,59,0,12.8494,0,21,,L08,0,0,0,0,487.055,0,0,0
twoway_DQN_vs_DQN_harsh,DQN_vs_DQN,harsh,0.25,0.4,6,48,eval,2,outbound,DQN,-178.8337,0,59,2,37.0836,3,27,,L02,0,0,0,0,452.3024,0,0,0
twoway_DQN_vs_DQN_harsh,DQN_vs_DQN,harsh,0.25,0.4,6,48,eval,3,outbound,DQN,-521.7139,0,59,2,60.0152,10,18,,L02,2,1,10,1,0,14,5,2
twoway_DQN_vs_DQN_harsh,DQN_vs_DQN,harsh,0.25,0.4,6,48,eval,4,outbound,DQN,-143.6843,0,59,1,13.2627,0,19,,L08,0,0,0,0,239.8596,0,0,0
twoway_DQN_vs_DQN_harsh,DQN_vs_DQN,harsh,0.25,0.4,6,48,eval,5,outbound,DQN,-144.3031,0,59,1,14.2789,0,20,,L08,0,0,0,0,312.1674,0,0,0
twoway_DQN_vs_DQN_harsh,DQN_vs_DQN,harsh,0.25,0.4,6,48,eval,6,outbound,DQN,24.2231,1,27,2,13.1176,14,9,10.813,L08,0,0,0,0,69.069,0,0,0
twoway_DQN_vs_DQN_harsh,DQN_vs_DQN,harsh,0.25,0.4,6,48,eval,7,outbound,DQN,-220.6579,0,59,4,13.3811,35,32,,L08,0,0,0,0,269.509,0,0,0
twoway_DQN_vs_DQN_harsh,DQN_vs_DQN,harsh,0.25,0.4,6,48,eval,8,outbound,DQN,-138.5045,0,59,0,12.7739,0,25,,L02,0,0,0,1,29.1204,1,1,0
twoway_DQN_vs_DQN_harsh,DQN_vs_DQN,harsh,0.25,0.4,6,48,eval,9,outbound,DQN,-153.4668,0,59,1,14.7245,23,29,,L02,0,0,0,1,29.1204,2,0,0
twoway_DQN_vs_DQN_harsh,DQN_vs_DQN,harsh,0.25,0.4,6,48,eval,10,outbound,DQN,-45.9673,1,55,3,13.4899,15,22,5.662,L08,0,0,0,0,270.3258,0,0,0
twoway_DQN_vs_DQN_harsh,DQN_vs_DQN,harsh,0.25,0.4,6,48,eval,11,outbound,DQN,-128.9763,0,59,0,20.841,0,21,,L02,0,0,0,0,43.6807,4,2,0
twoway_DQN_vs_DQN_harsh,DQN_vs_DQN,harsh,0.25,0.4,6,48,eval,12,outbound,DQN,-327.0439,0,59,2,124.6778,34,27,,L02,2,1,4,2,0,10,5,1
twoway_DQN_vs_DQN_harsh,DQN_vs_DQN,harsh,0.25,0.4,6,48,eval,13,outbound,DQN,-236.0466,0,59,2,105.0455,20,30,,L02,1,1,1,0,14.5602,2,1,0
twoway_DQN_vs_DQN_harsh,DQN_vs_DQN,harsh,0.25,0.4,6,48,eval,14,outbound,DQN,-122.6989,0,59,0,70.0674,21,17,,L02,0,0,0,0,130,0,0,0
twoway_DQN_vs_DQN_harsh,DQN_vs_DQN,harsh,0.25,0.4,6,48,eval,15,outbound,DQN,-256.6606,0,59,1,105.2276,5,26,,L02,1,1,2,1,0,3,3,0
twoway_DQN_vs_DQN_harsh,DQN_vs_DQN,harsh,0.25,0.4,6,48,eval,16,outbound,DQN,-71.7093,1,55,4,13.6619,51,21,1.1814,L08,0,0,0,0,202.2607,0,0,0
twoway_DQN_vs_DQN_harsh,DQN_vs_DQN,harsh,0.25,0.4,6,48,eval,17,outbound,DQN,-140.6535,0,59,0,83.0373,8,25,,L02,0,0,0,0,102.9563,0,0,0
twoway_DQN_vs_DQN_harsh,DQN_vs_DQN,harsh,0.25,0.4,6,48,eval,18,outbound,DQN,-1.9565,1,59,1,12.3285,49,20,3.123,L08,0,0,0,0,270.2511,0,0,0
twoway_DQN_vs_DQN_harsh,DQN_vs_DQN,harsh,0.25,0.4,6,48,eval,19,outbound,DQN,-727.2309,0,59,2,46.3936,3,19,,L02,4,1,16,2,0,24,11,5
twoway_DQN_vs_DQN_harsh,DQN_vs_DQN,harsh,0.25,0.4,6,48,eval,20,outbound,DQN,51.4832,1,17,2,11.5627,10,10,1.09,L08,0,0,0,0,67.4013,0,0,0
twoway_DQN_vs_DQN_harsh,DQN_vs_DQN,harsh,0.25,0.4,6,48,eval,21,outbound,DQN,-214.7209,0,59,3,159.9492,49,30,,L02,0,0,0,0,424.523,0,0,0
twoway_DQN_vs_DQN_harsh,DQN_vs_DQN,harsh,0.25,0.4,6,48,eval,22,outbound,DQN,8.7531,1,23,3,15.9013,14,9,6.5152,L08,0,0,0,0,135.7774,0,0,0
twoway_DQN_vs_DQN_harsh,DQN_vs_DQN,harsh,0.25,0.4,6,48,eval,23,outbound,DQN,-152.643,0,59,1,13.6645,68,26,,L08,0,0,0,0,303.7153,0,0,0
twoway_DQN_vs_DQN_harsh,DQN_vs_DQN,harsh,0.25,0.4,6,48,eval,24,outbound,DQN,-119.1286,0,59,0,12.9607,0,23,,L08,0,0,0,0,347.6873,0,0,0
twoway_DQN_vs_DQN_harsh,DQN_vs_DQN,harsh,0.25,0.4,6,48,eval,25,outbound,DQN,-174.6406,0,59,2,13.5662,6,24,,L08,0,0,0,0,372.8572,0,0,0
twoway_DQN_vs_DQN_harsh,DQN_vs_DQN,harsh,0.25,0.4,6,48,eval,26,outbound,DQN,21.0248,1,43,1,11.3116,20,16,12.056,L08,0,0,0,0,203.7999,0,0,0
twoway_DQN_vs_DQN_harsh,DQN_vs_DQN,harsh,0.25,0.4,6,48,eval,27,outbound,DQN,-370.9364,0,59,3,30.1152,5,25,,L02,2,1,5,0,0,6,3,0
twoway_DQN_vs_DQN_harsh,DQN_vs_DQN,harsh,0.25,0.4,6,48,eval,28,outbound,DQN,-139.7483,1,38,0,12.2937,34,15,7.9271,L02,1,1,6,1,7.9271,12,3,1
twoway_DQN_vs_DQN_harsh,DQN_vs_DQN,harsh,0.25,0.4,6,48,eval,29,outbound,DQN,-193.3773,0,59,2,81.6494,10,29,,L02,0,0,0,0,291.935,0,0,0
twoway_DQN_vs_DQN_harsh,DQN_vs_DQN,harsh,0.25,0.4,6,48,eval,30,outbound,DQN,-226.1263,0,59,3,183.9202,59,27,,L02,0,0,0,0,68.9237,0,0,0
twoway_DQN_vs_DQN_harsh,DQN_vs_DQN,harsh,0.25,0.4,7,49,eval,1,inbound,DQN,-223.5172,0,59,3,144.1653,84,28,,L08,0,0,0,0,312.1674,0,0,0
twoway_DQN_vs_DQN_harsh,DQN_vs_DQN,harsh,0.25,0.4,7,49,eval,2,inbound,DQN,-137.8242,0,59,0,13.9187,80,25,,L08,0,0,0,0,233.6044,0,0,0
twoway_DQN_vs_DQN_harsh,DQN_vs_DQN,harsh,0.25,0.4,7,49,eval,3,inbound,DQN,-32.8102,1,41,2,18.0566,36,14,8.1503,L08,1,1,1,0,0,2,0,0
twoway_DQN_vs_DQN_harsh,DQN_vs_DQN,harsh,0.25,0.4,7,49,eval,4,inbound,DQN,10.2617,1,46,1,11.9401,35,15,18.1496,L08,0,0,0,0,260.4358,0,0,0
twoway_DQN_vs_DQN_harsh,DQN_vs_DQN,harsh,0.25,0.4,7,49,eval,5,inbound,DQN,-204.7106,0,59,2,157.5059,80,27,,L08,0,0,0,0,372.1054,0,0,0
twoway_DQN_vs_DQN_harsh,DQN_vs_DQN,harsh,0.25,0.4,7,49,eval,6,inbound,DQN,-181.1905,0,59,2,15.1054,66,19,,L08,0,0,0,0,279.1443,0,0,0
twoway_DQN_vs_DQN_harsh,DQN_vs_DQN,harsh,0.25,0.4,7,49,eval,7,inbound,DQN,-260.1743,0,59,4,161.9688,87,19,,L08,0,0,0,0,347.1987,0,0,0
twoway_DQN_vs_DQN_harsh,DQN_vs_DQN,harsh,0.25,0.4,7,49,eval,8,inbound,DQN,-215.1027,0,59,2,145.2997,80,28,,L08,0,0,0,0,376.1891,0,0,0
twoway_DQN_vs_DQN_harsh,DQN_vs_DQN,harsh,0.25,0.4,7,49,eval,9,inbound,DQN,-42.2374,1,39,0,15.3312,26,16,8.7184,L02,1,1,3,0,0,4,1,1
twoway_DQN_vs_DQN_harsh,DQN_vs_DQN,harsh,0.25,0.4,7,49,eval,10,inbound,DQN,-140.2644,0,59,0,36.5244,79,20,,L08,0,0,0,0,233.6044,0,0,0
twoway_DQN_vs_DQN_harsh,DQN_vs_DQN,harsh,0.25,0.4,7,49,eval,11,inbound,DQN,49.031,1,32,1,13.8539,31,14,3.1029,L08,0,0,0,0,174.4716,0,0,0
twoway_DQN_vs_DQN_harsh,DQN_vs_DQN,harsh,0.25,0.4,7,49,eval,12,inbound,DQN,-287.532,0,59,0,14.0602,73,23,,L02,2,1,5,0,0,5,2,2
twoway_DQN_vs_DQN_harsh,DQN_vs_DQN,harsh,0.25,0.4,7,49,eval,13,inbound,DQN,-163.7033,0,59,0,162.8544,65,32,,L02,0,0,0,0,213.5676,0,0,0
twoway_DQN_vs_DQN_harsh,DQN_vs_DQN,harsh,0.25,0.4,7,49,eval,14,inbound,DQN,-114.2153,1,55,0,18.0178,58,24,8.6447,L02,1,1,4,2,0,11,2,1
twoway_DQN_vs_DQN_harsh,DQN_vs_DQN,harsh,0.25,0.4,7,49,eval,15,inbound,DQN,-19.5942,1,51,2,16.2954,53,21,10.5321,L08,0,0,0,0,239.7016,0,0,0
twoway_DQN_vs_DQN_harsh,DQN_vs_DQN,harsh,0.25,0.4,7,49,eval,16,inbound,DQN,13.6123,1,31,1,21.7061,17,16,2.254,L02,1,1,1,1,0,3,0,0
twoway_DQN_vs_DQN_harsh,DQN_vs_DQN,harsh,0.25,0.4,7,49,eval,17,inbound,DQN,-250.2811,0,59,0,33.6107,83,27,,L02,1,1,1,12,0,34,3,2
twoway_DQN_vs_DQN_harsh,DQN_vs_DQN,harsh,0.25,0.4,7,49,eval,18,inbound,DQN,-185.2936,0,59,2,13.342,77,21,,L08,0,0,0,0,249.7649,0,0,0
twoway_DQN_vs_DQN_harsh,DQN_vs_DQN,harsh,0.25,0.4,7,49,eval,19,inbound,DQN,-136.2591,0,59,0,105.1459,84,23,,L02,0,0,0,0,124.0555,0,0,0
twoway_DQN_vs_DQN_harsh,DQN_vs_DQN,harsh,0.25,0.4,7,49,eval,20,inbound,DQN,-156.9158,1,50,0,12.9116,28,16,2.2974,L02,2,1,5,2,0,19,1,0
twoway_DQN_vs_DQN_harsh,DQN_vs_DQN,harsh,0.25,0.4,7,49,eval,21,inbound,DQN,10.9187,1,29,2,12.947,34,14,31.2587,L08,0,0,0,0,200.1605,0,0,0
twoway_DQN_vs_DQN_harsh,DQN_vs_DQN,harsh,0.25,0.4,7,49,eval,22,inbound,DQN,-185.7419,0,59,2,12.8908,82,21,,L08,0,0,0,0,251.5072,0,0,0
twoway_DQN_vs_DQN_harsh,DQN_vs_DQN,harsh,0.25,0.4,7,49,eval,23,inbound,DQN,-722.6046,0,59,2,111.3698,46,21,,L08,6,1,17,1,0,22,8,3
twoway_DQN_vs_DQN_harsh,DQN_vs_DQN,harsh,0.25,0.4,7,49,eval,24,inbound,DQN,-283.8745,1,34,2,14.2749,29,11,16.6977,L08,3,1,7,3,0,36,4,3
twoway_DQN_vs_DQN_harsh,DQN_vs_DQN,harsh,0.25,0.4,7,49,eval,25,inbound,DQN,-416.0449,1,58,1,18.6109,67,21,17.3131,L08,3,1,12,1,0,18,7,1
twoway_DQN_vs_DQN_harsh,DQN_vs_DQN,harsh,0.25,0.4,7,49,eval,26,inbound,DQN,-167.147,0,59,0,13.9674,66,27,,L02,1,1,1,1,0,3,1,1
twoway_DQN_vs_DQN_harsh,DQN_vs_DQN,harsh,0.25,0.4,7,49,eval,27,inbound,DQN,-361.5268,0,59,1,68.0574,50,23,,L08,1,1,6,2,0,12,5,2
twoway_DQN_vs_DQN_harsh,DQN_vs_DQN,harsh,0.25,0.4,7,49,eval,28,inbound,DQN,-201.5447,0,59,0,258.7361,72,23,,L02,0,0,0,0,425.4585,0,0,0
twoway_DQN_vs_DQN_harsh,DQN_vs_DQN,harsh,0.25,0.4,7,49,eval,29,inbound,DQN,-162.325,0,59,1,72.5564,84,26,,L08,0,0,0,0,302.5372,0,0,0
twoway_DQN_vs_DQN_harsh,DQN_vs_DQN,harsh,0.25,0.4,7,49,eval,30,inbound,DQN,-184.6694,0,59,0,13.1413,59,27,,L02,1,1,1,2,0,9,2,1
twoway_DQN_vs_DQN_harsh,DQN_vs_DQN,harsh,0.25,0.4,7,49,eval,1,outbound,DQN,-153.8501,0,59,0,215.426,65,27,,L08,0,0,0,0,312.1674,0,0,0
twoway_DQN_vs_DQN_harsh,DQN_vs_DQN,harsh,0.25,0.4,7,49,eval,2,outbound,DQN,-125.6343,0,59,0,88.7972,27,23,,L08,0,0,0,0,233.6044,0,0,0
twoway_DQN_vs_DQN_harsh,DQN_vs_DQN,harsh,0.25,0.4,7,49,eval,3,outbound,DQN,-158.3993,0,59,0,139.5978,34,22,,L08,1,1,1,0,0,2,0,0
twoway_DQN_vs_DQN_harsh,DQN_vs_DQN,harsh,0.25,0.4,7,49,eval,4,outbound,DQN,-153.794,0,59,0,209.2359,60,25,,L08,0,0,0,0,260.4358,0,0,0
twoway_DQN_vs_DQN_harsh,DQN_vs_DQN,harsh,0.25,0.4,7,49,eval,5,outbound,DQN,-162.0695,0,59,0,204.6043,53,21,,L08,0,0,0,0,372.1054,0,0,0
twoway_DQN_vs_DQN_harsh,DQN_vs_DQN,harsh,0.25,0.4,7,49,eval,6,outbound,DQN,-152.6456,0,59,0,219.4783,56,21,,L08,0,0,0,0,279.1443,0,0,0
twoway_DQN_vs_DQN_harsh,DQN_vs_DQN,harsh,0.25,0.4,7,49,eval,7,outbound,DQN,-132.6148,0,59,0,125.396,37,29,,L08,0,0,0,0,347.1987,0,0,0
twoway_DQN_vs_DQN_harsh,DQN_vs_DQN,harsh,0.25,0.4,7,49,eval,8,outbound,DQN,-143.8844,0,59,0,169.4853,36,18,,L08,0,0,0,0,376.1891,0,0,0
twoway_DQN_vs_DQN_harsh,DQN_vs_DQN,harsh,0.25,0.4,7,49,eval,9,outbound,DQN,-51.4589,1,49,0,13.8229,39,16,2.9034,L02,1,1,3,0,0,4,1,1
twoway_DQN_vs_DQN_harsh,DQN_vs_DQN,harsh,0.25,0.4,7,49,eval,10,outbound,DQN,-134.2539,0,59,0,17.6269,0,26,,L08,0,0,0,0,233.6044,0,0,0
twoway_DQN_vs_DQN_harsh,DQN_vs_DQN,harsh,0.25,0.4,7,49,eval,11,outbound,DQN,-155.8398,0,59,0,203.3316,56,24,,L08,0,0,0,0,174.4716,0,0,0
twoway_DQN_vs_DQN_harsh,DQN_vs_DQN,harsh,0.25,0.4,7,49,eval,12,outbound,DQN,-96.317,1,42,0,13.8377,10,16,6.8112,L02,2,1,5,0,0,5,2,2
twoway_DQN_vs_DQN_harsh,DQN_vs_DQN,harsh,0.25,0.4,7,49,eval,13,outbound,DQN,66.7284,1,36,0,11.6444,19,13,6.195,L02,0,0,0,0,213.5676,0,0,0
twoway_DQN_vs_DQN_harsh,DQN_vs_DQN,harsh,0.25,0.4,7,49,eval,14,outbound,DQN,-282.3357,0,59,0,11.8314,0,26,,L02,1,1,4,2,0,11,2,1
twoway_DQN_vs_DQN_harsh,DQN_vs_DQN,harsh,0.25,0.4,7,49,eval,15,outbound,DQN,-141.9801,0,59,0,184.9267,50,26,,L08,0,0,0,0,239.7016,0,0,0
twoway_DQN_vs_DQN_harsh,DQN_vs_DQN,harsh,0.25,0.4,7,49,eval,16,outbound,DQN,29.4356,1,32,0,13.0609,12,18,2.2411,L02,1,1,1,1,0,3,0,0
twoway_DQN_vs_DQN_harsh,DQN_vs_DQN,harsh,0.25,0.4,7,49,eval,17,outbound,DQN,-35.9735,1,28,0,13.2766,16,11,21.7338,L02,1,1,1,12,0,34,3,2
twoway_DQN_vs_DQN_harsh,DQN_vs_DQN,harsh,0.25,0.4,7,49,eval,18,outbound,DQN,-129.5554,0,59,0,118.7389,41,26,,L08,0,0,0,0,249.7649,0,0,0
twoway_DQN_vs_DQN_harsh,DQN_vs_DQN,harsh,0.25,0.4,7,49,eval,19,outbound,DQN,74.3592,1,31,0,12.1876,18,14,2.4579,L02,0,0,0,0,124.0555,0,0,0
twoway_DQN_vs_DQN_harsh,DQN_vs_DQN,harsh,0.25,0.4,7,49,eval,20,outbound,DQN,-164.2729,1,53,0,12.5547,13,25,17.9539,L02,2,1,5,2,0,19,1,0
twoway_DQN_vs_DQN_harsh,DQN_vs_DQN,harsh,0.25,0.4,7,49,eval,21,outbound,DQN,-156.5477,0,59,0,208.7284,58,21,,L08,0,0,0,0,200.1605,0,0,0
twoway_DQN_vs_DQN_harsh,DQN_vs_DQN,harsh,0.25,0.4,7,49,eval,22,outbound,DQN,-126.2075,0,59,0,113.2899,29,23,,L08,0,0,0,0,251.5072,0,0,0
twoway_DQN_vs_DQN_harsh,DQN_vs_DQN,harsh,0.25,0.4,7,49,eval,23,outbound,DQN,-668.1044,0,59,0,111.5992,23,22,,L08,6,1,17,1,0,22,8,3
twoway_DQN_vs_DQN_harsh,DQN_vs_DQN,harsh,0.25,0.4,7,49,eval,24,outbound,DQN,-463.3527,0,59,0,13.5632,0,20,,L08,3,1,7,3,0,36,4,3
twoway_DQN_vs_DQN_harsh,DQN_vs_DQN,harsh,0.25,0.4,7,49,eval,25,outbound,DQN,-554.029,0,59,0,15.1986,0,26,,L08,3,1,12,1,0,18,7,1
twoway_DQN_vs_DQN_harsh,DQN_vs_DQN,harsh,0.25,0.4,7,49,eval,26,outbound,DQN,49.8643,1,17,0,12.8211,10,3,18.5392,L02,1,1,1,1,0,3,1,1
twoway_DQN_vs_DQN_harsh,DQN_vs_DQN,harsh,0.25,0.4,7,49,eval,27,outbound,DQN,-344.7014,0,59,0,13.5054,0,19,,L08,1,1,6,2,0,12,5,2
twoway_DQN_vs_DQN_harsh,DQN_vs_DQN,harsh,0.25,0.4,7,49,eval,28,outbound,DQN,-118.9309,0,59,0,11.9142,0,24,,L02,0,0,0,0,425.4585,0,0,0
twoway_DQN_vs_DQN_harsh,DQN_vs_DQN,harsh,0.25,0.4,7,49,eval,29,outbound,DQN,-148.188,0,59,0,187.3839,48,28,,L08,0,0,0,0,302.5372,0,0,0
twoway_DQN_vs_DQN_harsh,DQN_vs_DQN,harsh,0.25,0.4,7,49,eval,30,outbound,DQN,30.7174,1,14,0,12.9619,11,6,21.6124,L02,1,1,1,2,0,9,2,1
