config_id,scenario,pairing,condition,noise_std,packet_error_rate,seed,env_seed,phase,episode,direction,agent,success,vessel_collisions,vessel_collision_flag,near_misses,min_cpa,head_on_events,iala_violations
twoway_RuleBased_vs_RuleBased_clean,twoway,RuleBased_vs_RuleBased,clean,0,0,0,42,eval,1,inbound,RuleBased,1,1,1,0,0,1,0
twoway_RuleBased_vs_RuleBased_clean,twoway,RuleBased_vs_RuleBased,clean,0,0,0,42,eval,2,inbound,RuleBased,1,1,1,0,0,1,0
twoway_RuleBased_vs_RuleBased_clean,twoway,RuleBased_vs_RuleBased,clean,0,0,0,42,eval,3,inbound,RuleBased,1,1,1,0,0,1,0
twoway_RuleBased_vs_RuleBased_clean,twoway,RuleBased_vs_RuleBased,clean,0,0,0,42,eval,4,inbound,RuleBased,1,1,1,0,0,1,0
twoway_RuleBased_vs_RuleBased_clean,twoway,RuleBased_vs_RuleBased,clean,0,0,0,42,eval,5,inbound,RuleBased,1,1,1,0,0,1,0
twoway_RuleBased_vs_RuleBased_clean,twoway,RuleBased_vs_RuleBased,clean,0,0,0,42,eval,6,inbound,RuleBased,1,1,1,0,0,1,0
twoway_RuleBased_vs_RuleBased_clean,twoway,RuleBased_vs_RuleBased,clean,0,0,0,42,eval,7,inbound,RuleBased,1,1,1,0,0,1,0
twoway_RuleBased_vs_RuleBased_clean,twoway,RuleBased_vs_RuleBased,clean,0,0,0,42,eval,8,inbound,RuleBased,1,1,1,0,0,1,0
twoway_RuleBased_vs_RuleBased_clean,twoway,RuleBased_vs_RuleBased,clean,0,0,0,42,eval,9,inbound,RuleBased,1,1,1,0,0,1,0
twoway_RuleBased_vs_RuleBased_clean,twoway,RuleBased_vs_RuleBased,clean,0,0,0,42,eval,10,inbound,RuleBased,1,1,1,0,0,1,0
twoway_RuleBased_vs_RuleBased_clean,twoway,RuleBased_vs_RuleBased,clean,0,0,0,42,eval,11,inbound,RuleBased,1,1,1,0,0,1,0
twoway_RuleBased_vs_RuleBased_clean,twoway,RuleBased_vs_RuleBased,clean,0,0,0,42,eval,12,inbound,RuleBased,1,1,1,0,0,1,0
twoway_RuleBased_vs_RuleBased_clean,twoway,RuleBased_vs_RuleBased,clean,0,0,0,42,eval,13,inbound,RuleBased,1,1,1,0,0,1,0
twoway_RuleBased_vs_RuleBased_clean,twoway,RuleBased_vs_RuleBased,clean,0,0,0,42,eval,14,inbound,RuleBased,1,1,1,0,0,1,0
twoway_RuleBased_vs_RuleBased_clean,twoway,RuleBased_vs_RuleBased,clean,0,0,0,42,eval,15,inbound,RuleBased,1,1,1,0,0,1,0
twoway_RuleBased_vs_RuleBased_clean,twoway,RuleBased_vs_RuleBased,clean,0,0,0,42,eval,16,inbound,RuleBased,1,1,1,0,0,1,0
twoway_RuleBased_vs_RuleBased_clean,twoway,RuleBased_vs_RuleBased,clean,0,0,0,42,eval,17,inbound,RuleBased,1,1,1,0,0,1,0
twoway_RuleBased_vs_RuleBased_clean,twoway,RuleBased_vs_RuleBased,clean,0,0,0,42,eval,18,inbound,RuleBased,1,1,1,0,0,1,0
twoway_RuleBased_vs_RuleBased_clean,twoway,RuleBased_vs_RuleBased,clean,0,0,0,42,eval,19,inbound,RuleBased,1,1,1,0,0,1,0
twoway_RuleBased_vs_RuleBased_clean,twoway,RuleBased_vs_RuleBased,clean,0,0,0,42,eval,20,inbound,RuleBased,1,1,1,0,0,1,0
twoway_RuleBased_vs_RuleBased_clean,twoway,RuleBased_vs_RuleBased,clean,0,0,0,42,eval,21,inbound,RuleBased,1,1,1,0,0,1,0
twoway_RuleBased_vs_RuleBased_clean,twoway,RuleBased_vs_RuleBased,clean,0,0,0,42,eval,22,inbound,RuleBased,1,1,1,0,0,1,0
twoway_RuleBased_vs_RuleBased_clean,twoway,RuleBased_vs_RuleBased,clean,0,0,0,42,eval,23,inbound,RuleBased,1,1,1,0,0,1,0
twoway_RuleBased_vs_RuleBased_clean,twoway,RuleBased_vs_RuleBased,clean,0,0,0,42,eval,24,inbound,RuleBased,1,1,1,0,0,1,0
twoway_RuleBased_vs_RuleBased_clean,twoway,RuleBased_vs_RuleBased,clean,0,0,0,42,eval,25,inbound,RuleBased,1,1,1,0,0,1,0
twoway_RuleBased_vs_RuleBased_clean,twoway,RuleBased_vs_RuleBased,clean,0,0,0,42,eval,26,inbound,RuleBased,1,1,1,0,0,1,0
twoway_RuleBased_vs_RuleBased_clean,twoway,RuleBased_vs_RuleBased,clean,0,0,0,42,eval,27,inbound,RuleBased,1,1,1,0,0,1,0
twoway_RuleBased_vs_RuleBased_clean,twoway,RuleBased_vs_RuleBased,clean,0,0,0,42,eval,28,inbound,RuleBased,1,1,1,0,0,1,0
twoway_RuleBased_vs_RuleBased_clean,twoway,RuleBased_vs_RuleBased,clean,0,0,0,42,eval,29,inbound,RuleBased,1,1,1,0,0,1,0
twoway_RuleBased_vs_RuleBased_clean,twoway,RuleBased_vs_RuleBased,clean,0,0,0,42,eval,30,inbound,RuleBased,1,1,1,0,0,1,0
twoway_RuleBased_vs_RuleBased_clean,twoway,RuleBased_vs_RuleBased,clean,0,0,0,42,eval,1,outbound,RuleBased,1,1,1,0,0,1,0
twoway_RuleBased_vs_RuleBased_clean,twoway,RuleBased_vs_RuleBased,clean,0,0,0,42,eval,2,outbound,RuleBased,1,1,1,0,0,1,0
twoway_RuleBased_vs_RuleBased_clean,twoway,RuleBased_vs_RuleBased,clean,0,0,0,42,eval,3,outbound,RuleBased,1,1,1,0,0,1,0
twoway_RuleBased_vs_RuleBased_clean,twoway,RuleBased_vs_RuleBased,clean,0,0,0,42,eval,4,outbound,RuleBased,1,1,1,0,0,1,0
twoway_RuleBased_vs_RuleBased_clean,twoway,RuleBased_vs_RuleBased,clean,0,0,0,42,eval,5,outbound,RuleBased,1,1,1,0,0,1,0
twoway_RuleBased_vs_RuleBased_clean,twoway,RuleBased_vs_RuleBased,clean,0,0,0,42,eval,6,outbound,RuleBased,1,1,1,0,0,1,0
twoway_RuleBased_vs_RuleBased_clean,twoway,RuleBased_vs_RuleBased,clean,0,0,0,42,eval,7,outbound,RuleBased,1,1,1,0,0,1,0
twoway_RuleBased_vs_RuleBased_clean,twoway,RuleBased_vs_RuleBased,clean,0,0,0,42,eval,8,outbound,RuleBased,1,1,1,0,0,1,0
twoway_RuleBased_vs_RuleBased_clean,twoway,RuleBased_vs_RuleBased,clean,0,0,0,42,eval,9,outbound,RuleBased,1,1,1,0,0,1,0
twoway_RuleBased_vs_RuleBased_clean,twoway,RuleBased_vs_RuleBased,clean,0,0,0,42,eval,10,outbound,RuleBased,1,1,1,0,0,1,0
twoway_RuleBased_vs_RuleBased_clean,twoway,RuleBased_vs_RuleBased,clean,0,0,0,42,eval,11,outbound,RuleBased,1,1,1,0,0,1,0
twoway_RuleBased_vs_RuleBased_clean,twoway,RuleBased_vs_RuleBased,clean,0,0,0,42,eval,12,outbound,RuleBased,1,1,1,0,0,1,0
twoway_RuleBased_vs_RuleBased_clean,twoway,RuleBased_vs_RuleBased,clean,0,0,0,42,eval,13,outbound,RuleBased,1,1,1,0,0,1,0
twoway_RuleBased_vs_RuleBased_clean,twoway,RuleBased_vs_RuleBased,clean,0,0,0,42,eval,14,outbound,RuleBased,1,1,1,0,0,1,0
twoway_RuleBased_vs_RuleBased_clean,twoway,RuleBased_vs_RuleBased,clean,0,0,0,42,eval,15,outbound,RuleBased,1,1,1,0,0,1,0
twoway_RuleBased_vs_RuleBased_clean,twoway,RuleBased_vs_RuleBased,clean,0,0,0,42,eval,16,outbound,RuleBased,1,1,1,0,0,1,0
twoway_RuleBased_vs_RuleBased_clean,twoway,RuleBased_vs_RuleBased,clean,0,0,0,42,eval,17,outbound,RuleBased,1,1,1,0,0,1,0
twoway_RuleBased_vs_RuleBased_clean,twoway,RuleBased_vs_RuleBased,clean,0,0,0,42,eval,18,outbound,RuleBased,1,1,1,0,0,1,0
twoway_RuleBased_vs_RuleBased_clean,twoway,RuleBased_vs_RuleBased,clean,0,0,0,42,eval,19,outbound,RuleBased,1,1,1,0,0,1,0
twoway_RuleBased_vs_RuleBased_clean,twoway,RuleBased_vs_RuleBased,clean,0,0,0,42,eval,20,outbound,RuleBased,1,1,1,0,0,1,0
twoway_RuleBased_vs_RuleBased_clean,twoway,RuleBased_vs_RuleBased,clean,0,0,0,42,eval,21,outbound,RuleBased,1,1,1,0,0,1,0
twoway_RuleBased_vs_RuleBased_clean,twoway,RuleBased_vs_RuleBased,clean,0,0,0,42,eval,22,outbound,RuleBased,1,1,1,0,0,1,0
twoway_RuleBased_vs_RuleBased_clean,twoway,RuleBased_vs_RuleBased,clean,0,0,0,42,eval,23,outbound,RuleBased,1,1,1,0,0,1,0
twoway_RuleBased_vs_RuleBased_clean,twoway,RuleBased_vs_RuleBased,clean,0,0,0,42,eval,24,outbound,RuleBased,1,1,1,0,0,1,0
twoway_RuleBased_vs_RuleBased_clean,twoway,RuleBased_vs_RuleBased,clean,0,0,0,42,eval,25,outbound,RuleBased,1,1,1,0,0,1,0
twoway_RuleBased_vs_RuleBased_clean,twoway,RuleBased_vs_RuleBased,clean,0,0,0,42,eval,26,outbound,RuleBased,1,1,1,0,0,1,0
twoway_RuleBased_vs_RuleBased_clean,twoway,RuleBased_vs_RuleBased,clean,0,0,0,42,eval,27,outbound,RuleBased,1,1,1,0,0,1,0
twoway_RuleBased_vs_RuleBased_clean,twoway,RuleBased_vs_RuleBased,clean,0,0,0,42,eval,28,outbound,RuleBased,1,1,1,0,0,1,0
twoway_RuleBased_vs_RuleBased_clean,twoway,RuleBased_vs_RuleBased,clean,0,0,0,42,eval,29,outbound,RuleBased,1,1,1,0,0,1,0
twoway_RuleBased_vs_RuleBased_clean,twoway,RuleBased_vs_RuleBased,clean,0,0,0,42,eval,30,outbound,RuleBased,1,1,1,0,0,1,0
twoway_RuleBased_vs_RuleBased_clean,twoway,RuleBased_vs_RuleBased,clean,0,0,1,43,eval,1,inbound,RuleBased,1,1,1,0,0,1,0
twoway_RuleBased_vs_RuleBased_clean,twoway,RuleBased_vs_RuleBased,clean,0,0,1,43,eval,2,inbound,RuleBased,1,1,1,0,0,1,0
twoway_RuleBased_vs_RuleBased_clean,twoway,RuleBased_vs_RuleBased,clean,0,0,1,43,eval,3,inbound,RuleBased,1,1,1,0,0,1,0
twoway_RuleBased_vs_RuleBased_clean,twoway,RuleBased_vs_RuleBased,clean,0,0,1,43,eval,4,inbound,RuleBased,1,1,1,0,0,1,0
twoway_RuleBased_vs_RuleBased_clean,twoway,RuleBased_vs_RuleBased,clean,0,0,1,43,eval,5,inbound,RuleBased,1,1,1,0,0,1,0
twoway_RuleBased_vs_RuleBased_clean,twoway,RuleBased_vs_RuleBased,clean,0,0,1,43,eval,6,inbound,RuleBased,1,1,1,0,0,1,0
twoway_RuleBased_vs_RuleBased_clean,twoway,RuleBased_vs_RuleBased,clean,0,0,1,43,eval,7,inbound,RuleBased,1,1,1,0,0,1,0
twoway_RuleBased_vs_RuleBased_clean,twoway,RuleBased_vs_RuleBased,clean,0,0,1,43,eval,8,inbound,RuleBased,1,1,1,0,0,1,0
twoway_RuleBased_vs_RuleBased_clean,twoway,RuleBased_vs_RuleBased,clean,0,0,1,43,eval,9,inbound,RuleBased,1,1,1,0,0,1,0
twoway_RuleBased_vs_RuleBased_clean,twoway,RuleBased_vs_RuleBased,clean,0,0,1,43,eval,10,inbound,RuleBased,1,1,1,0,0,1,0
twoway_RuleBased_vs_RuleBased_clean,twoway,RuleBased_vs_RuleBased,clean,0,0,1,43,eval,11,inbound,RuleBased,1,1,1,0,0,1,0
twoway_RuleBased_vs_RuleBased_clean,twoway,RuleBased_vs_RuleBased,clean,0,0,1,43,eval,12,inbound,RuleBased,1,1,1,0,0,1,0
twoway_RuleBased_vs_RuleBased_clean,twoway,RuleBased_vs_RuleBased,clean,0,0,1,43,eval,13,inbound,RuleBased,1,1,1,0,0,1,0
twoway_RuleBased_vs_RuleBased_clean,twoway,RuleBased_vs_RuleBased,clean,0,0,1,43,eval,14,inbound,RuleBased,1,1,1,0,0,1,0
twoway_RuleBased_vs_RuleBased_clean,twoway,RuleBased_vs_RuleBased,clean,0,0,1,43,eval,15,inbound,RuleBased,1,1,1,0,0,1,0
twoway_RuleBased_vs_RuleBased_clean,twoway,RuleBased_vs_RuleBased,clean,0,0,1,43,eval,16,inbound,RuleBased,1,1,1,0,0,1,0
twoway_RuleBased_vs_RuleBased_clean,twoway,RuleBased_vs_RuleBased,clean,0,0,1,43,eval,17,inbound,RuleBased,1,1,1,0,0,1,0
twoway_RuleBased_vs_RuleBased_clean,twoway,RuleBased_vs_RuleBased,clean,0,0,1,43,eval,18,inbound,RuleBased,1,1,1,0,0,1,0
twoway_RuleBased_vs_RuleBased_clean,twoway,RuleBased_vs_RuleBased,clean,0,0,1,43,eval,19,inbound,RuleBased,1,1,1,0,0,1,0
twoway_RuleBased_vs_RuleBased_clean,twoway,RuleBased_vs_RuleBased,clean,0,0,1,43,eval,20,inbound,RuleBased,1,1,1,0,0,1,0
twoway_RuleBased_vs_RuleBased_clean,twoway,RuleBased_vs_RuleBased,clean,0,0,1,43,eval,21,inbound,RuleBased,1,1,1,0,0,1,0
twoway_RuleBased_vs_RuleBased_clean,twoway,RuleBased_vs_RuleBased,clean,0,0,1,43,eval,22,inbound,RuleBased,1,1,1,0,0,1,0
twoway_RuleBased_vs_RuleBased_clean,twoway,RuleBased_vs_RuleBased,clean,0,0,1,43,eval,23,inbound,RuleBased,1,1,1,0,0,1,0
twoway_RuleBased_vs_RuleBased_clean,twoway,RuleBased_vs_RuleBased,clean,0,0,1,43,eval,24,inbound,RuleBased,1,1,1,0,0,1,0
twoway_RuleBased_vs_RuleBased_clean,twoway,RuleBased_vs_RuleBased,clean,0,0,1,43,eval,25,inbound,RuleBased,1,1,1,0,0,1,0
twoway_RuleBased_vs_RuleBased_clean,twoway,RuleBased_vs_RuleBased,clean,0,0,1,43,eval,26,inbound,RuleBased,1,1,1,0,0,1,0
twoway_RuleBased_vs_RuleBased_clean,twoway,RuleBased_vs_RuleBased,clean,0,0,1,43,eval,27,inbound,RuleBased,1,1,1,0,0,1,0
twoway_RuleBased_vs_RuleBased_clean,twoway,RuleBased_vs_RuleBased,clean,0,0,1,43,eval,28,inbound,RuleBased,1,1,1,0,0,1,0
twoway_RuleBased_vs_RuleBased_clean,twoway,RuleBased_vs_RuleBased,clean,0,0,1,43,eval,29,inbound,RuleBased,1,1,1,0,0,1,0
twoway_RuleBased_vs_RuleBased_clean,twoway,RuleBased_vs_RuleBased,clean,0,0,1,43,eval,30,inbound,RuleBased,1,1,1,0,0,1,0
twoway_RuleBased_vs_RuleBased_clean,twoway,RuleBased_vs_RuleBased,clean,0,0,1,43,eval,1,outbound,RuleBased,1,1,1,0,0,1,0
twoway_RuleBased_vs_RuleBased_clean,twoway,RuleBased_vs_RuleBased,clean,0,0,1,43,eval,2,outbound,RuleBased,1,1,1,0,0,1,0
twoway_RuleBased_vs_RuleBased_clean,twoway,RuleBased_vs_RuleBased,clean,0,0,1,43,eval,3,outbound,RuleBased,1,1,1,0,0,1,0
twoway_RuleBased_vs_RuleBased_clean,twoway,RuleBased_vs_RuleBased,clean,0,0,1,43,eval,4,outbound,RuleBased,1,1,1,0,0,1,0
twoway_RuleBased_vs_RuleBased_clean,twoway,RuleBased_vs_RuleBased,clean,0,0,1,43,eval,5,outbound,RuleBased,1,1,1,0,0,1,0
twoway_RuleBased_vs_RuleBased_clean,twoway,RuleBased_vs_RuleBased,clean,0,0,1,43,eval,6,outbound,RuleBased,1,1,1,0,0,1,0
twoway_RuleBased_vs_RuleBased_clean,twoway,RuleBased_vs_RuleBased,clean,0,0,1,43,eval,7,outbound,RuleBased,1,1,1,0,0,1,0
twoway_RuleBased_vs_RuleBased_clean,twoway,RuleBased_vs_RuleBased,clean,0,0,1,43,eval,8,outbound,RuleBased,1,1,1,0,0,1,0
twoway_RuleBased_vs_RuleBased_clean,twoway,RuleBased_vs_RuleBased,clean,0,0,1,43,eval,9,outbound,RuleBased,1,1,1,0,0,1,0
twoway_RuleBased_vs_RuleBased_clean,twoway,RuleBased_vs_RuleBased,clean,0,0,1,43,eval,10,outbound,RuleBased,1,1,1,0,0,1,0
twoway_RuleBased_vs_RuleBased_clean,twoway,RuleBased_vs_RuleBased,clean,0,0,1,43,eval,11,outbound,RuleBased,1,1,1,0,0,1,0
twoway_RuleBased_vs_RuleBased_clean,twoway,RuleBased_vs_RuleBased,clean,0,0,1,43,eval,12,outbound,RuleBased,1,1,1,0,0,1,0
twoway_RuleBased_vs_RuleBased_clean,twoway,RuleBased_vs_RuleBased,clean,0,0,1,43,eval,13,outbound,RuleBased,1,1,1,0,0,1,0
twoway_RuleBased_vs_RuleBased_clean,twoway,RuleBased_vs_RuleBased,clean,0,0,1,43,eval,14,outbound,RuleBased,1,1,1,0,0,1,0
twoway_RuleBased_vs_RuleBased_clean,twoway,RuleBased_vs_RuleBased,clean,0,0,1,43,eval,15,outbound,RuleBased,1,1,1,0,0,1,0
twoway_RuleBased_vs_RuleBased_clean,twoway,RuleBased_vs_RuleBased,clean,0,0,1,43,eval,16,outbound,RuleBased,1,1,1,0,0,1,0
twoway_RuleBased_vs_RuleBased_clean,twoway,RuleBased_vs_RuleBased,clean,0,0,1,43,eval,17,outbound,RuleBased,1,1,1,0,0,1,0
twoway_RuleBased_vs_RuleBased_clean,twoway,RuleBased_vs_RuleBased,clean,0,0,1,43,eval,18,outbound,RuleBased,1,1,1,0,0,1,0
twoway_RuleBased_vs_RuleBased_clean,twoway,RuleBased_vs_RuleBased,clean,0,0,1,43,eval,19,outbound,RuleBased,1,1,1,0,0,1,0
twoway_RuleBased_vs_RuleBased_clean,twoway,RuleBased_vs_RuleBased,clean,0,0,1,43,eval,20,outbound,RuleBased,1,1,1,0,0,1,0
twoway_RuleBased_vs_RuleBased_clean,twoway,RuleBased_vs_RuleBased,clean,0,0,1,43,eval,21,outbound,RuleBased,1,1,1,0,0,1,0
twoway_RuleBased_vs_RuleBased_clean,twoway,RuleBased_vs_RuleBased,clean,0,0,1,43,eval,22,outbound,RuleBased,1,1,1,0,0,1,0
twoway_RuleBased_vs_RuleBased_clean,twoway,RuleBased_vs_RuleBased,clean,0,0,1,43,eval,23,outbound,RuleBased,1,1,1,0,0,1,0
twoway_RuleBased_vs_RuleBased_clean,twoway,RuleBased_vs_RuleBased,clean,0,0,1,43,eval,24,outbound,RuleBased,1,1,1,0,0,1,0
twoway_RuleBased_vs_RuleBased_clean,twoway,RuleBased_vs_RuleBased,clean,0,0,1,43,eval,25,outbound,RuleBased,1,1,1,0,0,1,0
twoway_RuleBased_vs_RuleBased_clean,twoway,RuleBased_vs_RuleBased,clean,0,0,1,43,eval,26,outbound,RuleBased,1,1,1,0,0,1,0
twoway_RuleBased_vs_RuleBased_clean,twoway,RuleBased_vs_RuleBased,clean,0,0,1,43,eval,27,outbound,RuleBased,1,1,1,0,0,1,0
twoway_RuleBased_vs_RuleBased_clean,twoway,RuleBased_vs_RuleBased,clean,0,0,1,43,eval,28,outbound,RuleBased,1,1,1,0,0,1,0
twoway_RuleBased_vs_RuleBased_clean,twoway,RuleBased_vs_RuleBased,clean,0,0,1,43,eval,29,outbound,RuleBased,1,1,1,0,0,1,0
twoway_RuleBased_vs_RuleBased_clean,twoway,RuleBased_vs_RuleBased,clean,0,0,1,43,eval,30,outbound,RuleBased,1,1,1,0,0,1,0
twoway_RuleBased_vs_RuleBased_clean,twoway,RuleBased_vs_RuleBased,clean,0,0,2,44,eval,1,inbound,RuleBased,1,1,1,0,0,1,0
twoway_RuleBased_vs_RuleBased_clean,twoway,RuleBased_vs_RuleBased,clean,0,0,2,44,eval,2,inbound,RuleBased,1,1,1,0,0,1,0
twoway_RuleBased_vs_RuleBased_clean,twoway,RuleBased_vs_RuleBased,clean,0,0,2,44,eval,3,inbound,RuleBased,1,1,1,0,0,1,0
twoway_RuleBased_vs_RuleBased_clean,twoway,RuleBased_vs_RuleBased,clean,0,0,2,44,eval,4,inbound,RuleBased,1,1,1,0,0,1,0
twoway_RuleBased_vs_RuleBased_clean,twoway,RuleBased_vs_RuleBased,clean,0,0,2,44,eval,5,inbound,RuleBased,1,1,1,0,0,1,0
twoway_RuleBased_vs_RuleBased_clean,twoway,RuleBased_vs_RuleBased,clean,0,0,2,44,eval,6,inbound,RuleBased,1,1,1,0,0,1,0
twoway_RuleBased_vs_RuleBased_clean,twoway,RuleBased_vs_RuleBased,clean,0,0,2,44,eval,7,inbound,RuleBased,1,1,1,0,0,1,0
twoway_RuleBased_vs_RuleBased_clean,twoway,RuleBased_vs_RuleBased,clean,0,0,2,44,eval,8,inbound,RuleBased,1,1,1,0,0,1,0
twoway_RuleBased_vs_RuleBased_clean,twoway,RuleBased_vs_RuleBased,clean,0,0,2,44,eval,9,inbound,RuleBased,1,1,1,0,0,1,0
twoway_RuleBased_vs_RuleBased_clean,twoway,RuleBased_vs_RuleBased,clean,0,0,2,44,eval,10,inbound,RuleBased,1,1,1,0,0,1,0
twoway_RuleBased_vs_RuleBased_clean,twoway,RuleBased_vs_RuleBased,clean,0,0,2,44,eval,11,inbound,RuleBased,1,1,1,0,0,1,0
twoway_RuleBased_vs_RuleBased_clean,twoway,RuleBased_vs_RuleBased,clean,0,0,2,44,eval,12,inbound,RuleBased,1,1,1,0,0,1,0
twoway_RuleBased_vs_RuleBased_clean,twoway,RuleBased_vs_RuleBased,clean,0,0,2,44,eval,13,inbound,RuleBased,1,1,1,0,0,1,0
twoway_RuleBased_vs_RuleBased_clean,twoway,RuleBased_vs_RuleBased,clean,0,0,2,44,eval,14,inbound,RuleBased,1,1,1,0,0,1,0
twoway_RuleBased_vs_RuleBased_clean,twoway,RuleBased_vs_RuleBased,clean,0,0,2,44,eval,15,inbound,RuleBased,1,1,1,0,0,1,0
twoway_RuleBased_vs_RuleBased_clean,twoway,RuleBased_vs_RuleBased,clean,0,0,2,44,eval,16,inbound,RuleBased,1,1,1,0,0,1,0
twoway_RuleBased_vs_RuleBased_clean,twoway,RuleBased_vs_RuleBased,clean,0,0,2,44,eval,17,inbound,RuleBased,1,1,1,0,0,1,0
twoway_RuleBased_vs_RuleBased_clean,twoway,RuleBased_vs_RuleBased,clean,0,0,2,44,eval,18,inbound,RuleBased,1,1,1,0,0,1,0
twoway_RuleBased_vs_RuleBased_clean,twoway,RuleBased_vs_RuleBased,clean,0,0,2,44,eval,19,inbound,RuleBased,1,1,1,0,0,1,0
twoway_RuleBased_vs_RuleBased_clean,twoway,RuleBased_vs_RuleBased,clean,0,0,2,44,eval,20,inbound,RuleBased,1,1,1,0,0,1,0
twoway_RuleBased_vs_RuleBased_clean,twoway,RuleBased_vs_RuleBased,clean,0,0,2,44,eval,21,inbound,RuleBased,1,1,1,0,0,1,0
twoway_RuleBased_vs_RuleBased_clean,twoway,RuleBased_vs_RuleBased,clean,0,0,2,44,eval,22,inbound,RuleBased,1,1,1,0,0,1,0
twoway_RuleBased_vs_RuleBased_clean,twoway,RuleBased_vs_RuleBased,clean,0,0,2,44,eval,23,inbound,RuleBased,1,1,1,0,0,1,0
twoway_RuleBased_vs_RuleBased_clean,twoway,RuleBased_vs_RuleBased,clean,0,0,2,44,eval,24,inbound,RuleBased,1,1,1,0,0,1,0
twoway_RuleBased_vs_RuleBased_clean,twoway,RuleBased_vs_RuleBased,clean,0,0,2,44,eval,25,inbound,RuleBased,1,1,1,0,0,1,0
twoway_RuleBased_vs_RuleBased_clean,twoway,RuleBased_vs_RuleBased,clean,0,0,2,44,eval,26,inbound,RuleBased,1,1,1,0,0,1,0
twoway_RuleBased_vs_RuleBased_clean,twoway,RuleBased_vs_RuleBased,clean,0,0,2,44,eval,27,inbound,RuleBased,1,1,1,0,0,1,0
twoway_RuleBased_vs_RuleBased_clean,twoway,RuleBased_vs_RuleBased,clean,0,0,2,44,eval,28,inbound,RuleBased,1,1,1,0,0,1,0
twoway_RuleBased_vs_RuleBased_clean,twoway,RuleBased_vs_RuleBased,clean,0,0,2,44,eval,29,inbound,RuleBased,1,1,1,0,0,1,0
twoway_RuleBased_vs_RuleBased_clean,twoway,RuleBased_vs_RuleBased,clean,0,0,2,44,eval,30,inbound,RuleBased,1,1,1,0,0,1,0
twoway_RuleBased_vs_RuleBased_clean,twoway,RuleBased_vs_RuleBased,clean,0,0,2,44,eval,1,outbound,RuleBased,1,1,1,0,0,1,0
twoway_RuleBased_vs_RuleBased_clean,twoway,RuleBased_vs_RuleBased,clean,0,0,2,44,eval,2,outbound,RuleBased,1,1,1,0,0,1,0
twoway_RuleBased_vs_RuleBased_clean,twoway,RuleBased_vs_RuleBased,clean,0,0,2,44,eval,3,outbound,RuleBased,1,1,1,0,0,1,0
twoway_RuleBased_vs_RuleBased_clean,twoway,RuleBased_vs_RuleBased,clean,0,0,2,44,eval,4,outbound,RuleBased,1,1,1,0,0,1,0
twoway_RuleBased_vs_RuleBased_clean,twoway,RuleBased_vs_RuleBased,clean,0,0,2,44,eval,5,outbound,RuleBased,1,1,1,0,0,1,0
twoway_RuleBased_vs_RuleBased_clean,twoway,RuleBased_vs_RuleBased,clean,0,0,2,44,eval,6,outbound,RuleBased,1,1,1,0,0,1,0
twoway_RuleBased_vs_RuleBased_clean,twoway,RuleBased_vs_RuleBased,clean,0,0,2,44,eval,7,outbound,RuleBased,1,1,1,0,0,1,0
twoway_RuleBased_vs_RuleBased_clean,twoway,RuleBased_vs_RuleBased,clean,0,0,2,44,eval,8,outbound,RuleBased,1,1,1,0,0,1,0
twoway_RuleBased_vs_RuleBased_clean,twoway,RuleBased_vs_RuleBased,clean,0,0,2,44,eval,9,outbound,RuleBased,1,1,1,0,0,1,0
twoway_RuleBased_vs_RuleBased_clean,twoway,RuleBased_vs_RuleBased,clean,0,0,2,44,eval,10,outbound,RuleBased,1,1,1,0,0,1,0
twoway_RuleBased_vs_RuleBased_clean,twoway,RuleBased_vs_RuleBased,clean,0,0,2,44,eval,11,outbound,RuleBased,1,1,1,0,0,1,0
twoway_RuleBased_vs_RuleBased_clean,twoway,RuleBased_vs_RuleBased,clean,0,0,2,44,eval,12,outbound,RuleBased,1,1,1,0,0,1,0
twoway_RuleBased_vs_RuleBased_clean,twoway,RuleBased_vs_RuleBased,clean,0,0,2,44,eval,13,outbound,RuleBased,1,1,1,0,0,1,0
twoway_RuleBased_vs_RuleBased_clean,twoway,RuleBased_vs_RuleBased,clean,0,0,2,44,eval,14,outbound,RuleBased,1,1,1,0,0,1,0
twoway_RuleBased_vs_RuleBased_clean,twoway,RuleBased_vs_RuleBased,clean,0,0,2,44,eval,15,outbound,RuleBased,1,1,1,0,0,1,0
twoway_RuleBased_vs_RuleBased_clean,twoway,RuleBased_vs_RuleBased,clean,0,0,2,44,eval,16,outbound,RuleBased,1,1,1,0,0,1,0
twoway_RuleBased_vs_RuleBased_clean,twoway,RuleBased_vs_RuleBased,clean,0,0,2,44,eval,17,outbound,RuleBased,1,1,1,0,0,1,0
twoway_RuleBased_vs_RuleBased_clean,twoway,RuleBased_vs_RuleBased,clean,0,0,2,44,eval,18,outbound,RuleBased,1,1,1,0,0,1,0
twoway_RuleBased_vs_RuleBased_clean,twoway,RuleBased_vs_RuleBased,clean,0,0,2,44,eval,19,outbound,RuleBased,1,1,1,0,0,1,0
twoway_RuleBased_vs_RuleBased_clean,twoway,RuleBased_vs_RuleBased,clean,0,0,2,44,eval,20,outbound,RuleBased,1,1,1,0,0,1,0
twoway_RuleBased_vs_RuleBased_clean,twoway,RuleBased_vs_RuleBased,clean,0,0,2,44,eval,21,outbound,RuleBased,1,1,1,0,0,1,0
twoway_RuleBased_vs_RuleBased_clean,twoway,RuleBased_vs_RuleBased,clean,0,0,2,44,eval,22,outbound,RuleBased,1,1,1,0,0,1,0
twoway_RuleBased_vs_RuleBased_clean,twoway,RuleBased_vs_RuleBased,clean,0,0,2,44,eval,23,outbound,RuleBased,1,1,1,0,0,1,0
twoway_RuleBased_vs_RuleBased_clean,twoway,RuleBased_vs_RuleBased,clean,0,0,2,44,eval,24,outbound,RuleBased,1,1,1,0,0,1,0
twoway_RuleBased_vs_RuleBased_clean,twoway,RuleBased_vs_RuleBased,clean,0,0,2,44,eval,25,outbound,RuleBased,1,1,1,0,0,1,0
twoway_RuleBased_vs_RuleBased_clean,twoway,RuleBased_vs_RuleBased,clean,0,0,2,44,eval,26,outbound,RuleBased,1,1,1,0,0,1,0
twoway_RuleBased_vs_RuleBased_clean,twoway,RuleBased_vs_RuleBased,clean,0,0,2,44,eval,27,outbound,RuleBased,1,1,1,0,0,1,0
twoway_RuleBased_vs_RuleBased_clean,twoway,RuleBased_vs_RuleBased,clean,0,0,2,44,eval,28,outbound,RuleBased,1,1,1,0,0,1,0
twoway_RuleBased_vs_RuleBased_clean,twoway,RuleBased_vs_RuleBased,clean,0,0,2,44,eval,29,outbound,RuleBased,1,1,1,0,0,1,0
twoway_RuleBased_vs_RuleBased_clean,twoway,RuleBased_vs_RuleBased,clean,0,0,2,44,eval,30,outbound,RuleBased,1,1,1,0,0,1,0
twoway_RuleBased_vs_RuleBased_clean,twoway,RuleBased_vs_RuleBased,clean,0,0,3,45,eval,1,inbound,RuleBased,1,1,1,0,0,1,0
twoway_RuleBased_vs_RuleBased_clean,twoway,RuleBased_vs_RuleBased,clean,0,0,3,45,eval,2,inbound,RuleBased,1,1,1,0,0,1,0
twoway_RuleBased_vs_RuleBased_clean,twoway,RuleBased_vs_RuleBased,clean,0,0,3,45,eval,3,inbound,RuleBased,1,1,1,0,0,1,0
twoway_RuleBased_vs_RuleBased_clean,twoway,RuleBased_vs_RuleBased,clean,0,0,3,45,eval,4,inbound,RuleBased,1,1,1,0,0,1,0
twoway_RuleBased_vs_RuleBased_clean,twoway,RuleBased_vs_RuleBased,clean,0,0,3,45,eval,5,inbound,RuleBased,1,1,1,0,0,1,0
twoway_RuleBased_vs_RuleBased_clean,twoway,RuleBased_vs_RuleBased,clean,0,0,3,45,eval,6,inbound,RuleBased,1,1,1,0,0,1,0
twoway_RuleBased_vs_RuleBased_clean,twoway,RuleBased_vs_RuleBased,clean,0,0,3,45,eval,7,inbound,RuleBased,1,1,1,0,0,1,0
twoway_RuleBased_vs_RuleBased_clean,twoway,RuleBased_vs_RuleBased,clean,0,0,3,45,eval,8,inbound,RuleBased,1,1,1,0,0,1,0
twoway_RuleBased_vs_RuleBased_clean,twoway,RuleBased_vs_RuleBased,clean,0,0,3,45,eval,9,inbound,RuleBased,1,1,1,0,0,1,0
twoway_RuleBased_vs_RuleBased_clean,twoway,RuleBased_vs_RuleBased,clean,0,0,3,45,eval,10,inbound,RuleBased,1,1,1,0,0,1,0
twoway_RuleBased_vs_RuleBased_clean,twoway,RuleBased_vs_RuleBased,clean,0,0,3,45,eval,11,inbound,RuleBased,1,1,1,0,0,1,0
twoway_RuleBased_vs_RuleBased_clean,twoway,RuleBased_vs_RuleBased,clean,0,0,3,45,eval,12,inbound,RuleBased,1,1,1,0,0,1,0
twoway_RuleBased_vs_RuleBased_clean,twoway,RuleBased_vs_RuleBased,clean,0,0,3,45,eval,13,inbound,RuleBased,1,1,1,0,0,1,0
twoway_RuleBased_vs_RuleBased_clean,twoway,RuleBased_vs_RuleBased,clean,0,0,3,45,eval,14,inbound,RuleBased,1,1,1,0,0,1,0
twoway_RuleBased_vs_RuleBased_clean,twoway,RuleBased_vs_RuleBased,clean,0,0,3,45,eval,15,inbound,RuleBased,1,1,1,0,0,1,0
twoway_RuleBased_vs_RuleBased_clean,twoway,RuleBased_vs_RuleBased,clean,0,0,3,45,eval,16,inbound,RuleBased,1,1,1,0,0,1,0
twoway_RuleBased_vs_RuleBased_clean,twoway,RuleBased_vs_RuleBased,clean,0,0,3,45,eval,17,inbound,RuleBased,1,1,1,0,0,1,0
twoway_RuleBased_vs_RuleBased_clean,twoway,RuleBased_vs_RuleBased,clean,0,0,3,45,eval,18,inbound,RuleBased,1,1,1,0,0,1,0
twoway_RuleBased_vs_RuleBased_clean,twoway,RuleBased_vs_RuleBased,clean,0,0,3,45,eval,19,inbound,RuleBased,1,1,1,0,0,1,0
twoway_RuleBased_vs_RuleBased_clean,twoway,RuleBased_vs_RuleBased,clean,0,0,3,45,eval,20,inbound,RuleBased,1,1,1,0,0,1,0
twoway_RuleBased_vs_RuleBased_clean,twoway,RuleBased_vs_RuleBased,clean,0,0,3,45,eval,21,inbound,RuleBased,1,1,1,0,0,1,0
twoway_RuleBased_vs_RuleBased_clean,twoway,RuleBased_vs_RuleBased,clean,0,0,3,45,eval,22,inbound,RuleBased,1,1,1,0,0,1,0
twoway_RuleBased_vs_RuleBased_clean,twoway,RuleBased_vs_RuleBased,clean,0,0,3,45,eval,23,inbound,RuleBased,1,1,1,0,0,1,0
twoway_RuleBased_vs_RuleBased_clean,twoway,RuleBased_vs_RuleBased,clean,0,0,3,45,eval,24,inbound,RuleBased,1,1,1,0,0,1,0
twoway_RuleBased_vs_RuleBased_clean,twoway,RuleBased_vs_RuleBased,clean,0,0,3,45,eval,25,inbound,RuleBased,1,1,1,0,0,1,0
twoway_RuleBased_vs_RuleBased_clean,twoway,RuleBased_vs_RuleBased,clean,0,0,3,45,eval,26,inbound,RuleBased,1,1,1,0,0,1,0
twoway_RuleBased_vs_RuleBased_clean,twoway,RuleBased_vs_RuleBased,clean,0,0,3,45,eval,27,inbound,RuleBased,1,1,1,0,0,1,0
twoway_RuleBased_vs_RuleBased_clean,twoway,RuleBased_vs_RuleBased,clean,0,0,3,45,eval,28,inbound,RuleBased,1,1,1,0,0,1,0
twoway_RuleBased_vs_RuleBased_clean,twoway,RuleBased_vs_RuleBased,clean,0,0,3,45,eval,29,inbound,RuleBased,1,1,1,0,0,1,0
twoway_RuleBased_vs_RuleBased_clean,twoway,RuleBased_vs_RuleBased,clean,0,0,3,45,eval,30,inbound,RuleBased,1,1,1,0,0,1,0
twoway_RuleBased_vs_RuleBased_clean,twoway,RuleBased_vs_RuleBased,clean,0,0,3,45,eval,1,outbound,RuleBased,1,1,1,0,0,1,0
twoway_RuleBased_vs_RuleBased_clean,twoway,RuleBased_vs_RuleBased,clean,0,0,3,45,eval,2,outbound,RuleBased,1,1,1,0,0,1,0
twoway_RuleBased_vs_RuleBased_clean,twoway,RuleBased_vs_RuleBased,clean,0,0,3,45,eval,3,outbound,RuleBased,1,1,1,0,0,1,0
twoway_RuleBased_vs_RuleBased_clean,twoway,RuleBased_vs_RuleBased,clean,0,0,3,45,eval,4,outbound,RuleBased,1,1,1,0,0,1,0
twoway_RuleBased_vs_RuleBased_clean,twoway,RuleBased_vs_RuleBased,clean,0,0,3,45,eval,5,outbound,RuleBased,1,1,1,0,0,1,0
twoway_RuleBased_vs_RuleBased_clean,twoway,RuleBased_vs_RuleBased,clean,0,0,3,45,eval,6,outbound,RuleBased,1,1,1,0,0,1,0
twoway_RuleBased_vs_RuleBased_clean,twoway,RuleBased_vs_RuleBased,clean,0,0,3,45,eval,7,outbound,RuleBased,1,1,1,0,0,1,0
twoway_RuleBased_vs_RuleBased_clean,twoway,RuleBased_vs_RuleBased,clean,0,0,3,45,eval,8,outbound,RuleBased,1,1,1,0,0,1,0
twoway_RuleBased_vs_RuleBased_clean,twoway,RuleBased_vs_RuleBased,clean,0,0,3,45,eval,9,outbound,RuleBased,1,1,1,0,0,1,0
twoway_RuleBased_vs_RuleBased_clean,twoway,RuleBased_vs_RuleBased,clean,0,0,3,45,eval,10,outbound,RuleBased,1,1,1,0,0,1,0
twoway_RuleBased_vs_RuleBased_clean,twoway,RuleBased_vs_RuleBased,clean,0,0,3,45,eval,11,outbound,RuleBased,1,1,1,0,0,1,0
twoway_RuleBased_vs_RuleBased_clean,twoway,RuleBased_vs_RuleBased,clean,0,0,3,45,eval,12,outbound,RuleBased,1,1,1,0,0,1,0
twoway_RuleBased_vs_RuleBased_clean,twoway,RuleBased_vs_RuleBased,clean,0,0,3,45,eval,13,outbound,RuleBased,1,1,1,0,0,1,0
twoway_RuleBased_vs_RuleBased_clean,twoway,RuleBased_vs_RuleBased,clean,0,0,3,45,eval,14,outbound,RuleBased,1,1,1,0,0,1,0
twoway_RuleBased_vs_RuleBased_clean,twoway,RuleBased_vs_RuleBased,clean,0,0,3,45,eval,15,outbound,RuleBased,1,1,1,0,0,1,0
twoway_RuleBased_vs_RuleBased_clean,twoway,RuleBased_vs_RuleBased,clean,0,0,3,45,eval,16,outbound,RuleBased,1,1,1,0,0,1,0
twoway_RuleBased_vs_RuleBased_clean,twoway,RuleBased_vs_RuleBased,clean,0,0,3,45,eval,17,outbound,RuleBased,1,1,1,0,0,1,0
twoway_RuleBased_vs_RuleBased_clean,twoway,RuleBased_vs_RuleBased,clean,0,0,3,45,eval,18,outbound,RuleBased,1,1,1,0,0,1,0
twoway_RuleBased_vs_RuleBased_clean,twoway,RuleBased_vs_RuleBased,clean,0,0,3,45,eval,19,outbound,RuleBased,1,1,1,0,0,1,0
twoway_RuleBased_vs_RuleBased_clean,twoway,RuleBased_vs_RuleBased,clean,0,0,3,45,eval,20,outbound,RuleBased,1,1,1,0,0,1,0
twoway_RuleBased_vs_RuleBased_clean,twoway,RuleBased_vs_RuleBased,clean,0,0,3,45,eval,21,outbound,RuleBased,1,1,1,0,0,1,0
twoway_RuleBased_vs_RuleBased_clean,twoway,RuleBased_vs_RuleBased,clean,0,0,3,45,eval,22,outbound,RuleBased,1,1,1,0,0,1,0
twoway_RuleBased_vs_RuleBased_clean,twoway,RuleBased_vs_RuleBased,clean,0,0,3,45,eval,23,outbound,RuleBased,1,1,1,0,0,1,0
twoway_RuleBased_vs_RuleBased_clean,twoway,RuleBased_vs_RuleBased,clean,0,0,3,45,eval,24,outbound,RuleBased,1,1,1,0,0,1,0
twoway_RuleBased_vs_RuleBased_clean,twoway,RuleBased_vs_RuleBased,clean,0,0,3,45,eval,25,outbound,RuleBased,1,1,1,0,0,1,0
twoway_RuleBased_vs_RuleBased_clean,twoway,RuleBased_vs_RuleBased,clean,0,0,3,45,eval,26,outbound,RuleBased,1,1,1,0,0,1,0
twoway_RuleBased_vs_RuleBased_clean,twoway,RuleBased_vs_RuleBased,clean,0,0,3,45,eval,27,outbound,RuleBased,1,1,1,0,0,1,0
twoway_RuleBased_vs_RuleBased_clean,twoway,RuleBased_vs_RuleBased,clean,0,0,3,45,eval,28,outbound,RuleBased,1,1,1,0,0,1,0
twoway_RuleBased_vs_RuleBased_clean,twoway,RuleBased_vs_RuleBased,clean,0,0,3,45,eval,29,outbound,RuleBased,1,1,1,0,0,1,0
twoway_RuleBased_vs_RuleBased_clean,twoway,RuleBased_vs_RuleBased,clean,0,0,3,45,eval,30,outbound,RuleBased,1,1,1,0,0,1,0
twoway_RuleBased_vs_RuleBased_clean,twoway,RuleBased_vs_RuleBased,clean,0,0,4,46,eval,1,inbound,RuleBased,1,1,1,0,0,1,0
twoway_RuleBased_vs_RuleBased_clean,twoway,RuleBased_vs_RuleBased,clean,0,0,4,46,eval,2,inbound,RuleBased,1,1,1,0,0,1,0
twoway_RuleBased_vs_RuleBased_clean,twoway,RuleBased_vs_RuleBased,clean,0,0,4,46,eval,3,inbound,RuleBased,1,1,1,0,0,1,0
twoway_RuleBased_vs_RuleBased_clean,twoway,RuleBased_vs_RuleBased,clean,0,0,4,46,eval,4,inbound,RuleBased,1,1,1,0,0,1,0
twoway_RuleBased_vs_RuleBased_clean,twoway,RuleBased_vs_RuleBased,clean,0,0,4,46,eval,5,inbound,RuleBased,1,1,1,0,0,1,0
twoway_RuleBased_vs_RuleBased_clean,twoway,RuleBased_vs_RuleBased,clean,0,0,4,46,eval,6,inbound,RuleBased,1,1,1,0,0,1,0
twoway_RuleBased_vs_RuleBased_clean,twoway,RuleBased_vs_RuleBased,clean,0,0,4,46,eval,7,inbound,RuleBased,1,1,1,0,0,1,0
twoway_RuleBased_vs_RuleBased_clean,twoway,RuleBased_vs_RuleBased,clean,0,0,4,46,eval,8,inbound,RuleBased,1,1,1,0,0,1,0
twoway_RuleBased_vs_RuleBased_clean,twoway,RuleBased_vs_RuleBased,clean,0,0,4,46,eval,9,inbound,RuleBased,1,1,1,0,0,1,0
twoway_RuleBased_vs_RuleBased_clean,twoway,RuleBased_vs_RuleBased,clean,0,0,4,46,eval,10,inbound,RuleBased,1,1,1,0,0,1,0
twoway_RuleBased_vs_RuleBased_clean,twoway,RuleBased_vs_RuleBased,clean,0,0,4,46,eval,11,inbound,RuleBased,1,1,1,0,0,1,0
twoway_RuleBased_vs_RuleBased_clean,twoway,RuleBased_vs_RuleBased,clean,0,0,4,46,eval,12,inbound,RuleBased,1,1,1,0,0,1,0
twoway_RuleBased_vs_RuleBased_clean,twoway,RuleBased_vs_RuleBased,clean,0,0,4,46,eval,13,inbound,RuleBased,1,1,1,0,0,1,0
twoway_RuleBased_vs_RuleBased_clean,twoway,RuleBased_vs_RuleBased,clean,0,0,4,46,eval,14,inbound,RuleBased,1,1,1,0,0,1,0
twoway_RuleBased_vs_RuleBased_clean,twoway,RuleBased_vs_RuleBased,clean,0,0,4,46,eval,15,inbound,RuleBased,1,1,1,0,0,1,0
twoway_RuleBased_vs_RuleBased_clean,twoway,RuleBased_vs_RuleBased,clean,0,0,4,46,eval,16,inbound,RuleBased,1,1,1,0,0,1,0
twoway_RuleBased_vs_RuleBased_clean,twoway,RuleBased_vs_RuleBased,clean,0,0,4,46,eval,17,inbound,RuleBased,1,1,1,0,0,1,0
twoway_RuleBased_vs_RuleBased_clean,twoway,RuleBased_vs_RuleBased,clean,0,0,4,46,eval,18,inbound,RuleBased,1,1,1,0,0,1,0
twoway_RuleBased_vs_RuleBased_clean,twoway,RuleBased_vs_RuleBased,clean,0,0,4,46,eval,19,inbound,RuleBased,1,1,1,0,0,1,0
twoway_RuleBased_vs_RuleBased_clean,twoway,RuleBased_vs_RuleBased,clean,0,0,4,46,eval,20,inbound,RuleBased,1,1,1,0,0,1,0
twoway_RuleBased_vs_RuleBased_clean,twoway,RuleBased_vs_RuleBased,clean,0,0,4,46,eval,21,inbound,RuleBased,1,1,1,0,0,1,0
twoway_RuleBased_vs_RuleBased_clean,twoway,RuleBased_vs_RuleBased,clean,0,0,4,46,eval,22,inbound,RuleBased,1,1,1,0,0,1,0
twoway_RuleBased_vs_RuleBased_clean,twoway,RuleBased_vs_RuleBased,clean,0,0,4,46,eval,23,inbound,RuleBased,1,1,1,0,0,1,0
twoway_RuleBased_vs_RuleBased_clean,twoway,RuleBased_vs_RuleBased,clean,0,0,4,46,eval,24,inbound,RuleBased,1,1,1,0,0,1,0
twoway_RuleBased_vs_RuleBased_clean,twoway,RuleBased_vs_RuleBased,clean,0,0,4,46,eval,25,inbound,RuleBased,1,1,1,0,0,1,0
twoway_RuleBased_vs_RuleBased_clean,twoway,RuleBased_vs_RuleBased,clean,0,0,4,46,eval,26,inbound,RuleBased,1,1,1,0,0,1,0
twoway_RuleBased_vs_RuleBased_clean,twoway,RuleBased_vs_RuleBased,clean,0,0,4,46,eval,27,inbound,RuleBased,1,1,1,0,0,1,0
twoway_RuleBased_vs_RuleBased_clean,twoway,RuleBased_vs_RuleBased,clean,0,0,4,46,eval,28,inbound,RuleBased,1,1,1,0,0,1,0
twoway_RuleBased_vs_RuleBased_clean,twoway,RuleBased_vs_RuleBased,clean,0,0,4,46,eval,29,inbound,RuleBased,1,1,1,0,0,1,0
twoway_RuleBased_vs_RuleBased_clean,twoway,RuleBased_vs_RuleBased,clean,0,0,4,46,eval,30,inbound,RuleBased,1,1,1,0,0,1,0
twoway_RuleBased_vs_RuleBased_clean,twoway,RuleBased_vs_RuleBased,clean,0,0,4,46,eval,1,outbound,RuleBased,1,1,1,0,0,1,0
twoway_RuleBased_vs_RuleBased_clean,twoway,RuleBased_vs_RuleBased,clean,0,0,4,46,eval,2,outbound,RuleBased,1,1,1,0,0,1,0
twoway_RuleBased_vs_RuleBased_clean,twoway,RuleBased_vs_RuleBased,clean,0,0,4,46,eval,3,outbound,RuleBased,1,1,1,0,0,1,0
twoway_RuleBased_vs_RuleBased_clean,twoway,RuleBased_vs_RuleBased,clean,0,0,4,46,eval,4,outbound,RuleBased,1,1,1,0,0,1,0
twoway_RuleBased_vs_RuleBased_clean,twoway,RuleBased_vs_RuleBased,clean,0,0,4,46,eval,5,outbound,RuleBased,1,1,1,0,0,1,0
twoway_RuleBased_vs_RuleBased_clean,twoway,RuleBased_vs_RuleBased,clean,0,0,4,46,eval,6,outbound,RuleBased,1,1,1,0,0,1,0
twoway_RuleBased_vs_RuleBased_clean,twoway,RuleBased_vs_RuleBased,clean,0,0,4,46,eval,7,outbound,RuleBased,1,1,1,0,0,1,0
twoway_RuleBased_vs_RuleBased_clean,twoway,RuleBased_vs_RuleBased,clean,0,0,4,46,eval,8,outbound,RuleBased,1,1,1,0,0,1,0
twoway_RuleBased_vs_RuleBased_clean,twoway,RuleBased_vs_RuleBased,clean,0,0,4,46,eval,9,outbound,RuleBased,1,1,1,0,0,1,0
twoway_RuleBased_vs_RuleBased_clean,twoway,RuleBased_vs_RuleBased,clean,0,0,4,46,eval,10,outbound,RuleBased,1,1,1,0,0,1,0
twoway_RuleBased_vs_RuleBased_clean,twoway,RuleBased_vs_RuleBased,clean,0,0,4,46,eval,11,outbound,RuleBased,1,1,1,0,0,1,0
twoway_RuleBased_vs_RuleBased_clean,twoway,RuleBased_vs_RuleBased,clean,0,0,4,46,eval,12,outbound,RuleBased,1,1,1,0,0,1,0
twoway_RuleBased_vs_RuleBased_clean,twoway,RuleBased_vs_RuleBased,clean,0,0,4,46,eval,13,outbound,RuleBased,1,1,1,0,0,1,0
twoway_RuleBased_vs_RuleBased_clean,twoway,RuleBased_vs_RuleBased,clean,0,0,4,46,eval,14,outbound,RuleBased,1,1,1,0,0,1,0
twoway_RuleBased_vs_RuleBased_clean,twoway,RuleBased_vs_RuleBased,clean,0,0,4,46,eval,15,outbound,RuleBased,1,1,1,0,0,1,0
twoway_RuleBased_vs_RuleBased_clean,twoway,RuleBased_vs_RuleBased,clean,0,0,4,46,eval,16,outbound,RuleBased,1,1,1,0,0,1,0
twoway_RuleBased_vs_RuleBased_clean,twoway,RuleBased_vs_RuleBased,clean,0,0,4,46,eval,17,outbound,RuleBased,1,1,1,0,0,1,0
twoway_RuleBased_vs_RuleBased_clean,twoway,RuleBased_vs_RuleBased,clean,0,0,4,46,eval,18,outbound,RuleBased,1,1,1,0,0,1,0
twoway_RuleBased_vs_RuleBased_clean,twoway,RuleBased_vs_RuleBased,clean,0,0,4,46,eval,19,outbound,RuleBased,1,1,1,0,0,1,0
twoway_RuleBased_vs_RuleBased_clean,twoway,RuleBased_vs_RuleBased,clean,0,0,4,46,eval,20,outbound,RuleBased,1,1,1,0,0,1,0
twoway_RuleBased_vs_RuleBased_clean,twoway,RuleBased_vs_RuleBased,clean,0,0,4,46,eval,21,outbound,RuleBased,1,1,1,0,0,1,0
twoway_RuleBased_vs_RuleBased_clean,twoway,RuleBased_vs_RuleBased,clean,0,0,4,46,eval,22,outbound,RuleBased,1,1,1,0,0,1,0
twoway_RuleBased_vs_RuleBased_clean,twoway,RuleBased_vs_RuleBased,clean,0,0,4,46,eval,23,outbound,RuleBased,1,1,1,0,0,1,0
twoway_RuleBased_vs_RuleBased_clean,twoway,RuleBased_vs_RuleBased,clean,0,0,4,46,eval,24,outbound,RuleBased,1,1,1,0,0,1,0
twoway_RuleBased_vs_RuleBased_clean,twoway,RuleBased_vs_RuleBased,clean,0,0,4,46,eval,25,outbound,RuleBased,1,1,1,0,0,1,0
twoway_RuleBased_vs_RuleBased_clean,twoway,RuleBased_vs_RuleBased,clean,0,0,4,46,eval,26,outbound,RuleBased,1,1,1,0,0,1,0
twoway_RuleBased_vs_RuleBased_clean,twoway,RuleBased_vs_RuleBased,clean,0,0,4,46,eval,27,outbound,RuleBased,1,1,1,0,0,1,0
twoway_RuleBased_vs_RuleBased_clean,twoway,RuleBased_vs_RuleBased,clean,0,0,4,46,eval,28,outbound,RuleBased,1,1,1,0,0,1,0
twoway_RuleBased_vs_RuleBased_clean,twoway,RuleBased_vs_RuleBased,clean,0,0,4,46,eval,29,outbound,RuleBased,1,1,1,0,0,1,0
twoway_RuleBased_vs_RuleBased_clean,twoway,RuleBased_vs_RuleBased,clean,0,0,4,46,eval,30,outbound,RuleBased,1,1,1,0,0,1,0
twoway_RuleBased_vs_RuleBased_clean,twoway,RuleBased_vs_RuleBased,clean,0,0,5,47,eval,1,inbound,RuleBased,1,1,1,0,0,1,0
twoway_RuleBased_vs_RuleBased_clean,twoway,RuleBased_vs_RuleBased,clean,0,0,5,47,eval,2,inbound,RuleBased,1,1,1,0,0,1,0
twoway_RuleBased_vs_RuleBased_clean,twoway,RuleBased_vs_RuleBased,clean,0,0,5,47,eval,3,inbound,RuleBased,1,1,1,0,0,1,0
twoway_RuleBased_vs_RuleBased_clean,twoway,RuleBased_vs_RuleBased,clean,0,0,5,47,eval,4,inbound,RuleBased,1,1,1,0,0,1,0
twoway_RuleBased_vs_RuleBased_clean,twoway,RuleBased_vs_RuleBased,clean,0,0,5,47,eval,5,inbound,RuleBased,1,1,1,0,0,1,0
twoway_RuleBased_vs_RuleBased_clean,twoway,RuleBased_vs_RuleBased,clean,0,0,5,47,eval,6,inbound,RuleBased,1,1,1,0,0,1,0
twoway_RuleBased_vs_RuleBased_clean,twoway,RuleBased_vs_RuleBased,clean,0,0,5,47,eval,7,inbound,RuleBased,1,1,1,0,0,1,0
twoway_RuleBased_vs_RuleBased_clean,twoway,RuleBased_vs_RuleBased,clean,0,0,5,47,eval,8,inbound,RuleBased,1,1,1,0,0,1,0
twoway_RuleBased_vs_RuleBased_clean,twoway,RuleBased_vs_RuleBased,clean,0,0,5,47,eval,9,inbound,RuleBased,1,1,1,0,0,1,0
twoway_RuleBased_vs_RuleBased_clean,twoway,RuleBased_vs_RuleBased,clean,0,0,5,47,eval,10,inbound,RuleBased,1,1,1,0,0,1,0
twoway_RuleBased_vs_RuleBased_clean,twoway,RuleBased_vs_RuleBased,clean,0,0,5,47,eval,11,inbound,RuleBased,1,1,1,0,0,1,0
twoway_RuleBased_vs_RuleBased_clean,twoway,RuleBased_vs_RuleBased,clean,0,0,5,47,eval,12,inbound,RuleBased,1,1,1,0,0,1,0
twoway_RuleBased_vs_RuleBased_clean,twoway,RuleBased_vs_RuleBased,clean,0,0,5,47,eval,13,inbound,RuleBased,1,1,1,0,0,1,0
twoway_RuleBased_vs_RuleBased_clean,twoway,RuleBased_vs_RuleBased,clean,0,0,5,47,eval,14,inbound,RuleBased,1,1,1,0,0,1,0
twoway_RuleBased_vs_RuleBased_clean,twoway,RuleBased_vs_RuleBased,clean,0,0,5,47,eval,15,inbound,RuleBased,1,1,1,0,0,1,0
twoway_RuleBased_vs_RuleBased_clean,twoway,RuleBased_vs_RuleBased,clean,0,0,5,47,eval,16,inbound,RuleBased,1,1,1,0,0,1,0
twoway_RuleBased_vs_RuleBased_clean,twoway,RuleBased_vs_RuleBased,clean,0,0,5,47,eval,17,inbound,RuleBased,1,1,1,0,0,1,0
twoway_RuleBased_vs_RuleBased_clean,twoway,RuleBased_vs_RuleBased,clean,0,0,5,47,eval,18,inbound,RuleBased,1,1,1,0,0,1,0
twoway_RuleBased_vs_RuleBased_clean,twoway,RuleBased_vs_RuleBased,clean,0,0,5,47,eval,19,inbound,RuleBased,1,1,1,0,0,1,0
twoway_RuleBased_vs_RuleBased_clean,twoway,RuleBased_vs_RuleBased,clean,0,0,5,47,eval,20,inbound,RuleBased,1,1,1,0,0,1,0
twoway_RuleBased_vs_RuleBased_clean,twoway,RuleBased_vs_RuleBased,clean,0,0,5,47,eval,21,inbound,RuleBased,1,1,1,0,0,1,0
twoway_RuleBased_vs_RuleBased_clean,twoway,RuleBased_vs_RuleBased,clean,0,0,5,47,eval,22,inbound,RuleBased,1,1,1,0,0,1,0
twoway_RuleBased_vs_RuleBased_clean,twoway,RuleBased_vs_RuleBased,clean,0,0,5,47,eval,23,inbound,RuleBased,1,1,1,0,0,1,0
twoway_RuleBased_vs_RuleBased_clean,twoway,RuleBased_vs_RuleBased,clean,0,0,5,47,eval,24,inbound,RuleBased,1,1,1,0,0,1,0
twoway_RuleBased_vs_RuleBased_clean,twoway,RuleBased_vs_RuleBased,clean,0,0,5,47,eval,25,inbound,RuleBased,1,1,1,0,0,1,0
twoway_RuleBased_vs_RuleBased_clean,twoway,RuleBased_vs_RuleBased,clean,0,0,5,47,eval,26,inbound,RuleBased,1,1,1,0,0,1,0
twoway_RuleBased_vs_RuleBased_clean,twoway,RuleBased_vs_RuleBased,clean,0,0,5,47,eval,27,inbound,RuleBased,1,1,1,0,0,1,0
twoway_RuleBased_vs_RuleBased_clean,twoway,RuleBased_vs_RuleBased,clean,0,0,5,47,eval,28,inbound,RuleBased,1,1,1,0,0,1,0
twoway_RuleBased_vs_RuleBased_clean,twoway,RuleBased_vs_RuleBased,clean,0,0,5,47,eval,29,inbound,RuleBased,1,1,1,0,0,1,0
twoway_RuleBased_vs_RuleBased_clean,twoway,RuleBased_vs_RuleBased,clean,0,0,5,47,eval,30,inbound,RuleBased,1,1,1,0,0,1,0
twoway_RuleBased_vs_RuleBased_clean,twoway,RuleBased_vs_RuleBased,clean,0,0,5,47,eval,1,outbound,RuleBased,1,1,1,0,0,1,0
twoway_RuleBased_vs_RuleBased_clean,twoway,RuleBased_vs_RuleBased,clean,0,0,5,47,eval,2,outbound,RuleBased,1,1,1,0,0,1,0
twoway_RuleBased_vs_RuleBased_clean,twoway,RuleBased_vs_RuleBased,clean,0,0,5,47,eval,3,outbound,RuleBased,1,1,1,0,0,1,0
twoway_RuleBased_vs_RuleBased_clean,twoway,RuleBased_vs_RuleBased,clean,0,0,5,47,eval,4,outbound,RuleBased,1,1,1,0,0,1,0
twoway_RuleBased_vs_RuleBased_clean,twoway,RuleBased_vs_RuleBased,clean,0,0,5,47,eval,5,outbound,RuleBased,1,1,1,0,0,1,0
twoway_RuleBased_vs_RuleBased_clean,twoway,RuleBased_vs_RuleBased,clean,0,0,5,47,eval,6,outbound,RuleBased,1,1,1,0,0,1,0
twoway_RuleBased_vs_RuleBased_clean,twoway,RuleBased_vs_RuleBased,clean,0,0,5,47,eval,7,outbound,RuleBased,1,1,1,0,0,1,0
twoway_RuleBased_vs_RuleBased_clean,twoway,RuleBased_vs_RuleBased,clean,0,0,5,47,eval,8,outbound,RuleBased,1,1,1,0,0,1,0
twoway_RuleBased_vs_RuleBased_clean,twoway,RuleBased_vs_RuleBased,clean,0,0,5,47,eval,9,outbound,RuleBased,1,1,1,0,0,1,0
twoway_RuleBased_vs_RuleBased_clean,twoway,RuleBased_vs_RuleBased,clean,0,0,5,47,eval,10,outbound,RuleBased,1,1,1,0,0,1,0
twoway_RuleBased_vs_RuleBased_clean,twoway,RuleBased_vs_RuleBased,clean,0,0,5,47,eval,11,outbound,RuleBased,1,1,1,0,0,1,0
twoway_RuleBased_vs_RuleBased_clean,twoway,RuleBased_vs_RuleBased,clean,0,0,5,47,eval,12,outbound,RuleBased,1,1,1,0,0,1,0
twoway_RuleBased_vs_RuleBased_clean,twoway,RuleBased_vs_RuleBased,clean,0,0,5,47,eval,13,outbound,RuleBased,1,1,1,0,0,1,0
twoway_RuleBased_vs_RuleBased_clean,twoway,RuleBased_vs_RuleBased,clean,0,0,5,47,eval,14,outbound,RuleBased,1,1,1,0,0,1,0
twoway_RuleBased_vs_RuleBased_clean,twoway,RuleBased_vs_RuleBased,clean,0,0,5,47,eval,15,outbound,RuleBased,1,1,1,0,0,1,0
twoway_RuleBased_vs_RuleBased_clean,twoway,RuleBased_vs_RuleBased,clean,0,0,5,47,eval,16,outbound,RuleBased,1,1,1,0,0,1,0
twoway_RuleBased_vs_RuleBased_clean,twoway,RuleBased_vs_RuleBased,clean,0,0,5,47,eval,17,outbound,RuleBased,1,1,1,0,0,1,0
twoway_RuleBased_vs_RuleBased_clean,twoway,RuleBased_vs_RuleBased,clean,0,0,5,47,eval,18,outbound,RuleBased,1,1,1,0,0,1,0
twoway_RuleBased_vs_RuleBased_clean,twoway,RuleBased_vs_RuleBased,clean,0,0,5,47,eval,19,outbound,RuleBased,1,1,1,0,0,1,0
twoway_RuleBased_vs_RuleBased_clean,twoway,RuleBased_vs_RuleBased,clean,0,0,5,47,eval,20,outbound,RuleBased,1,1,1,0,0,1,0
twoway_RuleBased_vs_RuleBased_clean,twoway,RuleBased_vs_RuleBased,clean,0,0,5,47,eval,21,outbound,RuleBased,1,1,1,0,0,1,0
twoway_RuleBased_vs_RuleBased_clean,twoway,RuleBased_vs_RuleBased,clean,0,0,5,47,eval,22,outbound,RuleBased,1,1,1,0,0,1,0
twoway_RuleBased_vs_RuleBased_clean,twoway,RuleBased_vs_RuleBased,clean,0,0,5,47,eval,23,outbound,RuleBased,1,1,1,0,0,1,0
twoway_RuleBased_vs_RuleBased_clean,twoway,RuleBased_vs_RuleBased,clean,0,0,5,47,eval,24,outbound,RuleBased,1,1,1,0,0,1,0
twoway_RuleBased_vs_RuleBased_clean,twoway,RuleBased_vs_RuleBased,clean,0,0,5,47,eval,25,outbound,RuleBased,1,1,1,0,0,1,0
twoway_RuleBased_vs_RuleBased_clean,twoway,RuleBased_vs_RuleBased,clean,0,0,5,47,eval,26,outbound,RuleBased,1,1,1,0,0,1,0
twoway_RuleBased_vs_RuleBased_clean,twoway,RuleBased_vs_RuleBased,clean,0,0,5,47,eval,27,outbound,RuleBased,1,1,1,0,0,1,0
twoway_RuleBased_vs_RuleBased_clean,twoway,RuleBased_vs_RuleBased,clean,0,0,5,47,eval,28,outbound,RuleBased,1,1,1,0,0,1,0
twoway_RuleBased_vs_RuleBased_clean,twoway,RuleBased_vs_RuleBased,clean,0,0,5,47,eval,29,outbound,RuleBased,1,1,1,0,0,1,0
twoway_RuleBased_vs_RuleBased_clean,twoway,RuleBased_vs_RuleBased,clean,0,0,5,47,eval,30,outbound,RuleBased,1,1,1,0,0,1,0
twoway_RuleBased_vs_RuleBased_mid,twoway,RuleBased_vs_RuleBased,mid,0.12,0.2,0,42,eval,1,inbound,RuleBased,1,1,1,0,0,1,2
twoway_RuleBased_vs_RuleBased_mid,twoway,RuleBased_vs_RuleBased,mid,0.12,0.2,0,42,eval,2,inbound,RuleBased,1,1,1,0,0,1,0
twoway_RuleBased_vs_RuleBased_mid,twoway,RuleBased_vs_RuleBased,mid,0.12,0.2,0,42,eval,3,inbound,RuleBased,1,1,1,0,0,1,0
twoway_RuleBased_vs_RuleBased_mid,twoway,RuleBased_vs_RuleBased,mid,0.12,0.2,0,42,eval,4,inbound,RuleBased,1,1,1,0,0,1,0
twoway_RuleBased_vs_RuleBased_mid,twoway,RuleBased_vs_RuleBased,mid,0.12,0.2,0,42,eval,5,inbound,RuleBased,1,1,1,0,0,1,0
twoway_RuleBased_vs_RuleBased_mid,twoway,RuleBased_vs_RuleBased,mid,0.12,0.2,0,42,eval,6,inbound,RuleBased,1,1,1,0,0,1,2
twoway_RuleBased_vs_RuleBased_mid,twoway,RuleBased_vs_RuleBased,mid,0.12,0.2,0,42,eval,7,inbound,RuleBased,1,1,1,0,0,1,1
twoway_RuleBased_vs_RuleBased_mid,twoway,RuleBased_vs_RuleBased,mid,0.12,0.2,0,42,eval,8,inbound,RuleBased,1,1,1,0,0,1,2
twoway_RuleBased_vs_RuleBased_mid,twoway,RuleBased_vs_RuleBased,mid,0.12,0.2,0,42,eval,9,inbound,RuleBased,1,1,1,0,0,1,2
twoway_RuleBased_vs_RuleBased_mid,twoway,RuleBased_vs_RuleBased,mid,0.12,0.2,0,42,eval,10,inbound,RuleBased,1,1,1,0,0,1,0
twoway_RuleBased_vs_RuleBased_mid,twoway,RuleBased_vs_RuleBased,mid,0.12,0.2,0,42,eval,11,inbound,RuleBased,1,1,1,0,0,1,2
twoway_RuleBased_vs_RuleBased_mid,twoway,RuleBased_vs_RuleBased,mid,0.12,0.2,0,42,eval,12,inbound,RuleBased,1,1,1,0,0,1,0
twoway_RuleBased_vs_RuleBased_mid,twoway,RuleBased_vs_RuleBased,mid,0.12,0.2,0,42,eval,13,inbound,RuleBased,1,1,1,0,0,1,2
twoway_RuleBased_vs_RuleBased_mid,twoway,RuleBased_vs_RuleBased,mid,0.12,0.2,0,42,eval,14,inbound,RuleBased,1,1,1,0,0,1,4
twoway_RuleBased_vs_RuleBased_mid,twoway,RuleBased_vs_RuleBased,mid,0.12,0.2,0,42,eval,15,inbound,RuleBased,1,1,1,0,0,1,0
twoway_RuleBased_vs_RuleBased_mid,twoway,RuleBased_vs_RuleBased,mid,0.12,0.2,0,42,eval,16,inbound,RuleBased,1,1,1,0,0,1,0
twoway_RuleBased_vs_RuleBased_mid,twoway,RuleBased_vs_RuleBased,mid,0.12,0.2,0,42,eval,17,inbound,RuleBased,1,1,1,0,0,1,2
twoway_RuleBased_vs_RuleBased_mid,twoway,RuleBased_vs_RuleBased,mid,0.12,0.2,0,42,eval,18,inbound,RuleBased,1,1,1,0,0,1,2
twoway_RuleBased_vs_RuleBased_mid,twoway,RuleBased_vs_RuleBased,mid,0.12,0.2,0,42,eval,19,inbound,RuleBased,1,1,1,0,0,1,0
twoway_RuleBased_vs_RuleBased_mid,twoway,RuleBased_vs_RuleBased,mid,0.12,0.2,0,42,eval,20,inbound,RuleBased,1,1,1,0,0,1,0
twoway_RuleBased_vs_RuleBased_mid,twoway,RuleBased_vs_RuleBased,mid,0.12,0.2,0,42,eval,21,inbound,RuleBased,1,1,1,0,0,1,0
twoway_RuleBased_vs_RuleBased_mid,twoway,RuleBased_vs_RuleBased,mid,0.12,0.2,0,42,eval,22,inbound,RuleBased,1,1,1,0,0,1,1
twoway_RuleBased_vs_RuleBased_mid,twoway,RuleBased_vs_RuleBased,mid,0.12,0.2,0,42,eval,23,inbound,RuleBased,1,1,1,0,0,1,0
twoway_RuleBased_vs_RuleBased_mid,twoway,RuleBased_vs_RuleBased,mid,0.12,0.2,0,42,eval,24,inbound,RuleBased,1,1,1,0,0,1,0
twoway_RuleBased_vs_RuleBased_mid,twoway,RuleBased_vs_RuleBased,mid,0.12,0.2,0,42,eval,25,inbound,RuleBased,1,1,1,0,0,1,0
twoway_RuleBased_vs_RuleBased_mid,twoway,RuleBased_vs_RuleBased,mid,0.12,0.2,0,42,eval,26,inbound,RuleBased,1,1,1,0,0,1,1
twoway_RuleBased_vs_RuleBased_mid,twoway,RuleBased_vs_RuleBased,mid,0.12,0.2,0,42,eval,27,inbound,RuleBased,1,1,1,0,0,1,0
twoway_RuleBased_vs_RuleBased_mid,twoway,RuleBased_vs_RuleBased,mid,0.12,0.2,0,42,eval,28,inbound,RuleBased,1,1,1,0,0,1,1
twoway_RuleBased_vs_RuleBased_mid,twoway,RuleBased_vs_RuleBased,mid,0.12,0.2,0,42,eval,29,inbound,RuleBased,1,1,1,0,0,1,2
twoway_RuleBased_vs_RuleBased_mid,twoway,RuleBased_vs_RuleBased,mid,0.12,0.2,0,42,eval,30,inbound,RuleBased,1,1,1,0,0,1,2
twoway_RuleBased_vs_RuleBased_mid,twoway,RuleBased_vs_RuleBased,mid,0.12,0.2,0,42,eval,1,outbound,RuleBased,1,1,1,0,0,1,0
twoway_RuleBased_vs_RuleBased_mid,twoway,RuleBased_vs_RuleBased,mid,0.12,0.2,0,42,eval,2,outbound,RuleBased,1,1,1,0,0,1,2
twoway_RuleBased_vs_RuleBased_mid,twoway,RuleBased_vs_RuleBased,mid,0.12,0.2,0,42,eval,3,outbound,RuleBased,1,1,1,0,0,1,4
twoway_RuleBased_vs_RuleBased_mid,twoway,RuleBased_vs_RuleBased,mid,0.12,0.2,0,42,eval,4,outbound,RuleBased,1,1,1,0,0,1,1
twoway_RuleBased_vs_RuleBased_mid,twoway,RuleBased_vs_RuleBased,mid,0.12,0.2,0,42,eval,5,outbound,RuleBased,1,1,1,0,0,1,0
twoway_RuleBased_vs_RuleBased_mid,twoway,RuleBased_vs_RuleBased,mid,0.12,0.2,0,42,eval,6,outbound,RuleBased,1,1,1,0,0,1,0
twoway_RuleBased_vs_RuleBased_mid,twoway,RuleBased_vs_RuleBased,mid,0.12,0.2,0,42,eval,7,outbound,RuleBased,1,1,1,0,0,1,2
twoway_RuleBased_vs_RuleBased_mid,twoway,RuleBased_vs_RuleBased,mid,0.12,0.2,0,42,eval,8,outbound,RuleBased,1,1,1,0,0,1,1
twoway_RuleBased_vs_RuleBased_mid,twoway,RuleBased_vs_RuleBased,mid,0.12,0.2,0,42,eval,9,outbound,RuleBased,1,1,1,0,0,1,0
twoway_RuleBased_vs_RuleBased_mid,twoway,RuleBased_vs_RuleBased,mid,0.12,0.2,0,42,eval,10,outbound,RuleBased,1,1,1,0,0,1,0
twoway_RuleBased_vs_RuleBased_mid,twoway,RuleBased_vs_RuleBased,mid,0.12,0.2,0,42,eval,11,outbound,RuleBased,1,1,1,0,0,1,2
twoway_RuleBased_vs_RuleBased_mid,twoway,RuleBased_vs_RuleBased,mid,0.12,0.2,0,42,eval,12,outbound,RuleBased,1,1,1,0,0,1,0
twoway_RuleBased_vs_RuleBased_mid,twoway,RuleBased_vs_RuleBased,mid,0.12,0.2,0,42,eval,13,outbound,RuleBased,1,1,1,0,0,1,0
twoway_RuleBased_vs_RuleBased_mid,twoway,RuleBased_vs_RuleBased,mid,0.12,0.2,0,42,eval,14,outbound,RuleBased,1,1,1,0,0,1,0
twoway_RuleBased_vs_RuleBased_mid,twoway,RuleBased_vs_RuleBased,mid,0.12,0.2,0,42,eval,15,outbound,RuleBased,1,1,1,0,0,1,0
twoway_RuleBased_vs_RuleBased_mid,twoway,RuleBased_vs_RuleBased,mid,0.12,0.2,0,42,eval,16,outbound,RuleBased,1,1,1,0,0,1,0
twoway_RuleBased_vs_RuleBased_mid,twoway,RuleBased_vs_RuleBased,mid,0.12,0.2,0,42,eval,17,outbound,RuleBased,1,1,1,0,0,1,3
twoway_RuleBased_vs_RuleBased_mid,twoway,RuleBased_vs_RuleBased,mid,0.12,0.2,0,42,eval,18,outbound,RuleBased,1,1,1,0,0,1,2
twoway_RuleBased_vs_RuleBased_mid,twoway,RuleBased_vs_RuleBased,mid,0.12,0.2,0,42,eval,19,outbound,RuleBased,1,1,1,0,0,1,2
twoway_RuleBased_vs_RuleBased_mid,twoway,RuleBased_vs_RuleBased,mid,0.12,0.2,0,42,eval,20,outbound,RuleBased,1,1,1,0,0,1,0
twoway_RuleBased_vs_RuleBased_mid,twoway,RuleBased_vs_RuleBased,mid,0.12,0.2,0,42,eval,21,outbound,RuleBased,1,1,1,0,0,1,4
twoway_RuleBased_vs_RuleBased_mid,twoway,RuleBased_vs_RuleBased,mid,0.12,0.2,0,42,eval,22,outbound,RuleBased,1,1,1,0,0,1,0
twoway_RuleBased_vs_RuleBased_mid,twoway,RuleBased_vs_RuleBased,mid,0.12,0.2,0,42,eval,23,outbound,RuleBased,1,1,1,0,0,1,0
twoway_RuleBased_vs_RuleBased_mid,twoway,RuleBased_vs_RuleBased,mid,0.12,0.2,0,42,eval,24,outbound,RuleBased,1,1,1,0,0,1,0
twoway_RuleBased_vs_RuleBased_mid,twoway,RuleBased_vs_RuleBased,mid,0.12,0.2,0,42,eval,25,outbound,RuleBased,1,1,1,0,0,1,2
twoway_RuleBased_vs_RuleBased_mid,twoway,RuleBased_vs_RuleBased,mid,0.12,0.2,0,42,eval,26,outbound,RuleBased,1,1,1,0,0,1,0
twoway_RuleBased_vs_RuleBased_mid,twoway,RuleBased_vs_RuleBased,mid,0.12,0.2,0,42,eval,27,outbound,RuleBased,1,1,1,0,0,1,0
twoway_RuleBased_vs_RuleBased_mid,twoway,RuleBased_vs_RuleBased,mid,0.12,0.2,0,42,eval,28,outbound,RuleBased,1,1,1,0,0,1,0
twoway_RuleBased_vs_RuleBased_mid,twoway,RuleBased_vs_RuleBased,mid,0.12,0.2,0,42,eval,29,outbound,RuleBased,1,1,1,0,0,1,0
twoway_RuleBased_vs_RuleBased_mid,twoway,RuleBased_vs_RuleBased,mid,0.12,0.2,0,42,eval,30,outbound,RuleBased,1,1,1,0,0,1,0
twoway_RuleBased_vs_RuleBased_mid,twoway,RuleBased_vs_RuleBased,mid,0.12,0.2,1,43,eval,1,inbound,RuleBased,1,1,1,0,0,1,0
twoway_RuleBased_vs_RuleBased_mid,twoway,RuleBased_vs_RuleBased,mid,0.12,0.2,1,43,eval,2,inbound,RuleBased,1,1,1,0,0,1,0
twoway_RuleBased_vs_RuleBased_mid,twoway,RuleBased_vs_RuleBased,mid,0.12,0.2,1,43,eval,3,inbound,RuleBased,1,1,1,0,0,1,0
twoway_RuleBased_vs_RuleBased_mid,twoway,RuleBased_vs_RuleBased,mid,0.12,0.2,1,43,eval,4,inbound,RuleBased,1,1,1,0,0,1,0
twoway_RuleBased_vs_RuleBased_mid,twoway,RuleBased_vs_RuleBased,mid,0.12,0.2,1,43,eval,5,inbound,RuleBased,1,1,1,0,0,1,0
twoway_RuleBased_vs_RuleBased_mid,twoway,RuleBased_vs_RuleBased,mid,0.12,0.2,1,43,eval,6,inbound,RuleBased,1,1,1,0,0,1,3
twoway_RuleBased_vs_RuleBased_mid,twoway,RuleBased_vs_RuleBased,mid,0.12,0.2,1,43,eval,7,inbound,RuleBased,1,1,1,0,0,1,0
twoway_RuleBased_vs_RuleBased_mid,twoway,RuleBased_vs_RuleBased,mid,0.12,0.2,1,43,eval,8,inbound,RuleBased,1,1,1,0,0,1,2
twoway_RuleBased_vs_RuleBased_mid,twoway,RuleBased_vs_RuleBased,mid,0.12,0.2,1,43,eval,9,inbound,RuleBased,1,1,1,0,0,1,0
twoway_RuleBased_vs_RuleBased_mid,twoway,RuleBased_vs_RuleBased,mid,0.12,0.2,1,43,eval,10,inbound,RuleBased,1,1,1,0,0,1,0
twoway_RuleBased_vs_RuleBased_mid,twoway,RuleBased_vs_RuleBased,mid,0.12,0.2,1,43,eval,11,inbound,RuleBased,1,1,1,0,0,1,0
twoway_RuleBased_vs_RuleBased_mid,twoway,RuleBased_vs_RuleBased,mid,0.12,0.2,1,43,eval,12,inbound,RuleBased,1,1,1,0,0,1,0
twoway_RuleBased_vs_RuleBased_mid,twoway,RuleBased_vs_RuleBased,mid,0.12,0.2,1,43,eval,13,inbound,RuleBased,1,1,1,0,0,1,0
twoway_RuleBased_vs_RuleBased_mid,twoway,RuleBased_vs_RuleBased,mid,0.12,0.2,1,43,eval,14,inbound,RuleBased,1,1,1,0,0,1,2
twoway_RuleBased_vs_RuleBased_mid,twoway,RuleBased_vs_RuleBased,mid,0.12,0.2,1,43,eval,15,inbound,RuleBased,1,1,1,0,0,1,0
twoway_RuleBased_vs_RuleBased_mid,twoway,RuleBased_vs_RuleBased,mid,0.12,0.2,1,43,eval,16,inbound,RuleBased,1,1,1,0,0,1,0
twoway_RuleBased_vs_RuleBased_mid,twoway,RuleBased_vs_RuleBased,mid,0.12,0.2,1,43,eval,17,inbound,RuleBased,1,1,1,0,0,1,2
twoway_RuleBased_vs_RuleBased_mid,twoway,RuleBased_vs_RuleBased,mid,0.12,0.2,1,43,eval,18,inbound,RuleBased,1,1,1,0,0,1,2
twoway_RuleBased_vs_RuleBased_mid,twoway,RuleBased_vs_RuleBased,mid,0.12,0.2,1,43,eval,19,inbound,RuleBased,1,1,1,0,0,1,0
twoway_RuleBased_vs_RuleBased_mid,twoway,RuleBased_vs_RuleBased,mid,0.12,0.2,1,43,eval,20,inbound,RuleBased,1,1,1,0,0,1,0
twoway_RuleBased_vs_RuleBased_mid,twoway,RuleBased_vs_RuleBased,mid,0.12,0.2,1,43,eval,21,inbound,RuleBased,1,1,1,0,0,1,0
twoway_RuleBased_vs_RuleBased_mid,twoway,RuleBased_vs_RuleBased,mid,0.12,0.2,1,43,eval,22,inbound,RuleBased,1,1,1,0,0,1,0
twoway_RuleBased_vs_RuleBased_mid,twoway,RuleBased_vs_RuleBased,mid,0.12,0.2,1,43,eval,23,inbound,RuleBased,1,1,1,0,0,1,0
twoway_RuleBased_vs_RuleBased_mid,twoway,RuleBased_vs_RuleBased,mid,0.12,0.2,1,43,eval,24,inbound,RuleBased,1,1,1,0,0,1,0
twoway_RuleBased_vs_RuleBased_mid,twoway,RuleBased_vs_RuleBased,mid,0.12,0.2,1,43,eval,25,inbound,RuleBased,1,1,1,0,0,1,1
twoway_RuleBased_vs_RuleBased_mid,twoway,RuleBased_vs_RuleBased,mid,0.12,0.2,1,43,eval,26,inbound,RuleBased,1,1,1,0,0,1,2
twoway_RuleBased_vs_RuleBased_mid,twoway,RuleBased_vs_RuleBased,mid,0.12,0.2,1,43,eval,27,inbound,RuleBased,1,1,1,0,0,1,0
twoway_RuleBased_vs_RuleBased_mid,twoway,RuleBased_vs_RuleBased,mid,0.12,0.2,1,43,eval,28,inbound,RuleBased,1,1,1,0,0,1,0
twoway_RuleBased_vs_RuleBased_mid,twoway,RuleBased_vs_RuleBased,mid,0.12,0.2,1,43,eval,29,inbound,RuleBased,1,1,1,0,0,1,2
twoway_RuleBased_vs_RuleBased_mid,twoway,RuleBased_vs_RuleBased,mid,0.12,0.2,1,43,eval,30,inbound,RuleBased,1,1,1,0,0,1,3
twoway_RuleBased_vs_RuleBased_mid,twoway,RuleBased_vs_RuleBased,mid,0.12,0.2,1,43,eval,1,outbound,RuleBased,1,1,1,0,0,1,2
twoway_RuleBased_vs_RuleBased_mid,twoway,RuleBased_vs_RuleBased,mid,0.12,0.2,1,43,eval,2,outbound,RuleBased,1,1,1,0,0,1,0
twoway_RuleBased_vs_RuleBased_mid,twoway,RuleBased_vs_RuleBased,mid,0.12,0.2,1,43,eval,3,outbound,RuleBased,1,1,1,0,0,1,0
twoway_RuleBased_vs_RuleBased_mid,twoway,RuleBased_vs_RuleBased,mid,0.12,0.2,1,43,eval,4,outbound,RuleBased,1,1,1,0,0,1,0
twoway_RuleBased_vs_RuleBased_mid,twoway,RuleBased_vs_RuleBased,mid,0.12,0.2,1,43,eval,5,outbound,RuleBased,1,1,1,0,0,1,0
twoway_RuleBased_vs_RuleBased_mid,twoway,RuleBased_vs_RuleBased,mid,0.12,0.2,1,43,eval,6,outbound,RuleBased,1,1,1,0,0,1,0
twoway_RuleBased_vs_RuleBased_mid,twoway,RuleBased_vs_RuleBased,mid,0.12,0.2,1,43,eval,7,outbound,RuleBased,1,1,1,0,0,1,0
twoway_RuleBased_vs_RuleBased_mid,twoway,RuleBased_vs_RuleBased,mid,0.12,0.2,1,43,eval,8,outbound,RuleBased,1,1,1,0,0,1,0
twoway_RuleBased_vs_RuleBased_mid,twoway,RuleBased_vs_RuleBased,mid,0.12,0.2,1,43,eval,9,outbound,RuleBased,1,1,1,0,0,1,0
twoway_RuleBased_vs_RuleBased_mid,twoway,RuleBased_vs_RuleBased,mid,0.12,0.2,1,43,eval,10,outbound,RuleBased,1,1,1,0,0,1,0
twoway_RuleBased_vs_RuleBased_mid,twoway,RuleBased_vs_RuleBased,mid,0.12,0.2,1,43,eval,11,outbound,RuleBased,1,1,1,0,0,1,3
twoway_RuleBased_vs_RuleBased_mid,twoway,RuleBased_vs_RuleBased,mid,0.12,0.2,1,43,eval,12,outbound,RuleBased,1,1,1,0,0,1,0
twoway_RuleBased_vs_RuleBased_mid,twoway,RuleBased_vs_RuleBased,mid,0.12,0.2,1,43,eval,13,outbound,RuleBased,1,1,1,0,0,1,0
twoway_RuleBased_vs_RuleBased_mid,twoway,RuleBased_vs_RuleBased,mid,0.12,0.2,1,43,eval,14,outbound,RuleBased,1,1,1,0,0,1,2
twoway_RuleBased_vs_RuleBased_mid,twoway,RuleBased_vs_RuleBased,mid,0.12,0.2,1,43,eval,15,outbound,RuleBased,1,1,1,0,0,1,2
twoway_RuleBased_vs_RuleBased_mid,twoway,RuleBased_vs_RuleBased,mid,0.12,0.2,1,43,eval,16,outbound,RuleBased,1,1,1,0,0,1,0
twoway_RuleBased_vs_RuleBased_mid,twoway,RuleBased_vs_RuleBased,mid,0.12,0.2,1,43,eval,17,outbound,RuleBased,1,1,1,0,0,1,0
twoway_RuleBased_vs_RuleBased_mid,twoway,RuleBased_vs_RuleBased,mid,0.12,0.2,1,43,eval,18,outbound,RuleBased,1,1,1,0,0,1,0
twoway_RuleBased_vs_RuleBased_mid,twoway,RuleBased_vs_RuleBased,mid,0.12,0.2,1,43,eval,19,outbound,RuleBased,1,1,1,0,0,1,0
twoway_RuleBased_vs_RuleBased_mid,twoway,RuleBased_vs_RuleBased,mid,0.12,0.2,1,43,eval,20,outbound,RuleBased,1,1,1,0,0,1,0
twoway_RuleBased_vs_RuleBased_mid,twoway,RuleBased_vs_RuleBased,mid,0.12,0.2,1,43,eval,21,outbound,RuleBased,1,1,1,0,0,1,0
twoway_RuleBased_vs_RuleBased_mid,twoway,RuleBased_vs_RuleBased,mid,0.12,0.2,1,43,eval,22,outbound,RuleBased,1,1,1,0,0,1,0
twoway_RuleBased_vs_RuleBased_mid,twoway,RuleBased_vs_RuleBased,mid,0.12,0.2,1,43,eval,23,outbound,RuleBased,1,1,1,0,0,1,0
twoway_RuleBased_vs_RuleBased_mid,twoway,RuleBased_vs_RuleBased,mid,0.12,0.2,1,43,eval,24,outbound,RuleBased,1,1,1,0,0,1,2
twoway_RuleBased_vs_RuleBased_mid,twoway,RuleBased_vs_RuleBased,mid,0.12,0.2,1,43,eval,25,outbound,RuleBased,1,1,1,0,0,1,0
twoway_RuleBased_vs_RuleBased_mid,twoway,RuleBased_vs_RuleBased,mid,0.12,0.2,1,43,eval,26,outbound,RuleBased,1,1,1,0,0,1,1
twoway_RuleBased_vs_RuleBased_mid,twoway,RuleBased_vs_RuleBased,mid,0.12,0.2,1,43,eval,27,outbound,RuleBased,1,1,1,0,0,1,0
twoway_RuleBased_vs_RuleBased_mid,twoway,RuleBased_vs_RuleBased,mid,0.12,0.2,1,43,eval,28,outbound,RuleBased,1,1,1,0,0,1,0
twoway_RuleBased_vs_RuleBased_mid,twoway,RuleBased_vs_RuleBased,mid,0.12,0.2,1,43,eval,29,outbound,RuleBased,1,1,1,0,0,1,0
twoway_RuleBased_vs_RuleBased_mid,twoway,RuleBased_vs_RuleBased,mid,0.12,0.2,1,43,eval,30,outbound,RuleBased,1,1,1,0,0,1,0
twoway_RuleBased_vs_RuleBased_mid,twoway,RuleBased_vs_RuleBased,mid,0.12,0.2,2,44,eval,1,inbound,RuleBased,1,1,1,0,0,1,0
twoway_RuleBased_vs_RuleBased_mid,twoway,RuleBased_vs_RuleBased,mid,0.12,0.2,2,44,eval,2,inbound,RuleBased,1,1,1,0,0,1,1
twoway_RuleBased_vs_RuleBased_mid,twoway,RuleBased_vs_RuleBased,mid,0.12,0.2,2,44,eval,3,inbound,RuleBased,1,1,1,0,0,1,0
twoway_RuleBased_vs_RuleBased_mid,twoway,RuleBased_vs_RuleBased,mid,0.12,0.2,2,44,eval,4,inbound,RuleBased,1,1,1,0,0,1,0
twoway_RuleBased_vs_RuleBased_mid,twoway,RuleBased_vs_RuleBased,mid,0.12,0.2,2,44,eval,5,inbound,RuleBased,1,1,1,0,0,1,2
twoway_RuleBased_vs_RuleBased_mid,twoway,RuleBased_vs_RuleBased,mid,0.12,0.2,2,44,eval,6,inbound,RuleBased,1,1,1,0,0,1,2
twoway_RuleBased_vs_RuleBased_mid,twoway,RuleBased_vs_RuleBased,mid,0.12,0.2,2,44,eval,7,inbound,RuleBased,1,1,1,0,0,1,2
twoway_RuleBased_vs_RuleBased_mid,twoway,RuleBased_vs_RuleBased,mid,0.12,0.2,2,44,eval,8,inbound,RuleBased,1,1,1,0,0,1,4
twoway_RuleBased_vs_RuleBased_mid,twoway,RuleBased_vs_RuleBased,mid,0.12,0.2,2,44,eval,9,inbound,RuleBased,1,1,1,0,0,1,2
twoway_RuleBased_vs_RuleBased_mid,twoway,RuleBased_vs_RuleBased,mid,0.12,0.2,2,44,eval,10,inbound,RuleBased,1,1,1,0,0,1,2
twoway_RuleBased_vs_RuleBased_mid,twoway,RuleBased_vs_RuleBased,mid,0.12,0.2,2,44,eval,11,inbound,RuleBased,1,1,1,0,0,1,0
twoway_RuleBased_vs_RuleBased_mid,twoway,RuleBased_vs_RuleBased,mid,0.12,0.2,2,44,eval,12,inbound,RuleBased,1,1,1,0,0,1,2
twoway_RuleBased_vs_RuleBased_mid,twoway,RuleBased_vs_RuleBased,mid,0.12,0.2,2,44,eval,13,inbound,RuleBased,1,1,1,0,0,1,0
twoway_RuleBased_vs_RuleBased_mid,twoway,RuleBased_vs_RuleBased,mid,0.12,0.2,2,44,eval,14,inbound,RuleBased,1,1,1,0,0,1,0
twoway_RuleBased_vs_RuleBased_mid,twoway,RuleBased_vs_RuleBased,mid,0.12,0.2,2,44,eval,15,inbound,RuleBased,1,1,1,0,0,1,2
twoway_RuleBased_vs_RuleBased_mid,twoway,RuleBased_vs_RuleBased,mid,0.12,0.2,2,44,eval,16,inbound,RuleBased,1,1,1,0,0,1,0
twoway_RuleBased_vs_RuleBased_mid,twoway,RuleBased_vs_RuleBased,mid,0.12,0.2,2,44,eval,17,inbound,RuleBased,1,1,1,0,0,1,0
twoway_RuleBased_vs_RuleBased_mid,twoway,RuleBased_vs_RuleBased,mid,0.12,0.2,2,44,eval,18,inbound,RuleBased,1,1,1,0,0,1,3
twoway_RuleBased_vs_RuleBased_mid,twoway,RuleBased_vs_RuleBased,mid,0.12,0.2,2,44,eval,19,inbound,RuleBased,1,1,1,0,0,1,2
twoway_RuleBased_vs_RuleBased_mid,twoway,RuleBased_vs_RuleBased,mid,0.12,0.2,2,44,eval,20,inbound,RuleBased,1,1,1,0,0,1,2
twoway_RuleBased_vs_RuleBased_mid,twoway,RuleBased_vs_RuleBased,mid,0.12,0.2,2,44,eval,21,inbound,RuleBased,1,1,1,0,0,1,0
twoway_RuleBased_vs_RuleBased_mid,twoway,RuleBased_vs_RuleBased,mid,0.12,0.2,2,44,eval,22,inbound,RuleBased,1,1,1,0,0,1,1
twoway_RuleBased_vs_RuleBased_mid,twoway,RuleBased_vs_RuleBased,mid,0.12,0.2,2,44,eval,23,inbound,RuleBased,1,1,1,0,0,1,0
twoway_RuleBased_vs_RuleBased_mid,twoway,RuleBased_vs_RuleBased,mid,0.12,0.2,2,44,eval,24,inbound,RuleBased,1,1,1,0,0,1,0
twoway_RuleBased_vs_RuleBased_mid,twoway,RuleBased_vs_RuleBased,mid,0.12,0.2,2,44,eval,25,inbound,RuleBased,1,1,1,0,0,1,0
twoway_RuleBased_vs_RuleBased_mid,twoway,RuleBased_vs_RuleBased,mid,0.12,0.2,2,44,eval,26,inbound,RuleBased,1,1,1,0,0,1,2
twoway_RuleBased_vs_RuleBased_mid,twoway,RuleBased_vs_RuleBased,mid,0.12,0.2,2,44,eval,27,inbound,RuleBased,1,1,1,0,0,1,2
twoway_RuleBased_vs_RuleBased_mid,twoway,RuleBased_vs_RuleBased,mid,0.12,0.2,2,44,eval,28,inbound,RuleBased,1,1,1,0,0,1,0
twoway_RuleBased_vs_RuleBased_mid,twoway,RuleBased_vs_RuleBased,mid,0.12,0.2,2,44,eval,29,inbound,RuleBased,1,1,1,0,0,1,3
twoway_RuleBased_vs_RuleBased_mid,twoway,RuleBased_vs_RuleBased,mid,0.12,0.2,2,44,eval,30,inbound,RuleBased,1,1,1,0,0,1,1
twoway_RuleBased_vs_RuleBased_mid,twoway,RuleBased_vs_RuleBased,mid,0.12,0.2,2,44,eval,1,outbound,RuleBased,1,1,1,0,0,1,0
twoway_RuleBased_vs_RuleBased_mid,twoway,RuleBased_vs_RuleBased,mid,0.12,0.2,2,44,eval,2,outbound,RuleBased,1,1,1,0,0,1,2
twoway_RuleBased_vs_RuleBased_mid,twoway,RuleBased_vs_RuleBased,mid,0.12,0.2,2,44,eval,3,outbound,RuleBased,1,1,1,0,0,1,3
twoway_RuleBased_vs_RuleBased_mid,twoway,RuleBased_vs_RuleBased,mid,0.12,0.2,2,44,eval,4,outbound,RuleBased,1,1,1,0,0,1,0
twoway_RuleBased_vs_RuleBased_mid,twoway,RuleBased_vs_RuleBased,mid,0.12,0.2,2,44,eval,5,outbound,RuleBased,1,1,1,0,0,1,0
twoway_RuleBased_vs_RuleBased_mid,twoway,RuleBased_vs_RuleBased,mid,0.12,0.2,2,44,eval,6,outbound,RuleBased,1,1,1,0,0,1,1
twoway_RuleBased_vs_RuleBased_mid,twoway,RuleBased_vs_RuleBased,mid,0.12,0.2,2,44,eval,7,outbound,RuleBased,1,1,1,0,0,1,3
twoway_RuleBased_vs_RuleBased_mid,twoway,RuleBased_vs_RuleBased,mid,0.12,0.2,2,44,eval,8,outbound,RuleBased,1,1,1,0,0,1,0
twoway_RuleBased_vs_RuleBased_mid,twoway,RuleBased_vs_RuleBased,mid,0.12,0.2,2,44,eval,9,outbound,RuleBased,1,1,1,0,0,1,0
twoway_RuleBased_vs_RuleBased_mid,twoway,RuleBased_vs_RuleBased,mid,0.12,0.2,2,44,eval,10,outbound,RuleBased,1,1,1,0,0,1,3
twoway_RuleBased_vs_RuleBased_mid,twoway,RuleBased_vs_RuleBased,mid,0.12,0.2,2,44,eval,11,outbound,RuleBased,1,1,1,0,0,1,0
twoway_RuleBased_vs_RuleBased_mid,twoway,RuleBased_vs_RuleBased,mid,0.12,0.2,2,44,eval,12,outbound,RuleBased,1,1,1,0,0,1,2
twoway_RuleBased_vs_RuleBased_mid,twoway,RuleBased_vs_RuleBased,mid,0.12,0.2,2,44,eval,13,outbound,RuleBased,1,1,1,0,0,1,1
twoway_RuleBased_vs_RuleBased_mid,twoway,RuleBased_vs_RuleBased,mid,0.12,0.2,2,44,eval,14,outbound,RuleBased,1,1,1,0,0,1,0
twoway_RuleBased_vs_RuleBased_mid,twoway,RuleBased_vs_RuleBased,mid,0.12,0.2,2,44,eval,15,outbound,RuleBased,1,1,1,0,0,1,0
twoway_RuleBased_vs_RuleBased_mid,twoway,RuleBased_vs_RuleBased,mid,0.12,0.2,2,44,eval,16,outbound,RuleBased,1,1,1,0,0,1,2
twoway_RuleBased_vs_RuleBased_mid,twoway,RuleBased_vs_RuleBased,mid,0.12,0.2,2,44,eval,17,outbound,RuleBased,1,1,1,0,0,1,4
twoway_RuleBased_vs_RuleBased_mid,twoway,RuleBased_vs_RuleBased,mid,0.12,0.2,2,44,eval,18,outbound,RuleBased,1,1,1,0,0,1,0
twoway_RuleBased_vs_RuleBased_mid,twoway,RuleBased_vs_RuleBased,mid,0.12,0.2,2,44,eval,19,outbound,RuleBased,1,1,1,0,0,1,0
twoway_RuleBased_vs_RuleBased_mid,twoway,RuleBased_vs_RuleBased,mid,0.12,0.2,2,44,eval,20,outbound,RuleBased,1,1,1,0,0,1,1
twoway_RuleBased_vs_RuleBased_mid,twoway,RuleBased_vs_RuleBased,mid,0.12,0.2,2,44,eval,21,outbound,RuleBased,1,1,1,0,0,1,0
twoway_RuleBased_vs_RuleBased_mid,twoway,RuleBased_vs_RuleBased,mid,0.12,0.2,2,44,eval,22,outbound,RuleBased,1,1,1,0,0,1,0
twoway_RuleBased_vs_RuleBased_mid,twoway,RuleBased_vs_RuleBased,mid,0.12,0.2,2,44,eval,23,outbound,RuleBased,1,1,1,0,0,1,1
twoway_RuleBased_vs_RuleBased_mid,twoway,RuleBased_vs_RuleBased,mid,0.12,0.2,2,44,eval,24,outbound,RuleBased,1,1,1,0,0,1,0
twoway_RuleBased_vs_RuleBased_mid,twoway,RuleBased_vs_RuleBased,mid,0.12,0.2,2,44,eval,25,outbound,RuleBased,1,1,1,0,0,1,0
twoway_RuleBased_vs_RuleBased_mid,twoway,RuleBased_vs_RuleBased,mid,0.12,0.2,2,44,eval,26,outbound,RuleBased,1,1,1,0,0,1,2
twoway_RuleBased_vs_RuleBased_mid,twoway,RuleBased_vs_RuleBased,mid,0.12,0.2,2,44,eval,27,outbound,RuleBased,1,1,1,0,0,1,0
twoway_RuleBased_vs_RuleBased_mid,twoway,RuleBased_vs_RuleBased,mid,0.12,0.2,2,44,eval,28,outbound,RuleBased,1,1,1,0,0,1,0
twoway_RuleBased_vs_RuleBased_mid,twoway,RuleBased_vs_RuleBased,mid,0.12,0.2,2,44,eval,29,outbound,RuleBased,1,1,1,0,0,1,0
twoway_RuleBased_vs_RuleBased_mid,twoway,RuleBased_vs_RuleBased,mid,0.12,0.2,2,44,eval,30,outbound,RuleBased,1,1,1,0,0,1,0
twoway_RuleBased_vs_RuleBased_mid,twoway,RuleBased_vs_RuleBased,mid,0.12,0.2,3,45,eval,1,inbound,RuleBased,1,1,1,0,0,1,0
twoway_RuleBased_vs_RuleBased_mid,twoway,RuleBased_vs_RuleBased,mid,0.12,0.2,3,45,eval,2,inbound,RuleBased,1,1,1,0,0,1,0
twoway_RuleBased_vs_RuleBased_mid,twoway,RuleBased_vs_RuleBased,mid,0.12,0.2,3,45,eval,3,inbound,RuleBased,1,1,1,0,0,1,0
twoway_RuleBased_vs_RuleBased_mid,twoway,RuleBased_vs_RuleBased,mid,0.12,0.2,3,45,eval,4,inbound,RuleBased,1,1,1,0,0,1,2
twoway_RuleBased_vs_RuleBased_mid,twoway,RuleBased_vs_RuleBased,mid,0.12,0.2,3,45,eval,5,inbound,RuleBased,1,1,1,0,0,1,4
twoway_RuleBased_vs_RuleBased_mid,twoway,RuleBased_vs_RuleBased,mid,0.12,0.2,3,45,eval,6,inbound,RuleBased,1,1,1,0,0,1,0
twoway_RuleBased_vs_RuleBased_mid,twoway,RuleBased_vs_RuleBased,mid,0.12,0.2,3,45,eval,7,inbound,RuleBased,1,1,1,0,0,1,0
twoway_RuleBased_vs_RuleBased_mid,twoway,RuleBased_vs_RuleBased,mid,0.12,0.2,3,45,eval,8,inbound,RuleBased,1,1,1,0,0,1,0
twoway_RuleBased_vs_RuleBased_mid,twoway,RuleBased_vs_RuleBased,mid,0.12,0.2,3,45,eval,9,inbound,RuleBased,1,1,1,0,0,1,0
twoway_RuleBased_vs_RuleBased_mid,twoway,RuleBased_vs_RuleBased,mid,0.12,0.2,3,45,eval,10,inbound,RuleBased,1,1,1,0,0,1,2
twoway_RuleBased_vs_RuleBased_mid,twoway,RuleBased_vs_RuleBased,mid,0.12,0.2,3,45,eval,11,inbound,RuleBased,1,1,1,0,0,1,0
twoway_RuleBased_vs_RuleBased_mid,twoway,RuleBased_vs_RuleBased,mid,0.12,0.2,3,45,eval,12,inbound,RuleBased,1,1,1,0,0,1,0
twoway_RuleBased_vs_RuleBased_mid,twoway,RuleBased_vs_RuleBased,mid,0.12,0.2,3,45,eval,13,inbound,RuleBased,1,1,1,0,0,1,0
twoway_RuleBased_vs_RuleBased_mid,twoway,RuleBased_vs_RuleBased,mid,0.12,0.2,3,45,eval,14,inbound,RuleBased,1,1,1,0,0,1,4
twoway_RuleBased_vs_RuleBased_mid,twoway,RuleBased_vs_RuleBased,mid,0.12,0.2,3,45,eval,15,inbound,RuleBased,1,1,1,0,0,1,1
twoway_RuleBased_vs_RuleBased_mid,twoway,RuleBased_vs_RuleBased,mid,0.12,0.2,3,45,eval,16,inbound,RuleBased,1,1,1,0,0,1,0
twoway_RuleBased_vs_RuleBased_mid,twoway,RuleBased_vs_RuleBased,mid,0.12,0.2,3,45,eval,17,inbound,RuleBased,1,1,1,0,0,1,0
twoway_RuleBased_vs_RuleBased_mid,twoway,RuleBased_vs_RuleBased,mid,0.12,0.2,3,45,eval,18,inbound,RuleBased,1,1,1,0,0,1,0
twoway_RuleBased_vs_RuleBased_mid,twoway,RuleBased_vs_RuleBased,mid,0.12,0.2,3,45,eval,19,inbound,RuleBased,1,1,1,0,0,1,2
twoway_RuleBased_vs_RuleBased_mid,twoway,RuleBased_vs_RuleBased,mid,0.12,0.2,3,45,eval,20,inbound,RuleBased,1,1,1,0,0,1,2
twoway_RuleBased_vs_RuleBased_mid,twoway,RuleBased_vs_RuleBased,mid,0.12,0.2,3,45,eval,21,inbound,RuleBased,1,1,1,0,0,1,1
twoway_RuleBased_vs_RuleBased_mid,twoway,RuleBased_vs_RuleBased,mid,0.12,0.2,3,45,eval,22,inbound,RuleBased,1,1,1,0,0,1,0
twoway_RuleBased_vs_RuleBased_mid,twoway,RuleBased_vs_RuleBased,mid,0.12,0.2,3,45,eval,23,inbound,RuleBased,1,1,1,0,0,1,0
twoway_RuleBased_vs_RuleBased_mid,twoway,RuleBased_vs_RuleBased,mid,0.12,0.2,3,45,eval,24,inbound,RuleBased,1,1,1,0,0,1,0
twoway_RuleBased_vs_RuleBased_mid,twoway,RuleBased_vs_RuleBased,mid,0.12,0.2,3,45,eval,25,inbound,RuleBased,1,1,1,0,0,1,2
twoway_RuleBased_vs_RuleBased_mid,twoway,RuleBased_vs_RuleBased,mid,0.12,0.2,3,45,eval,26,inbound,RuleBased,1,1,1,0,0,1,2
twoway_RuleBased_vs_RuleBased_mid,twoway,RuleBased_vs_RuleBased,mid,0.12,0.2,3,45,eval,27,inbound,RuleBased,1,1,1,0,0,1,2
twoway_RuleBased_vs_RuleBased_mid,twoway,RuleBased_vs_RuleBased,mid,0.12,0.2,3,45,eval,28,inbound,RuleBased,1,1,1,0,0,1,0
twoway_RuleBased_vs_RuleBased_mid,twoway,RuleBased_vs_RuleBased,mid,0.12,0.2,3,45,eval,29,inbound,RuleBased,1,1,1,0,0,1,0
twoway_RuleBased_vs_RuleBased_mid,twoway,RuleBased_vs_RuleBased,mid,0.12,0.2,3,45,eval,30,inbound,RuleBased,1,1,1,0,0,1,0
twoway_RuleBased_vs_RuleBased_mid,twoway,RuleBased_vs_RuleBased,mid,0.12,0.2,3,45,eval,1,outbound,RuleBased,1,1,1,0,0,1,0
twoway_RuleBased_vs_RuleBased_mid,twoway,RuleBased_vs_RuleBased,mid,0.12,0.2,3,45,eval,2,outbound,RuleBased,1,1,1,0,0,1,0
twoway_RuleBased_vs_RuleBased_mid,twoway,RuleBased_vs_RuleBased,mid,0.12,0.2,3,45,eval,3,outbound,RuleBased,1,1,1,0,0,1,1
twoway_RuleBased_vs_RuleBased_mid,twoway,RuleBased_vs_RuleBased,mid,0.12,0.2,3,45,eval,4,outbound,RuleBased,1,1,1,0,0,1,2
twoway_RuleBased_vs_RuleBased_mid,twoway,RuleBased_vs_RuleBased,mid,0.12,0.2,3,45,eval,5,outbound,RuleBased,1,1,1,0,0,1,1
twoway_RuleBased_vs_RuleBased_mid,twoway,RuleBased_vs_RuleBased,mid,0.12,0.2,3,45,eval,6,outbound,RuleBased,1,1,1,0,0,1,2
twoway_RuleBased_vs_RuleBased_mid,twoway,RuleBased_vs_RuleBased,mid,0.12,0.2,3,45,eval,7,outbound,RuleBased,1,1,1,0,0,1,2
twoway_RuleBased_vs_RuleBased_mid,twoway,RuleBased_vs_RuleBased,mid,0.12,0.2,3,45,eval,8,outbound,RuleBased,1,1,1,0,0,1,0
twoway_RuleBased_vs_RuleBased_mid,twoway,RuleBased_vs_RuleBased,mid,0.12,0.2,3,45,eval,9,outbound,RuleBased,1,1,1,0,0,1,0
twoway_RuleBased_vs_RuleBased_mid,twoway,RuleBased_vs_RuleBased,mid,0.12,0.2,3,45,eval,10,outbound,RuleBased,1,1,1,0,0,1,1
twoway_RuleBased_vs_RuleBased_mid,twoway,RuleBased_vs_RuleBased,mid,0.12,0.2,3,45,eval,11,outbound,RuleBased,1,1,1,0,0,1,0
twoway_RuleBased_vs_RuleBased_mid,twoway,RuleBased_vs_RuleBased,mid,0.12,0.2,3,45,eval,12,outbound,RuleBased,1,1,1,0,0,1,2
twoway_RuleBased_vs_RuleBased_mid,twoway,RuleBased_vs_RuleBased,mid,0.12,0.2,3,45,eval,13,outbound,RuleBased,1,1,1,0,0,1,2
twoway_RuleBased_vs_RuleBased_mid,twoway,RuleBased_vs_RuleBased,mid,0.12,0.2,3,45,eval,14,outbound,RuleBased,1,1,1,0,0,1,0
twoway_RuleBased_vs_RuleBased_mid,twoway,RuleBased_vs_RuleBased,mid,0.12,0.2,3,45,eval,15,outbound,RuleBased,1,1,1,0,0,1,0
twoway_RuleBased_vs_RuleBased_mid,twoway,RuleBased_vs_RuleBased,mid,0.12,0.2,3,45,eval,16,outbound,RuleBased,1,1,1,0,0,1,2
twoway_RuleBased_vs_RuleBased_mid,twoway,RuleBased_vs_RuleBased,mid,0.12,0.2,3,45,eval,17,outbound,RuleBased,1,1,1,0,0,1,0
twoway_RuleBased_vs_RuleBased_mid,twoway,RuleBased_vs_RuleBased,mid,0.12,0.2,3,45,eval,18,outbound,RuleBased,1,1,1,0,0,1,0
twoway_RuleBased_vs_RuleBased_mid,twoway,RuleBased_vs_RuleBased,mid,0.12,0.2,3,45,eval,19,outbound,RuleBased,1,1,1,0,0,1,0
twoway_RuleBased_vs_RuleBased_mid,twoway,RuleBased_vs_RuleBased,mid,0.12,0.2,3,45,eval,20,outbound,RuleBased,1,1,1,0,0,1,0
twoway_RuleBased_vs_RuleBased_mid,twoway,RuleBased_vs_RuleBased,mid,0.12,0.2,3,45,eval,21,outbound,RuleBased,1,1,1,0,0,1,0
twoway_RuleBased_vs_RuleBased_mid,twoway,RuleBased_vs_RuleBased,mid,0.12,0.2,3,45,eval,22,outbound,RuleBased,1,1,1,0,0,1,0
twoway_RuleBased_vs_RuleBased_mid,twoway,RuleBased_vs_RuleBased,mid,0.12,0.2,3,45,eval,23,outbound,RuleBased,1,1,1,0,0,1,0
twoway_RuleBased_vs_RuleBased_mid,twoway,RuleBased_vs_RuleBased,mid,0.12,0.2,3,45,eval,24,outbound,RuleBased,1,1,1,0,0,1,0
twoway_RuleBased_vs_RuleBased_mid,twoway,RuleBased_vs_RuleBased,mid,0.12,0.2,3,45,eval,25,outbound,RuleBased,1,1,1,0,0,1,0
twoway_RuleBased_vs_RuleBased_mid,twoway,RuleBased_vs_RuleBased,mid,0.12,0.2,3,45,eval,26,outbound,RuleBased,1,1,1,0,0,1,1
twoway_RuleBased_vs_RuleBased_mid,twoway,RuleBased_vs_RuleBased,mid,0.12,0.2,3,45,eval,27,outbound,RuleBased,1,1,1,0,0,1,0
twoway_RuleBased_vs_RuleBased_mid,twoway,RuleBased_vs_RuleBased,mid,0.12,0.2,3,45,eval,28,outbound,RuleBased,1,1,1,0,0,1,0
twoway_RuleBased_vs_RuleBased_mid,twoway,RuleBased_vs_RuleBased,mid,0.12,0.2,3,45,eval,29,outbound,RuleBased,1,1,1,0,0,1,0
twoway_RuleBased_vs_RuleBased_mid,twoway,RuleBased_vs_RuleBased,mid,0.12,0.2,3,45,eval,30,outbound,RuleBased,1,1,1,0,0,1,2
twoway_RuleBased_vs_RuleBased_mid,twoway,RuleBased_vs_RuleBased,mid,0.12,0.2,4,46,eval,1,inbound,RuleBased,1,1,1,0,0,1,1
twoway_RuleBased_vs_RuleBased_mid,twoway,RuleBased_vs_RuleBased,mid,0.12,0.2,4,46,eval,2,inbound,RuleBased,1,1,1,0,0,1,0
twoway_RuleBased_vs_RuleBased_mid,twoway,RuleBased_vs_RuleBased,mid,0.12,0.2,4,46,eval,3,inbound,RuleBased,1,1,1,0,0,1,2
twoway_RuleBased_vs_RuleBased_mid,twoway,RuleBased_vs_RuleBased,mid,0.12,0.2,4,46,eval,4,inbound,RuleBased,1,1,1,0,0,1,0
twoway_RuleBased_vs_RuleBased_mid,twoway,RuleBased_vs_RuleBased,mid,0.12,0.2,4,46,eval,5,inbound,RuleBased,1,1,1,0,0,1,0
twoway_RuleBased_vs_RuleBased_mid,twoway,RuleBased_vs_RuleBased,mid,0.12,0.2,4,46,eval,6,inbound,RuleBased,1,1,1,0,0,1,2
twoway_RuleBased_vs_RuleBased_mid,twoway,RuleBased_vs_RuleBased,mid,0.12,0.2,4,46,eval,7,inbound,RuleBased,1,1,1,0,0,1,0
twoway_RuleBased_vs_RuleBased_mid,twoway,RuleBased_vs_RuleBased,mid,0.12,0.2,4,46,eval,8,inbound,RuleBased,1,1,1,0,0,1,1
twoway_RuleBased_vs_RuleBased_mid,twoway,RuleBased_vs_RuleBased,mid,0.12,0.2,4,46,eval,9,inbound,RuleBased,1,1,1,0,0,1,2
twoway_RuleBased_vs_RuleBased_mid,twoway,RuleBased_vs_RuleBased,mid,0.12,0.2,4,46,eval,10,inbound,RuleBased,1,1,1,0,0,1,0
twoway_RuleBased_vs_RuleBased_mid,twoway,RuleBased_vs_RuleBased,mid,0.12,0.2,4,46,eval,11,inbound,RuleBased,1,1,1,0,0,1,1
twoway_RuleBased_vs_RuleBased_mid,twoway,RuleBased_vs_RuleBased,mid,0.12,0.2,4,46,eval,12,inbound,RuleBased,1,1,1,0,0,1,2
twoway_RuleBased_vs_RuleBased_mid,twoway,RuleBased_vs_RuleBased,mid,0.12,0.2,4,46,eval,13,inbound,RuleBased,1,1,1,0,0,1,0
twoway_RuleBased_vs_RuleBased_mid,twoway,RuleBased_vs_RuleBased,mid,0.12,0.2,4,46,eval,14,inbound,RuleBased,1,1,1,0,0,1,4
twoway_RuleBased_vs_RuleBased_mid,twoway,RuleBased_vs_RuleBased,mid,0.12,0.2,4,46,eval,15,inbound,RuleBased,1,1,1,0,0,1,0
twoway_RuleBased_vs_RuleBased_mid,twoway,RuleBased_vs_RuleBased,mid,0.12,0.2,4,46,eval,16,inbound,RuleBased,1,1,1,0,0,1,0
twoway_RuleBased_vs_RuleBased_mid,twoway,RuleBased_vs_RuleBased,mid,0.12,0.2,4,46,eval,17,inbound,RuleBased,1,1,1,0,0,1,2
twoway_RuleBased_vs_RuleBased_mid,twoway,RuleBased_vs_RuleBased,mid,0.12,0.2,4,46,eval,18,inbound,RuleBased,1,1,1,0,0,1,0
twoway_RuleBased_vs_RuleBased_mid,twoway,RuleBased_vs_RuleBased,mid,0.12,0.2,4,46,eval,19,inbound,RuleBased,1,1,1,0,0,1,2
twoway_RuleBased_vs_RuleBased_mid,twoway,RuleBased_vs_RuleBased,mid,0.12,0.2,4,46,eval,20,inbound,RuleBased,1,1,1,0,0,1,3
twoway_RuleBased_vs_RuleBased_mid,twoway,RuleBased_vs_RuleBased,mid,0.12,0.2,4,46,eval,21,inbound,RuleBased,1,1,1,0,0,1,0
twoway_RuleBased_vs_RuleBased_mid,twoway,RuleBased_vs_RuleBased,mid,0.12,0.2,4,46,eval,22,inbound,RuleBased,1,1,1,0,0,1,0
twoway_RuleBased_vs_RuleBased_mid,twoway,RuleBased_vs_RuleBased,mid,0.12,0.2,4,46,eval,23,inbound,RuleBased,1,1,1,0,0,1,3
twoway_RuleBased_vs_RuleBased_mid,twoway,RuleBased_vs_RuleBased,mid,0.12,0.2,4,46,eval,24,inbound,RuleBased,1,1,1,0,0,1,0
twoway_RuleBased_vs_RuleBased_mid,twoway,RuleBased_vs_RuleBased,mid,0.12,0.2,4,46,eval,25,inbound,RuleBased,1,1,1,0,0,1,0
twoway_RuleBased_vs_RuleBased_mid,twoway,RuleBased_vs_RuleBased,mid,0.12,0.2,4,46,eval,26,inbound,RuleBased,1,1,1,0,0,1,0
twoway_RuleBased_vs_RuleBased_mid,twoway,RuleBased_vs_RuleBased,mid,0.12,0.2,4,46,eval,27,inbound,RuleBased,1,1,1,0,0,1,1
twoway_RuleBased_vs_RuleBased_mid,twoway,RuleBased_vs_RuleBased,mid,0.12,0.2,4,46,eval,28,inbound,RuleBased,1,1,1,0,0,1,0
twoway_RuleBased_vs_RuleBased_mid,twoway,RuleBased_vs_RuleBased,mid,0.12,0.2,4,46,eval,29,inbound,RuleBased,1,1,1,0,0,1,0
twoway_RuleBased_vs_RuleBased_mid,twoway,RuleBased_vs_RuleBased,mid,0.12,0.2,4,46,eval,30,inbound,RuleBased,1,1,1,0,0,1,0
twoway_RuleBased_vs_RuleBased_mid,twoway,RuleBased_vs_RuleBased,mid,0.12,0.2,4,46,eval,1,outbound,RuleBased,1,1,1,0,0,1,0
twoway_RuleBased_vs_RuleBased_mid,twoway,RuleBased_vs_RuleBased,mid,0.12,0.2,4,46,eval,2,outbound,RuleBased,1,1,1,0,0,1,0
twoway_RuleBased_vs_RuleBased_mid,twoway,RuleBased_vs_RuleBased,mid,0.12,0.2,4,46,eval,3,outbound,RuleBased,1,1,1,0,0,1,0
twoway_RuleBased_vs_RuleBased_mid,twoway,RuleBased_vs_RuleBased,mid,0.12,0.2,4,46,eval,4,outbound,RuleBased,1,1,1,0,0,1,1
twoway_RuleBased_vs_RuleBased_mid,twoway,RuleBased_vs_RuleBased,mid,0.12,0.2,4,46,eval,5,outbound,RuleBased,1,1,1,0,0,1,0
twoway_RuleBased_vs_RuleBased_mid,twoway,RuleBased_vs_RuleBased,mid,0.12,0.2,4,46,eval,6,outbound,RuleBased,1,1,1,0,0,1,1
twoway_RuleBased_vs_RuleBased_mid,twoway,RuleBased_vs_RuleBased,mid,0.12,0.2,4,46,eval,7,outbound,RuleBased,1,1,1,0,0,1,0
twoway_RuleBased_vs_RuleBased_mid,twoway,RuleBased_vs_RuleBased,mid,0.12,0.2,4,46,eval,8,outbound,RuleBased,1,1,1,0,0,1,0
twoway_RuleBased_vs_RuleBased_mid,twoway,RuleBased_vs_RuleBased,mid,0.12,0.2,4,46,eval,9,outbound,RuleBased,1,1,1,0,0,1,2
twoway_RuleBased_vs_RuleBased_mid,twoway,RuleBased_vs_RuleBased,mid,0.12,0.2,4,46,eval,10,outbound,RuleBased,1,1,1,0,0,1,1
twoway_RuleBased_vs_RuleBased_mid,twoway,RuleBased_vs_RuleBased,mid,0.12,0.2,4,46,eval,11,outbound,RuleBased,1,1,1,0,0,1,0
twoway_RuleBased_vs_RuleBased_mid,twoway,RuleBased_vs_RuleBased,mid,0.12,0.2,4,46,eval,12,outbound,RuleBased,1,1,1,0,0,1,0
twoway_RuleBased_vs_RuleBased_mid,twoway,RuleBased_vs_RuleBased,mid,0.12,0.2,4,46,eval,13,outbound,RuleBased,1,1,1,0,0,1,0
twoway_RuleBased_vs_RuleBased_mid,twoway,RuleBased_vs_RuleBased,mid,0.12,0.2,4,46,eval,14,outbound,RuleBased,1,1,1,0,0,1,2
twoway_RuleBased_vs_RuleBased_mid,twoway,RuleBased_vs_RuleBased,mid,0.12,0.2,4,46,eval,15,outbound,RuleBased,1,1,1,0,0,1,0
twoway_RuleBased_vs_RuleBased_mid,twoway,RuleBased_vs_RuleBased,mid,0.12,0.2,4,46,eval,16,outbound,RuleBased,1,1,1,0,0,1,2
twoway_RuleBased_vs_RuleBased_mid,twoway,RuleBased_vs_RuleBased,mid,0.12,0.2,4,46,eval,17,outbound,RuleBased,1,1,1,0,0,1,0
twoway_RuleBased_vs_RuleBased_mid,twoway,RuleBased_vs_RuleBased,mid,0.12,0.2,4,46,eval,18,outbound,RuleBased,1,1,1,0,0,1,0
twoway_RuleBased_vs_RuleBased_mid,twoway,RuleBased_vs_RuleBased,mid,0.12,0.2,4,46,eval,19,outbound,RuleBased,1,1,1,0,0,1,2
twoway_RuleBased_vs_RuleBased_mid,twoway,RuleBased_vs_RuleBased,mid,0.12,0.2,4,46,eval,20,outbound,RuleBased,1,1,1,0,0,1,0
twoway_RuleBased_vs_RuleBased_mid,twoway,RuleBased_vs_RuleBased,mid,0.12,0.2,4,46,eval,21,outbound,RuleBased,1,1,1,0,0,1,0
twoway_RuleBased_vs_RuleBased_mid,twoway,RuleBased_vs_RuleBased,mid,0.12,0.2,4,46,eval,22,outbound,RuleBased,1,1,1,0,0,1,2
twoway_RuleBased_vs_RuleBased_mid,twoway,RuleBased_vs_RuleBased,mid,0.12,0.2,4,46,eval,23,outbound,RuleBased,1,1,1,0,0,1,2
twoway_RuleBased_vs_RuleBased_mid,twoway,RuleBased_vs_RuleBased,mid,0.12,0.2,4,46,eval,24,outbound,RuleBased,1,1,1,0,0,1,0
twoway_RuleBased_vs_RuleBased_mid,twoway,RuleBased_vs_RuleBased,mid,0.12,0.2,4,46,eval,25,outbound,RuleBased,1,1,1,0,0,1,0
twoway_RuleBased_vs_RuleBased_mid,twoway,RuleBased_vs_RuleBased,mid,0.12,0.2,4,46,eval,26,outbound,RuleBased,1,1,1,0,0,1,2
twoway_RuleBased_vs_RuleBased_mid,twoway,RuleBased_vs_RuleBased,mid,0.12,0.2,4,46,eval,27,outbound,RuleBased,1,1,1,0,0,1,2
twoway_RuleBased_vs_RuleBased_mid,twoway,RuleBased_vs_RuleBased,mid,0.12,0.2,4,46,eval,28,outbound,RuleBased,1,1,1,0,0,1,0
twoway_RuleBased_vs_RuleBased_mid,twoway,RuleBased_vs_RuleBased,mid,0.12,0.2,4,46,eval,29,outbound,RuleBased,1,1,1,0,0,1,2
twoway_RuleBased_vs_RuleBased_mid,twoway,RuleBased_vs_RuleBased,mid,0.12,0.2,4,46,eval,30,outbound,RuleBased,1,1,1,0,0,1,0
twoway_RuleBased_vs_RuleBased_mid,twoway,RuleBased_vs_RuleBased,mid,0.12,0.2,5,47,eval,1,inbound,RuleBased,1,1,1,0,0,1,2
twoway_RuleBased_vs_RuleBased_mid,twoway,RuleBased_vs_RuleBased,mid,0.12,0.2,5,47,eval,2,inbound,RuleBased,1,1,1,0,0,1,0
twoway_RuleBased_vs_RuleBased_mid,twoway,RuleBased_vs_RuleBased,mid,0.12,0.2,5,47,eval,3,inbound,RuleBased,1,1,1,0,0,1,3
twoway_RuleBased_vs_RuleBased_mid,twoway,RuleBased_vs_RuleBased,mid,0.12,0.2,5,47,eval,4,inbound,RuleBased,1,1,1,0,0,1,1
twoway_RuleBased_vs_RuleBased_mid,twoway,RuleBased_vs_RuleBased,mid,0.12,0.2,5,47,eval,5,inbound,RuleBased,1,1,1,0,0,1,0
twoway_RuleBased_vs_RuleBased_mid,twoway,RuleBased_vs_RuleBased,mid,0.12,0.2,5,47,eval,6,inbound,RuleBased,1,1,1,0,0,1,4
twoway_RuleBased_vs_RuleBased_mid,twoway,RuleBased_vs_RuleBased,mid,0.12,0.2,5,47,eval,7,inbound,RuleBased,1,1,1,0,0,1,0
twoway_RuleBased_vs_RuleBased_mid,twoway,RuleBased_vs_RuleBased,mid,0.12,0.2,5,47,eval,8,inbound,RuleBased,1,1,1,0,0,1,0
twoway_RuleBased_vs_RuleBased_mid,twoway,RuleBased_vs_RuleBased,mid,0.12,0.2,5,47,eval,9,inbound,RuleBased,1,1,1,0,0,1,0
twoway_RuleBased_vs_RuleBased_mid,twoway,RuleBased_vs_RuleBased,mid,0.12,0.2,5,47,eval,10,inbound,RuleBased,1,1,1,0,0,1,0
twoway_RuleBased_vs_RuleBased_mid,twoway,RuleBased_vs_RuleBased,mid,0.12,0.2,5,47,eval,11,inbound,RuleBased,1,1,1,0,0,1,0
twoway_RuleBased_vs_RuleBased_mid,twoway,RuleBased_vs_RuleBased,mid,0.12,0.2,5,47,eval,12,inbound,RuleBased,1,1,1,0,0,1,0
twoway_RuleBased_vs_RuleBased_mid,twoway,RuleBased_vs_RuleBased,mid,0.12,0.2,5,47,eval,13,inbound,RuleBased,1,1,1,0,0,1,1
twoway_RuleBased_vs_RuleBased_mid,twoway,RuleBased_vs_RuleBased,mid,0.12,0.2,5,47,eval,14,inbound,RuleBased,1,1,1,0,0,1,2
twoway_RuleBased_vs_RuleBased_mid,twoway,RuleBased_vs_RuleBased,mid,0.12,0.2,5,47,eval,15,inbound,RuleBased,1,1,1,0,0,1,0
twoway_RuleBased_vs_RuleBased_mid,twoway,RuleBased_vs_RuleBased,mid,0.12,0.2,5,47,eval,16,inbound,RuleBased,1,1,1,0,0,1,1
twoway_RuleBased_vs_RuleBased_mid,twoway,RuleBased_vs_RuleBased,mid,0.12,0.2,5,47,eval,17,inbound,RuleBased,1,1,1,0,0,1,0
twoway_RuleBased_vs_RuleBased_mid,twoway,RuleBased_vs_RuleBased,mid,0.12,0.2,5,47,eval,18,inbound,RuleBased,1,1,1,0,0,1,0
twoway_RuleBased_vs_RuleBased_mid,twoway,RuleBased_vs_RuleBased,mid,0.12,0.2,5,47,eval,19,inbound,RuleBased,1,1,1,0,0,1,0
twoway_RuleBased_vs_RuleBased_mid,twoway,RuleBased_vs_RuleBased,mid,0.12,0.2,5,47,eval,20,inbound,RuleBased,1,1,1,0,0,1,2
twoway_RuleBased_vs_RuleBased_mid,twoway,RuleBased_vs_RuleBased,mid,0.12,0.2,5,47,eval,21,inbound,RuleBased,1,1,1,0,0,1,0
twoway_RuleBased_vs_RuleBased_mid,twoway,RuleBased_vs_RuleBased,mid,0.12,0.2,5,47,eval,22,inbound,RuleBased,1,1,1,0,0,1,0
twoway_RuleBased_vs_RuleBased_mid,twoway,RuleBased_vs_RuleBased,mid,0.12,0.2,5,47,eval,23,inbound,RuleBased,1,1,1,0,0,1,0
twoway_RuleBased_vs_RuleBased_mid,twoway,RuleBased_vs_RuleBased,mid,0.12,0.2,5,47,eval,24,inbound,RuleBased,1,1,1,0,0,1,1
twoway_RuleBased_vs_RuleBased_mid,twoway,RuleBased_vs_RuleBased,mid,0.12,0.2,5,47,eval,25,inbound,RuleBased,1,1,1,0,0,1,0
twoway_RuleBased_vs_RuleBased_mid,twoway,RuleBased_vs_RuleBased,mid,0.12,0.2,5,47,eval,26,inbound,RuleBased,1,1,1,0,0,1,0
twoway_RuleBased_vs_RuleBased_mid,twoway,RuleBased_vs_RuleBased,mid,0.12,0.2,5,47,eval,27,inbound,RuleBased,1,1,1,0,0,1,2
twoway_RuleBased_vs_RuleBased_mid,twoway,RuleBased_vs_RuleBased,mid,0.12,0.2,5,47,eval,28,inbound,RuleBased,1,1,1,0,0,1,0
twoway_RuleBased_vs_RuleBased_mid,twoway,RuleBased_vs_RuleBased,mid,0.12,0.2,5,47,eval,29,inbound,RuleBased,1,1,1,0,0,1,0
twoway_RuleBased_vs_RuleBased_mid,twoway,RuleBased_vs_RuleBased,mid,0.12,0.2,5,47,eval,30,inbound,RuleBased,1,1,1,0,0,1,0
twoway_RuleBased_vs_RuleBased_mid,twoway,RuleBased_vs_RuleBased,mid,0.12,0.2,5,47,eval,1,outbound,RuleBased,1,1,1,0,0,1,2
twoway_RuleBased_vs_RuleBased_mid,twoway,RuleBased_vs_RuleBased,mid,0.12,0.2,5,47,eval,2,outbound,RuleBased,1,1,1,0,0,1,0
twoway_RuleBased_vs_RuleBased_mid,twoway,RuleBased_vs_RuleBased,mid,0.12,0.2,5,47,eval,3,outbound,RuleBased,1,1,1,0,0,1,2
twoway_RuleBased_vs_RuleBased_mid,twoway,RuleBased_vs_RuleBased,mid,0.12,0.2,5,47,eval,4,outbound,RuleBased,1,1,1,0,0,1,1
twoway_RuleBased_vs_RuleBased_mid,twoway,RuleBased_vs_RuleBased,mid,0.12,0.2,5,47,eval,5,outbound,RuleBased,1,1,1,0,0,1,0
twoway_RuleBased_vs_RuleBased_mid,twoway,RuleBased_vs_RuleBased,mid,0.12,0.2,5,47,eval,6,outbound,RuleBased,1,1,1,0,0,1,0
twoway_RuleBased_vs_RuleBased_mid,twoway,RuleBased_vs_RuleBased,mid,0.12,0.2,5,47,eval,7,outbound,RuleBased,1,1,1,0,0,1,0
twoway_RuleBased_vs_RuleBased_mid,twoway,RuleBased_vs_RuleBased,mid,0.12,0.2,5,47,eval,8,outbound,RuleBased,1,1,1,0,0,1,2
twoway_RuleBased_vs_RuleBased_mid,twoway,RuleBased_vs_RuleBased,mid,0.12,0.2,5,47,eval,9,outbound,RuleBased,1,1,1,0,0,1,4
twoway_RuleBased_vs_RuleBased_mid,twoway,RuleBased_vs_RuleBased,mid,0.12,0.2,5,47,eval,10,outbound,RuleBased,1,1,1,0,0,1,0
twoway_RuleBased_vs_RuleBased_mid,twoway,RuleBased_vs_RuleBased,mid,0.12,0.2,5,47,eval,11,outbound,RuleBased,1,1,1,0,0,1,2
twoway_RuleBased_vs_RuleBased_mid,twoway,RuleBased_vs_RuleBased,mid,0.12,0.2,5,47,eval,12,outbound,RuleBased,1,1,1,0,0,1,0
twoway_RuleBased_vs_RuleBased_mid,twoway,RuleBased_vs_RuleBased,mid,0.12,0.2,5,47,eval,13,outbound,RuleBased,1,1,1,0,0,1,0
twoway_RuleBased_vs_RuleBased_mid,twoway,RuleBased_vs_RuleBased,mid,0.12,0.2,5,47,eval,14,outbound,RuleBased,1,1,1,0,0,1,0
twoway_RuleBased_vs_RuleBased_mid,twoway,RuleBased_vs_RuleBased,mid,0.12,0.2,5,47,eval,15,outbound,RuleBased,1,1,1,0,0,1,1
twoway_RuleBased_vs_RuleBased_mid,twoway,RuleBased_vs_RuleBased,mid,0.12,0.2,5,47,eval,16,outbound,RuleBased,1,1,1,0,0,1,0
twoway_RuleBased_vs_RuleBased_mid,twoway,RuleBased_vs_RuleBased,mid,0.12,0.2,5,47,eval,17,outbound,RuleBased,1,1,1,0,0,1,0
twoway_RuleBased_vs_RuleBased_mid,twoway,RuleBased_vs_RuleBased,mid,0.12,0.2,5,47,eval,18,outbound,RuleBased,1,1,1,0,0,1,2
twoway_RuleBased_vs_RuleBased_mid,twoway,RuleBased_vs_RuleBased,mid,0.12,0.2,5,47,eval,19,outbound,RuleBased,1,1,1,0,0,1,0
twoway_RuleBased_vs_RuleBased_mid,twoway,RuleBased_vs_RuleBased,mid,0.12,0.2,5,47,eval,20,outbound,RuleBased,1,1,1,0,0,1,1
twoway_RuleBased_vs_RuleBased_mid,twoway,RuleBased_vs_RuleBased,mid,0.12,0.2,5,47,eval,21,outbound,RuleBased,1,1,1,0,0,1,0
twoway_RuleBased_vs_RuleBased_mid,twoway,RuleBased_vs_RuleBased,mid,0.12,0.2,5,47,eval,22,outbound,RuleBased,1,1,1,0,0,1,0
twoway_RuleBased_vs_RuleBased_mid,twoway,RuleBased_vs_RuleBased,mid,0.12,0.2,5,47,eval,23,outbound,RuleBased,1,1,1,0,0,1,0
twoway_RuleBased_vs_RuleBased_mid,twoway,RuleBased_vs_RuleBased,mid,0.12,0.2,5,47,eval,24,outbound,RuleBased,1,1,1,0,0,1,4
twoway_RuleBased_vs_RuleBased_mid,twoway,RuleBased_vs_RuleBased,mid,0.12,0.2,5,47,eval,25,outbound,RuleBased,1,1,1,0,0,1,0
twoway_RuleBased_vs_RuleBased_mid,twoway,RuleBased_vs_RuleBased,mid,0.12,0.2,5,47,eval,26,outbound,RuleBased,1,1,1,0,0,1,0
twoway_RuleBased_vs_RuleBased_mid,twoway,RuleBased_vs_RuleBased,mid,0.12,0.2,5,47,eval,27,outbound,RuleBased,1,1,1,0,0,1,0
twoway_RuleBased_vs_RuleBased_mid,twoway,RuleBased_vs_RuleBased,mid,0.12,0.2,5,47,eval,28,outbound,RuleBased,1,1,1,0,0,1,0
twoway_RuleBased_vs_RuleBased_mid,twoway,RuleBased_vs_RuleBased,mid,0.12,0.2,5,47,eval,29,outbound,RuleBased,1,1,1,0,0,1,0
twoway_RuleBased_vs_RuleBased_mid,twoway,RuleBased_vs_RuleBased,mid,0.12,0.2,5,47,eval,30,outbound,RuleBased,1,1,1,0,0,1,0
twoway_RuleBased_vs_RuleBased_harsh,twoway,RuleBased_vs_RuleBased,harsh,0.25,0.4,0,42,eval,1,inbound,RuleBased,1,1,1,0,0,1,8
twoway_RuleBased_vs_RuleBased_harsh,twoway,RuleBased_vs_RuleBased,harsh,0.25,0.4,0,42,eval,2,inbound,RuleBased,1,1,1,0,0,1,9
twoway_RuleBased_vs_RuleBased_harsh,twoway,RuleBased_vs_RuleBased,harsh,0.25,0.4,0,42,eval,3,inbound,RuleBased,1,1,1,0,0,1,2
twoway_RuleBased_vs_RuleBased_harsh,twoway,RuleBased_vs_RuleBased,harsh,0.25,0.4,0,42,eval,4,inbound,RuleBased,1,1,1,0,0,1,6
twoway_RuleBased_vs_RuleBased_harsh,twoway,RuleBased_vs_RuleBased,harsh,0.25,0.4,0,42,eval,5,inbound,RuleBased,1,1,1,0,0,1,7
twoway_RuleBased_vs_RuleBased_harsh,twoway,RuleBased_vs_RuleBased,harsh,0.25,0.4,0,42,eval,6,inbound,RuleBased,1,1,1,0,0,1,5
twoway_RuleBased_vs_RuleBased_harsh,twoway,RuleBased_vs_RuleBased,harsh,0.25,0.4,0,42,eval,7,inbound,RuleBased,1,1,1,0,0,1,2
twoway_RuleBased_vs_RuleBased_harsh,twoway,RuleBased_vs_RuleBased,harsh,0.25,0.4,0,42,eval,8,inbound,RuleBased,1,1,1,0,0,1,5
twoway_RuleBased_vs_RuleBased_harsh,twoway,RuleBased_vs_RuleBased,harsh,0.25,0.4,0,42,eval,9,inbound,RuleBased,1,1,1,0,0,1,10
twoway_RuleBased_vs_RuleBased_harsh,twoway,RuleBased_vs_RuleBased,harsh,0.25,0.4,0,42,eval,10,inbound,RuleBased,1,1,1,0,0,1,6
twoway_RuleBased_vs_RuleBased_harsh,twoway,RuleBased_vs_RuleBased,harsh,0.25,0.4,0,42,eval,11,inbound,RuleBased,1,1,1,0,0,1,7
twoway_RuleBased_vs_RuleBased_harsh,twoway,RuleBased_vs_RuleBased,harsh,0.25,0.4,0,42,eval,12,inbound,RuleBased,1,1,1,0,0,1,7
twoway_RuleBased_vs_RuleBased_harsh,twoway,RuleBased_vs_RuleBased,harsh,0.25,0.4,0,42,eval,13,inbound,RuleBased,1,1,1,0,0,1,10
twoway_RuleBased_vs_RuleBased_harsh,twoway,RuleBased_vs_RuleBased,harsh,0.25,0.4,0,42,eval,14,inbound,RuleBased,1,1,1,0,0,1,4
twoway_RuleBased_vs_RuleBased_harsh,twoway,RuleBased_vs_RuleBased,harsh,0.25,0.4,0,42,eval,15,inbound,RuleBased,1,1,1,0,0,1,5
twoway_RuleBased_vs_RuleBased_harsh,twoway,RuleBased_vs_RuleBased,harsh,0.25,0.4,0,42,eval,16,inbound,RuleBased,1,1,1,0,0,1,10
twoway_RuleBased_vs_RuleBased_harsh,twoway,RuleBased_vs_RuleBased,harsh,0.25,0.4,0,42,eval,17,inbound,RuleBased,1,1,1,0,0,1,8
twoway_RuleBased_vs_RuleBased_harsh,twoway,RuleBased_vs_RuleBased,harsh,0.25,0.4,0,42,eval,18,inbound,RuleBased,1,1,1,0,0,1,4
twoway_RuleBased_vs_RuleBased_harsh,twoway,RuleBased_vs_RuleBased,harsh,0.25,0.4,0,42,eval,19,inbound,RuleBased,1,1,1,0,0,1,8
twoway_RuleBased_vs_RuleBased_harsh,twoway,RuleBased_vs_RuleBased,harsh,0.25,0.4,0,42,eval,20,inbound,RuleBased,1,1,1,0,0,1,11
twoway_RuleBased_vs_RuleBased_harsh,twoway,RuleBased_vs_RuleBased,harsh,0.25,0.4,0,42,eval,21,inbound,RuleBased,1,1,1,0,0,1,7
twoway_RuleBased_vs_RuleBased_harsh,twoway,RuleBased_vs_RuleBased,harsh,0.25,0.4,0,42,eval,22,inbound,RuleBased,1,1,1,0,0,1,7
twoway_RuleBased_vs_RuleBased_harsh,twoway,RuleBased_vs_RuleBased,harsh,0.25,0.4,0,42,eval,23,inbound,RuleBased,1,1,1,0,0,1,4
twoway_RuleBased_vs_RuleBased_harsh,twoway,RuleBased_vs_RuleBased,harsh,0.25,0.4,0,42,eval,24,inbound,RuleBased,1,1,1,0,0,1,10
twoway_RuleBased_vs_RuleBased_harsh,twoway,RuleBased_vs_RuleBased,harsh,0.25,0.4,0,42,eval,25,inbound,RuleBased,1,1,1,0,0,1,7
twoway_RuleBased_vs_RuleBased_harsh,twoway,RuleBased_vs_RuleBased,harsh,0.25,0.4,0,42,eval,26,inbound,RuleBased,1,1,1,0,0,1,8
twoway_RuleBased_vs_RuleBased_harsh,twoway,RuleBased_vs_RuleBased,harsh,0.25,0.4,0,42,eval,27,inbound,RuleBased,1,1,1,0,0,1,6
twoway_RuleBased_vs_RuleBased_harsh,twoway,RuleBased_vs_RuleBased,harsh,0.25,0.4,0,42,eval,28,inbound,RuleBased,1,1,1,0,0,1,1
twoway_RuleBased_vs_RuleBased_harsh,twoway,RuleBased_vs_RuleBased,harsh,0.25,0.4,0,42,eval,29,inbound,RuleBased,1,1,1,0,0,1,13
twoway_RuleBased_vs_RuleBased_harsh,twoway,RuleBased_vs_RuleBased,harsh,0.25,0.4,0,42,eval,30,inbound,RuleBased,1,1,1,0,0,1,7
twoway_RuleBased_vs_RuleBased_harsh,twoway,RuleBased_vs_RuleBased,harsh,0.25,0.4,0,42,eval,1,outbound,RuleBased,1,1,1,0,0,1,10
twoway_RuleBased_vs_RuleBased_harsh,twoway,RuleBased_vs_RuleBased,harsh,0.25,0.4,0,42,eval,2,outbound,RuleBased,1,1,1,0,0,1,9
twoway_RuleBased_vs_RuleBased_harsh,twoway,RuleBased_vs_RuleBased,harsh,0.25,0.4,0,42,eval,3,outbound,RuleBased,1,1,1,0,0,1,9
twoway_RuleBased_vs_RuleBased_harsh,twoway,RuleBased_vs_RuleBased,harsh,0.25,0.4,0,42,eval,4,outbound,RuleBased,1,1,1,0,0,1,6
twoway_RuleBased_vs_RuleBased_harsh,twoway,RuleBased_vs_RuleBased,harsh,0.25,0.4,0,42,eval,5,outbound,RuleBased,1,1,1,0,0,1,4
twoway_RuleBased_vs_RuleBased_harsh,twoway,RuleBased_vs_RuleBased,harsh,0.25,0.4,0,42,eval,6,outbound,RuleBased,1,1,1,0,0,1,6
twoway_RuleBased_vs_RuleBased_harsh,twoway,RuleBased_vs_RuleBased,harsh,0.25,0.4,0,42,eval,7,outbound,RuleBased,1,1,1,0,0,1,6
twoway_RuleBased_vs_RuleBased_harsh,twoway,RuleBased_vs_RuleBased,harsh,0.25,0.4,0,42,eval,8,outbound,RuleBased,1,1,1,0,0,1,6
twoway_RuleBased_vs_RuleBased_harsh,twoway,RuleBased_vs_RuleBased,harsh,0.25,0.4,0,42,eval,9,outbound,RuleBased,1,1,1,0,0,1,11
twoway_RuleBased_vs_RuleBased_harsh,twoway,RuleBased_vs_RuleBased,harsh,0.25,0.4,0,42,eval,10,outbound,RuleBased,1,1,1,0,0,1,6
twoway_RuleBased_vs_RuleBased_harsh,twoway,RuleBased_vs_RuleBased,harsh,0.25,0.4,0,42,eval,11,outbound,RuleBased,1,1,1,0,0,1,8
twoway_RuleBased_vs_RuleBased_harsh,twoway,RuleBased_vs_RuleBased,harsh,0.25,0.4,0,42,eval,12,outbound,RuleBased,1,1,1,0,0,1,7
twoway_RuleBased_vs_RuleBased_harsh,twoway,RuleBased_vs_RuleBased,harsh,0.25,0.4,0,42,eval,13,outbound,RuleBased,1,1,1,0,0,1,4
twoway_RuleBased_vs_RuleBased_harsh,twoway,RuleBased_vs_RuleBased,harsh,0.25,0.4,0,42,eval,14,outbound,RuleBased,1,1,1,0,0,1,5
twoway_RuleBased_vs_RuleBased_harsh,twoway,RuleBased_vs_RuleBased,harsh,0.25,0.4,0,42,eval,15,outbound,RuleBased,1,1,1,0,0,1,6
twoway_RuleBased_vs_RuleBased_harsh,twoway,RuleBased_vs_RuleBased,harsh,0.25,0.4,0,42,eval,16,outbound,RuleBased,1,1,1,0,0,1,3
twoway_RuleBased_vs_RuleBased_harsh,twoway,RuleBased_vs_RuleBased,harsh,0.25,0.4,0,42,eval,17,outbound,RuleBased,1,1,1,0,0,1,6
twoway_RuleBased_vs_RuleBased_harsh,twoway,RuleBased_vs_RuleBased,harsh,0.25,0.4,0,42,eval,18,outbound,RuleBased,1,1,1,0,0,1,7
twoway_RuleBased_vs_RuleBased_harsh,twoway,RuleBased_vs_RuleBased,harsh,0.25,0.4,0,42,eval,19,outbound,RuleBased,1,1,1,0,0,1,7
twoway_RuleBased_vs_RuleBased_harsh,twoway,RuleBased_vs_RuleBased,harsh,0.25,0.4,0,42,eval,20,outbound,RuleBased,1,1,1,0,0,1,8
twoway_RuleBased_vs_RuleBased_harsh,twoway,RuleBased_vs_RuleBased,harsh,0.25,0.4,0,42,eval,21,outbound,RuleBased,1,1,1,0,0,1,8
twoway_RuleBased_vs_RuleBased_harsh,twoway,RuleBased_vs_RuleBased,harsh,0.25,0.4,0,42,eval,22,outbound,RuleBased,1,1,1,0,0,1,6
twoway_RuleBased_vs_RuleBased_harsh,twoway,RuleBased_vs_RuleBased,harsh,0.25,0.4,0,42,eval,23,outbound,RuleBased,1,1,1,0,0,1,3
twoway_RuleBased_vs_RuleBased_harsh,twoway,RuleBased_vs_RuleBased,harsh,0.25,0.4,0,42,eval,24,outbound,RuleBased,1,1,1,0,0,1,6
twoway_RuleBased_vs_RuleBased_harsh,twoway,RuleBased_vs_RuleBased,harsh,0.25,0.4,0,42,eval,25,outbound,RuleBased,1,1,1,0,0,1,8
twoway_RuleBased_vs_RuleBased_harsh,twoway,RuleBased_vs_RuleBased,harsh,0.25,0.4,0,42,eval,26,outbound,RuleBased,1,1,1,0,0,1,7
twoway_RuleBased_vs_RuleBased_harsh,twoway,RuleBased_vs_RuleBased,harsh,0.25,0.4,0,42,eval,27,outbound,RuleBased,1,1,1,0,0,1,7
twoway_RuleBased_vs_RuleBased_harsh,twoway,RuleBased_vs_RuleBased,harsh,0.25,0.4,0,42,eval,28,outbound,RuleBased,1,1,1,0,0,1,2
twoway_RuleBased_vs_RuleBased_harsh,twoway,RuleBased_vs_RuleBased,harsh,0.25,0.4,0,42,eval,29,outbound,RuleBased,1,1,1,0,0,1,8
twoway_RuleBased_vs_RuleBased_harsh,twoway,RuleBased_vs_RuleBased,harsh,0.25,0.4,0,42,eval,30,outbound,RuleBased,1,1,1,0,0,1,3
twoway_RuleBased_vs_RuleBased_harsh,twoway,RuleBased_vs_RuleBased,harsh,0.25,0.4,1,43,eval,1,inbound,RuleBased,1,1,1,0,0,1,9
twoway_RuleBased_vs_RuleBased_harsh,twoway,RuleBased_vs_RuleBased,harsh,0.25,0.4,1,43,eval,2,inbound,RuleBased,1,1,1,0,0,1,2
twoway_RuleBased_vs_RuleBased_harsh,twoway,RuleBased_vs_RuleBased,harsh,0.25,0.4,1,43,eval,3,inbound,RuleBased,1,1,1,0,0,1,6
twoway_RuleBased_vs_RuleBased_harsh,twoway,RuleBased_vs_RuleBased,harsh,0.25,0.4,1,43,eval,4,inbound,RuleBased,1,1,1,0,0,1,6
twoway_RuleBased_vs_RuleBased_harsh,twoway,RuleBased_vs_RuleBased,harsh,0.25,0.4,1,43,eval,5,inbound,RuleBased,1,1,1,0,0,1,5
twoway_RuleBased_vs_RuleBased_harsh,twoway,RuleBased_vs_RuleBased,harsh,0.25,0.4,1,43,eval,6,inbound,RuleBased,1,1,1,0,0,1,8
twoway_RuleBased_vs_RuleBased_harsh,twoway,RuleBased_vs_RuleBased,harsh,0.25,0.4,1,43,eval,7,inbound,RuleBased,1,1,1,0,0,1,5
twoway_RuleBased_vs_RuleBased_harsh,twoway,RuleBased_vs_RuleBased,harsh,0.25,0.4,1,43,eval,8,inbound,RuleBased,1,1,1,0,0,1,5
twoway_RuleBased_vs_RuleBased_harsh,twoway,RuleBased_vs_RuleBased,harsh,0.25,0.4,1,43,eval,9,inbound,RuleBased,1,1,1,0,0,1,6
twoway_RuleBased_vs_RuleBased_harsh,twoway,RuleBased_vs_RuleBased,harsh,0.25,0.4,1,43,eval,10,inbound,RuleBased,1,1,1,0,0,1,8
twoway_RuleBased_vs_RuleBased_harsh,twoway,RuleBased_vs_RuleBased,harsh,0.25,0.4,1,43,eval,11,inbound,RuleBased,1,1,1,0,0,1,0
twoway_RuleBased_vs_RuleBased_harsh,twoway,RuleBased_vs_RuleBased,harsh,0.25,0.4,1,43,eval,12,inbound,RuleBased,1,1,1,0,0,1,4
twoway_RuleBased_vs_RuleBased_harsh,twoway,RuleBased_vs_RuleBased,harsh,0.25,0.4,1,43,eval,13,inbound,RuleBased,1,1,1,0,0,1,8
twoway_RuleBased_vs_RuleBased_harsh,twoway,RuleBased_vs_RuleBased,harsh,0.25,0.4,1,43,eval,14,inbound,RuleBased,1,1,1,0,0,1,4
twoway_RuleBased_vs_RuleBased_harsh,twoway,RuleBased_vs_RuleBased,harsh,0.25,0.4,1,43,eval,15,inbound,RuleBased,1,1,1,0,0,1,8
twoway_RuleBased_vs_RuleBased_harsh,twoway,RuleBased_vs_RuleBased,harsh,0.25,0.4,1,43,eval,16,inbound,RuleBased,1,1,1,0,0,1,8
twoway_RuleBased_vs_RuleBased_harsh,twoway,RuleBased_vs_RuleBased,harsh,0.25,0.4,1,43,eval,17,inbound,RuleBased,1,1,1,0,0,1,5
twoway_RuleBased_vs_RuleBased_harsh,twoway,RuleBased_vs_RuleBased,harsh,0.25,0.4,1,43,eval,18,inbound,RuleBased,1,1,1,0,0,1,5
twoway_RuleBased_vs_RuleBased_harsh,twoway,RuleBased_vs_RuleBased,harsh,0.25,0.4,1,43,eval,19,inbound,RuleBased,1,1,1,0,0,1,5
twoway_RuleBased_vs_RuleBased_harsh,twoway,RuleBased_vs_RuleBased,harsh,0.25,0.4,1,43,eval,20,inbound,RuleBased,1,1,1,0,0,1,4
twoway_RuleBased_vs_RuleBased_harsh,twoway,RuleBased_vs_RuleBased,harsh,0.25,0.4,1,43,eval,21,inbound,RuleBased,1,1,1,0,0,1,2
twoway_RuleBased_vs_RuleBased_harsh,twoway,RuleBased_vs_RuleBased,harsh,0.25,0.4,1,43,eval,22,inbound,RuleBased,1,1,1,0,0,1,5
twoway_RuleBased_vs_RuleBased_harsh,twoway,RuleBased_vs_RuleBased,harsh,0.25,0.4,1,43,eval,23,inbound,RuleBased,1,1,1,0,0,1,8
twoway_RuleBased_vs_RuleBased_harsh,twoway,RuleBased_vs_RuleBased,harsh,0.25,0.4,1,43,eval,24,inbound,RuleBased,1,1,1,0,0,1,3
twoway_RuleBased_vs_RuleBased_harsh,twoway,RuleBased_vs_RuleBased,harsh,0.25,0.4,1,43,eval,25,inbound,RuleBased,1,1,1,0,0,1,6
twoway_RuleBased_vs_RuleBased_harsh,twoway,RuleBased_vs_RuleBased,harsh,0.25,0.4,1,43,eval,26,inbound,RuleBased,1,1,1,0,0,1,6
twoway_RuleBased_vs_RuleBased_harsh,twoway,RuleBased_vs_RuleBased,harsh,0.25,0.4,1,43,eval,27,inbound,RuleBased,1,1,1,0,0,1,5
twoway_RuleBased_vs_RuleBased_harsh,twoway,RuleBased_vs_RuleBased,harsh,0.25,0.4,1,43,eval,28,inbound,RuleBased,1,1,1,0,0,1,2
twoway_RuleBased_vs_RuleBased_harsh,twoway,RuleBased_vs_RuleBased,harsh,0.25,0.4,1,43,eval,29,inbound,RuleBased,1,1,1,0,0,1,10
twoway_RuleBased_vs_RuleBased_harsh,twoway,RuleBased_vs_RuleBased,harsh,0.25,0.4,1,43,eval,30,inbound,RuleBased,1,1,1,0,0,1,8
twoway_RuleBased_vs_RuleBased_harsh,twoway,RuleBased_vs_RuleBased,harsh,0.25,0.4,1,43,eval,1,outbound,RuleBased,1,1,1,0,0,1,9
twoway_RuleBased_vs_RuleBased_harsh,twoway,RuleBased_vs_RuleBased,harsh,0.25,0.4,1,43,eval,2,outbound,RuleBased,1,1,1,0,0,1,6
twoway_RuleBased_vs_RuleBased_harsh,twoway,RuleBased_vs_RuleBased,harsh,0.25,0.4,1,43,eval,3,outbound,RuleBased,1,1,1,0,0,1,6
twoway_RuleBased_vs_RuleBased_harsh,twoway,RuleBased_vs_RuleBased,harsh,0.25,0.4,1,43,eval,4,outbound,RuleBased,1,1,1,0,0,1,4
twoway_RuleBased_vs_RuleBased_harsh,twoway,RuleBased_vs_RuleBased,harsh,0.25,0.4,1,43,eval,5,outbound,RuleBased,1,1,1,0,0,1,4
twoway_RuleBased_vs_RuleBased_harsh,twoway,RuleBased_vs_RuleBased,harsh,0.25,0.4,1,43,eval,6,outbound,RuleBased,1,1,1,0,0,1,3
twoway_RuleBased_vs_RuleBased_harsh,twoway,RuleBased_vs_RuleBased,harsh,0.25,0.4,1,43,eval,7,outbound,RuleBased,1,1,1,0,0,1,6
twoway_RuleBased_vs_RuleBased_harsh,twoway,RuleBased_vs_RuleBased,harsh,0.25,0.4,1,43,eval,8,outbound,RuleBased,1,1,1,0,0,1,3
twoway_RuleBased_vs_RuleBased_harsh,twoway,RuleBased_vs_RuleBased,harsh,0.25,0.4,1,43,eval,9,outbound,RuleBased,1,1,1,0,0,1,4
twoway_RuleBased_vs_RuleBased_harsh,twoway,RuleBased_vs_RuleBased,harsh,0.25,0.4,1,43,eval,10,outbound,RuleBased,1,1,1,0,0,1,7
twoway_RuleBased_vs_RuleBased_harsh,twoway,RuleBased_vs_RuleBased,harsh,0.25,0.4,1,43,eval,11,outbound,RuleBased,1,1,1,0,0,1,6
twoway_RuleBased_vs_RuleBased_harsh,twoway,RuleBased_vs_RuleBased,harsh,0.25,0.4,1,43,eval,12,outbound,RuleBased,1,1,1,0,0,1,5
twoway_RuleBased_vs_RuleBased_harsh,twoway,RuleBased_vs_RuleBased,harsh,0.25,0.4,1,43,eval,13,outbound,RuleBased,1,1,1,0,0,1,9
twoway_RuleBased_vs_RuleBased_harsh,twoway,RuleBased_vs_RuleBased,harsh,0.25,0.4,1,43,eval,14,outbound,RuleBased,1,1,1,0,0,1,8
twoway_RuleBased_vs_RuleBased_harsh,twoway,RuleBased_vs_RuleBased,harsh,0.25,0.4,1,43,eval,15,outbound,RuleBased,1,1,1,0,0,1,8
twoway_RuleBased_vs_RuleBased_harsh,twoway,RuleBased_vs_RuleBased,harsh,0.25,0.4,1,43,eval,16,outbound,RuleBased,1,1,1,0,0,1,3
twoway_RuleBased_vs_RuleBased_harsh,twoway,RuleBased_vs_RuleBased,harsh,0.25,0.4,1,43,eval,17,outbound,RuleBased,1,1,1,0,0,1,8
twoway_RuleBased_vs_RuleBased_harsh,twoway,RuleBased_vs_RuleBased,harsh,0.25,0.4,1,43,eval,18,outbound,RuleBased,1,1,1,0,0,1,11
twoway_RuleBased_vs_RuleBased_harsh,twoway,RuleBased_vs_RuleBased,harsh,0.25,0.4,1,43,eval,19,outbound,RuleBased,1,1,1,0,0,1,3
twoway_RuleBased_vs_RuleBased_harsh,twoway,RuleBased_vs_RuleBased,harsh,0.25,0.4,1,43,eval,20,outbound,RuleBased,1,1,1,0,0,1,2
twoway_RuleBased_vs_RuleBased_harsh,twoway,RuleBased_vs_RuleBased,harsh,0.25,0.4,1,43,eval,21,outbound,RuleBased,1,1,1,0,0,1,3
twoway_RuleBased_vs_RuleBased_harsh,twoway,RuleBased_vs_RuleBased,harsh,0.25,0.4,1,43,eval,22,outbound,RuleBased,1,1,1,0,0,1,1
twoway_RuleBased_vs_RuleBased_harsh,twoway,RuleBased_vs_RuleBased,harsh,0.25,0.4,1,43,eval,23,outbound,RuleBased,1,1,1,0,0,1,7
twoway_RuleBased_vs_RuleBased_harsh,twoway,RuleBased_vs_RuleBased,harsh,0.25,0.4,1,43,eval,24,outbound,RuleBased,1,1,1,0,0,1,8
twoway_RuleBased_vs_RuleBased_harsh,twoway,RuleBased_vs_RuleBased,harsh,0.25,0.4,1,43,eval,25,outbound,RuleBased,1,1,1,0,0,1,5
twoway_RuleBased_vs_RuleBased_harsh,twoway,RuleBased_vs_RuleBased,harsh,0.25,0.4,1,43,eval,26,outbound,RuleBased,1,1,1,0,0,1,9
twoway_RuleBased_vs_RuleBased_harsh,twoway,RuleBased_vs_RuleBased,harsh,0.25,0.4,1,43,eval,27,outbound,RuleBased,1,1,1,0,0,1,7
twoway_RuleBased_vs_RuleBased_harsh,twoway,RuleBased_vs_RuleBased,harsh,0.25,0.4,1,43,eval,28,outbound,RuleBased,1,1,1,0,0,1,4
twoway_RuleBased_vs_RuleBased_harsh,twoway,RuleBased_vs_RuleBased,harsh,0.25,0.4,1,43,eval,29,outbound,RuleBased,1,1,1,0,0,1,2
twoway_RuleBased_vs_RuleBased_harsh,twoway,RuleBased_vs_RuleBased,harsh,0.25,0.4,1,43,eval,30,outbound,RuleBased,1,1,1,0,0,1,6
twoway_RuleBased_vs_RuleBased_harsh,twoway,RuleBased_vs_RuleBased,harsh,0.25,0.4,2,44,eval,1,inbound,RuleBased,1,1,1,0,0,1,7
twoway_RuleBased_vs_RuleBased_harsh,twoway,RuleBased_vs_RuleBased,harsh,0.25,0.4,2,44,eval,2,inbound,RuleBased,1,1,1,0,0,1,7
twoway_RuleBased_vs_RuleBased_harsh,twoway,RuleBased_vs_RuleBased,harsh,0.25,0.4,2,44,eval,3,inbound,RuleBased,1,1,1,0,0,1,6
twoway_RuleBased_vs_RuleBased_harsh,twoway,RuleBased_vs_RuleBased,harsh,0.25,0.4,2,44,eval,4,inbound,RuleBased,1,1,1,0,0,1,8
twoway_RuleBased_vs_RuleBased_harsh,twoway,RuleBased_vs_RuleBased,harsh,0.25,0.4,2,44,eval,5,inbound,RuleBased,1,1,1,0,0,1,12
twoway_RuleBased_vs_RuleBased_harsh,twoway,RuleBased_vs_RuleBased,harsh,0.25,0.4,2,44,eval,6,inbound,RuleBased,1,1,1,0,0,1,3
twoway_RuleBased_vs_RuleBased_harsh,twoway,RuleBased_vs_RuleBased,harsh,0.25,0.4,2,44,eval,7,inbound,RuleBased,1,1,1,0,0,1,8
twoway_RuleBased_vs_RuleBased_harsh,twoway,RuleBased_vs_RuleBased,harsh,0.25,0.4,2,44,eval,8,inbound,RuleBased,1,1,1,0,0,1,9
twoway_RuleBased_vs_RuleBased_harsh,twoway,RuleBased_vs_RuleBased,harsh,0.25,0.4,2,44,eval,9,inbound,RuleBased,1,1,1,0,0,1,15
twoway_RuleBased_vs_RuleBased_harsh,twoway,RuleBased_vs_RuleBased,harsh,0.25,0.4,2,44,eval,10,inbound,RuleBased,1,1,1,0,0,1,12
twoway_RuleBased_vs_RuleBased_harsh,twoway,RuleBased_vs_RuleBased,harsh,0.25,0.4,2,44,eval,11,inbound,RuleBased,1,1,1,0,0,1,6
twoway_RuleBased_vs_RuleBased_harsh,twoway,RuleBased_vs_RuleBased,harsh,0.25,0.4,2,44,eval,12,inbound,RuleBased,1,1,1,0,0,1,7
twoway_RuleBased_vs_RuleBased_harsh,twoway,RuleBased_vs_RuleBased,harsh,0.25,0.4,2,44,eval,13,inbound,RuleBased,1,1,1,0,0,1,3
twoway_RuleBased_vs_RuleBased_harsh,twoway,RuleBased_vs_RuleBased,harsh,0.25,0.4,2,44,eval,14,inbound,RuleBased,1,1,1,0,0,1,5
twoway_RuleBased_vs_RuleBased_harsh,twoway,RuleBased_vs_RuleBased,harsh,0.25,0.4,2,44,eval,15,inbound,RuleBased,1,1,1,0,0,1,5
twoway_RuleBased_vs_RuleBased_harsh,twoway,RuleBased_vs_RuleBased,harsh,0.25,0.4,2,44,eval,16,inbound,RuleBased,1,1,1,0,0,1,4
twoway_RuleBased_vs_RuleBased_harsh,twoway,RuleBased_vs_RuleBased,harsh,0.25,0.4,2,44,eval,17,inbound,RuleBased,1,1,1,0,0,1,8
twoway_RuleBased_vs_RuleBased_harsh,twoway,RuleBased_vs_RuleBased,harsh,0.25,0.4,2,44,eval,18,inbound,RuleBased,1,1,1,0,0,1,11
twoway_RuleBased_vs_RuleBased_harsh,twoway,RuleBased_vs_RuleBased,harsh,0.25,0.4,2,44,eval,19,inbound,RuleBased,1,1,1,0,0,1,5
twoway_RuleBased_vs_RuleBased_harsh,twoway,RuleBased_vs_RuleBased,harsh,0.25,0.4,2,44,eval,20,inbound,RuleBased,1,1,1,0,0,1,7
twoway_RuleBased_vs_RuleBased_harsh,twoway,RuleBased_vs_RuleBased,harsh,0.25,0.4,2,44,eval,21,inbound,RuleBased,1,1,1,0,0,1,7
twoway_RuleBased_vs_RuleBased_harsh,twoway,RuleBased_vs_RuleBased,harsh,0.25,0.4,2,44,eval,22,inbound,RuleBased,1,1,1,0,0,1,1
twoway_RuleBased_vs_RuleBased_harsh,twoway,RuleBased_vs_RuleBased,harsh,0.25,0.4,2,44,eval,23,inbound,RuleBased,1,1,1,0,0,1,5
twoway_RuleBased_vs_RuleBased_harsh,twoway,RuleBased_vs_RuleBased,harsh,0.25,0.4,2,44,eval,24,inbound,RuleBased,1,1,1,0,0,1,6
twoway_RuleBased_vs_RuleBased_harsh,twoway,RuleBased_vs_RuleBased,harsh,0.25,0.4,2,44,eval,25,inbound,RuleBased,1,1,1,0,0,1,8
twoway_RuleBased_vs_RuleBased_harsh,twoway,RuleBased_vs_RuleBased,harsh,0.25,0.4,2,44,eval,26,inbound,RuleBased,1,1,1,0,0,1,6
twoway_RuleBased_vs_RuleBased_harsh,twoway,RuleBased_vs_RuleBased,harsh,0.25,0.4,2,44,eval,27,inbound,RuleBased,1,1,1,0,0,1,9
twoway_RuleBased_vs_RuleBased_harsh,twoway,RuleBased_vs_RuleBased,harsh,0.25,0.4,2,44,eval,28,inbound,RuleBased,1,1,1,0,0,1,6
twoway_RuleBased_vs_RuleBased_harsh,twoway,RuleBased_vs_RuleBased,harsh,0.25,0.4,2,44,eval,29,inbound,RuleBased,1,1,1,0,0,1,9
twoway_RuleBased_vs_RuleBased_harsh,twoway,RuleBased_vs_RuleBased,harsh,0.25,0.4,2,44,eval,30,inbound,RuleBased,1,1,1,0,0,1,5
twoway_RuleBased_vs_RuleBased_harsh,twoway,RuleBased_vs_RuleBased,harsh,0.25,0.4,2,44,eval,1,outbound,RuleBased,1,1,1,0,0,1,8
twoway_RuleBased_vs_RuleBased_harsh,twoway,RuleBased_vs_RuleBased,harsh,0.25,0.4,2,44,eval,2,outbound,RuleBased,1,1,1,0,0,1,7
twoway_RuleBased_vs_RuleBased_harsh,twoway,RuleBased_vs_RuleBased,harsh,0.25,0.4,2,44,eval,3,outbound,RuleBased,1,1,1,0,0,1,8
twoway_RuleBased_vs_RuleBased_harsh,twoway,RuleBased_vs_RuleBased,harsh,0.25,0.4,2,44,eval,4,outbound,RuleBased,1,1,1,0,0,1,7
twoway_RuleBased_vs_RuleBased_harsh,twoway,RuleBased_vs_RuleBased,harsh,0.25,0.4,2,44,eval,5,outbound,RuleBased,1,1,1,0,0,1,7
twoway_RuleBased_vs_RuleBased_harsh,twoway,RuleBased_vs_RuleBased,harsh,0.25,0.4,2,44,eval,6,outbound,RuleBased,1,1,1,0,0,1,9
twoway_RuleBased_vs_RuleBased_harsh,twoway,RuleBased_vs_RuleBased,harsh,0.25,0.4,2,44,eval,7,outbound,RuleBased,1,1,1,0,0,1,10
twoway_RuleBased_vs_RuleBased_harsh,twoway,RuleBased_vs_RuleBased,harsh,0.25,0.4,2,44,eval,8,outbound,RuleBased,1,1,1,0,0,1,7
twoway_RuleBased_vs_RuleBased_harsh,twoway,RuleBased_vs_RuleBased,harsh,0.25,0.4,2,44,eval,9,outbound,RuleBased,1,1,1,0,0,1,4
twoway_RuleBased_vs_RuleBased_harsh,twoway,RuleBased_vs_RuleBased,harsh,0.25,0.4,2,44,eval,10,outbound,RuleBased,1,1,1,0,0,1,6
twoway_RuleBased_vs_RuleBased_harsh,twoway,RuleBased_vs_RuleBased,harsh,0.25,0.4,2,44,eval,11,outbound,RuleBased,1,1,1,0,0,1,4
twoway_RuleBased_vs_RuleBased_harsh,twoway,RuleBased_vs_RuleBased,harsh,0.25,0.4,2,44,eval,12,outbound,RuleBased,1,1,1,0,0,1,7
twoway_RuleBased_vs_RuleBased_harsh,twoway,RuleBased_vs_RuleBased,harsh,0.25,0.4,2,44,eval,13,outbound,RuleBased,1,1,1,0,0,1,6
twoway_RuleBased_vs_RuleBased_harsh,twoway,RuleBased_vs_RuleBased,harsh,0.25,0.4,2,44,eval,14,outbound,RuleBased,1,1,1,0,0,1,3
twoway_RuleBased_vs_RuleBased_harsh,twoway,RuleBased_vs_RuleBased,harsh,0.25,0.4,2,44,eval,15,outbound,RuleBased,1,1,1,0,0,1,4
twoway_RuleBased_vs_RuleBased_harsh,twoway,RuleBased_vs_RuleBased,harsh,0.25,0.4,2,44,eval,16,outbound,RuleBased,1,1,1,0,0,1,4
twoway_RuleBased_vs_RuleBased_harsh,twoway,RuleBased_vs_RuleBased,harsh,0.25,0.4,2,44,eval,17,outbound,RuleBased,1,1,1,0,0,1,9
twoway_RuleBased_vs_RuleBased_harsh,twoway,RuleBased_vs_RuleBased,harsh,0.25,0.4,2,44,eval,18,outbound,RuleBased,1,1,1,0,0,1,3
twoway_RuleBased_vs_RuleBased_harsh,twoway,RuleBased_vs_RuleBased,harsh,0.25,0.4,2,44,eval,19,outbound,RuleBased,1,1,1,0,0,1,8
twoway_RuleBased_vs_RuleBased_harsh,twoway,RuleBased_vs_RuleBased,harsh,0.25,0.4,2,44,eval,20,outbound,RuleBased,1,1,1,0,0,1,4
twoway_RuleBased_vs_RuleBased_harsh,twoway,RuleBased_vs_RuleBased,harsh,0.25,0.4,2,44,eval,21,outbound,RuleBased,1,1,1,0,0,1,9
twoway_RuleBased_vs_RuleBased_harsh,twoway,RuleBased_vs_RuleBased,harsh,0.25,0.4,2,44,eval,22,outbound,RuleBased,1,1,1,0,0,1,10
twoway_RuleBased_vs_RuleBased_harsh,twoway,RuleBased_vs_RuleBased,harsh,0.25,0.4,2,44,eval,23,outbound,RuleBased,1,1,1,0,0,1,3
twoway_RuleBased_vs_RuleBased_harsh,twoway,RuleBased_vs_RuleBased,harsh,0.25,0.4,2,44,eval,24,outbound,RuleBased,1,1,1,0,0,1,7
twoway_RuleBased_vs_RuleBased_harsh,twoway,RuleBased_vs_RuleBased,harsh,0.25,0.4,2,44,eval,25,outbound,RuleBased,1,1,1,0,0,1,5
twoway_RuleBased_vs_RuleBased_harsh,twoway,RuleBased_vs_RuleBased,harsh,0.25,0.4,2,44,eval,26,outbound,RuleBased,1,1,1,0,0,1,4
twoway_RuleBased_vs_RuleBased_harsh,twoway,RuleBased_vs_RuleBased,harsh,0.25,0.4,2,44,eval,27,outbound,RuleBased,1,1,1,0,0,1,8
twoway_RuleBased_vs_RuleBased_harsh,twoway,RuleBased_vs_RuleBased,harsh,0.25,0.4,2,44,eval,28,outbound,RuleBased,1,1,1,0,0,1,10
twoway_RuleBased_vs_RuleBased_harsh,twoway,RuleBased_vs_RuleBased,harsh,0.25,0.4,2,44,eval,29,outbound,RuleBased,1,1,1,0,0,1,7
twoway_RuleBased_vs_RuleBased_harsh,twoway,RuleBased_vs_RuleBased,harsh,0.25,0.4,2,44,eval,30,outbound,RuleBased,1,1,1,0,0,1,4
twoway_RuleBased_vs_RuleBased_harsh,twoway,RuleBased_vs_RuleBased,harsh,0.25,0.4,3,45,eval,1,inbound,RuleBased,1,1,1,0,0,1,6
twoway_RuleBased_vs_RuleBased_harsh,twoway,RuleBased_vs_RuleBased,harsh,0.25,0.4,3,45,eval,2,inbound,RuleBased,1,1,1,0,0,1,1
twoway_RuleBased_vs_RuleBased_harsh,twoway,RuleBased_vs_RuleBased,harsh,0.25,0.4,3,45,eval,3,inbound,RuleBased,1,1,1,0,0,1,4
twoway_RuleBased_vs_RuleBased_harsh,twoway,RuleBased_vs_RuleBased,harsh,0.25,0.4,3,45,eval,4,inbound,RuleBased,1,1,1,0,0,1,4
twoway_RuleBased_vs_RuleBased_harsh,twoway,RuleBased_vs_RuleBased,harsh,0.25,0.4,3,45,eval,5,inbound,RuleBased,1,1,1,0,0,1,9
twoway_RuleBased_vs_RuleBased_harsh,twoway,RuleBased_vs_RuleBased,harsh,0.25,0.4,3,45,eval,6,inbound,RuleBased,1,1,1,0,0,1,6
twoway_RuleBased_vs_RuleBased_harsh,twoway,RuleBased_vs_RuleBased,harsh,0.25,0.4,3,45,eval,7,inbound,RuleBased,1,1,1,0,0,1,7
twoway_RuleBased_vs_RuleBased_harsh,twoway,RuleBased_vs_RuleBased,harsh,0.25,0.4,3,45,eval,8,inbound,RuleBased,1,1,1,0,0,1,8
twoway_RuleBased_vs_RuleBased_harsh,twoway,RuleBased_vs_RuleBased,harsh,0.25,0.4,3,45,eval,9,inbound,RuleBased,1,1,1,0,0,1,6
twoway_RuleBased_vs_RuleBased_harsh,twoway,RuleBased_vs_RuleBased,harsh,0.25,0.4,3,45,eval,10,inbound,RuleBased,1,1,1,0,0,1,5
twoway_RuleBased_vs_RuleBased_harsh,twoway,RuleBased_vs_RuleBased,harsh,0.25,0.4,3,45,eval,11,inbound,RuleBased,1,1,1,0,0,1,7
twoway_RuleBased_vs_RuleBased_harsh,twoway,RuleBased_vs_RuleBased,harsh,0.25,0.4,3,45,eval,12,inbound,RuleBased,1,1,1,0,0,1,7
twoway_RuleBased_vs_RuleBased_harsh,twoway,RuleBased_vs_RuleBased,harsh,0.25,0.4,3,45,eval,13,inbound,RuleBased,1,1,1,0,0,1,10
twoway_RuleBased_vs_RuleBased_harsh,twoway,RuleBased_vs_RuleBased,harsh,0.25,0.4,3,45,eval,14,inbound,RuleBased,1,1,1,0,0,1,10
twoway_RuleBased_vs_RuleBased_harsh,twoway,RuleBased_vs_RuleBased,harsh,0.25,0.4,3,45,eval,15,inbound,RuleBased,1,1,1,0,0,1,8
twoway_RuleBased_vs_RuleBased_harsh,twoway,RuleBased_vs_RuleBased,harsh,0.25,0.4,3,45,eval,16,inbound,RuleBased,1,1,1,0,0,1,10
twoway_RuleBased_vs_RuleBased_harsh,twoway,RuleBased_vs_RuleBased,harsh,0.25,0.4,3,45,eval,17,inbound,RuleBased,1,1,1,0,0,1,5
twoway_RuleBased_vs_RuleBased_harsh,twoway,RuleBased_vs_RuleBased,harsh,0.25,0.4,3,45,eval,18,inbound,RuleBased,1,1,1,0,0,1,7
twoway_RuleBased_vs_RuleBased_harsh,twoway,RuleBased_vs_RuleBased,harsh,0.25,0.4,3,45,eval,19,inbound,RuleBased,1,1,1,0,0,1,6
twoway_RuleBased_vs_RuleBased_harsh,twoway,RuleBased_vs_RuleBased,harsh,0.25,0.4,3,45,eval,20,inbound,RuleBased,1,1,1,0,0,1,6
twoway_RuleBased_vs_RuleBased_harsh,twoway,RuleBased_vs_RuleBased,harsh,0.25,0.4,3,45,eval,21,inbound,RuleBased,1,1,1,0,0,1,8
twoway_RuleBased_vs_RuleBased_harsh,twoway,RuleBased_vs_RuleBased,harsh,0.25,0.4,3,45,eval,22,inbound,RuleBased,1,1,1,0,0,1,4
twoway_RuleBased_vs_RuleBased_harsh,twoway,RuleBased_vs_RuleBased,harsh,0.25,0.4,3,45,eval,23,inbound,RuleBased,1,1,1,0,0,1,5
twoway_RuleBased_vs_RuleBased_harsh,twoway,RuleBased_vs_RuleBased,harsh,0.25,0.4,3,45,eval,24,inbound,RuleBased,1,1,1,0,0,1,2
twoway_RuleBased_vs_RuleBased_harsh,twoway,RuleBased_vs_RuleBased,harsh,0.25,0.4,3,45,eval,25,inbound,RuleBased,1,1,1,0,0,1,7
twoway_RuleBased_vs_RuleBased_harsh,twoway,RuleBased_vs_RuleBased,harsh,0.25,0.4,3,45,eval,26,inbound,RuleBased,1,1,1,0,0,1,6
twoway_RuleBased_vs_RuleBased_harsh,twoway,RuleBased_vs_RuleBased,harsh,0.25,0.4,3,45,eval,27,inbound,RuleBased,1,1,1,0,0,1,9
twoway_RuleBased_vs_RuleBased_harsh,twoway,RuleBased_vs_RuleBased,harsh,0.25,0.4,3,45,eval,28,inbound,RuleBased,1,1,1,0,0,1,2
twoway_RuleBased_vs_RuleBased_harsh,twoway,RuleBased_vs_RuleBased,harsh,0.25,0.4,3,45,eval,29,inbound,RuleBased,1,1,1,0,0,1,11
twoway_RuleBased_vs_RuleBased_harsh,twoway,RuleBased_vs_RuleBased,harsh,0.25,0.4,3,45,eval,30,inbound,RuleBased,1,1,1,0,0,1,9
twoway_RuleBased_vs_RuleBased_harsh,twoway,RuleBased_vs_RuleBased,harsh,0.25,0.4,3,45,eval,1,outbound,RuleBased,1,1,1,0,0,1,3
twoway_RuleBased_vs_RuleBased_harsh,twoway,RuleBased_vs_RuleBased,harsh,0.25,0.4,3,45,eval,2,outbound,RuleBased,1,1,1,0,0,1,8
twoway_RuleBased_vs_RuleBased_harsh,twoway,RuleBased_vs_RuleBased,harsh,0.25,0.4,3,45,eval,3,outbound,RuleBased,1,1,1,0,0,1,5
twoway_RuleBased_vs_RuleBased_harsh,twoway,RuleBased_vs_RuleBased,harsh,0.25,0.4,3,45,eval,4,outbound,RuleBased,1,1,1,0,0,1,2
twoway_RuleBased_vs_RuleBased_harsh,twoway,RuleBased_vs_RuleBased,harsh,0.25,0.4,3,45,eval,5,outbound,RuleBased,1,1,1,0,0,1,4
twoway_RuleBased_vs_RuleBased_harsh,twoway,RuleBased_vs_RuleBased,harsh,0.25,0.4,3,45,eval,6,outbound,RuleBased,1,1,1,0,0,1,9
twoway_RuleBased_vs_RuleBased_harsh,twoway,RuleBased_vs_RuleBased,harsh,0.25,0.4,3,45,eval,7,outbound,RuleBased,1,1,1,0,0,1,5
twoway_RuleBased_vs_RuleBased_harsh,twoway,RuleBased_vs_RuleBased,harsh,0.25,0.4,3,45,eval,8,outbound,RuleBased,1,1,1,0,0,1,9
twoway_RuleBased_vs_RuleBased_harsh,twoway,RuleBased_vs_RuleBased,harsh,0.25,0.4,3,45,eval,9,outbound,RuleBased,1,1,1,0,0,1,7
twoway_RuleBased_vs_RuleBased_harsh,twoway,RuleBased_vs_RuleBased,harsh,0.25,0.4,3,45,eval,10,outbound,RuleBased,1,1,1,0,0,1,7
twoway_RuleBased_vs_RuleBased_harsh,twoway,RuleBased_vs_RuleBased,harsh,0.25,0.4,3,45,eval,11,outbound,RuleBased,1,1,1,0,0,1,2
twoway_RuleBased_vs_RuleBased_harsh,twoway,RuleBased_vs_RuleBased,harsh,0.25,0.4,3,45,eval,12,outbound,RuleBased,1,1,1,0,0,1,9
twoway_RuleBased_vs_RuleBased_harsh,twoway,RuleBased_vs_RuleBased,harsh,0.25,0.4,3,45,eval,13,outbound,RuleBased,1,1,1,0,0,1,4
twoway_RuleBased_vs_RuleBased_harsh,twoway,RuleBased_vs_RuleBased,harsh,0.25,0.4,3,45,eval,14,outbound,RuleBased,1,1,1,0,0,1,6
twoway_RuleBased_vs_RuleBased_harsh,twoway,RuleBased_vs_RuleBased,harsh,0.25,0.4,3,45,eval,15,outbound,RuleBased,1,1,1,0,0,1,6
twoway_RuleBased_vs_RuleBased_harsh,twoway,RuleBased_vs_RuleBased,harsh,0.25,0.4,3,45,eval,16,outbound,RuleBased,1,1,1,0,0,1,14
twoway_RuleBased_vs_RuleBased_harsh,twoway,RuleBased_vs_RuleBased,harsh,0.25,0.4,3,45,eval,17,outbound,RuleBased,1,1,1,0,0,1,6
twoway_RuleBased_vs_RuleBased_harsh,twoway,RuleBased_vs_RuleBased,harsh,0.25,0.4,3,45,eval,18,outbound,RuleBased,1,1,1,0,0,1,10
twoway_RuleBased_vs_RuleBased_harsh,twoway,RuleBased_vs_RuleBased,harsh,0.25,0.4,3,45,eval,19,outbound,RuleBased,1,1,1,0,0,1,4
twoway_RuleBased_vs_RuleBased_harsh,twoway,RuleBased_vs_RuleBased,harsh,0.25,0.4,3,45,eval,20,outbound,RuleBased,1,1,1,0,0,1,7
twoway_RuleBased_vs_RuleBased_harsh,twoway,RuleBased_vs_RuleBased,harsh,0.25,0.4,3,45,eval,21,outbound,RuleBased,1,1,1,0,0,1,4
twoway_RuleBased_vs_RuleBased_harsh,twoway,RuleBased_vs_RuleBased,harsh,0.25,0.4,3,45,eval,22,outbound,RuleBased,1,1,1,0,0,1,3
twoway_RuleBased_vs_RuleBased_harsh,twoway,RuleBased_vs_RuleBased,harsh,0.25,0.4,3,45,eval,23,outbound,RuleBased,1,1,1,0,0,1,10
twoway_RuleBased_vs_RuleBased_harsh,twoway,RuleBased_vs_RuleBased,harsh,0.25,0.4,3,45,eval,24,outbound,RuleBased,1,1,1,0,0,1,8
twoway_RuleBased_vs_RuleBased_harsh,twoway,RuleBased_vs_RuleBased,harsh,0.25,0.4,3,45,eval,25,outbound,RuleBased,1,1,1,0,0,1,8
twoway_RuleBased_vs_RuleBased_harsh,twoway,RuleBased_vs_RuleBased,harsh,0.25,0.4,3,45,eval,26,outbound,RuleBased,1,1,1,0,0,1,4
twoway_RuleBased_vs_RuleBased_harsh,twoway,RuleBased_vs_RuleBased,harsh,0.25,0.4,3,45,eval,27,outbound,RuleBased,1,1,1,0,0,1,8
twoway_RuleBased_vs_RuleBased_harsh,twoway,RuleBased_vs_RuleBased,harsh,0.25,0.4,3,45,eval,28,outbound,RuleBased,1,1,1,0,0,1,7
twoway_RuleBased_vs_RuleBased_harsh,twoway,RuleBased_vs_RuleBased,harsh,0.25,0.4,3,45,eval,29,outbound,RuleBased,1,1,1,0,0,1,8
twoway_RuleBased_vs_RuleBased_harsh,twoway,RuleBased_vs_RuleBased,harsh,0.25,0.4,3,45,eval,30,outbound,RuleBased,1,1,1,0,0,1,8
twoway_RuleBased_vs_RuleBased_harsh,twoway,RuleBased_vs_RuleBased,harsh,0.25,0.4,4,46,eval,1,inbound,RuleBased,1,1,1,0,0,1,5
twoway_RuleBased_vs_RuleBased_harsh,twoway,RuleBased_vs_RuleBased,harsh,0.25,0.4,4,46,eval,2,inbound,RuleBased,1,1,1,0,0,1,7
twoway_RuleBased_vs_RuleBased_harsh,twoway,RuleBased_vs_RuleBased,harsh,0.25,0.4,4,46,eval,3,inbound,RuleBased,1,1,1,0,0,1,11
twoway_RuleBased_vs_RuleBased_harsh,twoway,RuleBased_vs_RuleBased,harsh,0.25,0.4,4,46,eval,4,inbound,RuleBased,1,1,1,0,0,1,4
twoway_RuleBased_vs_RuleBased_harsh,twoway,RuleBased_vs_RuleBased,harsh,0.25,0.4,4,46,eval,5,inbound,RuleBased,1,1,1,0,0,1,11
twoway_RuleBased_vs_RuleBased_harsh,twoway,RuleBased_vs_RuleBased,harsh,0.25,0.4,4,46,eval,6,inbound,RuleBased,1,1,1,0,0,1,7
twoway_RuleBased_vs_RuleBased_harsh,twoway,RuleBased_vs_RuleBased,harsh,0.25,0.4,4,46,eval,7,inbound,RuleBased,1,1,1,0,0,1,4
twoway_RuleBased_vs_RuleBased_harsh,twoway,RuleBased_vs_RuleBased,harsh,0.25,0.4,4,46,eval,8,inbound,RuleBased,1,1,1,0,0,1,9
twoway_RuleBased_vs_RuleBased_harsh,twoway,RuleBased_vs_RuleBased,harsh,0.25,0.4,4,46,eval,9,inbound,RuleBased,1,1,1,0,0,1,9
twoway_RuleBased_vs_RuleBased_harsh,twoway,RuleBased_vs_RuleBased,harsh,0.25,0.4,4,46,eval,10,inbound,RuleBased,1,1,1,0,0,1,6
twoway_RuleBased_vs_RuleBased_harsh,twoway,RuleBased_vs_RuleBased,harsh,0.25,0.4,4,46,eval,11,inbound,RuleBased,1,1,1,0,0,1,6
twoway_RuleBased_vs_RuleBased_harsh,twoway,RuleBased_vs_RuleBased,harsh,0.25,0.4,4,46,eval,12,inbound,RuleBased,1,1,1,0,0,1,7
twoway_RuleBased_vs_RuleBased_harsh,twoway,RuleBased_vs_RuleBased,harsh,0.25,0.4,4,46,eval,13,inbound,RuleBased,1,1,1,0,0,1,3
twoway_RuleBased_vs_RuleBased_harsh,twoway,RuleBased_vs_RuleBased,harsh,0.25,0.4,4,46,eval,14,inbound,RuleBased,1,1,1,0,0,1,5
twoway_RuleBased_vs_RuleBased_harsh,twoway,RuleBased_vs_RuleBased,harsh,0.25,0.4,4,46,eval,15,inbound,RuleBased,1,1,1,0,0,1,6
twoway_RuleBased_vs_RuleBased_harsh,twoway,RuleBased_vs_RuleBased,harsh,0.25,0.4,4,46,eval,16,inbound,RuleBased,1,1,1,0,0,1,5
twoway_RuleBased_vs_RuleBased_harsh,twoway,RuleBased_vs_RuleBased,harsh,0.25,0.4,4,46,eval,17,inbound,RuleBased,1,1,1,0,0,1,4
twoway_RuleBased_vs_RuleBased_harsh,twoway,RuleBased_vs_RuleBased,harsh,0.25,0.4,4,46,eval,18,inbound,RuleBased,1,1,1,0,0,1,5
twoway_RuleBased_vs_RuleBased_harsh,twoway,RuleBased_vs_RuleBased,harsh,0.25,0.4,4,46,eval,19,inbound,RuleBased,1,1,1,0,0,1,8
twoway_RuleBased_vs_RuleBased_harsh,twoway,RuleBased_vs_RuleBased,harsh,0.25,0.4,4,46,eval,20,inbound,RuleBased,1,1,1,0,0,1,8
twoway_RuleBased_vs_RuleBased_harsh,twoway,RuleBased_vs_RuleBased,harsh,0.25,0.4,4,46,eval,21,inbound,RuleBased,1,1,1,0,0,1,6
twoway_RuleBased_vs_RuleBased_harsh,twoway,RuleBased_vs_RuleBased,harsh,0.25,0.4,4,46,eval,22,inbound,RuleBased,1,1,1,0,0,1,6
twoway_RuleBased_vs_RuleBased_harsh,twoway,RuleBased_vs_RuleBased,harsh,0.25,0.4,4,46,eval,23,inbound,RuleBased,1,1,1,0,0,1,8
twoway_RuleBased_vs_RuleBased_harsh,twoway,RuleBased_vs_RuleBased,harsh,0.25,0.4,4,46,eval,24,inbound,RuleBased,1,1,1,0,0,1,4
twoway_RuleBased_vs_RuleBased_harsh,twoway,RuleBased_vs_RuleBased,harsh,0.25,0.4,4,46,eval,25,inbound,RuleBased,1,1,1,0,0,1,5
twoway_RuleBased_vs_RuleBased_harsh,twoway,RuleBased_vs_RuleBased,harsh,0.25,0.4,4,46,eval,26,inbound,RuleBased,1,1,1,0,0,1,6
twoway_RuleBased_vs_RuleBased_harsh,twoway,RuleBased_vs_RuleBased,harsh,0.25,0.4,4,46,eval,27,inbound,RuleBased,1,1,1,0,0,1,11
twoway_RuleBased_vs_RuleBased_harsh,twoway,RuleBased_vs_RuleBased,harsh,0.25,0.4,4,46,eval,28,inbound,RuleBased,1,1,1,0,0,1,8
twoway_RuleBased_vs_RuleBased_harsh,twoway,RuleBased_vs_RuleBased,harsh,0.25,0.4,4,46,eval,29,inbound,RuleBased,1,1,1,0,0,1,5
twoway_RuleBased_vs_RuleBased_harsh,twoway,RuleBased_vs_RuleBased,harsh,0.25,0.4,4,46,eval,30,inbound,RuleBased,1,1,1,0,0,1,5
twoway_RuleBased_vs_RuleBased_harsh,twoway,RuleBased_vs_RuleBased,harsh,0.25,0.4,4,46,eval,1,outbound,RuleBased,1,1,1,0,0,1,5
twoway_RuleBased_vs_RuleBased_harsh,twoway,RuleBased_vs_RuleBased,harsh,0.25,0.4,4,46,eval,2,outbound,RuleBased,1,1,1,0,0,1,4
twoway_RuleBased_vs_RuleBased_harsh,twoway,RuleBased_vs_RuleBased,harsh,0.25,0.4,4,46,eval,3,outbound,RuleBased,1,1,1,0,0,1,7
twoway_RuleBased_vs_RuleBased_harsh,twoway,RuleBased_vs_RuleBased,harsh,0.25,0.4,4,46,eval,4,outbound,RuleBased,1,1,1,0,0,1,5
twoway_RuleBased_vs_RuleBased_harsh,twoway,RuleBased_vs_RuleBased,harsh,0.25,0.4,4,46,eval,5,outbound,RuleBased,1,1,1,0,0,1,1
twoway_RuleBased_vs_RuleBased_harsh,twoway,RuleBased_vs_RuleBased,harsh,0.25,0.4,4,46,eval,6,outbound,RuleBased,1,1,1,0,0,1,7
twoway_RuleBased_vs_RuleBased_harsh,twoway,RuleBased_vs_RuleBased,harsh,0.25,0.4,4,46,eval,7,outbound,RuleBased,1,1,1,0,0,1,9
twoway_RuleBased_vs_RuleBased_harsh,twoway,RuleBased_vs_RuleBased,harsh,0.25,0.4,4,46,eval,8,outbound,RuleBased,1,1,1,0,0,1,10
twoway_RuleBased_vs_RuleBased_harsh,twoway,RuleBased_vs_RuleBased,harsh,0.25,0.4,4,46,eval,9,outbound,RuleBased,1,1,1,0,0,1,8
twoway_RuleBased_vs_RuleBased_harsh,twoway,RuleBased_vs_RuleBased,harsh,0.25,0.4,4,46,eval,10,outbound,RuleBased,1,1,1,0,0,1,9
twoway_RuleBased_vs_RuleBased_harsh,twoway,RuleBased_vs_RuleBased,harsh,0.25,0.4,4,46,eval,11,outbound,RuleBased,1,1,1,0,0,1,7
twoway_RuleBased_vs_RuleBased_harsh,twoway,RuleBased_vs_RuleBased,harsh,0.25,0.4,4,46,eval,12,outbound,RuleBased,1,1,1,0,0,1,3
twoway_RuleBased_vs_RuleBased_harsh,twoway,RuleBased_vs_RuleBased,harsh,0.25,0.4,4,46,eval,13,outbound,RuleBased,1,1,1,0,0,1,10
twoway_RuleBased_vs_RuleBased_harsh,twoway,RuleBased_vs_RuleBased,harsh,0.25,0.4,4,46,eval,14,outbound,RuleBased,1,1,1,0,0,1,8
twoway_RuleBased_vs_RuleBased_harsh,twoway,RuleBased_vs_RuleBased,harsh,0.25,0.4,4,46,eval,15,outbound,RuleBased,1,1,1,0,0,1,4
twoway_RuleBased_vs_RuleBased_harsh,twoway,RuleBased_vs_RuleBased,harsh,0.25,0.4,4,46,eval,16,outbound,RuleBased,1,1,1,0,0,1,9
twoway_RuleBased_vs_RuleBased_harsh,twoway,RuleBased_vs_RuleBased,harsh,0.25,0.4,4,46,eval,17,outbound,RuleBased,1,1,1,0,0,1,4
twoway_RuleBased_vs_RuleBased_harsh,twoway,RuleBased_vs_RuleBased,harsh,0.25,0.4,4,46,eval,18,outbound,RuleBased,1,1,1,0,0,1,4
twoway_RuleBased_vs_RuleBased_harsh,twoway,RuleBased_vs_RuleBased,harsh,0.25,0.4,4,46,eval,19,outbound,RuleBased,1,1,1,0,0,1,7
twoway_RuleBased_vs_RuleBased_harsh,twoway,RuleBased_vs_RuleBased,harsh,0.25,0.4,4,46,eval,20,outbound,RuleBased,1,1,1,0,0,1,10
twoway_RuleBased_vs_RuleBased_harsh,twoway,RuleBased_vs_RuleBased,harsh,0.25,0.4,4,46,eval,21,outbound,RuleBased,1,1,1,0,0,1,5
twoway_RuleBased_vs_RuleBased_harsh,twoway,RuleBased_vs_RuleBased,harsh,0.25,0.4,4,46,eval,22,outbound,RuleBased,1,1,1,0,0,1,7
twoway_RuleBased_vs_RuleBased_harsh,twoway,RuleBased_vs_RuleBased,harsh,0.25,0.4,4,46,eval,23,outbound,RuleBased,1,1,1,0,0,1,6
twoway_RuleBased_vs_RuleBased_harsh,twoway,RuleBased_vs_RuleBased,harsh,0.25,0.4,4,46,eval,24,outbound,RuleBased,1,1,1,0,0,1,7
twoway_RuleBased_vs_RuleBased_harsh,twoway,RuleBased_vs_RuleBased,harsh,0.25,0.4,4,46,eval,25,outbound,RuleBased,1,1,1,0,0,1,6
twoway_RuleBased_vs_RuleBased_harsh,twoway,RuleBased_vs_RuleBased,harsh,0.25,0.4,4,46,eval,26,outbound,RuleBased,1,1,1,0,0,1,7
twoway_RuleBased_vs_RuleBased_harsh,twoway,RuleBased_vs_RuleBased,harsh,0.25,0.4,4,46,eval,27,outbound,RuleBased,1,1,1,0,0,1,6
twoway_RuleBased_vs_RuleBased_harsh,twoway,RuleBased_vs_RuleBased,harsh,0.25,0.4,4,46,eval,28,outbound,RuleBased,1,1,1,0,0,1,4
twoway_RuleBased_vs_RuleBased_harsh,twoway,RuleBased_vs_RuleBased,harsh,0.25,0.4,4,46,eval,29,outbound,RuleBased,1,1,1,0,0,1,9
twoway_RuleBased_vs_RuleBased_harsh,twoway,RuleBased_vs_RuleBased,harsh,0.25,0.4,4,46,eval,30,outbound,RuleBased,1,1,1,0,0,1,7
twoway_RuleBased_vs_RuleBased_harsh,twoway,RuleBased_vs_RuleBased,harsh,0.25,0.4,5,47,eval,1,inbound,RuleBased,1,1,1,0,0,1,7
twoway_RuleBased_vs_RuleBased_harsh,twoway,RuleBased_vs_RuleBased,harsh,0.25,0.4,5,47,eval,2,inbound,RuleBased,1,1,1,0,0,1,10
twoway_RuleBased_vs_RuleBased_harsh,twoway,RuleBased_vs_RuleBased,harsh,0.25,0.4,5,47,eval,3,inbound,RuleBased,1,1,1,0,0,1,11
twoway_RuleBased_vs_RuleBased_harsh,twoway,RuleBased_vs_RuleBased,harsh,0.25,0.4,5,47,eval,4,inbound,RuleBased,1,1,1,0,0,1,6
twoway_RuleBased_vs_RuleBased_harsh,twoway,RuleBased_vs_RuleBased,harsh,0.25,0.4,5,47,eval,5,inbound,RuleBased,1,1,1,0,0,1,10
twoway_RuleBased_vs_RuleBased_harsh,twoway,RuleBased_vs_RuleBased,harsh,0.25,0.4,5,47,eval,6,inbound,RuleBased,1,1,1,0,0,1,9
twoway_RuleBased_vs_RuleBased_harsh,twoway,RuleBased_vs_RuleBased,harsh,0.25,0.4,5,47,eval,7,inbound,RuleBased,1,1,1,0,0,1,9
twoway_RuleBased_vs_RuleBased_harsh,twoway,RuleBased_vs_RuleBased,harsh,0.25,0.4,5,47,eval,8,inbound,RuleBased,1,1,1,0,0,1,10
twoway_RuleBased_vs_RuleBased_harsh,twoway,RuleBased_vs_RuleBased,harsh,0.25,0.4,5,47,eval,9,inbound,RuleBased,1,1,1,0,0,1,5
twoway_RuleBased_vs_RuleBased_harsh,twoway,RuleBased_vs_RuleBased,harsh,0.25,0.4,5,47,eval,10,inbound,RuleBased,1,1,1,0,0,1,6
twoway_RuleBased_vs_RuleBased_harsh,twoway,RuleBased_vs_RuleBased,harsh,0.25,0.4,5,47,eval,11,inbound,RuleBased,1,1,1,0,0,1,8
twoway_RuleBased_vs_RuleBased_harsh,twoway,RuleBased_vs_RuleBased,harsh,0.25,0.4,5,47,eval,12,inbound,RuleBased,1,1,1,0,0,1,8
twoway_RuleBased_vs_RuleBased_harsh,twoway,RuleBased_vs_RuleBased,harsh,0.25,0.4,5,47,eval,13,inbound,RuleBased,1,1,1,0,0,1,5
twoway_RuleBased_vs_RuleBased_harsh,twoway,RuleBased_vs_RuleBased,harsh,0.25,0.4,5,47,eval,14,inbound,RuleBased,1,1,1,0,0,1,6
twoway_RuleBased_vs_RuleBased_harsh,twoway,RuleBased_vs_RuleBased,harsh,0.25,0.4,5,47,eval,15,inbound,RuleBased,1,1,1,0,0,1,6
twoway_RuleBased_vs_RuleBased_harsh,twoway,RuleBased_vs_RuleBased,harsh,0.25,0.4,5,47,eval,16,inbound,RuleBased,1,1,1,0,0,1,7
twoway_RuleBased_vs_RuleBased_harsh,twoway,RuleBased_vs_RuleBased,harsh,0.25,0.4,5,47,eval,17,inbound,RuleBased,1,1,1,0,0,1,10
twoway_RuleBased_vs_RuleBased_harsh,twoway,RuleBased_vs_RuleBased,harsh,0.25,0.4,5,47,eval,18,inbound,RuleBased,1,1,1,0,0,1,3
twoway_RuleBased_vs_RuleBased_harsh,twoway,RuleBased_vs_RuleBased,harsh,0.25,0.4,5,47,eval,19,inbound,RuleBased,1,1,1,0,0,1,3
twoway_RuleBased_vs_RuleBased_harsh,twoway,RuleBased_vs_RuleBased,harsh,0.25,0.4,5,47,eval,20,inbound,RuleBased,1,1,1,0,0,1,4
twoway_RuleBased_vs_RuleBased_harsh,twoway,RuleBased_vs_RuleBased,harsh,0.25,0.4,5,47,eval,21,inbound,RuleBased,1,1,1,0,0,1,10
twoway_RuleBased_vs_RuleBased_harsh,twoway,RuleBased_vs_RuleBased,harsh,0.25,0.4,5,47,eval,22,inbound,RuleBased,1,1,1,0,0,1,9
twoway_RuleBased_vs_RuleBased_harsh,twoway,RuleBased_vs_RuleBased,harsh,0.25,0.4,5,47,eval,23,inbound,RuleBased,1,1,1,0,0,1,6
twoway_RuleBased_vs_RuleBased_harsh,twoway,RuleBased_vs_RuleBased,harsh,0.25,0.4,5,47,eval,24,inbound,RuleBased,1,1,1,0,0,1,8
twoway_RuleBased_vs_RuleBased_harsh,twoway,RuleBased_vs_RuleBased,harsh,0.25,0.4,5,47,eval,25,inbound,RuleBased,1,1,1,0,0,1,10
twoway_RuleBased_vs_RuleBased_harsh,twoway,RuleBased_vs_RuleBased,harsh,0.25,0.4,5,47,eval,26,inbound,RuleBased,1,1,1,0,0,1,2
twoway_RuleBased_vs_RuleBased_harsh,twoway,RuleBased_vs_RuleBased,harsh,0.25,0.4,5,47,eval,27,inbound,RuleBased,1,1,1,0,0,1,9
twoway_RuleBased_vs_RuleBased_harsh,twoway,RuleBased_vs_RuleBased,harsh,0.25,0.4,5,47,eval,28,inbound,RuleBased,1,1,1,0,0,1,5
twoway_RuleBased_vs_RuleBased_harsh,twoway,RuleBased_vs_RuleBased,harsh,0.25,0.4,5,47,eval,29,inbound,RuleBased,1,1,1,0,0,1,7
twoway_RuleBased_vs_RuleBased_harsh,twoway,RuleBased_vs_RuleBased,harsh,0.25,0.4,5,47,eval,30,inbound,RuleBased,1,1,1,0,0,1,4
twoway_RuleBased_vs_RuleBased_harsh,twoway,RuleBased_vs_RuleBased,harsh,0.25,0.4,5,47,eval,1,outbound,RuleBased,1,1,1,0,0,1,6
twoway_RuleBased_vs_RuleBased_harsh,twoway,RuleBased_vs_RuleBased,harsh,0.25,0.4,5,47,eval,2,outbound,RuleBased,1,1,1,0,0,1,3
twoway_RuleBased_vs_RuleBased_harsh,twoway,RuleBased_vs_RuleBased,harsh,0.25,0.4,5,47,eval,3,outbound,RuleBased,1,1,1,0,0,1,7
twoway_RuleBased_vs_RuleBased_harsh,twoway,RuleBased_vs_RuleBased,harsh,0.25,0.4,5,47,eval,4,outbound,RuleBased,1,1,1,0,0,1,8
twoway_RuleBased_vs_RuleBased_harsh,twoway,RuleBased_vs_RuleBased,harsh,0.25,0.4,5,47,eval,5,outbound,RuleBased,1,1,1,0,0,1,7
twoway_RuleBased_vs_RuleBased_harsh,twoway,RuleBased_vs_RuleBased,harsh,0.25,0.4,5,47,eval,6,outbound,RuleBased,1,1,1,0,0,1,7
twoway_RuleBased_vs_RuleBased_harsh,twoway,RuleBased_vs_RuleBased,harsh,0.25,0.4,5,47,eval,7,outbound,RuleBased,1,1,1,0,0,1,3
twoway_RuleBased_vs_RuleBased_harsh,twoway,RuleBased_vs_RuleBased,harsh,0.25,0.4,5,47,eval,8,outbound,RuleBased,1,1,1,0,0,1,5
twoway_RuleBased_vs_RuleBased_harsh,twoway,RuleBased_vs_RuleBased,harsh,0.25,0.4,5,47,eval,9,outbound,RuleBased,1,1,1,0,0,1,6
twoway_RuleBased_vs_RuleBased_harsh,twoway,RuleBased_vs_RuleBased,harsh,0.25,0.4,5,47,eval,10,outbound,RuleBased,1,1,1,0,0,1,4
twoway_RuleBased_vs_RuleBased_harsh,twoway,RuleBased_vs_RuleBased,harsh,0.25,0.4,5,47,eval,11,outbound,RuleBased,1,1,1,0,0,1,8
twoway_RuleBased_vs_RuleBased_harsh,twoway,RuleBased_vs_RuleBased,harsh,0.25,0.4,5,47,eval,12,outbound,RuleBased,1,1,1,0,0,1,2
twoway_RuleBased_vs_RuleBased_harsh,twoway,RuleBased_vs_RuleBased,harsh,0.25,0.4,5,47,eval,13,outbound,RuleBased,1,1,1,0,0,1,3
twoway_RuleBased_vs_RuleBased_harsh,twoway,RuleBased_vs_RuleBased,harsh,0.25,0.4,5,47,eval,14,outbound,RuleBased,1,1,1,0,0,1,2
twoway_RuleBased_vs_RuleBased_harsh,twoway,RuleBased_vs_RuleBased,harsh,0.25,0.4,5,47,eval,15,outbound,RuleBased,1,1,1,0,0,1,6
twoway_RuleBased_vs_RuleBased_harsh,twoway,RuleBased_vs_RuleBased,harsh,0.25,0.4,5,47,eval,16,outbound,RuleBased,1,1,1,0,0,1,7
twoway_RuleBased_vs_RuleBased_harsh,twoway,RuleBased_vs_RuleBased,harsh,0.25,0.4,5,47,eval,17,outbound,RuleBased,1,1,1,0,0,1,7
twoway_RuleBased_vs_RuleBased_harsh,twoway,RuleBased_vs_RuleBased,harsh,0.25,0.4,5,47,eval,18,outbound,RuleBased,1,1,1,0,0,1,8
twoway_RuleBased_vs_RuleBased_harsh,twoway,RuleBased_vs_RuleBased,harsh,0.25,0.4,5,47,eval,19,outbound,RuleBased,1,1,1,0,0,1,6
twoway_RuleBased_vs_RuleBased_harsh,twoway,RuleBased_vs_RuleBased,harsh,0.25,0.4,5,47,eval,20,outbound,RuleBased,1,1,1,0,0,1,3
twoway_RuleBased_vs_RuleBased_harsh,twoway,RuleBased_vs_RuleBased,harsh,0.25,0.4,5,47,eval,21,outbound,RuleBased,1,1,1,0,0,1,5
twoway_RuleBased_vs_RuleBased_harsh,twoway,RuleBased_vs_RuleBased,harsh,0.25,0.4,5,47,eval,22,outbound,RuleBased,1,1,1,0,0,1,5
twoway_RuleBased_vs_RuleBased_harsh,twoway,RuleBased_vs_RuleBased,harsh,0.25,0.4,5,47,eval,23,outbound,RuleBased,1,1,1,0,0,1,6
twoway_RuleBased_vs_RuleBased_harsh,twoway,RuleBased_vs_RuleBased,harsh,0.25,0.4,5,47,eval,24,outbound,RuleBased,1,1,1,0,0,1,9
twoway_RuleBased_vs_RuleBased_harsh,twoway,RuleBased_vs_RuleBased,harsh,0.25,0.4,5,47,eval,25,outbound,RuleBased,1,1,1,0,0,1,5
twoway_RuleBased_vs_RuleBased_harsh,twoway,RuleBased_vs_RuleBased,harsh,0.25,0.4,5,47,eval,26,outbound,RuleBased,1,1,1,0,0,1,2
twoway_RuleBased_vs_RuleBased_harsh,twoway,RuleBased_vs_RuleBased,harsh,0.25,0.4,5,47,eval,27,outbound,RuleBased,1,1,1,0,0,1,5
twoway_RuleBased_vs_RuleBased_harsh,twoway,RuleBased_vs_RuleBased,harsh,0.25,0.4,5,47,eval,28,outbound,RuleBased,1,1,1,0,0,1,4
twoway_RuleBased_vs_RuleBased_harsh,twoway,RuleBased_vs_RuleBased,harsh,0.25,0.4,5,47,eval,29,outbound,RuleBased,1,1,1,0,0,1,10
twoway_RuleBased_vs_RuleBased_harsh,twoway,RuleBased_vs_RuleBased,harsh,0.25,0.4,5,47,eval,30,outbound,RuleBased,1,1,1,0,0,1,8
twoway_DQN_vs_RuleBased_clean,twoway,DQN_vs_RuleBased,clean,0,0,0,42,eval,1,inbound,DQN,0,1,1,0,0,1,0
twoway_DQN_vs_RuleBased_clean,twoway,DQN_vs_RuleBased,clean,0,0,0,42,eval,2,inbound,DQN,1,1,1,0,0,1,0
twoway_DQN_vs_RuleBased_clean,twoway,DQN_vs_RuleBased,clean,0,0,0,42,eval,3,inbound,DQN,1,1,1,0,0,1,0
twoway_DQN_vs_RuleBased_clean,twoway,DQN_vs_RuleBased,clean,0,0,0,42,eval,4,inbound,DQN,1,1,1,0,0,1,0
twoway_DQN_vs_RuleBased_clean,twoway,DQN_vs_RuleBased,clean,0,0,0,42,eval,5,inbound,DQN,0,1,1,0,0,1,0
twoway_DQN_vs_RuleBased_clean,twoway,DQN_vs_RuleBased,clean,0,0,0,42,eval,6,inbound,DQN,0,1,1,0,0,1,0
twoway_DQN_vs_RuleBased_clean,twoway,DQN_vs_RuleBased,clean,0,0,0,42,eval,7,inbound,DQN,0,1,1,0,0,1,0
twoway_DQN_vs_RuleBased_clean,twoway,DQN_vs_RuleBased,clean,0,0,0,42,eval,8,inbound,DQN,0,1,1,0,0,1,0
twoway_DQN_vs_RuleBased_clean,twoway,DQN_vs_RuleBased,clean,0,0,0,42,eval,9,inbound,DQN,0,1,1,0,0,1,0
twoway_DQN_vs_RuleBased_clean,twoway,DQN_vs_RuleBased,clean,0,0,0,42,eval,10,inbound,DQN,0,1,1,0,0,1,0
twoway_DQN_vs_RuleBased_clean,twoway,DQN_vs_RuleBased,clean,0,0,0,42,eval,11,inbound,DQN,0,1,1,0,0,1,0
twoway_DQN_vs_RuleBased_clean,twoway,DQN_vs_RuleBased,clean,0,0,0,42,eval,12,inbound,DQN,1,1,1,0,0,1,0
twoway_DQN_vs_RuleBased_clean,twoway,DQN_vs_RuleBased,clean,0,0,0,42,eval,13,inbound,DQN,1,1,1,0,0,1,0
twoway_DQN_vs_RuleBased_clean,twoway,DQN_vs_RuleBased,clean,0,0,0,42,eval,14,inbound,DQN,1,1,1,0,0,1,0
twoway_DQN_vs_RuleBased_clean,twoway,DQN_vs_RuleBased,clean,0,0,0,42,eval,15,inbound,DQN,0,1,1,0,0,1,0
twoway_DQN_vs_RuleBased_clean,twoway,DQN_vs_RuleBased,clean,0,0,0,42,eval,16,inbound,DQN,0,1,1,0,0,1,0
twoway_DQN_vs_RuleBased_clean,twoway,DQN_vs_RuleBased,clean,0,0,0,42,eval,17,inbound,DQN,0,1,1,0,0,1,0
twoway_DQN_vs_RuleBased_clean,twoway,DQN_vs_RuleBased,clean,0,0,0,42,eval,18,inbound,DQN,1,1,1,0,0,1,0
twoway_DQN_vs_RuleBased_clean,twoway,DQN_vs_RuleBased,clean,0,0,0,42,eval,19,inbound,DQN,0,1,1,0,0,1,0
twoway_DQN_vs_RuleBased_clean,twoway,DQN_vs_RuleBased,clean,0,0,0,42,eval,20,inbound,DQN,1,1,1,0,0,1,0
twoway_DQN_vs_RuleBased_clean,twoway,DQN_vs_RuleBased,clean,0,0,0,42,eval,21,inbound,DQN,0,1,1,0,0,1,0
twoway_DQN_vs_RuleBased_clean,twoway,DQN_vs_RuleBased,clean,0,0,0,42,eval,22,inbound,DQN,0,1,1,0,0,1,0
twoway_DQN_vs_RuleBased_clean,twoway,DQN_vs_RuleBased,clean,0,0,0,42,eval,23,inbound,DQN,1,1,1,0,0,1,0
twoway_DQN_vs_RuleBased_clean,twoway,DQN_vs_RuleBased,clean,0,0,0,42,eval,24,inbound,DQN,0,1,1,0,0,1,0
twoway_DQN_vs_RuleBased_clean,twoway,DQN_vs_RuleBased,clean,0,0,0,42,eval,25,inbound,DQN,1,1,1,0,0,1,0
twoway_DQN_vs_RuleBased_clean,twoway,DQN_vs_RuleBased,clean,0,0,0,42,eval,26,inbound,DQN,1,1,1,0,0,1,0
twoway_DQN_vs_RuleBased_clean,twoway,DQN_vs_RuleBased,clean,0,0,0,42,eval,27,inbound,DQN,1,1,1,0,0,1,0
twoway_DQN_vs_RuleBased_clean,twoway,DQN_vs_RuleBased,clean,0,0,0,42,eval,28,inbound,DQN,0,1,1,0,0,1,0
twoway_DQN_vs_RuleBased_clean,twoway,DQN_vs_RuleBased,clean,0,0,0,42,eval,29,inbound,DQN,1,1,1,0,0,1,0
twoway_DQN_vs_RuleBased_clean,twoway,DQN_vs_RuleBased,clean,0,0,0,42,eval,30,inbound,DQN,0,1,1,0,0,1,0
twoway_DQN_vs_RuleBased_clean,twoway,DQN_vs_RuleBased,clean,0,0,0,42,eval,1,outbound,RuleBased,1,1,1,0,0,1,0
twoway_DQN_vs_RuleBased_clean,twoway,DQN_vs_RuleBased,clean,0,0,0,42,eval,2,outbound,RuleBased,1,1,1,0,0,1,0
twoway_DQN_vs_RuleBased_clean,twoway,DQN_vs_RuleBased,clean,0,0,0,42,eval,3,outbound,RuleBased,1,1,1,0,0,1,0
twoway_DQN_vs_RuleBased_clean,twoway,DQN_vs_RuleBased,clean,0,0,0,42,eval,4,outbound,RuleBased,1,1,1,0,0,1,0
twoway_DQN_vs_RuleBased_clean,twoway,DQN_vs_RuleBased,clean,0,0,0,42,eval,5,outbound,RuleBased,1,1,1,0,0,1,0
twoway_DQN_vs_RuleBased_clean,twoway,DQN_vs_RuleBased,clean,0,0,0,42,eval,6,outbound,RuleBased,1,1,1,0,0,1,0
twoway_DQN_vs_RuleBased_clean,twoway,DQN_vs_RuleBased,clean,0,0,0,42,eval,7,outbound,RuleBased,1,1,1,0,0,1,0
twoway_DQN_vs_RuleBased_clean,twoway,DQN_vs_RuleBased,clean,0,0,0,42,eval,8,outbound,RuleBased,1,1,1,0,0,1,0
twoway_DQN_vs_RuleBased_clean,twoway,DQN_vs_RuleBased,clean,0,0,0,42,eval,9,outbound,RuleBased,1,1,1,0,0,1,0
twoway_DQN_vs_RuleBased_clean,twoway,DQN_vs_RuleBased,clean,0,0,0,42,eval,10,outbound,RuleBased,1,1,1,0,0,1,0
twoway_DQN_vs_RuleBased_clean,twoway,DQN_vs_RuleBased,clean,0,0,0,42,eval,11,outbound,RuleBased,1,1,1,0,0,1,0
twoway_DQN_vs_RuleBased_clean,twoway,DQN_vs_RuleBased,clean,0,0,0,42,eval,12,outbound,RuleBased,1,1,1,0,0,1,0
twoway_DQN_vs_RuleBased_clean,twoway,DQN_vs_RuleBased,clean,0,0,0,42,eval,13,outbound,RuleBased,1,1,1,0,0,1,0
twoway_DQN_vs_RuleBased_clean,twoway,DQN_vs_RuleBased,clean,0,0,0,42,eval,14,outbound,RuleBased,1,1,1,0,0,1,0
twoway_DQN_vs_RuleBased_clean,twoway,DQN_vs_RuleBased,clean,0,0,0,42,eval,15,outbound,RuleBased,1,1,1,0,0,1,0
twoway_DQN_vs_RuleBased_clean,twoway,DQN_vs_RuleBased,clean,0,0,0,42,eval,16,outbound,RuleBased,1,1,1,0,0,1,0
twoway_DQN_vs_RuleBased_clean,twoway,DQN_vs_RuleBased,clean,0,0,0,42,eval,17,outbound,RuleBased,1,1,1,0,0,1,0
twoway_DQN_vs_RuleBased_clean,twoway,DQN_vs_RuleBased,clean,0,0,0,42,eval,18,outbound,RuleBased,1,1,1,0,0,1,0
twoway_DQN_vs_RuleBased_clean,twoway,DQN_vs_RuleBased,clean,0,0,0,42,eval,19,outbound,RuleBased,1,1,1,0,0,1,0
twoway_DQN_vs_RuleBased_clean,twoway,DQN_vs_RuleBased,clean,0,0,0,42,eval,20,outbound,RuleBased,1,1,1,0,0,1,0
twoway_DQN_vs_RuleBased_clean,twoway,DQN_vs_RuleBased,clean,0,0,0,42,eval,21,outbound,RuleBased,1,1,1,0,0,1,0
twoway_DQN_vs_RuleBased_clean,twoway,DQN_vs_RuleBased,clean,0,0,0,42,eval,22,outbound,RuleBased,1,1,1,0,0,1,0
twoway_DQN_vs_RuleBased_clean,twoway,DQN_vs_RuleBased,clean,0,0,0,42,eval,23,outbound,RuleBased,1,1,1,0,0,1,0
twoway_DQN_vs_RuleBased_clean,twoway,DQN_vs_RuleBased,clean,0,0,0,42,eval,24,outbound,RuleBased,1,1,1,0,0,1,0
twoway_DQN_vs_RuleBased_clean,twoway,DQN_vs_RuleBased,clean,0,0,0,42,eval,25,outbound,RuleBased,1,1,1,0,0,1,0
twoway_DQN_vs_RuleBased_clean,twoway,DQN_vs_RuleBased,clean,0,0,0,42,eval,26,outbound,RuleBased,1,1,1,0,0,1,0
twoway_DQN_vs_RuleBased_clean,twoway,DQN_vs_RuleBased,clean,0,0,0,42,eval,27,outbound,RuleBased,1,1,1,0,0,1,0
twoway_DQN_vs_RuleBased_clean,twoway,DQN_vs_RuleBased,clean,0,0,0,42,eval,28,outbound,RuleBased,1,1,1,0,0,1,0
twoway_DQN_vs_RuleBased_clean,twoway,DQN_vs_RuleBased,clean,0,0,0,42,eval,29,outbound,RuleBased,1,1,1,0,0,1,0
twoway_DQN_vs_RuleBased_clean,twoway,DQN_vs_RuleBased,clean,0,0,0,42,eval,30,outbound,RuleBased,1,1,1,0,0,1,0
twoway_DQN_vs_RuleBased_clean,twoway,DQN_vs_RuleBased,clean,0,0,1,43,eval,1,inbound,DQN,0,1,1,0,0,1,0
twoway_DQN_vs_RuleBased_clean,twoway,DQN_vs_RuleBased,clean,0,0,1,43,eval,2,inbound,DQN,0,1,1,0,0,1,0
twoway_DQN_vs_RuleBased_clean,twoway,DQN_vs_RuleBased,clean,0,0,1,43,eval,3,inbound,DQN,0,1,1,0,0,1,0
twoway_DQN_vs_RuleBased_clean,twoway,DQN_vs_RuleBased,clean,0,0,1,43,eval,4,inbound,DQN,0,1,1,0,0,1,0
twoway_DQN_vs_RuleBased_clean,twoway,DQN_vs_RuleBased,clean,0,0,1,43,eval,5,inbound,DQN,1,1,1,0,0,1,0
twoway_DQN_vs_RuleBased_clean,twoway,DQN_vs_RuleBased,clean,0,0,1,43,eval,6,inbound,DQN,1,1,1,0,0,1,0
twoway_DQN_vs_RuleBased_clean,twoway,DQN_vs_RuleBased,clean,0,0,1,43,eval,7,inbound,DQN,1,1,1,0,0,1,0
twoway_DQN_vs_RuleBased_clean,twoway,DQN_vs_RuleBased,clean,0,0,1,43,eval,8,inbound,DQN,0,1,1,0,0,1,0
twoway_DQN_vs_RuleBased_clean,twoway,DQN_vs_RuleBased,clean,0,0,1,43,eval,9,inbound,DQN,1,1,1,0,0,1,0
twoway_DQN_vs_RuleBased_clean,twoway,DQN_vs_RuleBased,clean,0,0,1,43,eval,10,inbound,DQN,0,1,1,0,0,1,0
twoway_DQN_vs_RuleBased_clean,twoway,DQN_vs_RuleBased,clean,0,0,1,43,eval,11,inbound,DQN,1,1,1,0,0,1,0
twoway_DQN_vs_RuleBased_clean,twoway,DQN_vs_RuleBased,clean,0,0,1,43,eval,12,inbound,DQN,0,1,1,0,0,1,0
twoway_DQN_vs_RuleBased_clean,twoway,DQN_vs_RuleBased,clean,0,0,1,43,eval,13,inbound,DQN,0,1,1,0,0,1,0
twoway_DQN_vs_RuleBased_clean,twoway,DQN_vs_RuleBased,clean,0,0,1,43,eval,14,inbound,DQN,0,1,1,0,0,1,0
twoway_DQN_vs_RuleBased_clean,twoway,DQN_vs_RuleBased,clean,0,0,1,43,eval,15,inbound,DQN,0,1,1,0,0,1,0
twoway_DQN_vs_RuleBased_clean,twoway,DQN_vs_RuleBased,clean,0,0,1,43,eval,16,inbound,DQN,0,1,1,0,0,1,0
twoway_DQN_vs_RuleBased_clean,twoway,DQN_vs_RuleBased,clean,0,0,1,43,eval,17,inbound,DQN,0,1,1,0,0,1,0
twoway_DQN_vs_RuleBased_clean,twoway,DQN_vs_RuleBased,clean,0,0,1,43,eval,18,inbound,DQN,0,1,1,0,0,1,0
twoway_DQN_vs_RuleBased_clean,twoway,DQN_vs_RuleBased,clean,0,0,1,43,eval,19,inbound,DQN,0,1,1,0,0,1,0
twoway_DQN_vs_RuleBased_clean,twoway,DQN_vs_RuleBased,clean,0,0,1,43,eval,20,inbound,DQN,0,1,1,0,0,1,0
twoway_DQN_vs_RuleBased_clean,twoway,DQN_vs_RuleBased,clean,0,0,1,43,eval,21,inbound,DQN,1,1,1,0,0,1,0
twoway_DQN_vs_RuleBased_clean,twoway,DQN_vs_RuleBased,clean,0,0,1,43,eval,22,inbound,DQN,1,1,1,0,0,1,0
twoway_DQN_vs_RuleBased_clean,twoway,DQN_vs_RuleBased,clean,0,0,1,43,eval,23,inbound,DQN,1,1,1,0,0,1,0
twoway_DQN_vs_RuleBased_clean,twoway,DQN_vs_RuleBased,clean,0,0,1,43,eval,24,inbound,DQN,1,1,1,0,0,1,0
twoway_DQN_vs_RuleBased_clean,twoway,DQN_vs_RuleBased,clean,0,0,1,43,eval,25,inbound,DQN,1,1,1,0,0,1,0
twoway_DQN_vs_RuleBased_clean,twoway,DQN_vs_RuleBased,clean,0,0,1,43,eval,26,inbound,DQN,1,1,1,0,0,1,0
twoway_DQN_vs_RuleBased_clean,twoway,DQN_vs_RuleBased,clean,0,0,1,43,eval,27,inbound,DQN,1,1,1,0,0,1,0
twoway_DQN_vs_RuleBased_clean,twoway,DQN_vs_RuleBased,clean,0,0,1,43,eval,28,inbound,DQN,0,1,1,0,0,1,0
twoway_DQN_vs_RuleBased_clean,twoway,DQN_vs_RuleBased,clean,0,0,1,43,eval,29,inbound,DQN,0,1,1,0,0,1,0
twoway_DQN_vs_RuleBased_clean,twoway,DQN_vs_RuleBased,clean,0,0,1,43,eval,30,inbound,DQN,0,1,1,0,0,1,0
twoway_DQN_vs_RuleBased_clean,twoway,DQN_vs_RuleBased,clean,0,0,1,43,eval,1,outbound,RuleBased,1,1,1,0,0,1,0
twoway_DQN_vs_RuleBased_clean,twoway,DQN_vs_RuleBased,clean,0,0,1,43,eval,2,outbound,RuleBased,1,1,1,0,0,1,0
twoway_DQN_vs_RuleBased_clean,twoway,DQN_vs_RuleBased,clean,0,0,1,43,eval,3,outbound,RuleBased,1,1,1,0,0,1,0
twoway_DQN_vs_RuleBased_clean,twoway,DQN_vs_RuleBased,clean,0,0,1,43,eval,4,outbound,RuleBased,1,1,1,0,0,1,0
twoway_DQN_vs_RuleBased_clean,twoway,DQN_vs_RuleBased,clean,0,0,1,43,eval,5,outbound,RuleBased,1,1,1,0,0,1,0
twoway_DQN_vs_RuleBased_clean,twoway,DQN_vs_RuleBased,clean,0,0,1,43,eval,6,outbound,RuleBased,1,1,1,0,0,1,0
twoway_DQN_vs_RuleBased_clean,twoway,DQN_vs_RuleBased,clean,0,0,1,43,eval,7,outbound,RuleBased,1,1,1,0,0,1,0
twoway_DQN_vs_RuleBased_clean,twoway,DQN_vs_RuleBased,clean,0,0,1,43,eval,8,outbound,RuleBased,1,1,1,0,0,1,0
twoway_DQN_vs_RuleBased_clean,twoway,DQN_vs_RuleBased,clean,0,0,1,43,eval,9,outbound,RuleBased,1,1,1,0,0,1,0
twoway_DQN_vs_RuleBased_clean,twoway,DQN_vs_RuleBased,clean,0,0,1,43,eval,10,outbound,RuleBased,1,1,1,0,0,1,0
twoway_DQN_vs_RuleBased_clean,twoway,DQN_vs_RuleBased,clean,0,0,1,43,eval,11,outbound,RuleBased,1,1,1,0,0,1,0
twoway_DQN_vs_RuleBased_clean,twoway,DQN_vs_RuleBased,clean,0,0,1,43,eval,12,outbound,RuleBased,1,1,1,0,0,1,0
twoway_DQN_vs_RuleBased_clean,twoway,DQN_vs_RuleBased,clean,0,0,1,43,eval,13,outbound,RuleBased,1,1,1,0,0,1,0
twoway_DQN_vs_RuleBased_clean,twoway,DQN_vs_RuleBased,clean,0,0,1,43,eval,14,outbound,RuleBased,1,1,1,0,0,1,0
twoway_DQN_vs_RuleBased_clean,twoway,DQN_vs_RuleBased,clean,0,0,1,43,eval,15,outbound,RuleBased,1,1,1,0,0,1,0
twoway_DQN_vs_RuleBased_clean,twoway,DQN_vs_RuleBased,clean,0,0,1,43,eval,16,outbound,RuleBased,1,1,1,0,0,1,0
twoway_DQN_vs_RuleBased_clean,twoway,DQN_vs_RuleBased,clean,0,0,1,43,eval,17,outbound,RuleBased,1,1,1,0,0,1,0
twoway_DQN_vs_RuleBased_clean,twoway,DQN_vs_RuleBased,clean,0,0,1,43,eval,18,outbound,RuleBased,1,1,1,0,0,1,0
twoway_DQN_vs_RuleBased_clean,twoway,DQN_vs_RuleBased,clean,0,0,1,43,eval,19,outbound,RuleBased,1,1,1,0,0,1,0
twoway_DQN_vs_RuleBased_clean,twoway,DQN_vs_RuleBased,clean,0,0,1,43,eval,20,outbound,RuleBased,1,1,1,0,0,1,0
twoway_DQN_vs_RuleBased_clean,twoway,DQN_vs_RuleBased,clean,0,0,1,43,eval,21,outbound,RuleBased,1,1,1,0,0,1,0
twoway_DQN_vs_RuleBased_clean,twoway,DQN_vs_RuleBased,clean,0,0,1,43,eval,22,outbound,RuleBased,1,1,1,0,0,1,0
twoway_DQN_vs_RuleBased_clean,twoway,DQN_vs_RuleBased,clean,0,0,1,43,eval,23,outbound,RuleBased,1,1,1,0,0,1,0
twoway_DQN_vs_RuleBased_clean,twoway,DQN_vs_RuleBased,clean,0,0,1,43,eval,24,outbound,RuleBased,1,1,1,0,0,1,0
twoway_DQN_vs_RuleBased_clean,twoway,DQN_vs_RuleBased,clean,0,0,1,43,eval,25,outbound,RuleBased,1,1,1,0,0,1,0
twoway_DQN_vs_RuleBased_clean,twoway,DQN_vs_RuleBased,clean,0,0,1,43,eval,26,outbound,RuleBased,1,1,1,0,0,1,0
twoway_DQN_vs_RuleBased_clean,twoway,DQN_vs_RuleBased,clean,0,0,1,43,eval,27,outbound,RuleBased,1,1,1,0,0,1,0
twoway_DQN_vs_RuleBased_clean,twoway,DQN_vs_RuleBased,clean,0,0,1,43,eval,28,outbound,RuleBased,1,1,1,0,0,1,0
twoway_DQN_vs_RuleBased_clean,twoway,DQN_vs_RuleBased,clean,0,0,1,43,eval,29,outbound,RuleBased,1,1,1,0,0,1,0
twoway_DQN_vs_RuleBased_clean,twoway,DQN_vs_RuleBased,clean,0,0,1,43,eval,30,outbound,RuleBased,1,1,1,0,0,1,0
twoway_DQN_vs_RuleBased_clean,twoway,DQN_vs_RuleBased,clean,0,0,2,44,eval,1,inbound,DQN,1,1,1,0,0,1,0
twoway_DQN_vs_RuleBased_clean,twoway,DQN_vs_RuleBased,clean,0,0,2,44,eval,2,inbound,DQN,1,1,1,0,0,1,0
twoway_DQN_vs_RuleBased_clean,twoway,DQN_vs_RuleBased,clean,0,0,2,44,eval,3,inbound,DQN,1,1,1,0,0,1,0
twoway_DQN_vs_RuleBased_clean,twoway,DQN_vs_RuleBased,clean,0,0,2,44,eval,4,inbound,DQN,1,1,1,0,0,1,0
twoway_DQN_vs_RuleBased_clean,twoway,DQN_vs_RuleBased,clean,0,0,2,44,eval,5,inbound,DQN,1,1,1,0,0,1,0
twoway_DQN_vs_RuleBased_clean,twoway,DQN_vs_RuleBased,clean,0,0,2,44,eval,6,inbound,DQN,1,1,1,0,0,1,0
twoway_DQN_vs_RuleBased_clean,twoway,DQN_vs_RuleBased,clean,0,0,2,44,eval,7,inbound,DQN,1,1,1,0,0,1,0
twoway_DQN_vs_RuleBased_clean,twoway,DQN_vs_RuleBased,clean,0,0,2,44,eval,8,inbound,DQN,1,1,1,0,0,1,0
twoway_DQN_vs_RuleBased_clean,twoway,DQN_vs_RuleBased,clean,0,0,2,44,eval,9,inbound,DQN,1,1,1,0,0,1,0
twoway_DQN_vs_RuleBased_clean,twoway,DQN_vs_RuleBased,clean,0,0,2,44,eval,10,inbound,DQN,1,1,1,0,0,1,0
twoway_DQN_vs_RuleBased_clean,twoway,DQN_vs_RuleBased,clean,0,0,2,44,eval,11,inbound,DQN,1,1,1,0,0,1,0
twoway_DQN_vs_RuleBased_clean,twoway,DQN_vs_RuleBased,clean,0,0,2,44,eval,12,inbound,DQN,1,1,1,0,0,1,0
twoway_DQN_vs_RuleBased_clean,twoway,DQN_vs_RuleBased,clean,0,0,2,44,eval,13,inbound,DQN,1,1,1,0,0,1,0
twoway_DQN_vs_RuleBased_clean,twoway,DQN_vs_RuleBased,clean,0,0,2,44,eval,14,inbound,DQN,1,1,1,0,0,1,0
twoway_DQN_vs_RuleBased_clean,twoway,DQN_vs_RuleBased,clean,0,0,2,44,eval,15,inbound,DQN,1,1,1,0,0,1,0
twoway_DQN_vs_RuleBased_clean,twoway,DQN_vs_RuleBased,clean,0,0,2,44,eval,16,inbound,DQN,1,1,1,0,0,1,0
twoway_DQN_vs_RuleBased_clean,twoway,DQN_vs_RuleBased,clean,0,0,2,44,eval,17,inbound,DQN,1,1,1,0,0,1,0
twoway_DQN_vs_RuleBased_clean,twoway,DQN_vs_RuleBased,clean,0,0,2,44,eval,18,inbound,DQN,1,1,1,0,0,1,0
twoway_DQN_vs_RuleBased_clean,twoway,DQN_vs_RuleBased,clean,0,0,2,44,eval,19,inbound,DQN,1,1,1,0,0,1,0
twoway_DQN_vs_RuleBased_clean,twoway,DQN_vs_RuleBased,clean,0,0,2,44,eval,20,inbound,DQN,1,1,1,0,0,1,0
twoway_DQN_vs_RuleBased_clean,twoway,DQN_vs_RuleBased,clean,0,0,2,44,eval,21,inbound,DQN,1,1,1,0,0,1,0
twoway_DQN_vs_RuleBased_clean,twoway,DQN_vs_RuleBased,clean,0,0,2,44,eval,22,inbound,DQN,1,1,1,0,0,1,0
twoway_DQN_vs_RuleBased_clean,twoway,DQN_vs_RuleBased,clean,0,0,2,44,eval,23,inbound,DQN,1,1,1,0,0,1,0
twoway_DQN_vs_RuleBased_clean,twoway,DQN_vs_RuleBased,clean,0,0,2,44,eval,24,inbound,DQN,1,1,1,0,0,1,0
twoway_DQN_vs_RuleBased_clean,twoway,DQN_vs_RuleBased,clean,0,0,2,44,eval,25,inbound,DQN,1,1,1,0,0,1,0
twoway_DQN_vs_RuleBased_clean,twoway,DQN_vs_RuleBased,clean,0,0,2,44,eval,26,inbound,DQN,1,1,1,0,0,1,0
twoway_DQN_vs_RuleBased_clean,twoway,DQN_vs_RuleBased,clean,0,0,2,44,eval,27,inbound,DQN,1,1,1,0,0,1,0
twoway_DQN_vs_RuleBased_clean,twoway,DQN_vs_RuleBased,clean,0,0,2,44,eval,28,inbound,DQN,1,1,1,0,0,1,0
twoway_DQN_vs_RuleBased_clean,twoway,DQN_vs_RuleBased,clean,0,0,2,44,eval,29,inbound,DQN,1,1,1,0,0,1,0
twoway_DQN_vs_RuleBased_clean,twoway,DQN_vs_RuleBased,clean,0,0,2,44,eval,30,inbound,DQN,1,1,1,0,0,1,0
twoway_DQN_vs_RuleBased_clean,twoway,DQN_vs_RuleBased,clean,0,0,2,44,eval,1,outbound,RuleBased,1,1,1,0,0,1,0
twoway_DQN_vs_RuleBased_clean,twoway,DQN_vs_RuleBased,clean,0,0,2,44,eval,2,outbound,RuleBased,1,1,1,0,0,1,0
twoway_DQN_vs_RuleBased_clean,twoway,DQN_vs_RuleBased,clean,0,0,2,44,eval,3,outbound,RuleBased,1,1,1,0,0,1,0
twoway_DQN_vs_RuleBased_clean,twoway,DQN_vs_RuleBased,clean,0,0,2,44,eval,4,outbound,RuleBased,1,1,1,0,0,1,0
twoway_DQN_vs_RuleBased_clean,twoway,DQN_vs_RuleBased,clean,0,0,2,44,eval,5,outbound,RuleBased,1,1,1,0,0,1,0
twoway_DQN_vs_RuleBased_clean,twoway,DQN_vs_RuleBased,clean,0,0,2,44,eval,6,outbound,RuleBased,1,1,1,0,0,1,0
twoway_DQN_vs_RuleBased_clean,twoway,DQN_vs_RuleBased,clean,0,0,2,44,eval,7,outbound,RuleBased,1,1,1,0,0,1,0
twoway_DQN_vs_RuleBased_clean,twoway,DQN_vs_RuleBased,clean,0,0,2,44,eval,8,outbound,RuleBased,1,1,1,0,0,1,0
twoway_DQN_vs_RuleBased_clean,twoway,DQN_vs_RuleBased,clean,0,0,2,44,eval,9,outbound,RuleBased,1,1,1,0,0,1,0
twoway_DQN_vs_RuleBased_clean,twoway,DQN_vs_RuleBased,clean,0,0,2,44,eval,10,outbound,RuleBased,1,1,1,0,0,1,0
twoway_DQN_vs_RuleBased_clean,twoway,DQN_vs_RuleBased,clean,0,0,2,44,eval,11,outbound,RuleBased,1,1,1,0,0,1,0
twoway_DQN_vs_RuleBased_clean,twoway,DQN_vs_RuleBased,clean,0,0,2,44,eval,12,outbound,RuleBased,1,1,1,0,0,1,0
twoway_DQN_vs_RuleBased_clean,twoway,DQN_vs_RuleBased,clean,0,0,2,44,eval,13,outbound,RuleBased,1,1,1,0,0,1,0
twoway_DQN_vs_RuleBased_clean,twoway,DQN_vs_RuleBased,clean,0,0,2,44,eval,14,outbound,RuleBased,1,1,1,0,0,1,0
twoway_DQN_vs_RuleBased_clean,twoway,DQN_vs_RuleBased,clean,0,0,2,44,eval,15,outbound,RuleBased,1,1,1,0,0,1,0
twoway_DQN_vs_RuleBased_clean,twoway,DQN_vs_RuleBased,clean,0,0,2,44,eval,16,outbound,RuleBased,1,1,1,0,0,1,0
twoway_DQN_vs_RuleBased_clean,twoway,DQN_vs_RuleBased,clean,0,0,2,44,eval,17,outbound,RuleBased,1,1,1,0,0,1,0
twoway_DQN_vs_RuleBased_clean,twoway,DQN_vs_RuleBased,clean,0,0,2,44,eval,18,outbound,RuleBased,1,1,1,0,0,1,0
twoway_DQN_vs_RuleBased_clean,twoway,DQN_vs_RuleBased,clean,0,0,2,44,eval,19,outbound,RuleBased,1,1,1,0,0,1,0
twoway_DQN_vs_RuleBased_clean,twoway,DQN_vs_RuleBased,clean,0,0,2,44,eval,20,outbound,RuleBased,1,1,1,0,0,1,0
twoway_DQN_vs_RuleBased_clean,twoway,DQN_vs_RuleBased,clean,0,0,2,44,eval,21,outbound,RuleBased,1,1,1,0,0,1,0
twoway_DQN_vs_RuleBased_clean,twoway,DQN_vs_RuleBased,clean,0,0,2,44,eval,22,outbound,RuleBased,1,1,1,0,0,1,0
twoway_DQN_vs_RuleBased_clean,twoway,DQN_vs_RuleBased,clean,0,0,2,44,eval,23,outbound,RuleBased,1,1,1,0,0,1,0
twoway_DQN_vs_RuleBased_clean,twoway,DQN_vs_RuleBased,clean,0,0,2,44,eval,24,outbound,RuleBased,1,1,1,0,0,1,0
twoway_DQN_vs_RuleBased_clean,twoway,DQN_vs_RuleBased,clean,0,0,2,44,eval,25,outbound,RuleBased,1,1,1,0,0,1,0
twoway_DQN_vs_RuleBased_clean,twoway,DQN_vs_RuleBased,clean,0,0,2,44,eval,26,outbound,RuleBased,1,1,1,0,0,1,0
twoway_DQN_vs_RuleBased_clean,twoway,DQN_vs_RuleBased,clean,0,0,2,44,eval,27,outbound,RuleBased,1,1,1,0,0,1,0
twoway_DQN_vs_RuleBased_clean,twoway,DQN_vs_RuleBased,clean,0,0,2,44,eval,28,outbound,RuleBased,1,1,1,0,0,1,0
twoway_DQN_vs_RuleBased_clean,twoway,DQN_vs_RuleBased,clean,0,0,2,44,eval,29,outbound,RuleBased,1,1,1,0,0,1,0
twoway_DQN_vs_RuleBased_clean,twoway,DQN_vs_RuleBased,clean,0,0,2,44,eval,30,outbound,RuleBased,1,1,1,0,0,1,0
twoway_DQN_vs_RuleBased_clean,twoway,DQN_vs_RuleBased,clean,0,0,3,45,eval,1,inbound,DQN,1,1,1,0,0,1,0
twoway_DQN_vs_RuleBased_clean,twoway,DQN_vs_RuleBased,clean,0,0,3,45,eval,2,inbound,DQN,1,1,1,0,0,1,0
twoway_DQN_vs_RuleBased_clean,twoway,DQN_vs_RuleBased,clean,0,0,3,45,eval,3,inbound,DQN,1,1,1,0,0,1,0
twoway_DQN_vs_RuleBased_clean,twoway,DQN_vs_RuleBased,clean,0,0,3,45,eval,4,inbound,DQN,1,1,1,0,0,1,0
twoway_DQN_vs_RuleBased_clean,twoway,DQN_vs_RuleBased,clean,0,0,3,45,eval,5,inbound,DQN,1,1,1,0,0,1,0
twoway_DQN_vs_RuleBased_clean,twoway,DQN_vs_RuleBased,clean,0,0,3,45,eval,6,inbound,DQN,1,1,1,0,0,1,0
twoway_DQN_vs_RuleBased_clean,twoway,DQN_vs_RuleBased,clean,0,0,3,45,eval,7,inbound,DQN,1,1,1,0,0,1,0
twoway_DQN_vs_RuleBased_clean,twoway,DQN_vs_RuleBased,clean,0,0,3,45,eval,8,inbound,DQN,1,1,1,0,0,1,0
twoway_DQN_vs_RuleBased_clean,twoway,DQN_vs_RuleBased,clean,0,0,3,45,eval,9,inbound,DQN,1,1,1,0,0,1,0
twoway_DQN_vs_RuleBased_clean,twoway,DQN_vs_RuleBased,clean,0,0,3,45,eval,10,inbound,DQN,1,1,1,0,0,1,0
twoway_DQN_vs_RuleBased_clean,twoway,DQN_vs_RuleBased,clean,0,0,3,45,eval,11,inbound,DQN,1,1,1,0,0,1,0
twoway_DQN_vs_RuleBased_clean,twoway,DQN_vs_RuleBased,clean,0,0,3,45,eval,12,inbound,DQN,1,1,1,0,0,1,0
twoway_DQN_vs_RuleBased_clean,twoway,DQN_vs_RuleBased,clean,0,0,3,45,eval,13,inbound,DQN,1,1,1,0,0,1,0
twoway_DQN_vs_RuleBased_clean,twoway,DQN_vs_RuleBased,clean,0,0,3,45,eval,14,inbound,DQN,1,1,1,0,0,1,0
twoway_DQN_vs_RuleBased_clean,twoway,DQN_vs_RuleBased,clean,0,0,3,45,eval,15,inbound,DQN,1,1,1,0,0,1,0
twoway_DQN_vs_RuleBased_clean,twoway,DQN_vs_RuleBased,clean,0,0,3,45,eval,16,inbound,DQN,1,1,1,0,0,1,0
twoway_DQN_vs_RuleBased_clean,twoway,DQN_vs_RuleBased,clean,0,0,3,45,eval,17,inbound,DQN,1,1,1,0,0,1,0
twoway_DQN_vs_RuleBased_clean,twoway,DQN_vs_RuleBased,clean,0,0,3,45,eval,18,inbound,DQN,1,1,1,0,0,1,0
twoway_DQN_vs_RuleBased_clean,twoway,DQN_vs_RuleBased,clean,0,0,3,45,eval,19,inbound,DQN,1,1,1,0,0,1,0
twoway_DQN_vs_RuleBased_clean,twoway,DQN_vs_RuleBased,clean,0,0,3,45,eval,20,inbound,DQN,1,1,1,0,0,1,0
twoway_DQN_vs_RuleBased_clean,twoway,DQN_vs_RuleBased,clean,0,0,3,45,eval,21,inbound,DQN,1,1,1,0,0,1,0
twoway_DQN_vs_RuleBased_clean,twoway,DQN_vs_RuleBased,clean,0,0,3,45,eval,22,inbound,DQN,1,1,1,0,0,1,0
twoway_DQN_vs_RuleBased_clean,twoway,DQN_vs_RuleBased,clean,0,0,3,45,eval,23,inbound,DQN,1,1,1,0,0,1,0
twoway_DQN_vs_RuleBased_clean,twoway,DQN_vs_RuleBased,clean,0,0,3,45,eval,24,inbound,DQN,1,1,1,0,0,1,0
twoway_DQN_vs_RuleBased_clean,twoway,DQN_vs_RuleBased,clean,0,0,3,45,eval,25,inbound,DQN,1,1,1,0,0,1,0
twoway_DQN_vs_RuleBased_clean,twoway,DQN_vs_RuleBased,clean,0,0,3,45,eval,26,inbound,DQN,1,1,1,0,0,1,0
twoway_DQN_vs_RuleBased_clean,twoway,DQN_vs_RuleBased,clean,0,0,3,45,eval,27,inbound,DQN,1,1,1,0,0,1,0
twoway_DQN_vs_RuleBased_clean,twoway,DQN_vs_RuleBased,clean,0,0,3,45,eval,28,inbound,DQN,1,1,1,0,0,1,0
twoway_DQN_vs_RuleBased_clean,twoway,DQN_vs_RuleBased,clean,0,0,3,45,eval,29,inbound,DQN,1,1,1,0,0,1,0
twoway_DQN_vs_RuleBased_clean,twoway,DQN_vs_RuleBased,clean,0,0,3,45,eval,30,inbound,DQN,1,1,1,0,0,1,0
twoway_DQN_vs_RuleBased_clean,twoway,DQN_vs_RuleBased,clean,0,0,3,45,eval,1,outbound,RuleBased,1,1,1,0,0,1,0
twoway_DQN_vs_RuleBased_clean,twoway,DQN_vs_RuleBased,clean,0,0,3,45,eval,2,outbound,RuleBased,1,1,1,0,0,1,0
twoway_DQN_vs_RuleBased_clean,twoway,DQN_vs_RuleBased,clean,0,0,3,45,eval,3,outbound,RuleBased,1,1,1,0,0,1,0
twoway_DQN_vs_RuleBased_clean,twoway,DQN_vs_RuleBased,clean,0,0,3,45,eval,4,outbound,RuleBased,1,1,1,0,0,1,0
twoway_DQN_vs_RuleBased_clean,twoway,DQN_vs_RuleBased,clean,0,0,3,45,eval,5,outbound,RuleBased,1,1,1,0,0,1,0
twoway_DQN_vs_RuleBased_clean,twoway,DQN_vs_RuleBased,clean,0,0,3,45,eval,6,outbound,RuleBased,1,1,1,0,0,1,0
twoway_DQN_vs_RuleBased_clean,twoway,DQN_vs_RuleBased,clean,0,0,3,45,eval,7,outbound,RuleBased,1,1,1,0,0,1,0
twoway_DQN_vs_RuleBased_clean,twoway,DQN_vs_RuleBased,clean,0,0,3,45,eval,8,outbound,RuleBased,1,1,1,0,0,1,0
twoway_DQN_vs_RuleBased_clean,twoway,DQN_vs_RuleBased,clean,0,0,3,45,eval,9,outbound,RuleBased,1,1,1,0,0,1,0
twoway_DQN_vs_RuleBased_clean,twoway,DQN_vs_RuleBased,clean,0,0,3,45,eval,10,outbound,RuleBased,1,1,1,0,0,1,0
twoway_DQN_vs_RuleBased_clean,twoway,DQN_vs_RuleBased,clean,0,0,3,45,eval,11,outbound,RuleBased,1,1,1,0,0,1,0
twoway_DQN_vs_RuleBased_clean,twoway,DQN_vs_RuleBased,clean,0,0,3,45,eval,12,outbound,RuleBased,1,1,1,0,0,1,0
twoway_DQN_vs_RuleBased_clean,twoway,DQN_vs_RuleBased,clean,0,0,3,45,eval,13,outbound,RuleBased,1,1,1,0,0,1,0
twoway_DQN_vs_RuleBased_clean,twoway,DQN_vs_RuleBased,clean,0,0,3,45,eval,14,outbound,RuleBased,1,1,1,0,0,1,0
twoway_DQN_vs_RuleBased_clean,twoway,DQN_vs_RuleBased,clean,0,0,3,45,eval,15,outbound,RuleBased,1,1,1,0,0,1,0
twoway_DQN_vs_RuleBased_clean,twoway,DQN_vs_RuleBased,clean,0,0,3,45,eval,16,outbound,RuleBased,1,1,1,0,0,1,0
twoway_DQN_vs_RuleBased_clean,twoway,DQN_vs_RuleBased,clean,0,0,3,45,eval,17,outbound,RuleBased,1,1,1,0,0,1,0
twoway_DQN_vs_RuleBased_clean,twoway,DQN_vs_RuleBased,clean,0,0,3,45,eval,18,outbound,RuleBased,1,1,1,0,0,1,0
twoway_DQN_vs_RuleBased_clean,twoway,DQN_vs_RuleBased,clean,0,0,3,45,eval,19,outbound,RuleBased,1,1,1,0,0,1,0
twoway_DQN_vs_RuleBased_clean,twoway,DQN_vs_RuleBased,clean,0,0,3,45,eval,20,outbound,RuleBased,1,1,1,0,0,1,0
twoway_DQN_vs_RuleBased_clean,twoway,DQN_vs_RuleBased,clean,0,0,3,45,eval,21,outbound,RuleBased,1,1,1,0,0,1,0
twoway_DQN_vs_RuleBased_clean,twoway,DQN_vs_RuleBased,clean,0,0,3,45,eval,22,outbound,RuleBased,1,1,1,0,0,1,0
twoway_DQN_vs_RuleBased_clean,twoway,DQN_vs_RuleBased,clean,0,0,3,45,eval,23,outbound,RuleBased,1,1,1,0,0,1,0
twoway_DQN_vs_RuleBased_clean,twoway,DQN_vs_RuleBased,clean,0,0,3,45,eval,24,outbound,RuleBased,1,1,1,0,0,1,0
twoway_DQN_vs_RuleBased_clean,twoway,DQN_vs_RuleBased,clean,0,0,3,45,eval,25,outbound,RuleBased,1,1,1,0,0,1,0
twoway_DQN_vs_RuleBased_clean,twoway,DQN_vs_RuleBased,clean,0,0,3,45,eval,26,outbound,RuleBased,1,1,1,0,0,1,0
twoway_DQN_vs_RuleBased_clean,twoway,DQN_vs_RuleBased,clean,0,0,3,45,eval,27,outbound,RuleBased,1,1,1,0,0,1,0
twoway_DQN_vs_RuleBased_clean,twoway,DQN_vs_RuleBased,clean,0,0,3,45,eval,28,outbound,RuleBased,1,1,1,0,0,1,0
twoway_DQN_vs_RuleBased_clean,twoway,DQN_vs_RuleBased,clean,0,0,3,45,eval,29,outbound,RuleBased,1,1,1,0,0,1,0
twoway_DQN_vs_RuleBased_clean,twoway,DQN_vs_RuleBased,clean,0,0,3,45,eval,30,outbound,RuleBased,1,1,1,0,0,1,0
twoway_DQN_vs_RuleBased_clean,twoway,DQN_vs_RuleBased,clean,0,0,4,46,eval,1,inbound,DQN,1,1,1,0,0,1,0
twoway_DQN_vs_RuleBased_clean,twoway,DQN_vs_RuleBased,clean,0,0,4,46,eval,2,inbound,DQN,1,1,1,0,0,0,0
twoway_DQN_vs_RuleBased_clean,twoway,DQN_vs_RuleBased,clean,0,0,4,46,eval,3,inbound,DQN,1,1,1,0,0,0,0
twoway_DQN_vs_RuleBased_clean,twoway,DQN_vs_RuleBased,clean,0,0,4,46,eval,4,inbound,DQN,1,1,1,0,0,1,0
twoway_DQN_vs_RuleBased_clean,twoway,DQN_vs_RuleBased,clean,0,0,4,46,eval,5,inbound,DQN,1,1,1,0,0,1,0
twoway_DQN_vs_RuleBased_clean,twoway,DQN_vs_RuleBased,clean,0,0,4,46,eval,6,inbound,DQN,1,1,1,0,0,0,0
twoway_DQN_vs_RuleBased_clean,twoway,DQN_vs_RuleBased,clean,0,0,4,46,eval,7,inbound,DQN,1,1,1,0,0,0,0
twoway_DQN_vs_RuleBased_clean,twoway,DQN_vs_RuleBased,clean,0,0,4,46,eval,8,inbound,DQN,1,1,1,0,0,0,0
twoway_DQN_vs_RuleBased_clean,twoway,DQN_vs_RuleBased,clean,0,0,4,46,eval,9,inbound,DQN,1,1,1,0,0,1,0
twoway_DQN_vs_RuleBased_clean,twoway,DQN_vs_RuleBased,clean,0,0,4,46,eval,10,inbound,DQN,1,1,1,0,0,1,0
twoway_DQN_vs_RuleBased_clean,twoway,DQN_vs_RuleBased,clean,0,0,4,46,eval,11,inbound,DQN,1,1,1,0,0,1,0
twoway_DQN_vs_RuleBased_clean,twoway,DQN_vs_RuleBased,clean,0,0,4,46,eval,12,inbound,DQN,1,1,1,0,0,1,0
twoway_DQN_vs_RuleBased_clean,twoway,DQN_vs_RuleBased,clean,0,0,4,46,eval,13,inbound,DQN,1,1,1,0,0,0,0
twoway_DQN_vs_RuleBased_clean,twoway,DQN_vs_RuleBased,clean,0,0,4,46,eval,14,inbound,DQN,1,1,1,0,0,0,0
twoway_DQN_vs_RuleBased_clean,twoway,DQN_vs_RuleBased,clean,0,0,4,46,eval,15,inbound,DQN,1,1,1,0,0,0,0
twoway_DQN_vs_RuleBased_clean,twoway,DQN_vs_RuleBased,clean,0,0,4,46,eval,16,inbound,DQN,1,1,1,0,0,0,0
twoway_DQN_vs_RuleBased_clean,twoway,DQN_vs_RuleBased,clean,0,0,4,46,eval,17,inbound,DQN,1,1,1,0,0,1,0
twoway_DQN_vs_RuleBased_clean,twoway,DQN_vs_RuleBased,clean,0,0,4,46,eval,18,inbound,DQN,1,1,1,0,0,0,0
twoway_DQN_vs_RuleBased_clean,twoway,DQN_vs_RuleBased,clean,0,0,4,46,eval,19,inbound,DQN,1,1,1,0,0,1,0
twoway_DQN_vs_RuleBased_clean,twoway,DQN_vs_RuleBased,clean,0,0,4,46,eval,20,inbound,DQN,1,1,1,0,0,1,0
twoway_DQN_vs_RuleBased_clean,twoway,DQN_vs_RuleBased,clean,0,0,4,46,eval,21,inbound,DQN,1,1,1,0,0,0,0
twoway_DQN_vs_RuleBased_clean,twoway,DQN_vs_RuleBased,clean,0,0,4,46,eval,22,inbound,DQN,1,1,1,0,0,1,0
twoway_DQN_vs_RuleBased_clean,twoway,DQN_vs_RuleBased,clean,0,0,4,46,eval,23,inbound,DQN,1,1,1,0,0,1,0
twoway_DQN_vs_RuleBased_clean,twoway,DQN_vs_RuleBased,clean,0,0,4,46,eval,24,inbound,DQN,1,1,1,0,0,1,0
twoway_DQN_vs_RuleBased_clean,twoway,DQN_vs_RuleBased,clean,0,0,4,46,eval,25,inbound,DQN,1,1,1,0,0,1,0
twoway_DQN_vs_RuleBased_clean,twoway,DQN_vs_RuleBased,clean,0,0,4,46,eval,26,inbound,DQN,1,1,1,0,0,0,0
twoway_DQN_vs_RuleBased_clean,twoway,DQN_vs_RuleBased,clean,0,0,4,46,eval,27,inbound,DQN,1,1,1,0,0,1,0
twoway_DQN_vs_RuleBased_clean,twoway,DQN_vs_RuleBased,clean,0,0,4,46,eval,28,inbound,DQN,1,1,1,0,0,1,0
twoway_DQN_vs_RuleBased_clean,twoway,DQN_vs_RuleBased,clean,0,0,4,46,eval,29,inbound,DQN,1,1,1,0,0,1,0
twoway_DQN_vs_RuleBased_clean,twoway,DQN_vs_RuleBased,clean,0,0,4,46,eval,30,inbound,DQN,1,1,1,0,0,0,0
twoway_DQN_vs_RuleBased_clean,twoway,DQN_vs_RuleBased,clean,0,0,4,46,eval,1,outbound,RuleBased,1,1,1,0,0,1,0
twoway_DQN_vs_RuleBased_clean,twoway,DQN_vs_RuleBased,clean,0,0,4,46,eval,2,outbound,RuleBased,1,1,1,0,0,0,0
twoway_DQN_vs_RuleBased_clean,twoway,DQN_vs_RuleBased,clean,0,0,4,46,eval,3,outbound,RuleBased,1,1,1,0,0,0,0
twoway_DQN_vs_RuleBased_clean,twoway,DQN_vs_RuleBased,clean,0,0,4,46,eval,4,outbound,RuleBased,1,1,1,0,0,1,0
twoway_DQN_vs_RuleBased_clean,twoway,DQN_vs_RuleBased,clean,0,0,4,46,eval,5,outbound,RuleBased,1,1,1,0,0,1,0
twoway_DQN_vs_RuleBased_clean,twoway,DQN_vs_RuleBased,clean,0,0,4,46,eval,6,outbound,RuleBased,1,1,1,0,0,0,0
twoway_DQN_vs_RuleBased_clean,twoway,DQN_vs_RuleBased,clean,0,0,4,46,eval,7,outbound,RuleBased,1,1,1,0,0,0,0
twoway_DQN_vs_RuleBased_clean,twoway,DQN_vs_RuleBased,clean,0,0,4,46,eval,8,outbound,RuleBased,1,1,1,0,0,0,0
twoway_DQN_vs_RuleBased_clean,twoway,DQN_vs_RuleBased,clean,0,0,4,46,eval,9,outbound,RuleBased,1,1,1,0,0,1,0
twoway_DQN_vs_RuleBased_clean,twoway,DQN_vs_RuleBased,clean,0,0,4,46,eval,10,outbound,RuleBased,1,1,1,0,0,1,0
twoway_DQN_vs_RuleBased_clean,twoway,DQN_vs_RuleBased,clean,0,0,4,46,eval,11,outbound,RuleBased,1,1,1,0,0,1,0
twoway_DQN_vs_RuleBased_clean,twoway,DQN_vs_RuleBased,clean,0,0,4,46,eval,12,outbound,RuleBased,1,1,1,0,0,1,0
twoway_DQN_vs_RuleBased_clean,twoway,DQN_vs_RuleBased,clean,0,0,4,46,eval,13,outbound,RuleBased,1,1,1,0,0,0,0
twoway_DQN_vs_RuleBased_clean,twoway,DQN_vs_RuleBased,clean,0,0,4,46,eval,14,outbound,RuleBased,1,1,1,0,0,0,0
twoway_DQN_vs_RuleBased_clean,twoway,DQN_vs_RuleBased,clean,0,0,4,46,eval,15,outbound,RuleBased,1,1,1,0,0,0,0
twoway_DQN_vs_RuleBased_clean,twoway,DQN_vs_RuleBased,clean,0,0,4,46,eval,16,outbound,RuleBased,1,1,1,0,0,0,0
twoway_DQN_vs_RuleBased_clean,twoway,DQN_vs_RuleBased,clean,0,0,4,46,eval,17,outbound,RuleBased,1,1,1,0,0,1,0
twoway_DQN_vs_RuleBased_clean,twoway,DQN_vs_RuleBased,clean,0,0,4,46,eval,18,outbound,RuleBased,1,1,1,0,0,0,0
twoway_DQN_vs_RuleBased_clean,twoway,DQN_vs_RuleBased,clean,0,0,4,46,eval,19,outbound,RuleBased,1,1,1,0,0,1,0
twoway_DQN_vs_RuleBased_clean,twoway,DQN_vs_RuleBased,clean,0,0,4,46,eval,20,outbound,RuleBased,1,1,1,0,0,1,0
twoway_DQN_vs_RuleBased_clean,twoway,DQN_vs_RuleBased,clean,0,0,4,46,eval,21,outbound,RuleBased,1,1,1,0,0,0,0
twoway_DQN_vs_RuleBased_clean,twoway,DQN_vs_RuleBased,clean,0,0,4,46,eval,22,outbound,RuleBased,1,1,1,0,0,1,0
twoway_DQN_vs_RuleBased_clean,twoway,DQN_vs_RuleBased,clean,0,0,4,46,eval,23,outbound,RuleBased,1,1,1,0,0,1,0
twoway_DQN_vs_RuleBased_clean,twoway,DQN_vs_RuleBased,clean,0,0,4,46,eval,24,outbound,RuleBased,1,1,1,0,0,1,0
twoway_DQN_vs_RuleBased_clean,twoway,DQN_vs_RuleBased,clean,0,0,4,46,eval,25,outbound,RuleBased,1,1,1,0,0,1,0
twoway_DQN_vs_RuleBased_clean,twoway,DQN_vs_RuleBased,clean,0,0,4,46,eval,26,outbound,RuleBased,1,1,1,0,0,0,0
twoway_DQN_vs_RuleBased_clean,twoway,DQN_vs_RuleBased,clean,0,0,4,46,eval,27,outbound,RuleBased,1,1,1,0,0,1,0
twoway_DQN_vs_RuleBased_clean,twoway,DQN_vs_RuleBased,clean,0,0,4,46,eval,28,outbound,RuleBased,1,1,1,0,0,1,0
twoway_DQN_vs_RuleBased_clean,twoway,DQN_vs_RuleBased,clean,0,0,4,46,eval,29,outbound,RuleBased,1,1,1,0,0,1,0
twoway_DQN_vs_RuleBased_clean,twoway,DQN_vs_RuleBased,clean,0,0,4,46,eval,30,outbound,RuleBased,1,1,1,0,0,0,0
twoway_DQN_vs_RuleBased_clean,twoway,DQN_vs_RuleBased,clean,0,0,5,47,eval,1,inbound,DQN,1,1,1,0,0,0,0
twoway_DQN_vs_RuleBased_clean,twoway,DQN_vs_RuleBased,clean,0,0,5,47,eval,2,inbound,DQN,1,1,1,0,0,0,0
twoway_DQN_vs_RuleBased_clean,twoway,DQN_vs_RuleBased,clean,0,0,5,47,eval,3,inbound,DQN,1,1,1,0,0,0,0
twoway_DQN_vs_RuleBased_clean,twoway,DQN_vs_RuleBased,clean,0,0,5,47,eval,4,inbound,DQN,1,1,1,0,0,1,0
twoway_DQN_vs_RuleBased_clean,twoway,DQN_vs_RuleBased,clean,0,0,5,47,eval,5,inbound,DQN,1,1,1,0,0,1,0
twoway_DQN_vs_RuleBased_clean,twoway,DQN_vs_RuleBased,clean,0,0,5,47,eval,6,inbound,DQN,1,1,1,0,0,1,0
twoway_DQN_vs_RuleBased_clean,twoway,DQN_vs_RuleBased,clean,0,0,5,47,eval,7,inbound,DQN,1,1,1,0,0,1,0
twoway_DQN_vs_RuleBased_clean,twoway,DQN_vs_RuleBased,clean,0,0,5,47,eval,8,inbound,DQN,1,1,1,0,0,1,0
twoway_DQN_vs_RuleBased_clean,twoway,DQN_vs_RuleBased,clean,0,0,5,47,eval,9,inbound,DQN,1,1,1,0,0,0,0
twoway_DQN_vs_RuleBased_clean,twoway,DQN_vs_RuleBased,clean,0,0,5,47,eval,10,inbound,DQN,1,1,1,0,0,1,0
twoway_DQN_vs_RuleBased_clean,twoway,DQN_vs_RuleBased,clean,0,0,5,47,eval,11,inbound,DQN,1,1,1,0,0,1,0
twoway_DQN_vs_RuleBased_clean,twoway,DQN_vs_RuleBased,clean,0,0,5,47,eval,12,inbound,DQN,1,1,1,0,0,1,0
twoway_DQN_vs_RuleBased_clean,twoway,DQN_vs_RuleBased,clean,0,0,5,47,eval,13,inbound,DQN,1,1,1,0,0,1,0
twoway_DQN_vs_RuleBased_clean,twoway,DQN_vs_RuleBased,clean,0,0,5,47,eval,14,inbound,DQN,1,1,1,0,0,0,0
twoway_DQN_vs_RuleBased_clean,twoway,DQN_vs_RuleBased,clean,0,0,5,47,eval,15,inbound,DQN,1,1,1,0,0,0,0
twoway_DQN_vs_RuleBased_clean,twoway,DQN_vs_RuleBased,clean,0,0,5,47,eval,16,inbound,DQN,1,1,1,0,0,0,0
twoway_DQN_vs_RuleBased_clean,twoway,DQN_vs_RuleBased,clean,0,0,5,47,eval,17,inbound,DQN,1,1,1,0,0,1,0
twoway_DQN_vs_RuleBased_clean,twoway,DQN_vs_RuleBased,clean,0,0,5,47,eval,18,inbound,DQN,1,1,1,0,0,0,0
twoway_DQN_vs_RuleBased_clean,twoway,DQN_vs_RuleBased,clean,0,0,5,47,eval,19,inbound,DQN,1,1,1,0,0,0,0
twoway_DQN_vs_RuleBased_clean,twoway,DQN_vs_RuleBased,clean,0,0,5,47,eval,20,inbound,DQN,1,1,1,0,0,0,0
twoway_DQN_vs_RuleBased_clean,twoway,DQN_vs_RuleBased,clean,0,0,5,47,eval,21,inbound,DQN,1,1,1,0,0,0,0
twoway_DQN_vs_RuleBased_clean,twoway,DQN_vs_RuleBased,clean,0,0,5,47,eval,22,inbound,DQN,1,1,1,0,0,1,0
twoway_DQN_vs_RuleBased_clean,twoway,DQN_vs_RuleBased,clean,0,0,5,47,eval,23,inbound,DQN,1,1,1,0,0,1,0
twoway_DQN_vs_RuleBased_clean,twoway,DQN_vs_RuleBased,clean,0,0,5,47,eval,24,inbound,DQN,1,1,1,0,0,0,0
twoway_DQN_vs_RuleBased_clean,twoway,DQN_vs_RuleBased,clean,0,0,5,47,eval,25,inbound,DQN,1,1,1,0,0,1,0
twoway_DQN_vs_RuleBased_clean,twoway,DQN_vs_RuleBased,clean,0,0,5,47,eval,26,inbound,DQN,1,1,1,0,0,0,0
twoway_DQN_vs_RuleBased_clean,twoway,DQN_vs_RuleBased,clean,0,0,5,47,eval,27,inbound,DQN,1,1,1,0,0,1,0
twoway_DQN_vs_RuleBased_clean,twoway,DQN_vs_RuleBased,clean,0,0,5,47,eval,28,inbound,DQN,1,1,1,0,0,0,0
twoway_DQN_vs_RuleBased_clean,twoway,DQN_vs_RuleBased,clean,0,0,5,47,eval,29,inbound,DQN,1,1,1,0,0,0,0
twoway_DQN_vs_RuleBased_clean,twoway,DQN_vs_RuleBased,clean,0,0,5,47,eval,30,inbound,DQN,1,1,1,0,0,1,0
twoway_DQN_vs_RuleBased_clean,twoway,DQN_vs_RuleBased,clean,0,0,5,47,eval,1,outbound,RuleBased,1,1,1,0,0,0,0
twoway_DQN_vs_RuleBased_clean,twoway,DQN_vs_RuleBased,clean,0,0,5,47,eval,2,outbound,RuleBased,1,1,1,0,0,0,0
twoway_DQN_vs_RuleBased_clean,twoway,DQN_vs_RuleBased,clean,0,0,5,47,eval,3,outbound,RuleBased,1,1,1,0,0,0,0
twoway_DQN_vs_RuleBased_clean,twoway,DQN_vs_RuleBased,clean,0,0,5,47,eval,4,outbound,RuleBased,1,1,1,0,0,1,0
twoway_DQN_vs_RuleBased_clean,twoway,DQN_vs_RuleBased,clean,0,0,5,47,eval,5,outbound,RuleBased,1,1,1,0,0,1,0
twoway_DQN_vs_RuleBased_clean,twoway,DQN_vs_RuleBased,clean,0,0,5,47,eval,6,outbound,RuleBased,1,1,1,0,0,1,0
twoway_DQN_vs_RuleBased_clean,twoway,DQN_vs_RuleBased,clean,0,0,5,47,eval,7,outbound,RuleBased,1,1,1,0,0,1,0
twoway_DQN_vs_RuleBased_clean,twoway,DQN_vs_RuleBased,clean,0,0,5,47,eval,8,outbound,RuleBased,1,1,1,0,0,1,0
twoway_DQN_vs_RuleBased_clean,twoway,DQN_vs_RuleBased,clean,0,0,5,47,eval,9,outbound,RuleBased,1,1,1,0,0,0,0
twoway_DQN_vs_RuleBased_clean,twoway,DQN_vs_RuleBased,clean,0,0,5,47,eval,10,outbound,RuleBased,1,1,1,0,0,1,0
twoway_DQN_vs_RuleBased_clean,twoway,DQN_vs_RuleBased,clean,0,0,5,47,eval,11,outbound,RuleBased,1,1,1,0,0,1,0
twoway_DQN_vs_RuleBased_clean,twoway,DQN_vs_RuleBased,clean,0,0,5,47,eval,12,outbound,RuleBased,1,1,1,0,0,1,0
twoway_DQN_vs_RuleBased_clean,twoway,DQN_vs_RuleBased,clean,0,0,5,47,eval,13,outbound,RuleBased,1,1,1,0,0,1,0
twoway_DQN_vs_RuleBased_clean,twoway,DQN_vs_RuleBased,clean,0,0,5,47,eval,14,outbound,RuleBased,1,1,1,0,0,0,0
twoway_DQN_vs_RuleBased_clean,twoway,DQN_vs_RuleBased,clean,0,0,5,47,eval,15,outbound,RuleBased,1,1,1,0,0,0,0
twoway_DQN_vs_RuleBased_clean,twoway,DQN_vs_RuleBased,clean,0,0,5,47,eval,16,outbound,RuleBased,1,1,1,0,0,0,0
twoway_DQN_vs_RuleBased_clean,twoway,DQN_vs_RuleBased,clean,0,0,5,47,eval,17,outbound,RuleBased,1,1,1,0,0,1,0
twoway_DQN_vs_RuleBased_clean,twoway,DQN_vs_RuleBased,clean,0,0,5,47,eval,18,outbound,RuleBased,1,1,1,0,0,0,0
twoway_DQN_vs_RuleBased_clean,twoway,DQN_vs_RuleBased,clean,0,0,5,47,eval,19,outbound,RuleBased,1,1,1,0,0,0,0
twoway_DQN_vs_RuleBased_clean,twoway,DQN_vs_RuleBased,clean,0,0,5,47,eval,20,outbound,RuleBased,1,1,1,0,0,0,0
twoway_DQN_vs_RuleBased_clean,twoway,DQN_vs_RuleBased,clean,0,0,5,47,eval,21,outbound,RuleBased,1,1,1,0,0,0,0
twoway_DQN_vs_RuleBased_clean,twoway,DQN_vs_RuleBased,clean,0,0,5,47,eval,22,outbound,RuleBased,1,1,1,0,0,1,0
twoway_DQN_vs_RuleBased_clean,twoway,DQN_vs_RuleBased,clean,0,0,5,47,eval,23,outbound,RuleBased,1,1,1,0,0,1,0
twoway_DQN_vs_RuleBased_clean,twoway,DQN_vs_RuleBased,clean,0,0,5,47,eval,24,outbound,RuleBased,1,1,1,0,0,0,0
twoway_DQN_vs_RuleBased_clean,twoway,DQN_vs_RuleBased,clean,0,0,5,47,eval,25,outbound,RuleBased,1,1,1,0,0,1,0
twoway_DQN_vs_RuleBased_clean,twoway,DQN_vs_RuleBased,clean,0,0,5,47,eval,26,outbound,RuleBased,1,1,1,0,0,0,0
twoway_DQN_vs_RuleBased_clean,twoway,DQN_vs_RuleBased,clean,0,0,5,47,eval,27,outbound,RuleBased,1,1,1,0,0,1,0
twoway_DQN_vs_RuleBased_clean,twoway,DQN_vs_RuleBased,clean,0,0,5,47,eval,28,outbound,RuleBased,1,1,1,0,0,0,0
twoway_DQN_vs_RuleBased_clean,twoway,DQN_vs_RuleBased,clean,0,0,5,47,eval,29,outbound,RuleBased,1,1,1,0,0,0,0
twoway_DQN_vs_RuleBased_clean,twoway,DQN_vs_RuleBased,clean,0,0,5,47,eval,30,outbound,RuleBased,1,1,1,0,0,1,0
twoway_DQN_vs_RuleBased_mid,twoway,DQN_vs_RuleBased,mid,0.12,0.2,0,42,eval,1,inbound,DQN,1,1,1,0,0,1,0
twoway_DQN_vs_RuleBased_mid,twoway,DQN_vs_RuleBased,mid,0.12,0.2,0,42,eval,2,inbound,DQN,1,1,1,0,0,1,5
twoway_DQN_vs_RuleBased_mid,twoway,DQN_vs_RuleBased,mid,0.12,0.2,0,42,eval,3,inbound,DQN,1,1,1,0,0,1,1
twoway_DQN_vs_RuleBased_mid,twoway,DQN_vs_RuleBased,mid,0.12,0.2,0,42,eval,4,inbound,DQN,1,1,1,0,0,1,1
twoway_DQN_vs_RuleBased_mid,twoway,DQN_vs_RuleBased,mid,0.12,0.2,0,42,eval,5,inbound,DQN,1,1,1,0,0,1,3
twoway_DQN_vs_RuleBased_mid,twoway,DQN_vs_RuleBased,mid,0.12,0.2,0,42,eval,6,inbound,DQN,1,1,1,0,0,1,0
twoway_DQN_vs_RuleBased_mid,twoway,DQN_vs_RuleBased,mid,0.12,0.2,0,42,eval,7,inbound,DQN,1,1,1,0,0,1,2
twoway_DQN_vs_RuleBased_mid,twoway,DQN_vs_RuleBased,mid,0.12,0.2,0,42,eval,8,inbound,DQN,1,1,1,0,0,1,3
twoway_DQN_vs_RuleBased_mid,twoway,DQN_vs_RuleBased,mid,0.12,0.2,0,42,eval,9,inbound,DQN,1,1,1,0,0,1,0
twoway_DQN_vs_RuleBased_mid,twoway,DQN_vs_RuleBased,mid,0.12,0.2,0,42,eval,10,inbound,DQN,1,1,1,0,0,1,0
twoway_DQN_vs_RuleBased_mid,twoway,DQN_vs_RuleBased,mid,0.12,0.2,0,42,eval,11,inbound,DQN,0,2,1,0,0,1,20
twoway_DQN_vs_RuleBased_mid,twoway,DQN_vs_RuleBased,mid,0.12,0.2,0,42,eval,12,inbound,DQN,1,1,1,0,0,1,0
twoway_DQN_vs_RuleBased_mid,twoway,DQN_vs_RuleBased,mid,0.12,0.2,0,42,eval,13,inbound,DQN,1,1,1,0,0,1,4
twoway_DQN_vs_RuleBased_mid,twoway,DQN_vs_RuleBased,mid,0.12,0.2,0,42,eval,14,inbound,DQN,1,1,1,0,0,1,3
twoway_DQN_vs_RuleBased_mid,twoway,DQN_vs_RuleBased,mid,0.12,0.2,0,42,eval,15,inbound,DQN,1,1,1,0,0,1,0
twoway_DQN_vs_RuleBased_mid,twoway,DQN_vs_RuleBased,mid,0.12,0.2,0,42,eval,16,inbound,DQN,1,2,1,0,0,1,6
twoway_DQN_vs_RuleBased_mid,twoway,DQN_vs_RuleBased,mid,0.12,0.2,0,42,eval,17,inbound,DQN,1,1,1,0,0,1,0
twoway_DQN_vs_RuleBased_mid,twoway,DQN_vs_RuleBased,mid,0.12,0.2,0,42,eval,18,inbound,DQN,1,1,1,0,0,1,0
twoway_DQN_vs_RuleBased_mid,twoway,DQN_vs_RuleBased,mid,0.12,0.2,0,42,eval,19,inbound,DQN,1,1,1,0,0,1,0
twoway_DQN_vs_RuleBased_mid,twoway,DQN_vs_RuleBased,mid,0.12,0.2,0,42,eval,20,inbound,DQN,1,1,1,0,0,1,3
twoway_DQN_vs_RuleBased_mid,twoway,DQN_vs_RuleBased,mid,0.12,0.2,0,42,eval,21,inbound,DQN,1,1,1,0,0,1,0
twoway_DQN_vs_RuleBased_mid,twoway,DQN_vs_RuleBased,mid,0.12,0.2,0,42,eval,22,inbound,DQN,1,1,1,0,0,1,0
twoway_DQN_vs_RuleBased_mid,twoway,DQN_vs_RuleBased,mid,0.12,0.2,0,42,eval,23,inbound,DQN,1,1,1,0,0,1,3
twoway_DQN_vs_RuleBased_mid,twoway,DQN_vs_RuleBased,mid,0.12,0.2,0,42,eval,24,inbound,DQN,1,1,1,0,0,1,4
twoway_DQN_vs_RuleBased_mid,twoway,DQN_vs_RuleBased,mid,0.12,0.2,0,42,eval,25,inbound,DQN,1,1,1,0,0,0,7
twoway_DQN_vs_RuleBased_mid,twoway,DQN_vs_RuleBased,mid,0.12,0.2,0,42,eval,26,inbound,DQN,1,1,1,0,0,1,1
twoway_DQN_vs_RuleBased_mid,twoway,DQN_vs_RuleBased,mid,0.12,0.2,0,42,eval,27,inbound,DQN,1,1,1,0,0,1,0
twoway_DQN_vs_RuleBased_mid,twoway,DQN_vs_RuleBased,mid,0.12,0.2,0,42,eval,28,inbound,DQN,1,1,1,0,0,1,0
twoway_DQN_vs_RuleBased_mid,twoway,DQN_vs_RuleBased,mid,0.12,0.2,0,42,eval,29,inbound,DQN,1,1,1,0,0,1,2
twoway_DQN_vs_RuleBased_mid,twoway,DQN_vs_RuleBased,mid,0.12,0.2,0,42,eval,30,inbound,DQN,1,1,1,0,0,1,5
twoway_DQN_vs_RuleBased_mid,twoway,DQN_vs_RuleBased,mid,0.12,0.2,0,42,eval,1,outbound,RuleBased,1,1,1,0,0,1,1
twoway_DQN_vs_RuleBased_mid,twoway,DQN_vs_RuleBased,mid,0.12,0.2,0,42,eval,2,outbound,RuleBased,1,1,1,0,0,1,0
twoway_DQN_vs_RuleBased_mid,twoway,DQN_vs_RuleBased,mid,0.12,0.2,0,42,eval,3,outbound,RuleBased,1,1,1,0,0,1,2
twoway_DQN_vs_RuleBased_mid,twoway,DQN_vs_RuleBased,mid,0.12,0.2,0,42,eval,4,outbound,RuleBased,1,1,1,0,0,1,0
twoway_DQN_vs_RuleBased_mid,twoway,DQN_vs_RuleBased,mid,0.12,0.2,0,42,eval,5,outbound,RuleBased,1,1,1,0,0,1,1
twoway_DQN_vs_RuleBased_mid,twoway,DQN_vs_RuleBased,mid,0.12,0.2,0,42,eval,6,outbound,RuleBased,1,1,1,0,0,1,0
twoway_DQN_vs_RuleBased_mid,twoway,DQN_vs_RuleBased,mid,0.12,0.2,0,42,eval,7,outbound,RuleBased,1,1,1,0,0,1,4
twoway_DQN_vs_RuleBased_mid,twoway,DQN_vs_RuleBased,mid,0.12,0.2,0,42,eval,8,outbound,RuleBased,1,1,1,0,0,1,0
twoway_DQN_vs_RuleBased_mid,twoway,DQN_vs_RuleBased,mid,0.12,0.2,0,42,eval,9,outbound,RuleBased,1,1,1,0,0,1,2
twoway_DQN_vs_RuleBased_mid,twoway,DQN_vs_RuleBased,mid,0.12,0.2,0,42,eval,10,outbound,RuleBased,1,1,1,0,0,1,0
twoway_DQN_vs_RuleBased_mid,twoway,DQN_vs_RuleBased,mid,0.12,0.2,0,42,eval,11,outbound,RuleBased,1,2,1,0,0,1,0
twoway_DQN_vs_RuleBased_mid,twoway,DQN_vs_RuleBased,mid,0.12,0.2,0,42,eval,12,outbound,RuleBased,1,1,1,0,0,1,0
twoway_DQN_vs_RuleBased_mid,twoway,DQN_vs_RuleBased,mid,0.12,0.2,0,42,eval,13,outbound,RuleBased,1,1,1,0,0,1,0
twoway_DQN_vs_RuleBased_mid,twoway,DQN_vs_RuleBased,mid,0.12,0.2,0,42,eval,14,outbound,RuleBased,1,1,1,0,0,1,0
twoway_DQN_vs_RuleBased_mid,twoway,DQN_vs_RuleBased,mid,0.12,0.2,0,42,eval,15,outbound,RuleBased,1,1,1,0,0,1,0
twoway_DQN_vs_RuleBased_mid,twoway,DQN_vs_RuleBased,mid,0.12,0.2,0,42,eval,16,outbound,RuleBased,1,2,1,0,0,1,0
twoway_DQN_vs_RuleBased_mid,twoway,DQN_vs_RuleBased,mid,0.12,0.2,0,42,eval,17,outbound,RuleBased,1,1,1,0,0,1,0
twoway_DQN_vs_RuleBased_mid,twoway,DQN_vs_RuleBased,mid,0.12,0.2,0,42,eval,18,outbound,RuleBased,1,1,1,0,0,1,2
twoway_DQN_vs_RuleBased_mid,twoway,DQN_vs_RuleBased,mid,0.12,0.2,0,42,eval,19,outbound,RuleBased,1,1,1,0,0,1,4
twoway_DQN_vs_RuleBased_mid,twoway,DQN_vs_RuleBased,mid,0.12,0.2,0,42,eval,20,outbound,RuleBased,1,1,1,0,0,1,2
twoway_DQN_vs_RuleBased_mid,twoway,DQN_vs_RuleBased,mid,0.12,0.2,0,42,eval,21,outbound,RuleBased,1,1,1,0,0,1,2
twoway_DQN_vs_RuleBased_mid,twoway,DQN_vs_RuleBased,mid,0.12,0.2,0,42,eval,22,outbound,RuleBased,1,1,1,0,0,1,0
twoway_DQN_vs_RuleBased_mid,twoway,DQN_vs_RuleBased,mid,0.12,0.2,0,42,eval,23,outbound,RuleBased,1,1,1,0,0,1,2
twoway_DQN_vs_RuleBased_mid,twoway,DQN_vs_RuleBased,mid,0.12,0.2,0,42,eval,24,outbound,RuleBased,1,1,1,0,0,1,0
twoway_DQN_vs_RuleBased_mid,twoway,DQN_vs_RuleBased,mid,0.12,0.2,0,42,eval,25,outbound,RuleBased,1,1,1,0,0,0,2
twoway_DQN_vs_RuleBased_mid,twoway,DQN_vs_RuleBased,mid,0.12,0.2,0,42,eval,26,outbound,RuleBased,1,1,1,0,0,1,0
twoway_DQN_vs_RuleBased_mid,twoway,DQN_vs_RuleBased,mid,0.12,0.2,0,42,eval,27,outbound,RuleBased,1,1,1,0,0,1,2
twoway_DQN_vs_RuleBased_mid,twoway,DQN_vs_RuleBased,mid,0.12,0.2,0,42,eval,28,outbound,RuleBased,1,1,1,0,0,1,1
twoway_DQN_vs_RuleBased_mid,twoway,DQN_vs_RuleBased,mid,0.12,0.2,0,42,eval,29,outbound,RuleBased,1,1,1,0,0,1,0
twoway_DQN_vs_RuleBased_mid,twoway,DQN_vs_RuleBased,mid,0.12,0.2,0,42,eval,30,outbound,RuleBased,1,1,1,0,0,1,0
twoway_DQN_vs_RuleBased_mid,twoway,DQN_vs_RuleBased,mid,0.12,0.2,1,43,eval,1,inbound,DQN,1,1,1,0,0,1,3
twoway_DQN_vs_RuleBased_mid,twoway,DQN_vs_RuleBased,mid,0.12,0.2,1,43,eval,2,inbound,DQN,1,1,1,0,0,1,4
twoway_DQN_vs_RuleBased_mid,twoway,DQN_vs_RuleBased,mid,0.12,0.2,1,43,eval,3,inbound,DQN,1,1,1,0,0,1,0
twoway_DQN_vs_RuleBased_mid,twoway,DQN_vs_RuleBased,mid,0.12,0.2,1,43,eval,4,inbound,DQN,1,1,1,0,0,1,1
twoway_DQN_vs_RuleBased_mid,twoway,DQN_vs_RuleBased,mid,0.12,0.2,1,43,eval,5,inbound,DQN,1,1,1,0,0,1,2
twoway_DQN_vs_RuleBased_mid,twoway,DQN_vs_RuleBased,mid,0.12,0.2,1,43,eval,6,inbound,DQN,1,1,1,0,0,1,0
twoway_DQN_vs_RuleBased_mid,twoway,DQN_vs_RuleBased,mid,0.12,0.2,1,43,eval,7,inbound,DQN,1,1,1,0,0,1,1
twoway_DQN_vs_RuleBased_mid,twoway,DQN_vs_RuleBased,mid,0.12,0.2,1,43,eval,8,inbound,DQN,1,1,1,0,0,1,2
twoway_DQN_vs_RuleBased_mid,twoway,DQN_vs_RuleBased,mid,0.12,0.2,1,43,eval,9,inbound,DQN,1,1,1,0,0,1,0
twoway_DQN_vs_RuleBased_mid,twoway,DQN_vs_RuleBased,mid,0.12,0.2,1,43,eval,10,inbound,DQN,1,1,1,0,0,1,0
twoway_DQN_vs_RuleBased_mid,twoway,DQN_vs_RuleBased,mid,0.12,0.2,1,43,eval,11,inbound,DQN,1,1,1,0,0,1,0
twoway_DQN_vs_RuleBased_mid,twoway,DQN_vs_RuleBased,mid,0.12,0.2,1,43,eval,12,inbound,DQN,1,1,1,0,0,1,2
twoway_DQN_vs_RuleBased_mid,twoway,DQN_vs_RuleBased,mid,0.12,0.2,1,43,eval,13,inbound,DQN,1,1,1,0,0,1,2
twoway_DQN_vs_RuleBased_mid,twoway,DQN_vs_RuleBased,mid,0.12,0.2,1,43,eval,14,inbound,DQN,1,1,1,0,0,1,6
twoway_DQN_vs_RuleBased_mid,twoway,DQN_vs_RuleBased,mid,0.12,0.2,1,43,eval,15,inbound,DQN,1,1,1,0,0,1,0
twoway_DQN_vs_RuleBased_mid,twoway,DQN_vs_RuleBased,mid,0.12,0.2,1,43,eval,16,inbound,DQN,1,1,1,0,0,1,2
twoway_DQN_vs_RuleBased_mid,twoway,DQN_vs_RuleBased,mid,0.12,0.2,1,43,eval,17,inbound,DQN,1,1,1,0,0,1,0
twoway_DQN_vs_RuleBased_mid,twoway,DQN_vs_RuleBased,mid,0.12,0.2,1,43,eval,18,inbound,DQN,1,1,1,0,0,1,3
twoway_DQN_vs_RuleBased_mid,twoway,DQN_vs_RuleBased,mid,0.12,0.2,1,43,eval,19,inbound,DQN,1,1,1,0,0,1,1
twoway_DQN_vs_RuleBased_mid,twoway,DQN_vs_RuleBased,mid,0.12,0.2,1,43,eval,20,inbound,DQN,1,1,1,0,0,1,2
twoway_DQN_vs_RuleBased_mid,twoway,DQN_vs_RuleBased,mid,0.12,0.2,1,43,eval,21,inbound,DQN,1,1,1,0,0,1,2
twoway_DQN_vs_RuleBased_mid,twoway,DQN_vs_RuleBased,mid,0.12,0.2,1,43,eval,22,inbound,DQN,1,1,1,0,0,1,2
twoway_DQN_vs_RuleBased_mid,twoway,DQN_vs_RuleBased,mid,0.12,0.2,1,43,eval,23,inbound,DQN,1,1,1,0,0,1,0
twoway_DQN_vs_RuleBased_mid,twoway,DQN_vs_RuleBased,mid,0.12,0.2,1,43,eval,24,inbound,DQN,0,1,1,0,0,1,6
twoway_DQN_vs_RuleBased_mid,twoway,DQN_vs_RuleBased,mid,0.12,0.2,1,43,eval,25,inbound,DQN,1,1,1,0,0,1,0
twoway_DQN_vs_RuleBased_mid,twoway,DQN_vs_RuleBased,mid,0.12,0.2,1,43,eval,26,inbound,DQN,1,1,1,0,0,1,0
twoway_DQN_vs_RuleBased_mid,twoway,DQN_vs_RuleBased,mid,0.12,0.2,1,43,eval,27,inbound,DQN,1,1,1,0,0,0,2
twoway_DQN_vs_RuleBased_mid,twoway,DQN_vs_RuleBased,mid,0.12,0.2,1,43,eval,28,inbound,DQN,1,1,1,0,0,1,0
twoway_DQN_vs_RuleBased_mid,twoway,DQN_vs_RuleBased,mid,0.12,0.2,1,43,eval,29,inbound,DQN,1,1,1,0,0,1,2
twoway_DQN_vs_RuleBased_mid,twoway,DQN_vs_RuleBased,mid,0.12,0.2,1,43,eval,30,inbound,DQN,1,1,1,0,0,1,4
twoway_DQN_vs_RuleBased_mid,twoway,DQN_vs_RuleBased,mid,0.12,0.2,1,43,eval,1,outbound,RuleBased,1,1,1,0,0,1,2
twoway_DQN_vs_RuleBased_mid,twoway,DQN_vs_RuleBased,mid,0.12,0.2,1,43,eval,2,outbound,RuleBased,1,1,1,0,0,1,0
twoway_DQN_vs_RuleBased_mid,twoway,DQN_vs_RuleBased,mid,0.12,0.2,1,43,eval,3,outbound,RuleBased,1,1,1,0,0,1,2
twoway_DQN_vs_RuleBased_mid,twoway,DQN_vs_RuleBased,mid,0.12,0.2,1,43,eval,4,outbound,RuleBased,1,1,1,0,0,1,2
twoway_DQN_vs_RuleBased_mid,twoway,DQN_vs_RuleBased,mid,0.12,0.2,1,43,eval,5,outbound,RuleBased,1,1,1,0,0,1,0
twoway_DQN_vs_RuleBased_mid,twoway,DQN_vs_RuleBased,mid,0.12,0.2,1,43,eval,6,outbound,RuleBased,1,1,1,0,0,1,1
twoway_DQN_vs_RuleBased_mid,twoway,DQN_vs_RuleBased,mid,0.12,0.2,1,43,eval,7,outbound,RuleBased,1,1,1,0,0,1,0
twoway_DQN_vs_RuleBased_mid,twoway,DQN_vs_RuleBased,mid,0.12,0.2,1,43,eval,8,outbound,RuleBased,1,1,1,0,0,1,0
twoway_DQN_vs_RuleBased_mid,twoway,DQN_vs_RuleBased,mid,0.12,0.2,1,43,eval,9,outbound,RuleBased,1,1,1,0,0,1,2
twoway_DQN_vs_RuleBased_mid,twoway,DQN_vs_RuleBased,mid,0.12,0.2,1,43,eval,10,outbound,RuleBased,1,1,1,0,0,1,1
twoway_DQN_vs_RuleBased_mid,twoway,DQN_vs_RuleBased,mid,0.12,0.2,1,43,eval,11,outbound,RuleBased,1,1,1,0,0,1,0
twoway_DQN_vs_RuleBased_mid,twoway,DQN_vs_RuleBased,mid,0.12,0.2,1,43,eval,12,outbound,RuleBased,1,1,1,0,0,1,0
twoway_DQN_vs_RuleBased_mid,twoway,DQN_vs_RuleBased,mid,0.12,0.2,1,43,eval,13,outbound,RuleBased,1,1,1,0,0,1,0
twoway_DQN_vs_RuleBased_mid,twoway,DQN_vs_RuleBased,mid,0.12,0.2,1,43,eval,14,outbound,RuleBased,1,1,1,0,0,1,2
twoway_DQN_vs_RuleBased_mid,twoway,DQN_vs_RuleBased,mid,0.12,0.2,1,43,eval,15,outbound,RuleBased,1,1,1,0,0,1,0
twoway_DQN_vs_RuleBased_mid,twoway,DQN_vs_RuleBased,mid,0.12,0.2,1,43,eval,16,outbound,RuleBased,1,1,1,0,0,1,0
twoway_DQN_vs_RuleBased_mid,twoway,DQN_vs_RuleBased,mid,0.12,0.2,1,43,eval,17,outbound,RuleBased,1,1,1,0,0,1,0
twoway_DQN_vs_RuleBased_mid,twoway,DQN_vs_RuleBased,mid,0.12,0.2,1,43,eval,18,outbound,RuleBased,1,1,1,0,0,1,0
twoway_DQN_vs_RuleBased_mid,twoway,DQN_vs_RuleBased,mid,0.12,0.2,1,43,eval,19,outbound,RuleBased,1,1,1,0,0,1,0
twoway_DQN_vs_RuleBased_mid,twoway,DQN_vs_RuleBased,mid,0.12,0.2,1,43,eval,20,outbound,RuleBased,1,1,1,0,0,1,0
twoway_DQN_vs_RuleBased_mid,twoway,DQN_vs_RuleBased,mid,0.12,0.2,1,43,eval,21,outbound,RuleBased,1,1,1,0,0,1,1
twoway_DQN_vs_RuleBased_mid,twoway,DQN_vs_RuleBased,mid,0.12,0.2,1,43,eval,22,outbound,RuleBased,1,1,1,0,0,1,0
twoway_DQN_vs_RuleBased_mid,twoway,DQN_vs_RuleBased,mid,0.12,0.2,1,43,eval,23,outbound,RuleBased,1,1,1,0,0,1,2
twoway_DQN_vs_RuleBased_mid,twoway,DQN_vs_RuleBased,mid,0.12,0.2,1,43,eval,24,outbound,RuleBased,1,1,1,0,0,1,2
twoway_DQN_vs_RuleBased_mid,twoway,DQN_vs_RuleBased,mid,0.12,0.2,1,43,eval,25,outbound,RuleBased,1,1,1,0,0,1,2
twoway_DQN_vs_RuleBased_mid,twoway,DQN_vs_RuleBased,mid,0.12,0.2,1,43,eval,26,outbound,RuleBased,1,1,1,0,0,1,0
twoway_DQN_vs_RuleBased_mid,twoway,DQN_vs_RuleBased,mid,0.12,0.2,1,43,eval,27,outbound,RuleBased,1,1,1,0,0,0,0
twoway_DQN_vs_RuleBased_mid,twoway,DQN_vs_RuleBased,mid,0.12,0.2,1,43,eval,28,outbound,RuleBased,1,1,1,0,0,1,0
twoway_DQN_vs_RuleBased_mid,twoway,DQN_vs_RuleBased,mid,0.12,0.2,1,43,eval,29,outbound,RuleBased,1,1,1,0,0,1,0
twoway_DQN_vs_RuleBased_mid,twoway,DQN_vs_RuleBased,mid,0.12,0.2,1,43,eval,30,outbound,RuleBased,1,1,1,0,0,1,0
twoway_DQN_vs_RuleBased_mid,twoway,DQN_vs_RuleBased,mid,0.12,0.2,2,44,eval,1,inbound,DQN,1,1,1,0,0,1,2
twoway_DQN_vs_RuleBased_mid,twoway,DQN_vs_RuleBased,mid,0.12,0.2,2,44,eval,2,inbound,DQN,1,1,1,0,0,1,0
twoway_DQN_vs_RuleBased_mid,twoway,DQN_vs_RuleBased,mid,0.12,0.2,2,44,eval,3,inbound,DQN,1,1,1,0,0,1,2
twoway_DQN_vs_RuleBased_mid,twoway,DQN_vs_RuleBased,mid,0.12,0.2,2,44,eval,4,inbound,DQN,0,1,1,0,0,1,2
twoway_DQN_vs_RuleBased_mid,twoway,DQN_vs_RuleBased,mid,0.12,0.2,2,44,eval,5,inbound,DQN,0,1,1,0,0,0,4
twoway_DQN_vs_RuleBased_mid,twoway,DQN_vs_RuleBased,mid,0.12,0.2,2,44,eval,6,inbound,DQN,0,1,1,0,0,1,0
twoway_DQN_vs_RuleBased_mid,twoway,DQN_vs_RuleBased,mid,0.12,0.2,2,44,eval,7,inbound,DQN,0,1,1,0,0,1,2
twoway_DQN_vs_RuleBased_mid,twoway,DQN_vs_RuleBased,mid,0.12,0.2,2,44,eval,8,inbound,DQN,0,1,1,0,0,1,0
twoway_DQN_vs_RuleBased_mid,twoway,DQN_vs_RuleBased,mid,0.12,0.2,2,44,eval,9,inbound,DQN,1,1,1,0,0,1,2
twoway_DQN_vs_RuleBased_mid,twoway,DQN_vs_RuleBased,mid,0.12,0.2,2,44,eval,10,inbound,DQN,0,1,1,0,0,1,0
twoway_DQN_vs_RuleBased_mid,twoway,DQN_vs_RuleBased,mid,0.12,0.2,2,44,eval,11,inbound,DQN,0,1,1,0,0,1,0
twoway_DQN_vs_RuleBased_mid,twoway,DQN_vs_RuleBased,mid,0.12,0.2,2,44,eval,12,inbound,DQN,1,1,1,0,0,1,4
twoway_DQN_vs_RuleBased_mid,twoway,DQN_vs_RuleBased,mid,0.12,0.2,2,44,eval,13,inbound,DQN,1,1,1,0,0,1,0
twoway_DQN_vs_RuleBased_mid,twoway,DQN_vs_RuleBased,mid,0.12,0.2,2,44,eval,14,inbound,DQN,0,1,1,0,0,1,8
twoway_DQN_vs_RuleBased_mid,twoway,DQN_vs_RuleBased,mid,0.12,0.2,2,44,eval,15,inbound,DQN,0,1,1,0,0,1,2
twoway_DQN_vs_RuleBased_mid,twoway,DQN_vs_RuleBased,mid,0.12,0.2,2,44,eval,16,inbound,DQN,0,1,1,0,0,1,0
twoway_DQN_vs_RuleBased_mid,twoway,DQN_vs_RuleBased,mid,0.12,0.2,2,44,eval,17,inbound,DQN,0,1,1,0,0,1,2
twoway_DQN_vs_RuleBased_mid,twoway,DQN_vs_RuleBased,mid,0.12,0.2,2,44,eval,18,inbound,DQN,1,1,1,0,0,1,4
twoway_DQN_vs_RuleBased_mid,twoway,DQN_vs_RuleBased,mid,0.12,0.2,2,44,eval,19,inbound,DQN,0,1,1,0,0,1,0
twoway_DQN_vs_RuleBased_mid,twoway,DQN_vs_RuleBased,mid,0.12,0.2,2,44,eval,20,inbound,DQN,1,1,1,0,0,1,0
twoway_DQN_vs_RuleBased_mid,twoway,DQN_vs_RuleBased,mid,0.12,0.2,2,44,eval,21,inbound,DQN,0,1,1,0,0,1,3
twoway_DQN_vs_RuleBased_mid,twoway,DQN_vs_RuleBased,mid,0.12,0.2,2,44,eval,22,inbound,DQN,0,1,1,0,0,1,0
twoway_DQN_vs_RuleBased_mid,twoway,DQN_vs_RuleBased,mid,0.12,0.2,2,44,eval,23,inbound,DQN,1,1,1,0,0,1,0
twoway_DQN_vs_RuleBased_mid,twoway,DQN_vs_RuleBased,mid,0.12,0.2,2,44,eval,24,inbound,DQN,1,1,1,0,0,1,0
twoway_DQN_vs_RuleBased_mid,twoway,DQN_vs_RuleBased,mid,0.12,0.2,2,44,eval,25,inbound,DQN,0,1,1,0,0,1,0
twoway_DQN_vs_RuleBased_mid,twoway,DQN_vs_RuleBased,mid,0.12,0.2,2,44,eval,26,inbound,DQN,0,1,1,0,0,1,5
twoway_DQN_vs_RuleBased_mid,twoway,DQN_vs_RuleBased,mid,0.12,0.2,2,44,eval,27,inbound,DQN,1,1,1,0,0,1,2
twoway_DQN_vs_RuleBased_mid,twoway,DQN_vs_RuleBased,mid,0.12,0.2,2,44,eval,28,inbound,DQN,1,1,1,0,0,1,0
twoway_DQN_vs_RuleBased_mid,twoway,DQN_vs_RuleBased,mid,0.12,0.2,2,44,eval,29,inbound,DQN,1,1,1,0,0,1,1
twoway_DQN_vs_RuleBased_mid,twoway,DQN_vs_RuleBased,mid,0.12,0.2,2,44,eval,30,inbound,DQN,1,1,1,0,0,1,2
twoway_DQN_vs_RuleBased_mid,twoway,DQN_vs_RuleBased,mid,0.12,0.2,2,44,eval,1,outbound,RuleBased,1,1,1,0,0,1,2
twoway_DQN_vs_RuleBased_mid,twoway,DQN_vs_RuleBased,mid,0.12,0.2,2,44,eval,2,outbound,RuleBased,1,1,1,0,0,1,0
twoway_DQN_vs_RuleBased_mid,twoway,DQN_vs_RuleBased,mid,0.12,0.2,2,44,eval,3,outbound,RuleBased,1,1,1,0,0,1,0
twoway_DQN_vs_RuleBased_mid,twoway,DQN_vs_RuleBased,mid,0.12,0.2,2,44,eval,4,outbound,RuleBased,1,1,1,0,0,1,0
twoway_DQN_vs_RuleBased_mid,twoway,DQN_vs_RuleBased,mid,0.12,0.2,2,44,eval,5,outbound,RuleBased,1,1,1,0,0,0,0
twoway_DQN_vs_RuleBased_mid,twoway,DQN_vs_RuleBased,mid,0.12,0.2,2,44,eval,6,outbound,RuleBased,1,1,1,0,0,1,0
twoway_DQN_vs_RuleBased_mid,twoway,DQN_vs_RuleBased,mid,0.12,0.2,2,44,eval,7,outbound,RuleBased,1,1,1,0,0,1,0
twoway_DQN_vs_RuleBased_mid,twoway,DQN_vs_RuleBased,mid,0.12,0.2,2,44,eval,8,outbound,RuleBased,1,1,1,0,0,1,4
twoway_DQN_vs_RuleBased_mid,twoway,DQN_vs_RuleBased,mid,0.12,0.2,2,44,eval,9,outbound,RuleBased,1,1,1,0,0,1,0
twoway_DQN_vs_RuleBased_mid,twoway,DQN_vs_RuleBased,mid,0.12,0.2,2,44,eval,10,outbound,RuleBased,1,1,1,0,0,1,2
twoway_DQN_vs_RuleBased_mid,twoway,DQN_vs_RuleBased,mid,0.12,0.2,2,44,eval,11,outbound,RuleBased,1,1,1,0,0,1,4
twoway_DQN_vs_RuleBased_mid,twoway,DQN_vs_RuleBased,mid,0.12,0.2,2,44,eval,12,outbound,RuleBased,1,1,1,0,0,1,2
twoway_DQN_vs_RuleBased_mid,twoway,DQN_vs_RuleBased,mid,0.12,0.2,2,44,eval,13,outbound,RuleBased,1,1,1,0,0,1,0
twoway_DQN_vs_RuleBased_mid,twoway,DQN_vs_RuleBased,mid,0.12,0.2,2,44,eval,14,outbound,RuleBased,1,1,1,0,0,1,3
twoway_DQN_vs_RuleBased_mid,twoway,DQN_vs_RuleBased,mid,0.12,0.2,2,44,eval,15,outbound,RuleBased,1,1,1,0,0,1,1
twoway_DQN_vs_RuleBased_mid,twoway,DQN_vs_RuleBased,mid,0.12,0.2,2,44,eval,16,outbound,RuleBased,1,1,1,0,0,1,0
twoway_DQN_vs_RuleBased_mid,twoway,DQN_vs_RuleBased,mid,0.12,0.2,2,44,eval,17,outbound,RuleBased,1,1,1,0,0,1,2
twoway_DQN_vs_RuleBased_mid,twoway,DQN_vs_RuleBased,mid,0.12,0.2,2,44,eval,18,outbound,RuleBased,1,1,1,0,0,1,0
twoway_DQN_vs_RuleBased_mid,twoway,DQN_vs_RuleBased,mid,0.12,0.2,2,44,eval,19,outbound,RuleBased,1,1,1,0,0,1,0
twoway_DQN_vs_RuleBased_mid,twoway,DQN_vs_RuleBased,mid,0.12,0.2,2,44,eval,20,outbound,RuleBased,1,1,1,0,0,1,3
twoway_DQN_vs_RuleBased_mid,twoway,DQN_vs_RuleBased,mid,0.12,0.2,2,44,eval,21,outbound,RuleBased,1,1,1,0,0,1,0
twoway_DQN_vs_RuleBased_mid,twoway,DQN_vs_RuleBased,mid,0.12,0.2,2,44,eval,22,outbound,RuleBased,1,1,1,0,0,1,0
twoway_DQN_vs_RuleBased_mid,twoway,DQN_vs_RuleBased,mid,0.12,0.2,2,44,eval,23,outbound,RuleBased,1,1,1,0,0,1,1
twoway_DQN_vs_RuleBased_mid,twoway,DQN_vs_RuleBased,mid,0.12,0.2,2,44,eval,24,outbound,RuleBased,1,1,1,0,0,1,0
twoway_DQN_vs_RuleBased_mid,twoway,DQN_vs_RuleBased,mid,0.12,0.2,2,44,eval,25,outbound,RuleBased,1,1,1,0,0,1,0
twoway_DQN_vs_RuleBased_mid,twoway,DQN_vs_RuleBased,mid,0.12,0.2,2,44,eval,26,outbound,RuleBased,1,1,1,0,0,1,0
twoway_DQN_vs_RuleBased_mid,twoway,DQN_vs_RuleBased,mid,0.12,0.2,2,44,eval,27,outbound,RuleBased,1,1,1,0,0,1,0
twoway_DQN_vs_RuleBased_mid,twoway,DQN_vs_RuleBased,mid,0.12,0.2,2,44,eval,28,outbound,RuleBased,1,1,1,0,0,1,0
twoway_DQN_vs_RuleBased_mid,twoway,DQN_vs_RuleBased,mid,0.12,0.2,2,44,eval,29,outbound,RuleBased,1,1,1,0,0,1,0
twoway_DQN_vs_RuleBased_mid,twoway,DQN_vs_RuleBased,mid,0.12,0.2,2,44,eval,30,outbound,RuleBased,1,1,1,0,0,1,0
twoway_DQN_vs_RuleBased_mid,twoway,DQN_vs_RuleBased,mid,0.12,0.2,3,45,eval,1,inbound,DQN,1,1,1,0,0,1,1
twoway_DQN_vs_RuleBased_mid,twoway,DQN_vs_RuleBased,mid,0.12,0.2,3,45,eval,2,inbound,DQN,0,1,1,0,0,1,3
twoway_DQN_vs_RuleBased_mid,twoway,DQN_vs_RuleBased,mid,0.12,0.2,3,45,eval,3,inbound,DQN,1,1,1,0,0,1,0
twoway_DQN_vs_RuleBased_mid,twoway,DQN_vs_RuleBased,mid,0.12,0.2,3,45,eval,4,inbound,DQN,0,1,1,0,0,1,0
twoway_DQN_vs_RuleBased_mid,twoway,DQN_vs_RuleBased,mid,0.12,0.2,3,45,eval,5,inbound,DQN,1,1,1,0,0,1,5
twoway_DQN_vs_RuleBased_mid,twoway,DQN_vs_RuleBased,mid,0.12,0.2,3,45,eval,6,inbound,DQN,0,1,1,0,0,1,0
twoway_DQN_vs_RuleBased_mid,twoway,DQN_vs_RuleBased,mid,0.12,0.2,3,45,eval,7,inbound,DQN,1,1,1,0,0,1,2
twoway_DQN_vs_RuleBased_mid,twoway,DQN_vs_RuleBased,mid,0.12,0.2,3,45,eval,8,inbound,DQN,0,1,1,0,0,1,5
twoway_DQN_vs_RuleBased_mid,twoway,DQN_vs_RuleBased,mid,0.12,0.2,3,45,eval,9,inbound,DQN,0,1,1,0,0,1,4
twoway_DQN_vs_RuleBased_mid,twoway,DQN_vs_RuleBased,mid,0.12,0.2,3,45,eval,10,inbound,DQN,0,1,1,0,0,1,1
twoway_DQN_vs_RuleBased_mid,twoway,DQN_vs_RuleBased,mid,0.12,0.2,3,45,eval,11,inbound,DQN,0,1,1,0,0,1,1
twoway_DQN_vs_RuleBased_mid,twoway,DQN_vs_RuleBased,mid,0.12,0.2,3,45,eval,12,inbound,DQN,1,1,1,0,0,1,4
twoway_DQN_vs_RuleBased_mid,twoway,DQN_vs_RuleBased,mid,0.12,0.2,3,45,eval,13,inbound,DQN,1,1,1,0,0,1,0
twoway_DQN_vs_RuleBased_mid,twoway,DQN_vs_RuleBased,mid,0.12,0.2,3,45,eval,14,inbound,DQN,1,1,1,0,0,1,4
twoway_DQN_vs_RuleBased_mid,twoway,DQN_vs_RuleBased,mid,0.12,0.2,3,45,eval,15,inbound,DQN,0,1,1,0,0,1,0
twoway_DQN_vs_RuleBased_mid,twoway,DQN_vs_RuleBased,mid,0.12,0.2,3,45,eval,16,inbound,DQN,0,1,1,0,0,1,0
twoway_DQN_vs_RuleBased_mid,twoway,DQN_vs_RuleBased,mid,0.12,0.2,3,45,eval,17,inbound,DQN,0,1,1,0,0,1,2
twoway_DQN_vs_RuleBased_mid,twoway,DQN_vs_RuleBased,mid,0.12,0.2,3,45,eval,18,inbound,DQN,1,1,1,0,0,1,0
twoway_DQN_vs_RuleBased_mid,twoway,DQN_vs_RuleBased,mid,0.12,0.2,3,45,eval,19,inbound,DQN,0,1,1,0,0,1,0
twoway_DQN_vs_RuleBased_mid,twoway,DQN_vs_RuleBased,mid,0.12,0.2,3,45,eval,20,inbound,DQN,1,1,1,0,0,1,0
twoway_DQN_vs_RuleBased_mid,twoway,DQN_vs_RuleBased,mid,0.12,0.2,3,45,eval,21,inbound,DQN,0,1,1,0,0,1,0
twoway_DQN_vs_RuleBased_mid,twoway,DQN_vs_RuleBased,mid,0.12,0.2,3,45,eval,22,inbound,DQN,0,1,1,0,0,1,3
twoway_DQN_vs_RuleBased_mid,twoway,DQN_vs_RuleBased,mid,0.12,0.2,3,45,eval,23,inbound,DQN,0,1,1,0,0,1,0
twoway_DQN_vs_RuleBased_mid,twoway,DQN_vs_RuleBased,mid,0.12,0.2,3,45,eval,24,inbound,DQN,1,1,1,0,0,1,0
twoway_DQN_vs_RuleBased_mid,twoway,DQN_vs_RuleBased,mid,0.12,0.2,3,45,eval,25,inbound,DQN,0,1,1,0,0,1,4
twoway_DQN_vs_RuleBased_mid,twoway,DQN_vs_RuleBased,mid,0.12,0.2,3,45,eval,26,inbound,DQN,0,1,1,0,0,1,2
twoway_DQN_vs_RuleBased_mid,twoway,DQN_vs_RuleBased,mid,0.12,0.2,3,45,eval,27,inbound,DQN,0,1,1,0,0,1,4
twoway_DQN_vs_RuleBased_mid,twoway,DQN_vs_RuleBased,mid,0.12,0.2,3,45,eval,28,inbound,DQN,0,1,1,0,0,1,2
twoway_DQN_vs_RuleBased_mid,twoway,DQN_vs_RuleBased,mid,0.12,0.2,3,45,eval,29,inbound,DQN,0,1,1,0,0,1,4
twoway_DQN_vs_RuleBased_mid,twoway,DQN_vs_RuleBased,mid,0.12,0.2,3,45,eval,30,inbound,DQN,1,1,1,0,0,1,2
twoway_DQN_vs_RuleBased_mid,twoway,DQN_vs_RuleBased,mid,0.12,0.2,3,45,eval,1,outbound,RuleBased,1,1,1,0,0,1,0
twoway_DQN_vs_RuleBased_mid,twoway,DQN_vs_RuleBased,mid,0.12,0.2,3,45,eval,2,outbound,RuleBased,1,1,1,0,0,1,0
twoway_DQN_vs_RuleBased_mid,twoway,DQN_vs_RuleBased,mid,0.12,0.2,3,45,eval,3,outbound,RuleBased,1,1,1,0,0,1,0
twoway_DQN_vs_RuleBased_mid,twoway,DQN_vs_RuleBased,mid,0.12,0.2,3,45,eval,4,outbound,RuleBased,1,1,1,0,0,1,0
twoway_DQN_vs_RuleBased_mid,twoway,DQN_vs_RuleBased,mid,0.12,0.2,3,45,eval,5,outbound,RuleBased,1,1,1,0,0,1,0
twoway_DQN_vs_RuleBased_mid,twoway,DQN_vs_RuleBased,mid,0.12,0.2,3,45,eval,6,outbound,RuleBased,1,1,1,0,0,1,0
twoway_DQN_vs_RuleBased_mid,twoway,DQN_vs_RuleBased,mid,0.12,0.2,3,45,eval,7,outbound,RuleBased,1,1,1,0,0,1,0
twoway_DQN_vs_RuleBased_mid,twoway,DQN_vs_RuleBased,mid,0.12,0.2,3,45,eval,8,outbound,RuleBased,1,1,1,0,0,1,0
twoway_DQN_vs_RuleBased_mid,twoway,DQN_vs_RuleBased,mid,0.12,0.2,3,45,eval,9,outbound,RuleBased,1,1,1,0,0,1,0
twoway_DQN_vs_RuleBased_mid,twoway,DQN_vs_RuleBased,mid,0.12,0.2,3,45,eval,10,outbound,RuleBased,1,1,1,0,0,1,0
twoway_DQN_vs_RuleBased_mid,twoway,DQN_vs_RuleBased,mid,0.12,0.2,3,45,eval,11,outbound,RuleBased,1,1,1,0,0,1,0
twoway_DQN_vs_RuleBased_mid,twoway,DQN_vs_RuleBased,mid,0.12,0.2,3,45,eval,12,outbound,RuleBased,1,1,1,0,0,1,0
twoway_DQN_vs_RuleBased_mid,twoway,DQN_vs_RuleBased,mid,0.12,0.2,3,45,eval,13,outbound,RuleBased,1,1,1,0,0,1,0
twoway_DQN_vs_RuleBased_mid,twoway,DQN_vs_RuleBased,mid,0.12,0.2,3,45,eval,14,outbound,RuleBased,1,1,1,0,0,1,0
twoway_DQN_vs_RuleBased_mid,twoway,DQN_vs_RuleBased,mid,0.12,0.2,3,45,eval,15,outbound,RuleBased,1,1,1,0,0,1,0
twoway_DQN_vs_RuleBased_mid,twoway,DQN_vs_RuleBased,mid,0.12,0.2,3,45,eval,16,outbound,RuleBased,1,1,1,0,0,1,0
twoway_DQN_vs_RuleBased_mid,twoway,DQN_vs_RuleBased,mid,0.12,0.2,3,45,eval,17,outbound,RuleBased,1,1,1,0,0,1,0
twoway_DQN_vs_RuleBased_mid,twoway,DQN_vs_RuleBased,mid,0.12,0.2,3,45,eval,18,outbound,RuleBased,1,1,1,0,0,1,0
twoway_DQN_vs_RuleBased_mid,twoway,DQN_vs_RuleBased,mid,0.12,0.2,3,45,eval,19,outbound,RuleBased,1,1,1,0,0,1,0
twoway_DQN_vs_RuleBased_mid,twoway,DQN_vs_RuleBased,mid,0.12,0.2,3,45,eval,20,outbound,RuleBased,1,1,1,0,0,1,0
twoway_DQN_vs_RuleBased_mid,twoway,DQN_vs_RuleBased,mid,0.12,0.2,3,45,eval,21,outbound,RuleBased,1,1,1,0,0,1,0
twoway_DQN_vs_RuleBased_mid,twoway,DQN_vs_RuleBased,mid,0.12,0.2,3,45,eval,22,outbound,RuleBased,1,1,1,0,0,1,0
twoway_DQN_vs_RuleBased_mid,twoway,DQN_vs_RuleBased,mid,0.12,0.2,3,45,eval,23,outbound,RuleBased,1,1,1,0,0,1,0
twoway_DQN_vs_RuleBased_mid,twoway,DQN_vs_RuleBased,mid,0.12,0.2,3,45,eval,24,outbound,RuleBased,1,1,1,0,0,1,0
twoway_DQN_vs_RuleBased_mid,twoway,DQN_vs_RuleBased,mid,0.12,0.2,3,45,eval,25,outbound,RuleBased,1,1,1,0,0,1,0
twoway_DQN_vs_RuleBased_mid,twoway,DQN_vs_RuleBased,mid,0.12,0.2,3,45,eval,26,outbound,RuleBased,1,1,1,0,0,1,0
twoway_DQN_vs_RuleBased_mid,twoway,DQN_vs_RuleBased,mid,0.12,0.2,3,45,eval,27,outbound,RuleBased,1,1,1,0,0,1,0
twoway_DQN_vs_RuleBased_mid,twoway,DQN_vs_RuleBased,mid,0.12,0.2,3,45,eval,28,outbound,RuleBased,1,1,1,0,0,1,0
twoway_DQN_vs_RuleBased_mid,twoway,DQN_vs_RuleBased,mid,0.12,0.2,3,45,eval,29,outbound,RuleBased,1,1,1,0,0,1,0
twoway_DQN_vs_RuleBased_mid,twoway,DQN_vs_RuleBased,mid,0.12,0.2,3,45,eval,30,outbound,RuleBased,1,1,1,0,0,1,2
twoway_DQN_vs_RuleBased_mid,twoway,DQN_vs_RuleBased,mid,0.12,0.2,4,46,eval,1,inbound,DQN,0,1,1,0,0,1,2
twoway_DQN_vs_RuleBased_mid,twoway,DQN_vs_RuleBased,mid,0.12,0.2,4,46,eval,2,inbound,DQN,1,1,1,0,0,1,0
twoway_DQN_vs_RuleBased_mid,twoway,DQN_vs_RuleBased,mid,0.12,0.2,4,46,eval,3,inbound,DQN,1,1,1,0,0,1,0
twoway_DQN_vs_RuleBased_mid,twoway,DQN_vs_RuleBased,mid,0.12,0.2,4,46,eval,4,inbound,DQN,0,1,1,0,0,1,2
twoway_DQN_vs_RuleBased_mid,twoway,DQN_vs_RuleBased,mid,0.12,0.2,4,46,eval,5,inbound,DQN,0,1,1,0,0,1,2
twoway_DQN_vs_RuleBased_mid,twoway,DQN_vs_RuleBased,mid,0.12,0.2,4,46,eval,6,inbound,DQN,1,1,1,0,0,1,2
twoway_DQN_vs_RuleBased_mid,twoway,DQN_vs_RuleBased,mid,0.12,0.2,4,46,eval,7,inbound,DQN,1,1,1,0,0,1,2
twoway_DQN_vs_RuleBased_mid,twoway,DQN_vs_RuleBased,mid,0.12,0.2,4,46,eval,8,inbound,DQN,1,1,1,0,0,1,1
twoway_DQN_vs_RuleBased_mid,twoway,DQN_vs_RuleBased,mid,0.12,0.2,4,46,eval,9,inbound,DQN,0,1,1,0,0,1,0
twoway_DQN_vs_RuleBased_mid,twoway,DQN_vs_RuleBased,mid,0.12,0.2,4,46,eval,10,inbound,DQN,0,1,1,0,0,0,2
twoway_DQN_vs_RuleBased_mid,twoway,DQN_vs_RuleBased,mid,0.12,0.2,4,46,eval,11,inbound,DQN,0,1,1,0,0,1,0
twoway_DQN_vs_RuleBased_mid,twoway,DQN_vs_RuleBased,mid,0.12,0.2,4,46,eval,12,inbound,DQN,0,1,1,0,0,0,6
twoway_DQN_vs_RuleBased_mid,twoway,DQN_vs_RuleBased,mid,0.12,0.2,4,46,eval,13,inbound,DQN,1,1,1,0,0,1,0
twoway_DQN_vs_RuleBased_mid,twoway,DQN_vs_RuleBased,mid,0.12,0.2,4,46,eval,14,inbound,DQN,1,1,1,0,0,1,0
twoway_DQN_vs_RuleBased_mid,twoway,DQN_vs_RuleBased,mid,0.12,0.2,4,46,eval,15,inbound,DQN,1,1,1,0,0,1,0
twoway_DQN_vs_RuleBased_mid,twoway,DQN_vs_RuleBased,mid,0.12,0.2,4,46,eval,16,inbound,DQN,1,1,1,0,0,1,2
twoway_DQN_vs_RuleBased_mid,twoway,DQN_vs_RuleBased,mid,0.12,0.2,4,46,eval,17,inbound,DQN,0,1,1,0,0,1,0
twoway_DQN_vs_RuleBased_mid,twoway,DQN_vs_RuleBased,mid,0.12,0.2,4,46,eval,18,inbound,DQN,1,1,1,0,0,1,2
twoway_DQN_vs_RuleBased_mid,twoway,DQN_vs_RuleBased,mid,0.12,0.2,4,46,eval,19,inbound,DQN,0,1,1,0,0,1,4
twoway_DQN_vs_RuleBased_mid,twoway,DQN_vs_RuleBased,mid,0.12,0.2,4,46,eval,20,inbound,DQN,0,1,1,0,0,1,0
twoway_DQN_vs_RuleBased_mid,twoway,DQN_vs_RuleBased,mid,0.12,0.2,4,46,eval,21,inbound,DQN,1,1,1,0,0,1,2
twoway_DQN_vs_RuleBased_mid,twoway,DQN_vs_RuleBased,mid,0.12,0.2,4,46,eval,22,inbound,DQN,0,1,1,0,0,1,3
twoway_DQN_vs_RuleBased_mid,twoway,DQN_vs_RuleBased,mid,0.12,0.2,4,46,eval,23,inbound,DQN,0,1,1,0,0,1,0
twoway_DQN_vs_RuleBased_mid,twoway,DQN_vs_RuleBased,mid,0.12,0.2,4,46,eval,24,inbound,DQN,0,1,1,0,0,0,0
twoway_DQN_vs_RuleBased_mid,twoway,DQN_vs_RuleBased,mid,0.12,0.2,4,46,eval,25,inbound,DQN,0,1,1,0,0,1,0
twoway_DQN_vs_RuleBased_mid,twoway,DQN_vs_RuleBased,mid,0.12,0.2,4,46,eval,26,inbound,DQN,1,1,1,0,0,1,0
twoway_DQN_vs_RuleBased_mid,twoway,DQN_vs_RuleBased,mid,0.12,0.2,4,46,eval,27,inbound,DQN,0,1,1,0,0,1,2
twoway_DQN_vs_RuleBased_mid,twoway,DQN_vs_RuleBased,mid,0.12,0.2,4,46,eval,28,inbound,DQN,0,1,1,0,0,1,0
twoway_DQN_vs_RuleBased_mid,twoway,DQN_vs_RuleBased,mid,0.12,0.2,4,46,eval,29,inbound,DQN,0,1,1,0,0,1,6
twoway_DQN_vs_RuleBased_mid,twoway,DQN_vs_RuleBased,mid,0.12,0.2,4,46,eval,30,inbound,DQN,1,1,1,0,0,1,0
twoway_DQN_vs_RuleBased_mid,twoway,DQN_vs_RuleBased,mid,0.12,0.2,4,46,eval,1,outbound,RuleBased,1,1,1,0,0,1,3
twoway_DQN_vs_RuleBased_mid,twoway,DQN_vs_RuleBased,mid,0.12,0.2,4,46,eval,2,outbound,RuleBased,1,1,1,0,0,1,2
twoway_DQN_vs_RuleBased_mid,twoway,DQN_vs_RuleBased,mid,0.12,0.2,4,46,eval,3,outbound,RuleBased,1,1,1,0,0,1,2
twoway_DQN_vs_RuleBased_mid,twoway,DQN_vs_RuleBased,mid,0.12,0.2,4,46,eval,4,outbound,RuleBased,1,1,1,0,0,1,2
twoway_DQN_vs_RuleBased_mid,twoway,DQN_vs_RuleBased,mid,0.12,0.2,4,46,eval,5,outbound,RuleBased,1,1,1,0,0,1,0
twoway_DQN_vs_RuleBased_mid,twoway,DQN_vs_RuleBased,mid,0.12,0.2,4,46,eval,6,outbound,RuleBased,1,1,1,0,0,1,0
twoway_DQN_vs_RuleBased_mid,twoway,DQN_vs_RuleBased,mid,0.12,0.2,4,46,eval,7,outbound,RuleBased,1,1,1,0,0,1,2
twoway_DQN_vs_RuleBased_mid,twoway,DQN_vs_RuleBased,mid,0.12,0.2,4,46,eval,8,outbound,RuleBased,1,1,1,0,0,1,2
twoway_DQN_vs_RuleBased_mid,twoway,DQN_vs_RuleBased,mid,0.12,0.2,4,46,eval,9,outbound,RuleBased,1,1,1,0,0,1,0
twoway_DQN_vs_RuleBased_mid,twoway,DQN_vs_RuleBased,mid,0.12,0.2,4,46,eval,10,outbound,RuleBased,1,1,1,0,0,0,2
twoway_DQN_vs_RuleBased_mid,twoway,DQN_vs_RuleBased,mid,0.12,0.2,4,46,eval,11,outbound,RuleBased,1,1,1,0,0,1,2
twoway_DQN_vs_RuleBased_mid,twoway,DQN_vs_RuleBased,mid,0.12,0.2,4,46,eval,12,outbound,RuleBased,1,1,1,0,0,0,0
twoway_DQN_vs_RuleBased_mid,twoway,DQN_vs_RuleBased,mid,0.12,0.2,4,46,eval,13,outbound,RuleBased,1,1,1,0,0,1,0
twoway_DQN_vs_RuleBased_mid,twoway,DQN_vs_RuleBased,mid,0.12,0.2,4,46,eval,14,outbound,RuleBased,1,1,1,0,0,1,2
twoway_DQN_vs_RuleBased_mid,twoway,DQN_vs_RuleBased,mid,0.12,0.2,4,46,eval,15,outbound,RuleBased,1,1,1,0,0,1,0
twoway_DQN_vs_RuleBased_mid,twoway,DQN_vs_RuleBased,mid,0.12,0.2,4,46,eval,16,outbound,RuleBased,1,1,1,0,0,1,0
twoway_DQN_vs_RuleBased_mid,twoway,DQN_vs_RuleBased,mid,0.12,0.2,4,46,eval,17,outbound,RuleBased,1,1,1,0,0,1,0
twoway_DQN_vs_RuleBased_mid,twoway,DQN_vs_RuleBased,mid,0.12,0.2,4,46,eval,18,outbound,RuleBased,1,1,1,0,0,1,0
twoway_DQN_vs_RuleBased_mid,twoway,DQN_vs_RuleBased,mid,0.12,0.2,4,46,eval,19,outbound,RuleBased,1,1,1,0,0,1,2
twoway_DQN_vs_RuleBased_mid,twoway,DQN_vs_RuleBased,mid,0.12,0.2,4,46,eval,20,outbound,RuleBased,1,1,1,0,0,1,0
twoway_DQN_vs_RuleBased_mid,twoway,DQN_vs_RuleBased,mid,0.12,0.2,4,46,eval,21,outbound,RuleBased,1,1,1,0,0,1,0
twoway_DQN_vs_RuleBased_mid,twoway,DQN_vs_RuleBased,mid,0.12,0.2,4,46,eval,22,outbound,RuleBased,1,1,1,0,0,1,0
twoway_DQN_vs_RuleBased_mid,twoway,DQN_vs_RuleBased,mid,0.12,0.2,4,46,eval,23,outbound,RuleBased,1,1,1,0,0,1,0
twoway_DQN_vs_RuleBased_mid,twoway,DQN_vs_RuleBased,mid,0.12,0.2,4,46,eval,24,outbound,RuleBased,1,1,1,0,0,0,0
twoway_DQN_vs_RuleBased_mid,twoway,DQN_vs_RuleBased,mid,0.12,0.2,4,46,eval,25,outbound,RuleBased,1,1,1,0,0,1,0
twoway_DQN_vs_RuleBased_mid,twoway,DQN_vs_RuleBased,mid,0.12,0.2,4,46,eval,26,outbound,RuleBased,1,1,1,0,0,1,2
twoway_DQN_vs_RuleBased_mid,twoway,DQN_vs_RuleBased,mid,0.12,0.2,4,46,eval,27,outbound,RuleBased,1,1,1,0,0,1,0
twoway_DQN_vs_RuleBased_mid,twoway,DQN_vs_RuleBased,mid,0.12,0.2,4,46,eval,28,outbound,RuleBased,1,1,1,0,0,1,0
twoway_DQN_vs_RuleBased_mid,twoway,DQN_vs_RuleBased,mid,0.12,0.2,4,46,eval,29,outbound,RuleBased,1,1,1,0,0,1,0
twoway_DQN_vs_RuleBased_mid,twoway,DQN_vs_RuleBased,mid,0.12,0.2,4,46,eval,30,outbound,RuleBased,1,1,1,0,0,1,0
twoway_DQN_vs_RuleBased_mid,twoway,DQN_vs_RuleBased,mid,0.12,0.2,5,47,eval,1,inbound,DQN,1,1,1,0,0,1,0
twoway_DQN_vs_RuleBased_mid,twoway,DQN_vs_RuleBased,mid,0.12,0.2,5,47,eval,2,inbound,DQN,1,1,1,0,0,1,0
twoway_DQN_vs_RuleBased_mid,twoway,DQN_vs_RuleBased,mid,0.12,0.2,5,47,eval,3,inbound,DQN,0,1,1,0,0,0,2
twoway_DQN_vs_RuleBased_mid,twoway,DQN_vs_RuleBased,mid,0.12,0.2,5,47,eval,4,inbound,DQN,1,1,1,0,0,1,0
twoway_DQN_vs_RuleBased_mid,twoway,DQN_vs_RuleBased,mid,0.12,0.2,5,47,eval,5,inbound,DQN,1,1,1,0,0,0,0
twoway_DQN_vs_RuleBased_mid,twoway,DQN_vs_RuleBased,mid,0.12,0.2,5,47,eval,6,inbound,DQN,1,1,1,0,0,1,0
twoway_DQN_vs_RuleBased_mid,twoway,DQN_vs_RuleBased,mid,0.12,0.2,5,47,eval,7,inbound,DQN,1,1,1,0,0,1,0
twoway_DQN_vs_RuleBased_mid,twoway,DQN_vs_RuleBased,mid,0.12,0.2,5,47,eval,8,inbound,DQN,1,1,1,0,0,1,4
twoway_DQN_vs_RuleBased_mid,twoway,DQN_vs_RuleBased,mid,0.12,0.2,5,47,eval,9,inbound,DQN,1,1,1,0,0,1,0
twoway_DQN_vs_RuleBased_mid,twoway,DQN_vs_RuleBased,mid,0.12,0.2,5,47,eval,10,inbound,DQN,1,1,1,0,0,0,0
twoway_DQN_vs_RuleBased_mid,twoway,DQN_vs_RuleBased,mid,0.12,0.2,5,47,eval,11,inbound,DQN,1,1,1,0,0,1,5
twoway_DQN_vs_RuleBased_mid,twoway,DQN_vs_RuleBased,mid,0.12,0.2,5,47,eval,12,inbound,DQN,1,1,1,0,0,1,1
twoway_DQN_vs_RuleBased_mid,twoway,DQN_vs_RuleBased,mid,0.12,0.2,5,47,eval,13,inbound,DQN,1,1,1,0,0,1,2
twoway_DQN_vs_RuleBased_mid,twoway,DQN_vs_RuleBased,mid,0.12,0.2,5,47,eval,14,inbound,DQN,1,1,1,0,0,1,0
twoway_DQN_vs_RuleBased_mid,twoway,DQN_vs_RuleBased,mid,0.12,0.2,5,47,eval,15,inbound,DQN,0,1,1,0,0,1,4
twoway_DQN_vs_RuleBased_mid,twoway,DQN_vs_RuleBased,mid,0.12,0.2,5,47,eval,16,inbound,DQN,1,1,1,0,0,1,0
twoway_DQN_vs_RuleBased_mid,twoway,DQN_vs_RuleBased,mid,0.12,0.2,5,47,eval,17,inbound,DQN,1,1,1,0,0,1,0
twoway_DQN_vs_RuleBased_mid,twoway,DQN_vs_RuleBased,mid,0.12,0.2,5,47,eval,18,inbound,DQN,1,1,1,0,0,1,3
twoway_DQN_vs_RuleBased_mid,twoway,DQN_vs_RuleBased,mid,0.12,0.2,5,47,eval,19,inbound,DQN,1,1,1,0,0,1,2
twoway_DQN_vs_RuleBased_mid,twoway,DQN_vs_RuleBased,mid,0.12,0.2,5,47,eval,20,inbound,DQN,0,1,1,0,0,1,2
twoway_DQN_vs_RuleBased_mid,twoway,DQN_vs_RuleBased,mid,0.12,0.2,5,47,eval,21,inbound,DQN,0,1,1,0,0,1,0
twoway_DQN_vs_RuleBased_mid,twoway,DQN_vs_RuleBased,mid,0.12,0.2,5,47,eval,22,inbound,DQN,1,1,1,0,0,1,4
twoway_DQN_vs_RuleBased_mid,twoway,DQN_vs_RuleBased,mid,0.12,0.2,5,47,eval,23,inbound,DQN,1,1,1,0,0,1,0
twoway_DQN_vs_RuleBased_mid,twoway,DQN_vs_RuleBased,mid,0.12,0.2,5,47,eval,24,inbound,DQN,1,1,1,0,0,1,2
twoway_DQN_vs_RuleBased_mid,twoway,DQN_vs_RuleBased,mid,0.12,0.2,5,47,eval,25,inbound,DQN,1,1,1,0,0,1,0
twoway_DQN_vs_RuleBased_mid,twoway,DQN_vs_RuleBased,mid,0.12,0.2,5,47,eval,26,inbound,DQN,1,1,1,0,0,1,4
twoway_DQN_vs_RuleBased_mid,twoway,DQN_vs_RuleBased,mid,0.12,0.2,5,47,eval,27,inbound,DQN,1,1,1,0,0,1,0
twoway_DQN_vs_RuleBased_mid,twoway,DQN_vs_RuleBased,mid,0.12,0.2,5,47,eval,28,inbound,DQN,1,1,1,0,0,1,0
twoway_DQN_vs_RuleBased_mid,twoway,DQN_vs_RuleBased,mid,0.12,0.2,5,47,eval,29,inbound,DQN,1,1,1,0,0,1,0
twoway_DQN_vs_RuleBased_mid,twoway,DQN_vs_RuleBased,mid,0.12,0.2,5,47,eval,30,inbound,DQN,1,1,1,0,0,0,2
twoway_DQN_vs_RuleBased_mid,twoway,DQN_vs_RuleBased,mid,0.12,0.2,5,47,eval,1,outbound,RuleBased,1,1,1,0,0,1,2
twoway_DQN_vs_RuleBased_mid,twoway,DQN_vs_RuleBased,mid,0.12,0.2,5,47,eval,2,outbound,RuleBased,1,1,1,0,0,1,0
twoway_DQN_vs_RuleBased_mid,twoway,DQN_vs_RuleBased,mid,0.12,0.2,5,47,eval,3,outbound,RuleBased,1,1,1,0,0,0,0
twoway_DQN_vs_RuleBased_mid,twoway,DQN_vs_RuleBased,mid,0.12,0.2,5,47,eval,4,outbound,RuleBased,1,1,1,0,0,1,0
twoway_DQN_vs_RuleBased_mid,twoway,DQN_vs_RuleBased,mid,0.12,0.2,5,47,eval,5,outbound,RuleBased,1,1,1,0,0,0,0
twoway_DQN_vs_RuleBased_mid,twoway,DQN_vs_RuleBased,mid,0.12,0.2,5,47,eval,6,outbound,RuleBased,1,1,1,0,0,1,0
twoway_DQN_vs_RuleBased_mid,twoway,DQN_vs_RuleBased,mid,0.12,0.2,5,47,eval,7,outbound,RuleBased,1,1,1,0,0,1,0
twoway_DQN_vs_RuleBased_mid,twoway,DQN_vs_RuleBased,mid,0.12,0.2,5,47,eval,8,outbound,RuleBased,1,1,1,0,0,1,0
twoway_DQN_vs_RuleBased_mid,twoway,DQN_vs_RuleBased,mid,0.12,0.2,5,47,eval,9,outbound,RuleBased,1,1,1,0,0,1,2
twoway_DQN_vs_RuleBased_mid,twoway,DQN_vs_RuleBased,mid,0.12,0.2,5,47,eval,10,outbound,RuleBased,1,1,1,0,0,0,0
twoway_DQN_vs_RuleBased_mid,twoway,DQN_vs_RuleBased,mid,0.12,0.2,5,47,eval,11,outbound,RuleBased,1,1,1,0,0,1,2
twoway_DQN_vs_RuleBased_mid,twoway,DQN_vs_RuleBased,mid,0.12,0.2,5,47,eval,12,outbound,RuleBased,1,1,1,0,0,1,3
twoway_DQN_vs_RuleBased_mid,twoway,DQN_vs_RuleBased,mid,0.12,0.2,5,47,eval,13,outbound,RuleBased,1,1,1,0,0,1,3
twoway_DQN_vs_RuleBased_mid,twoway,DQN_vs_RuleBased,mid,0.12,0.2,5,47,eval,14,outbound,RuleBased,1,1,1,0,0,1,0
twoway_DQN_vs_RuleBased_mid,twoway,DQN_vs_RuleBased,mid,0.12,0.2,5,47,eval,15,outbound,RuleBased,1,1,1,0,0,1,2
twoway_DQN_vs_RuleBased_mid,twoway,DQN_vs_RuleBased,mid,0.12,0.2,5,47,eval,16,outbound,RuleBased,1,1,1,0,0,1,0
twoway_DQN_vs_RuleBased_mid,twoway,DQN_vs_RuleBased,mid,0.12,0.2,5,47,eval,17,outbound,RuleBased,1,1,1,0,0,1,2
twoway_DQN_vs_RuleBased_mid,twoway,DQN_vs_RuleBased,mid,0.12,0.2,5,47,eval,18,outbound,RuleBased,1,1,1,0,0,1,2
twoway_DQN_vs_RuleBased_mid,twoway,DQN_vs_RuleBased,mid,0.12,0.2,5,47,eval,19,outbound,RuleBased,1,1,1,0,0,1,0
twoway_DQN_vs_RuleBased_mid,twoway,DQN_vs_RuleBased,mid,0.12,0.2,5,47,eval,20,outbound,RuleBased,1,1,1,0,0,1,0
twoway_DQN_vs_RuleBased_mid,twoway,DQN_vs_RuleBased,mid,0.12,0.2,5,47,eval,21,outbound,RuleBased,1,1,1,0,0,1,1
twoway_DQN_vs_RuleBased_mid,twoway,DQN_vs_RuleBased,mid,0.12,0.2,5,47,eval,22,outbound,RuleBased,1,1,1,0,0,1,0
twoway_DQN_vs_RuleBased_mid,twoway,DQN_vs_RuleBased,mid,0.12,0.2,5,47,eval,23,outbound,RuleBased,1,1,1,0,0,1,0
twoway_DQN_vs_RuleBased_mid,twoway,DQN_vs_RuleBased,mid,0.12,0.2,5,47,eval,24,outbound,RuleBased,1,1,1,0,0,1,2
twoway_DQN_vs_RuleBased_mid,twoway,DQN_vs_RuleBased,mid,0.12,0.2,5,47,eval,25,outbound,RuleBased,1,1,1,0,0,1,1
twoway_DQN_vs_RuleBased_mid,twoway,DQN_vs_RuleBased,mid,0.12,0.2,5,47,eval,26,outbound,RuleBased,1,1,1,0,0,1,2
twoway_DQN_vs_RuleBased_mid,twoway,DQN_vs_RuleBased,mid,0.12,0.2,5,47,eval,27,outbound,RuleBased,1,1,1,0,0,1,4
twoway_DQN_vs_RuleBased_mid,twoway,DQN_vs_RuleBased,mid,0.12,0.2,5,47,eval,28,outbound,RuleBased,1,1,1,0,0,1,0
twoway_DQN_vs_RuleBased_mid,twoway,DQN_vs_RuleBased,mid,0.12,0.2,5,47,eval,29,outbound,RuleBased,1,1,1,0,0,1,3
twoway_DQN_vs_RuleBased_mid,twoway,DQN_vs_RuleBased,mid,0.12,0.2,5,47,eval,30,outbound,RuleBased,1,1,1,0,0,0,5
twoway_DQN_vs_RuleBased_harsh,twoway,DQN_vs_RuleBased,harsh,0.25,0.4,0,42,eval,1,inbound,DQN,1,1,1,0,6.86,0,13
twoway_DQN_vs_RuleBased_harsh,twoway,DQN_vs_RuleBased,harsh,0.25,0.4,0,42,eval,2,inbound,DQN,1,1,1,0,0,1,24
twoway_DQN_vs_RuleBased_harsh,twoway,DQN_vs_RuleBased,harsh,0.25,0.4,0,42,eval,3,inbound,DQN,1,1,1,0,0,1,17
twoway_DQN_vs_RuleBased_harsh,twoway,DQN_vs_RuleBased,harsh,0.25,0.4,0,42,eval,4,inbound,DQN,1,1,1,0,0,1,12
twoway_DQN_vs_RuleBased_harsh,twoway,DQN_vs_RuleBased,harsh,0.25,0.4,0,42,eval,5,inbound,DQN,0,1,1,0,9.36,0,10
twoway_DQN_vs_RuleBased_harsh,twoway,DQN_vs_RuleBased,harsh,0.25,0.4,0,42,eval,6,inbound,DQN,1,1,1,0,0,1,8
twoway_DQN_vs_RuleBased_harsh,twoway,DQN_vs_RuleBased,harsh,0.25,0.4,0,42,eval,7,inbound,DQN,1,0,0,1,33.62,0,24
twoway_DQN_vs_RuleBased_harsh,twoway,DQN_vs_RuleBased,harsh,0.25,0.4,0,42,eval,8,inbound,DQN,0,1,1,0,0,1,17
twoway_DQN_vs_RuleBased_harsh,twoway,DQN_vs_RuleBased,harsh,0.25,0.4,0,42,eval,9,inbound,DQN,0,1,1,0,0,1,7
twoway_DQN_vs_RuleBased_harsh,twoway,DQN_vs_RuleBased,harsh,0.25,0.4,0,42,eval,10,inbound,DQN,1,1,1,0,3.85,0,25
twoway_DQN_vs_RuleBased_harsh,twoway,DQN_vs_RuleBased,harsh,0.25,0.4,0,42,eval,11,inbound,DQN,1,1,1,0,0,0,27
twoway_DQN_vs_RuleBased_harsh,twoway,DQN_vs_RuleBased,harsh,0.25,0.4,0,42,eval,12,inbound,DQN,1,1,1,0,0,0,18
twoway_DQN_vs_RuleBased_harsh,twoway,DQN_vs_RuleBased,harsh,0.25,0.4,0,42,eval,13,inbound,DQN,1,1,1,0,0,1,3
twoway_DQN_vs_RuleBased_harsh,twoway,DQN_vs_RuleBased,harsh,0.25,0.4,0,42,eval,14,inbound,DQN,1,1,1,0,0,1,13
twoway_DQN_vs_RuleBased_harsh,twoway,DQN_vs_RuleBased,harsh,0.25,0.4,0,42,eval,15,inbound,DQN,0,1,1,0,0,1,21
twoway_DQN_vs_RuleBased_harsh,twoway,DQN_vs_RuleBased,harsh,0.25,0.4,0,42,eval,16,inbound,DQN,1,1,1,0,0,1,56
twoway_DQN_vs_RuleBased_harsh,twoway,DQN_vs_RuleBased,harsh,0.25,0.4,0,42,eval,17,inbound,DQN,0,1,1,0,0,1,43
twoway_DQN_vs_RuleBased_harsh,twoway,DQN_vs_RuleBased,harsh,0.25,0.4,0,42,eval,18,inbound,DQN,1,1,1,0,5.18,0,12
twoway_DQN_vs_RuleBased_harsh,twoway,DQN_vs_RuleBased,harsh,0.25,0.4,0,42,eval,19,inbound,DQN,1,1,1,0,7.75,0,29
twoway_DQN_vs_RuleBased_harsh,twoway,DQN_vs_RuleBased,harsh,0.25,0.4,0,42,eval,20,inbound,DQN,1,1,1,0,0,0,19
twoway_DQN_vs_RuleBased_harsh,twoway,DQN_vs_RuleBased,harsh,0.25,0.4,0,42,eval,21,inbound,DQN,1,1,1,0,0,1,26
twoway_DQN_vs_RuleBased_harsh,twoway,DQN_vs_RuleBased,harsh,0.25,0.4,0,42,eval,22,inbound,DQN,1,1,1,1,0,1,55
twoway_DQN_vs_RuleBased_harsh,twoway,DQN_vs_RuleBased,harsh,0.25,0.4,0,42,eval,23,inbound,DQN,1,1,1,0,0,1,10
twoway_DQN_vs_RuleBased_harsh,twoway,DQN_vs_RuleBased,harsh,0.25,0.4,0,42,eval,24,inbound,DQN,1,1,1,0,0,0,12
twoway_DQN_vs_RuleBased_harsh,twoway,DQN_vs_RuleBased,harsh,0.25,0.4,0,42,eval,25,inbound,DQN,1,1,1,0,2.88,0,9
twoway_DQN_vs_RuleBased_harsh,twoway,DQN_vs_RuleBased,harsh,0.25,0.4,0,42,eval,26,inbound,DQN,1,1,1,0,0,1,15
twoway_DQN_vs_RuleBased_harsh,twoway,DQN_vs_RuleBased,harsh,0.25,0.4,0,42,eval,27,inbound,DQN,1,1,1,0,0,1,28
twoway_DQN_vs_RuleBased_harsh,twoway,DQN_vs_RuleBased,harsh,0.25,0.4,0,42,eval,28,inbound,DQN,1,1,1,0,0,1,14
twoway_DQN_vs_RuleBased_harsh,twoway,DQN_vs_RuleBased,harsh,0.25,0.4,0,42,eval,29,inbound,DQN,1,1,1,0,0,0,10
twoway_DQN_vs_RuleBased_harsh,twoway,DQN_vs_RuleBased,harsh,0.25,0.4,0,42,eval,30,inbound,DQN,1,1,1,0,0,0,24
twoway_DQN_vs_RuleBased_harsh,twoway,DQN_vs_RuleBased,harsh,0.25,0.4,0,42,eval,1,outbound,RuleBased,1,1,1,0,6.86,0,5
twoway_DQN_vs_RuleBased_harsh,twoway,DQN_vs_RuleBased,harsh,0.25,0.4,0,42,eval,2,outbound,RuleBased,1,1,1,0,0,1,3
twoway_DQN_vs_RuleBased_harsh,twoway,DQN_vs_RuleBased,harsh,0.25,0.4,0,42,eval,3,outbound,RuleBased,1,1,1,0,0,1,7
twoway_DQN_vs_RuleBased_harsh,twoway,DQN_vs_RuleBased,harsh,0.25,0.4,0,42,eval,4,outbound,RuleBased,1,1,1,0,0,1,7
twoway_DQN_vs_RuleBased_harsh,twoway,DQN_vs_RuleBased,harsh,0.25,0.4,0,42,eval,5,outbound,RuleBased,1,1,1,0,9.36,0,5
twoway_DQN_vs_RuleBased_harsh,twoway,DQN_vs_RuleBased,harsh,0.25,0.4,0,42,eval,6,outbound,RuleBased,1,1,1,0,0,1,5
twoway_DQN_vs_RuleBased_harsh,twoway,DQN_vs_RuleBased,harsh,0.25,0.4,0,42,eval,7,outbound,RuleBased,1,0,0,1,33.62,0,8
twoway_DQN_vs_RuleBased_harsh,twoway,DQN_vs_RuleBased,harsh,0.25,0.4,0,42,eval,8,outbound,RuleBased,1,1,1,0,0,1,5
twoway_DQN_vs_RuleBased_harsh,twoway,DQN_vs_RuleBased,harsh,0.25,0.4,0,42,eval,9,outbound,RuleBased,1,1,1,0,0,1,10
twoway_DQN_vs_RuleBased_harsh,twoway,DQN_vs_RuleBased,harsh,0.25,0.4,0,42,eval,10,outbound,RuleBased,1,1,1,0,3.85,0,3
twoway_DQN_vs_RuleBased_harsh,twoway,DQN_vs_RuleBased,harsh,0.25,0.4,0,42,eval,11,outbound,RuleBased,1,1,1,0,0,0,4
twoway_DQN_vs_RuleBased_harsh,twoway,DQN_vs_RuleBased,harsh,0.25,0.4,0,42,eval,12,outbound,RuleBased,1,1,1,0,0,0,3
twoway_DQN_vs_RuleBased_harsh,twoway,DQN_vs_RuleBased,harsh,0.25,0.4,0,42,eval,13,outbound,RuleBased,1,1,1,0,0,1,9
twoway_DQN_vs_RuleBased_harsh,twoway,DQN_vs_RuleBased,harsh,0.25,0.4,0,42,eval,14,outbound,RuleBased,1,1,1,0,0,1,5
twoway_DQN_vs_RuleBased_harsh,twoway,DQN_vs_RuleBased,harsh,0.25,0.4,0,42,eval,15,outbound,RuleBased,1,1,1,0,0,1,8
twoway_DQN_vs_RuleBased_harsh,twoway,DQN_vs_RuleBased,harsh,0.25,0.4,0,42,eval,16,outbound,RuleBased,1,1,1,0,0,1,4
twoway_DQN_vs_RuleBased_harsh,twoway,DQN_vs_RuleBased,harsh,0.25,0.4,0,42,eval,17,outbound,RuleBased,1,1,1,0,0,1,7
twoway_DQN_vs_RuleBased_harsh,twoway,DQN_vs_RuleBased,harsh,0.25,0.4,0,42,eval,18,outbound,RuleBased,1,1,1,0,5.18,0,11
twoway_DQN_vs_RuleBased_harsh,twoway,DQN_vs_RuleBased,harsh,0.25,0.4,0,42,eval,19,outbound,RuleBased,1,1,1,0,7.75,0,7
twoway_DQN_vs_RuleBased_harsh,twoway,DQN_vs_RuleBased,harsh,0.25,0.4,0,42,eval,20,outbound,RuleBased,1,1,1,0,0,0,8
twoway_DQN_vs_RuleBased_harsh,twoway,DQN_vs_RuleBased,harsh,0.25,0.4,0,42,eval,21,outbound,RuleBased,1,1,1,0,0,1,5
twoway_DQN_vs_RuleBased_harsh,twoway,DQN_vs_RuleBased,harsh,0.25,0.4,0,42,eval,22,outbound,RuleBased,1,1,1,1,0,1,4
twoway_DQN_vs_RuleBased_harsh,twoway,DQN_vs_RuleBased,harsh,0.25,0.4,0,42,eval,23,outbound,RuleBased,1,1,1,0,0,1,8
twoway_DQN_vs_RuleBased_harsh,twoway,DQN_vs_RuleBased,harsh,0.25,0.4,0,42,eval,24,outbound,RuleBased,1,1,1,0,0,0,10
twoway_DQN_vs_RuleBased_harsh,twoway,DQN_vs_RuleBased,harsh,0.25,0.4,0,42,eval,25,outbound,RuleBased,1,1,1,0,2.88,0,9
twoway_DQN_vs_RuleBased_harsh,twoway,DQN_vs_RuleBased,harsh,0.25,0.4,0,42,eval,26,outbound,RuleBased,1,1,1,0,0,1,6
twoway_DQN_vs_RuleBased_harsh,twoway,DQN_vs_RuleBased,harsh,0.25,0.4,0,42,eval,27,outbound,RuleBased,1,1,1,0,0,1,7
twoway_DQN_vs_RuleBased_harsh,twoway,DQN_vs_RuleBased,harsh,0.25,0.4,0,42,eval,28,outbound,RuleBased,1,1,1,0,0,1,5
twoway_DQN_vs_RuleBased_harsh,twoway,DQN_vs_RuleBased,harsh,0.25,0.4,0,42,eval,29,outbound,RuleBased,1,1,1,0,0,0,6
twoway_DQN_vs_RuleBased_harsh,twoway,DQN_vs_RuleBased,harsh,0.25,0.4,0,42,eval,30,outbound,RuleBased,1,1,1,0,0,0,6
twoway_DQN_vs_RuleBased_harsh,twoway,DQN_vs_RuleBased,harsh,0.25,0.4,1,43,eval,1,inbound,DQN,1,1,1,0,0,1,18
twoway_DQN_vs_RuleBased_harsh,twoway,DQN_vs_RuleBased,harsh,0.25,0.4,1,43,eval,2,inbound,DQN,1,1,1,0,0,1,11
twoway_DQN_vs_RuleBased_harsh,twoway,DQN_vs_RuleBased,harsh,0.25,0.4,1,43,eval,3,inbound,DQN,1,1,1,0,0,1,10
twoway_DQN_vs_RuleBased_harsh,twoway,DQN_vs_RuleBased,harsh,0.25,0.4,1,43,eval,4,inbound,DQN,1,1,1,0,0,1,14
twoway_DQN_vs_RuleBased_harsh,twoway,DQN_vs_RuleBased,harsh,0.25,0.4,1,43,eval,5,inbound,DQN,0,1,1,0,0,1,5
twoway_DQN_vs_RuleBased_harsh,twoway,DQN_vs_RuleBased,harsh,0.25,0.4,1,43,eval,6,inbound,DQN,1,1,1,0,0,0,28
twoway_DQN_vs_RuleBased_harsh,twoway,DQN_vs_RuleBased,harsh,0.25,0.4,1,43,eval,7,inbound,DQN,0,1,1,0,0,1,13
twoway_DQN_vs_RuleBased_harsh,twoway,DQN_vs_RuleBased,harsh,0.25,0.4,1,43,eval,8,inbound,DQN,1,1,1,0,0,1,14
twoway_DQN_vs_RuleBased_harsh,twoway,DQN_vs_RuleBased,harsh,0.25,0.4,1,43,eval,9,inbound,DQN,1,1,1,0,0,1,9
twoway_DQN_vs_RuleBased_harsh,twoway,DQN_vs_RuleBased,harsh,0.25,0.4,1,43,eval,10,inbound,DQN,1,1,1,0,0,1,24
twoway_DQN_vs_RuleBased_harsh,twoway,DQN_vs_RuleBased,harsh,0.25,0.4,1,43,eval,11,inbound,DQN,0,1,1,0,0,1,10
twoway_DQN_vs_RuleBased_harsh,twoway,DQN_vs_RuleBased,harsh,0.25,0.4,1,43,eval,12,inbound,DQN,1,1,1,0,0,1,6
twoway_DQN_vs_RuleBased_harsh,twoway,DQN_vs_RuleBased,harsh,0.25,0.4,1,43,eval,13,inbound,DQN,1,1,1,0,0,1,10
twoway_DQN_vs_RuleBased_harsh,twoway,DQN_vs_RuleBased,harsh,0.25,0.4,1,43,eval,14,inbound,DQN,1,1,1,0,0,0,21
twoway_DQN_vs_RuleBased_harsh,twoway,DQN_vs_RuleBased,harsh,0.25,0.4,1,43,eval,15,inbound,DQN,1,1,1,0,0,1,5
twoway_DQN_vs_RuleBased_harsh,twoway,DQN_vs_RuleBased,harsh,0.25,0.4,1,43,eval,16,inbound,DQN,1,1,1,0,0,1,6
twoway_DQN_vs_RuleBased_harsh,twoway,DQN_vs_RuleBased,harsh,0.25,0.4,1,43,eval,17,inbound,DQN,1,1,1,0,0,1,5
twoway_DQN_vs_RuleBased_harsh,twoway,DQN_vs_RuleBased,harsh,0.25,0.4,1,43,eval,18,inbound,DQN,1,1,1,0,0,0,9
twoway_DQN_vs_RuleBased_harsh,twoway,DQN_vs_RuleBased,harsh,0.25,0.4,1,43,eval,19,inbound,DQN,1,1,1,0,0,1,9
twoway_DQN_vs_RuleBased_harsh,twoway,DQN_vs_RuleBased,harsh,0.25,0.4,1,43,eval,20,inbound,DQN,1,1,1,0,0,1,9
twoway_DQN_vs_RuleBased_harsh,twoway,DQN_vs_RuleBased,harsh,0.25,0.4,1,43,eval,21,inbound,DQN,1,1,1,0,0,1,19
twoway_DQN_vs_RuleBased_harsh,twoway,DQN_vs_RuleBased,harsh,0.25,0.4,1,43,eval,22,inbound,DQN,1,1,1,0,0,1,6
twoway_DQN_vs_RuleBased_harsh,twoway,DQN_vs_RuleBased,harsh,0.25,0.4,1,43,eval,23,inbound,DQN,1,1,1,0,0,1,8
twoway_DQN_vs_RuleBased_harsh,twoway,DQN_vs_RuleBased,harsh,0.25,0.4,1,43,eval,24,inbound,DQN,0,1,1,0,0,1,9
twoway_DQN_vs_RuleBased_harsh,twoway,DQN_vs_RuleBased,harsh,0.25,0.4,1,43,eval,25,inbound,DQN,0,1,1,0,0,1,14
twoway_DQN_vs_RuleBased_harsh,twoway,DQN_vs_RuleBased,harsh,0.25,0.4,1,43,eval,26,inbound,DQN,1,1,1,0,0,1,6
twoway_DQN_vs_RuleBased_harsh,twoway,DQN_vs_RuleBased,harsh,0.25,0.4,1,43,eval,27,inbound,DQN,1,1,1,0,0,1,10
twoway_DQN_vs_RuleBased_harsh,twoway,DQN_vs_RuleBased,harsh,0.25,0.4,1,43,eval,28,inbound,DQN,1,1,1,0,0,1,25
twoway_DQN_vs_RuleBased_harsh,twoway,DQN_vs_RuleBased,harsh,0.25,0.4,1,43,eval,29,inbound,DQN,1,1,1,0,16.11,0,23
twoway_DQN_vs_RuleBased_harsh,twoway,DQN_vs_RuleBased,harsh,0.25,0.4,1,43,eval,30,inbound,DQN,1,1,1,0,0,0,20
twoway_DQN_vs_RuleBased_harsh,twoway,DQN_vs_RuleBased,harsh,0.25,0.4,1,43,eval,1,outbound,RuleBased,1,1,1,0,0,1,9
twoway_DQN_vs_RuleBased_harsh,twoway,DQN_vs_RuleBased,harsh,0.25,0.4,1,43,eval,2,outbound,RuleBased,1,1,1,0,0,1,11
twoway_DQN_vs_RuleBased_harsh,twoway,DQN_vs_RuleBased,harsh,0.25,0.4,1,43,eval,3,outbound,RuleBased,1,1,1,0,0,1,7
twoway_DQN_vs_RuleBased_harsh,twoway,DQN_vs_RuleBased,harsh,0.25,0.4,1,43,eval,4,outbound,RuleBased,1,1,1,0,0,1,5
twoway_DQN_vs_RuleBased_harsh,twoway,DQN_vs_RuleBased,harsh,0.25,0.4,1,43,eval,5,outbound,RuleBased,1,1,1,0,0,1,3
twoway_DQN_vs_RuleBased_harsh,twoway,DQN_vs_RuleBased,harsh,0.25,0.4,1,43,eval,6,outbound,RuleBased,1,1,1,0,0,0,4
twoway_DQN_vs_RuleBased_harsh,twoway,DQN_vs_RuleBased,harsh,0.25,0.4,1,43,eval,7,outbound,RuleBased,1,1,1,0,0,1,5
twoway_DQN_vs_RuleBased_harsh,twoway,DQN_vs_RuleBased,harsh,0.25,0.4,1,43,eval,8,outbound,RuleBased,1,1,1,0,0,1,8
twoway_DQN_vs_RuleBased_harsh,twoway,DQN_vs_RuleBased,harsh,0.25,0.4,1,43,eval,9,outbound,RuleBased,1,1,1,0,0,1,8
twoway_DQN_vs_RuleBased_harsh,twoway,DQN_vs_RuleBased,harsh,0.25,0.4,1,43,eval,10,outbound,RuleBased,1,1,1,0,0,1,10
twoway_DQN_vs_RuleBased_harsh,twoway,DQN_vs_RuleBased,harsh,0.25,0.4,1,43,eval,11,outbound,RuleBased,1,1,1,0,0,1,7
twoway_DQN_vs_RuleBased_harsh,twoway,DQN_vs_RuleBased,harsh,0.25,0.4,1,43,eval,12,outbound,RuleBased,1,1,1,0,0,1,8
twoway_DQN_vs_RuleBased_harsh,twoway,DQN_vs_RuleBased,harsh,0.25,0.4,1,43,eval,13,outbound,RuleBased,1,1,1,0,0,1,8
twoway_DQN_vs_RuleBased_harsh,twoway,DQN_vs_RuleBased,harsh,0.25,0.4,1,43,eval,14,outbound,RuleBased,1,1,1,0,0,0,6
twoway_DQN_vs_RuleBased_harsh,twoway,DQN_vs_RuleBased,harsh,0.25,0.4,1,43,eval,15,outbound,RuleBased,1,1,1,0,0,1,9
twoway_DQN_vs_RuleBased_harsh,twoway,DQN_vs_RuleBased,harsh,0.25,0.4,1,43,eval,16,outbound,RuleBased,1,1,1,0,0,1,7
twoway_DQN_vs_RuleBased_harsh,twoway,DQN_vs_RuleBased,harsh,0.25,0.4,1,43,eval,17,outbound,RuleBased,1,1,1,0,0,1,10
twoway_DQN_vs_RuleBased_harsh,twoway,DQN_vs_RuleBased,harsh,0.25,0.4,1,43,eval,18,outbound,RuleBased,1,1,1,0,0,0,6
twoway_DQN_vs_RuleBased_harsh,twoway,DQN_vs_RuleBased,harsh,0.25,0.4,1,43,eval,19,outbound,RuleBased,1,1,1,0,0,1,9
twoway_DQN_vs_RuleBased_harsh,twoway,DQN_vs_RuleBased,harsh,0.25,0.4,1,43,eval,20,outbound,RuleBased,1,1,1,0,0,1,11
twoway_DQN_vs_RuleBased_harsh,twoway,DQN_vs_RuleBased,harsh,0.25,0.4,1,43,eval,21,outbound,RuleBased,1,1,1,0,0,1,6
twoway_DQN_vs_RuleBased_harsh,twoway,DQN_vs_RuleBased,harsh,0.25,0.4,1,43,eval,22,outbound,RuleBased,1,1,1,0,0,1,7
twoway_DQN_vs_RuleBased_harsh,twoway,DQN_vs_RuleBased,harsh,0.25,0.4,1,43,eval,23,outbound,RuleBased,1,1,1,0,0,1,7
twoway_DQN_vs_RuleBased_harsh,twoway,DQN_vs_RuleBased,harsh,0.25,0.4,1,43,eval,24,outbound,RuleBased,1,1,1,0,0,1,5
twoway_DQN_vs_RuleBased_harsh,twoway,DQN_vs_RuleBased,harsh,0.25,0.4,1,43,eval,25,outbound,RuleBased,1,1,1,0,0,1,4
twoway_DQN_vs_RuleBased_harsh,twoway,DQN_vs_RuleBased,harsh,0.25,0.4,1,43,eval,26,outbound,RuleBased,1,1,1,0,0,1,6
twoway_DQN_vs_RuleBased_harsh,twoway,DQN_vs_RuleBased,harsh,0.25,0.4,1,43,eval,27,outbound,RuleBased,1,1,1,0,0,1,5
twoway_DQN_vs_RuleBased_harsh,twoway,DQN_vs_RuleBased,harsh,0.25,0.4,1,43,eval,28,outbound,RuleBased,1,1,1,0,0,1,4
twoway_DQN_vs_RuleBased_harsh,twoway,DQN_vs_RuleBased,harsh,0.25,0.4,1,43,eval,29,outbound,RuleBased,1,1,1,0,16.11,0,6
twoway_DQN_vs_RuleBased_harsh,twoway,DQN_vs_RuleBased,harsh,0.25,0.4,1,43,eval,30,outbound,RuleBased,1,1,1,0,0,0,11
twoway_DQN_vs_RuleBased_harsh,twoway,DQN_vs_RuleBased,harsh,0.25,0.4,2,44,eval,1,inbound,DQN,1,1,1,0,0,1,16
twoway_DQN_vs_RuleBased_harsh,twoway,DQN_vs_RuleBased,harsh,0.25,0.4,2,44,eval,2,inbound,DQN,1,1,1,0,0,1,4
twoway_DQN_vs_RuleBased_harsh,twoway,DQN_vs_RuleBased,harsh,0.25,0.4,2,44,eval,3,inbound,DQN,1,1,1,0,0,1,17
twoway_DQN_vs_RuleBased_harsh,twoway,DQN_vs_RuleBased,harsh,0.25,0.4,2,44,eval,4,inbound,DQN,0,1,1,0,0,1,4
twoway_DQN_vs_RuleBased_harsh,twoway,DQN_vs_RuleBased,harsh,0.25,0.4,2,44,eval,5,inbound,DQN,0,1,1,0,0,1,25
twoway_DQN_vs_RuleBased_harsh,twoway,DQN_vs_RuleBased,harsh,0.25,0.4,2,44,eval,6,inbound,DQN,0,1,1,0,0,1,20
twoway_DQN_vs_RuleBased_harsh,twoway,DQN_vs_RuleBased,harsh,0.25,0.4,2,44,eval,7,inbound,DQN,1,1,1,0,0,1,7
twoway_DQN_vs_RuleBased_harsh,twoway,DQN_vs_RuleBased,harsh,0.25,0.4,2,44,eval,8,inbound,DQN,0,1,1,0,0,1,11
twoway_DQN_vs_RuleBased_harsh,twoway,DQN_vs_RuleBased,harsh,0.25,0.4,2,44,eval,9,inbound,DQN,1,1,1,0,0,1,5
twoway_DQN_vs_RuleBased_harsh,twoway,DQN_vs_RuleBased,harsh,0.25,0.4,2,44,eval,10,inbound,DQN,0,1,1,0,0,1,14
twoway_DQN_vs_RuleBased_harsh,twoway,DQN_vs_RuleBased,harsh,0.25,0.4,2,44,eval,11,inbound,DQN,0,1,1,0,0,1,22
twoway_DQN_vs_RuleBased_harsh,twoway,DQN_vs_RuleBased,harsh,0.25,0.4,2,44,eval,12,inbound,DQN,1,1,1,0,0,1,11
twoway_DQN_vs_RuleBased_harsh,twoway,DQN_vs_RuleBased,harsh,0.25,0.4,2,44,eval,13,inbound,DQN,0,1,1,0,0,1,7
twoway_DQN_vs_RuleBased_harsh,twoway,DQN_vs_RuleBased,harsh,0.25,0.4,2,44,eval,14,inbound,DQN,0,1,1,0,0,1,7
twoway_DQN_vs_RuleBased_harsh,twoway,DQN_vs_RuleBased,harsh,0.25,0.4,2,44,eval,15,inbound,DQN,0,1,1,0,0,1,5
twoway_DQN_vs_RuleBased_harsh,twoway,DQN_vs_RuleBased,harsh,0.25,0.4,2,44,eval,16,inbound,DQN,0,1,1,0,3.98,0,19
twoway_DQN_vs_RuleBased_harsh,twoway,DQN_vs_RuleBased,harsh,0.25,0.4,2,44,eval,17,inbound,DQN,0,1,1,0,0,1,14
twoway_DQN_vs_RuleBased_harsh,twoway,DQN_vs_RuleBased,harsh,0.25,0.4,2,44,eval,18,inbound,DQN,1,1,1,0,0,1,11
twoway_DQN_vs_RuleBased_harsh,twoway,DQN_vs_RuleBased,harsh,0.25,0.4,2,44,eval,19,inbound,DQN,0,1,1,0,0,1,31
twoway_DQN_vs_RuleBased_harsh,twoway,DQN_vs_RuleBased,harsh,0.25,0.4,2,44,eval,20,inbound,DQN,1,1,1,0,0,1,3
twoway_DQN_vs_RuleBased_harsh,twoway,DQN_vs_RuleBased,harsh,0.25,0.4,2,44,eval,21,inbound,DQN,0,1,1,0,0,1,6
twoway_DQN_vs_RuleBased_harsh,twoway,DQN_vs_RuleBased,harsh,0.25,0.4,2,44,eval,22,inbound,DQN,0,1,1,0,0,1,17
twoway_DQN_vs_RuleBased_harsh,twoway,DQN_vs_RuleBased,harsh,0.25,0.4,2,44,eval,23,inbound,DQN,1,1,1,0,0,1,15
twoway_DQN_vs_RuleBased_harsh,twoway,DQN_vs_RuleBased,harsh,0.25,0.4,2,44,eval,24,inbound,DQN,0,1,1,0,0,1,9
twoway_DQN_vs_RuleBased_harsh,twoway,DQN_vs_RuleBased,harsh,0.25,0.4,2,44,eval,25,inbound,DQN,0,1,1,0,0,1,7
twoway_DQN_vs_RuleBased_harsh,twoway,DQN_vs_RuleBased,harsh,0.25,0.4,2,44,eval,26,inbound,DQN,0,1,1,0,0,1,12
twoway_DQN_vs_RuleBased_harsh,twoway,DQN_vs_RuleBased,harsh,0.25,0.4,2,44,eval,27,inbound,DQN,0,1,1,0,0,1,3
twoway_DQN_vs_RuleBased_harsh,twoway,DQN_vs_RuleBased,harsh,0.25,0.4,2,44,eval,28,inbound,DQN,1,1,1,0,0,1,9
twoway_DQN_vs_RuleBased_harsh,twoway,DQN_vs_RuleBased,harsh,0.25,0.4,2,44,eval,29,inbound,DQN,1,1,1,0,0,1,7
twoway_DQN_vs_RuleBased_harsh,twoway,DQN_vs_RuleBased,harsh,0.25,0.4,2,44,eval,30,inbound,DQN,1,1,1,0,0,1,18
twoway_DQN_vs_RuleBased_harsh,twoway,DQN_vs_RuleBased,harsh,0.25,0.4,2,44,eval,1,outbound,RuleBased,1,1,1,0,0,1,4
twoway_DQN_vs_RuleBased_harsh,twoway,DQN_vs_RuleBased,harsh,0.25,0.4,2,44,eval,2,outbound,RuleBased,1,1,1,0,0,1,4
twoway_DQN_vs_RuleBased_harsh,twoway,DQN_vs_RuleBased,harsh,0.25,0.4,2,44,eval,3,outbound,RuleBased,1,1,1,0,0,1,2
twoway_DQN_vs_RuleBased_harsh,twoway,DQN_vs_RuleBased,harsh,0.25,0.4,2,44,eval,4,outbound,RuleBased,1,1,1,0,0,1,6
twoway_DQN_vs_RuleBased_harsh,twoway,DQN_vs_RuleBased,harsh,0.25,0.4,2,44,eval,5,outbound,RuleBased,1,1,1,0,0,1,10
twoway_DQN_vs_RuleBased_harsh,twoway,DQN_vs_RuleBased,harsh,0.25,0.4,2,44,eval,6,outbound,RuleBased,1,1,1,0,0,1,6
twoway_DQN_vs_RuleBased_harsh,twoway,DQN_vs_RuleBased,harsh,0.25,0.4,2,44,eval,7,outbound,RuleBased,1,1,1,0,0,1,8
twoway_DQN_vs_RuleBased_harsh,twoway,DQN_vs_RuleBased,harsh,0.25,0.4,2,44,eval,8,outbound,RuleBased,1,1,1,0,0,1,7
twoway_DQN_vs_RuleBased_harsh,twoway,DQN_vs_RuleBased,harsh,0.25,0.4,2,44,eval,9,outbound,RuleBased,1,1,1,0,0,1,9
twoway_DQN_vs_RuleBased_harsh,twoway,DQN_vs_RuleBased,harsh,0.25,0.4,2,44,eval,10,outbound,RuleBased,1,1,1,0,0,1,8
twoway_DQN_vs_RuleBased_harsh,twoway,DQN_vs_RuleBased,harsh,0.25,0.4,2,44,eval,11,outbound,RuleBased,1,1,1,0,0,1,8
twoway_DQN_vs_RuleBased_harsh,twoway,DQN_vs_RuleBased,harsh,0.25,0.4,2,44,eval,12,outbound,RuleBased,1,1,1,0,0,1,4
twoway_DQN_vs_RuleBased_harsh,twoway,DQN_vs_RuleBased,harsh,0.25,0.4,2,44,eval,13,outbound,RuleBased,1,1,1,0,0,1,2
twoway_DQN_vs_RuleBased_harsh,twoway,DQN_vs_RuleBased,harsh,0.25,0.4,2,44,eval,14,outbound,RuleBased,1,1,1,0,0,1,9
twoway_DQN_vs_RuleBased_harsh,twoway,DQN_vs_RuleBased,harsh,0.25,0.4,2,44,eval,15,outbound,RuleBased,1,1,1,0,0,1,5
twoway_DQN_vs_RuleBased_harsh,twoway,DQN_vs_RuleBased,harsh,0.25,0.4,2,44,eval,16,outbound,RuleBased,1,1,1,0,3.98,0,6
twoway_DQN_vs_RuleBased_harsh,twoway,DQN_vs_RuleBased,harsh,0.25,0.4,2,44,eval,17,outbound,RuleBased,1,1,1,0,0,1,6
twoway_DQN_vs_RuleBased_harsh,twoway,DQN_vs_RuleBased,harsh,0.25,0.4,2,44,eval,18,outbound,RuleBased,1,1,1,0,0,1,6
twoway_DQN_vs_RuleBased_harsh,twoway,DQN_vs_RuleBased,harsh,0.25,0.4,2,44,eval,19,outbound,RuleBased,1,1,1,0,0,1,5
twoway_DQN_vs_RuleBased_harsh,twoway,DQN_vs_RuleBased,harsh,0.25,0.4,2,44,eval,20,outbound,RuleBased,1,1,1,0,0,1,9
twoway_DQN_vs_RuleBased_harsh,twoway,DQN_vs_RuleBased,harsh,0.25,0.4,2,44,eval,21,outbound,RuleBased,1,1,1,0,0,1,5
twoway_DQN_vs_RuleBased_harsh,twoway,DQN_vs_RuleBased,harsh,0.25,0.4,2,44,eval,22,outbound,RuleBased,1,1,1,0,0,1,2
twoway_DQN_vs_RuleBased_harsh,twoway,DQN_vs_RuleBased,harsh,0.25,0.4,2,44,eval,23,outbound,RuleBased,1,1,1,0,0,1,12
twoway_DQN_vs_RuleBased_harsh,twoway,DQN_vs_RuleBased,harsh,0.25,0.4,2,44,eval,24,outbound,RuleBased,1,1,1,0,0,1,8
twoway_DQN_vs_RuleBased_harsh,twoway,DQN_vs_RuleBased,harsh,0.25,0.4,2,44,eval,25,outbound,RuleBased,1,1,1,0,0,1,7
twoway_DQN_vs_RuleBased_harsh,twoway,DQN_vs_RuleBased,harsh,0.25,0.4,2,44,eval,26,outbound,RuleBased,1,1,1,0,0,1,5
twoway_DQN_vs_RuleBased_harsh,twoway,DQN_vs_RuleBased,harsh,0.25,0.4,2,44,eval,27,outbound,RuleBased,1,1,1,0,0,1,2
twoway_DQN_vs_RuleBased_harsh,twoway,DQN_vs_RuleBased,harsh,0.25,0.4,2,44,eval,28,outbound,RuleBased,1,1,1,0,0,1,6
twoway_DQN_vs_RuleBased_harsh,twoway,DQN_vs_RuleBased,harsh,0.25,0.4,2,44,eval,29,outbound,RuleBased,1,1,1,0,0,1,2
twoway_DQN_vs_RuleBased_harsh,twoway,DQN_vs_RuleBased,harsh,0.25,0.4,2,44,eval,30,outbound,RuleBased,1,1,1,0,0,1,0
twoway_DQN_vs_RuleBased_harsh,twoway,DQN_vs_RuleBased,harsh,0.25,0.4,3,45,eval,1,inbound,DQN,1,1,1,0,0,1,5
twoway_DQN_vs_RuleBased_harsh,twoway,DQN_vs_RuleBased,harsh,0.25,0.4,3,45,eval,2,inbound,DQN,0,1,1,0,0,1,11
twoway_DQN_vs_RuleBased_harsh,twoway,DQN_vs_RuleBased,harsh,0.25,0.4,3,45,eval,3,inbound,DQN,1,1,1,0,0,1,9
twoway_DQN_vs_RuleBased_harsh,twoway,DQN_vs_RuleBased,harsh,0.25,0.4,3,45,eval,4,inbound,DQN,0,1,1,0,0,1,10
twoway_DQN_vs_RuleBased_harsh,twoway,DQN_vs_RuleBased,harsh,0.25,0.4,3,45,eval,5,inbound,DQN,1,1,1,0,7.3,0,10
twoway_DQN_vs_RuleBased_harsh,twoway,DQN_vs_RuleBased,harsh,0.25,0.4,3,45,eval,6,inbound,DQN,0,1,1,0,0,0,8
twoway_DQN_vs_RuleBased_harsh,twoway,DQN_vs_RuleBased,harsh,0.25,0.4,3,45,eval,7,inbound,DQN,0,1,1,0,0,0,13
twoway_DQN_vs_RuleBased_harsh,twoway,DQN_vs_RuleBased,harsh,0.25,0.4,3,45,eval,8,inbound,DQN,0,1,1,0,0,0,14
twoway_DQN_vs_RuleBased_harsh,twoway,DQN_vs_RuleBased,harsh,0.25,0.4,3,45,eval,9,inbound,DQN,0,1,1,0,0,1,15
twoway_DQN_vs_RuleBased_harsh,twoway,DQN_vs_RuleBased,harsh,0.25,0.4,3,45,eval,10,inbound,DQN,0,1,1,0,0,1,9
twoway_DQN_vs_RuleBased_harsh,twoway,DQN_vs_RuleBased,harsh,0.25,0.4,3,45,eval,11,inbound,DQN,0,1,1,0,0,1,12
twoway_DQN_vs_RuleBased_harsh,twoway,DQN_vs_RuleBased,harsh,0.25,0.4,3,45,eval,12,inbound,DQN,1,1,1,0,0,0,9
twoway_DQN_vs_RuleBased_harsh,twoway,DQN_vs_RuleBased,harsh,0.25,0.4,3,45,eval,13,inbound,DQN,1,1,1,0,0,0,8
twoway_DQN_vs_RuleBased_harsh,twoway,DQN_vs_RuleBased,harsh,0.25,0.4,3,45,eval,14,inbound,DQN,1,1,1,0,0,0,21
twoway_DQN_vs_RuleBased_harsh,twoway,DQN_vs_RuleBased,harsh,0.25,0.4,3,45,eval,15,inbound,DQN,0,1,1,0,0,1,8
twoway_DQN_vs_RuleBased_harsh,twoway,DQN_vs_RuleBased,harsh,0.25,0.4,3,45,eval,16,inbound,DQN,0,3,1,0,6.18,0,38
twoway_DQN_vs_RuleBased_harsh,twoway,DQN_vs_RuleBased,harsh,0.25,0.4,3,45,eval,17,inbound,DQN,0,1,1,0,0,1,14
twoway_DQN_vs_RuleBased_harsh,twoway,DQN_vs_RuleBased,harsh,0.25,0.4,3,45,eval,18,inbound,DQN,1,4,1,0,2,0,20
twoway_DQN_vs_RuleBased_harsh,twoway,DQN_vs_RuleBased,harsh,0.25,0.4,3,45,eval,19,inbound,DQN,0,1,1,0,0,0,13
twoway_DQN_vs_RuleBased_harsh,twoway,DQN_vs_RuleBased,harsh,0.25,0.4,3,45,eval,20,inbound,DQN,1,1,1,0,0,1,4
twoway_DQN_vs_RuleBased_harsh,twoway,DQN_vs_RuleBased,harsh,0.25,0.4,3,45,eval,21,inbound,DQN,0,1,1,0,0,0,18
twoway_DQN_vs_RuleBased_harsh,twoway,DQN_vs_RuleBased,harsh,0.25,0.4,3,45,eval,22,inbound,DQN,0,1,1,0,0,1,2
twoway_DQN_vs_RuleBased_harsh,twoway,DQN_vs_RuleBased,harsh,0.25,0.4,3,45,eval,23,inbound,DQN,0,1,1,0,0,1,13
twoway_DQN_vs_RuleBased_harsh,twoway,DQN_vs_RuleBased,harsh,0.25,0.4,3,45,eval,24,inbound,DQN,0,1,1,0,0,1,21
twoway_DQN_vs_RuleBased_harsh,twoway,DQN_vs_RuleBased,harsh,0.25,0.4,3,45,eval,25,inbound,DQN,0,1,1,0,0,1,8
twoway_DQN_vs_RuleBased_harsh,twoway,DQN_vs_RuleBased,harsh,0.25,0.4,3,45,eval,26,inbound,DQN,0,1,1,0,0,1,7
twoway_DQN_vs_RuleBased_harsh,twoway,DQN_vs_RuleBased,harsh,0.25,0.4,3,45,eval,27,inbound,DQN,0,1,1,0,0,1,3
twoway_DQN_vs_RuleBased_harsh,twoway,DQN_vs_RuleBased,harsh,0.25,0.4,3,45,eval,28,inbound,DQN,0,1,1,0,4.34,0,25
twoway_DQN_vs_RuleBased_harsh,twoway,DQN_vs_RuleBased,harsh,0.25,0.4,3,45,eval,29,inbound,DQN,0,1,1,0,0,1,15
twoway_DQN_vs_RuleBased_harsh,twoway,DQN_vs_RuleBased,harsh,0.25,0.4,3,45,eval,30,inbound,DQN,0,1,1,0,0,1,15
twoway_DQN_vs_RuleBased_harsh,twoway,DQN_vs_RuleBased,harsh,0.25,0.4,3,45,eval,1,outbound,RuleBased,1,1,1,0,0,1,3
twoway_DQN_vs_RuleBased_harsh,twoway,DQN_vs_RuleBased,harsh,0.25,0.4,3,45,eval,2,outbound,RuleBased,1,1,1,0,0,1,6
twoway_DQN_vs_RuleBased_harsh,twoway,DQN_vs_RuleBased,harsh,0.25,0.4,3,45,eval,3,outbound,RuleBased,1,1,1,0,0,1,1
twoway_DQN_vs_RuleBased_harsh,twoway,DQN_vs_RuleBased,harsh,0.25,0.4,3,45,eval,4,outbound,RuleBased,1,1,1,0,0,1,8
twoway_DQN_vs_RuleBased_harsh,twoway,DQN_vs_RuleBased,harsh,0.25,0.4,3,45,eval,5,outbound,RuleBased,1,1,1,0,7.3,0,7
twoway_DQN_vs_RuleBased_harsh,twoway,DQN_vs_RuleBased,harsh,0.25,0.4,3,45,eval,6,outbound,RuleBased,1,1,1,0,0,0,6
twoway_DQN_vs_RuleBased_harsh,twoway,DQN_vs_RuleBased,harsh,0.25,0.4,3,45,eval,7,outbound,RuleBased,1,1,1,0,0,0,2
twoway_DQN_vs_RuleBased_harsh,twoway,DQN_vs_RuleBased,harsh,0.25,0.4,3,45,eval,8,outbound,RuleBased,1,1,1,0,0,0,9
twoway_DQN_vs_RuleBased_harsh,twoway,DQN_vs_RuleBased,harsh,0.25,0.4,3,45,eval,9,outbound,RuleBased,1,1,1,0,0,1,6
twoway_DQN_vs_RuleBased_harsh,twoway,DQN_vs_RuleBased,harsh,0.25,0.4,3,45,eval,10,outbound,RuleBased,1,1,1,0,0,1,9
twoway_DQN_vs_RuleBased_harsh,twoway,DQN_vs_RuleBased,harsh,0.25,0.4,3,45,eval,11,outbound,RuleBased,1,1,1,0,0,1,9
twoway_DQN_vs_RuleBased_harsh,twoway,DQN_vs_RuleBased,harsh,0.25,0.4,3,45,eval,12,outbound,RuleBased,1,1,1,0,0,0,6
twoway_DQN_vs_RuleBased_harsh,twoway,DQN_vs_RuleBased,harsh,0.25,0.4,3,45,eval,13,outbound,RuleBased,1,1,1,0,0,0,6
twoway_DQN_vs_RuleBased_harsh,twoway,DQN_vs_RuleBased,harsh,0.25,0.4,3,45,eval,14,outbound,RuleBased,1,1,1,0,0,0,4
twoway_DQN_vs_RuleBased_harsh,twoway,DQN_vs_RuleBased,harsh,0.25,0.4,3,45,eval,15,outbound,RuleBased,1,1,1,0,0,1,6
twoway_DQN_vs_RuleBased_harsh,twoway,DQN_vs_RuleBased,harsh,0.25,0.4,3,45,eval,16,outbound,RuleBased,1,3,1,0,6.18,0,7
twoway_DQN_vs_RuleBased_harsh,twoway,DQN_vs_RuleBased,harsh,0.25,0.4,3,45,eval,17,outbound,RuleBased,1,1,1,0,0,1,9
twoway_DQN_vs_RuleBased_harsh,twoway,DQN_vs_RuleBased,harsh,0.25,0.4,3,45,eval,18,outbound,RuleBased,1,4,1,0,2,0,7
twoway_DQN_vs_RuleBased_harsh,twoway,DQN_vs_RuleBased,harsh,0.25,0.4,3,45,eval,19,outbound,RuleBased,1,1,1,0,0,0,6
twoway_DQN_vs_RuleBased_harsh,twoway,DQN_vs_RuleBased,harsh,0.25,0.4,3,45,eval,20,outbound,RuleBased,1,1,1,0,0,1,6
twoway_DQN_vs_RuleBased_harsh,twoway,DQN_vs_RuleBased,harsh,0.25,0.4,3,45,eval,21,outbound,RuleBased,1,1,1,0,0,0,8
twoway_DQN_vs_RuleBased_harsh,twoway,DQN_vs_RuleBased,harsh,0.25,0.4,3,45,eval,22,outbound,RuleBased,1,1,1,0,0,1,10
twoway_DQN_vs_RuleBased_harsh,twoway,DQN_vs_RuleBased,harsh,0.25,0.4,3,45,eval,23,outbound,RuleBased,1,1,1,0,0,1,6
twoway_DQN_vs_RuleBased_harsh,twoway,DQN_vs_RuleBased,harsh,0.25,0.4,3,45,eval,24,outbound,RuleBased,1,1,1,0,0,1,5
twoway_DQN_vs_RuleBased_harsh,twoway,DQN_vs_RuleBased,harsh,0.25,0.4,3,45,eval,25,outbound,RuleBased,1,1,1,0,0,1,7
twoway_DQN_vs_RuleBased_harsh,twoway,DQN_vs_RuleBased,harsh,0.25,0.4,3,45,eval,26,outbound,RuleBased,1,1,1,0,0,1,6
twoway_DQN_vs_RuleBased_harsh,twoway,DQN_vs_RuleBased,harsh,0.25,0.4,3,45,eval,27,outbound,RuleBased,1,1,1,0,0,1,5
twoway_DQN_vs_RuleBased_harsh,twoway,DQN_vs_RuleBased,harsh,0.25,0.4,3,45,eval,28,outbound,RuleBased,1,1,1,0,4.34,0,6
twoway_DQN_vs_RuleBased_harsh,twoway,DQN_vs_RuleBased,harsh,0.25,0.4,3,45,eval,29,outbound,RuleBased,1,1,1,0,0,1,5
twoway_DQN_vs_RuleBased_harsh,twoway,DQN_vs_RuleBased,harsh,0.25,0.4,3,45,eval,30,outbound,RuleBased,1,1,1,0,0,1,8
twoway_DQN_vs_RuleBased_harsh,twoway,DQN_vs_RuleBased,harsh,0.25,0.4,4,46,eval,1,inbound,DQN,0,1,1,0,0,1,21
twoway_DQN_vs_RuleBased_harsh,twoway,DQN_vs_RuleBased,harsh,0.25,0.4,4,46,eval,2,inbound,DQN,1,1,1,0,0,1,7
twoway_DQN_vs_RuleBased_harsh,twoway,DQN_vs_RuleBased,harsh,0.25,0.4,4,46,eval,3,inbound,DQN,1,1,1,0,0,1,2
twoway_DQN_vs_RuleBased_harsh,twoway,DQN_vs_RuleBased,harsh,0.25,0.4,4,46,eval,4,inbound,DQN,0,1,1,0,0,1,17
twoway_DQN_vs_RuleBased_harsh,twoway,DQN_vs_RuleBased,harsh,0.25,0.4,4,46,eval,5,inbound,DQN,0,1,1,0,11.04,0,17
twoway_DQN_vs_RuleBased_harsh,twoway,DQN_vs_RuleBased,harsh,0.25,0.4,4,46,eval,6,inbound,DQN,1,1,1,0,0,1,7
twoway_DQN_vs_RuleBased_harsh,twoway,DQN_vs_RuleBased,harsh,0.25,0.4,4,46,eval,7,inbound,DQN,1,1,1,0,0,1,7
twoway_DQN_vs_RuleBased_harsh,twoway,DQN_vs_RuleBased,harsh,0.25,0.4,4,46,eval,8,inbound,DQN,1,1,1,0,0,1,8
twoway_DQN_vs_RuleBased_harsh,twoway,DQN_vs_RuleBased,harsh,0.25,0.4,4,46,eval,9,inbound,DQN,0,4,1,0,0,1,23
twoway_DQN_vs_RuleBased_harsh,twoway,DQN_vs_RuleBased,harsh,0.25,0.4,4,46,eval,10,inbound,DQN,0,4,1,0,0,1,20
twoway_DQN_vs_RuleBased_harsh,twoway,DQN_vs_RuleBased,harsh,0.25,0.4,4,46,eval,11,inbound,DQN,0,1,1,0,0,1,18
twoway_DQN_vs_RuleBased_harsh,twoway,DQN_vs_RuleBased,harsh,0.25,0.4,4,46,eval,12,inbound,DQN,0,1,1,0,0,1,9
twoway_DQN_vs_RuleBased_harsh,twoway,DQN_vs_RuleBased,harsh,0.25,0.4,4,46,eval,13,inbound,DQN,1,1,1,0,0,1,5
twoway_DQN_vs_RuleBased_harsh,twoway,DQN_vs_RuleBased,harsh,0.25,0.4,4,46,eval,14,inbound,DQN,1,1,1,0,0,1,8
twoway_DQN_vs_RuleBased_harsh,twoway,DQN_vs_RuleBased,harsh,0.25,0.4,4,46,eval,15,inbound,DQN,1,1,1,0,0,1,2
twoway_DQN_vs_RuleBased_harsh,twoway,DQN_vs_RuleBased,harsh,0.25,0.4,4,46,eval,16,inbound,DQN,1,1,1,0,0,1,5
twoway_DQN_vs_RuleBased_harsh,twoway,DQN_vs_RuleBased,harsh,0.25,0.4,4,46,eval,17,inbound,DQN,0,1,1,0,0,1,7
twoway_DQN_vs_RuleBased_harsh,twoway,DQN_vs_RuleBased,harsh,0.25,0.4,4,46,eval,18,inbound,DQN,1,1,1,0,0,1,5
twoway_DQN_vs_RuleBased_harsh,twoway,DQN_vs_RuleBased,harsh,0.25,0.4,4,46,eval,19,inbound,DQN,0,1,1,0,0,0,9
twoway_DQN_vs_RuleBased_harsh,twoway,DQN_vs_RuleBased,harsh,0.25,0.4,4,46,eval,20,inbound,DQN,0,1,1,0,0,1,23
twoway_DQN_vs_RuleBased_harsh,twoway,DQN_vs_RuleBased,harsh,0.25,0.4,4,46,eval,21,inbound,DQN,1,1,1,0,0,1,9
twoway_DQN_vs_RuleBased_harsh,twoway,DQN_vs_RuleBased,harsh,0.25,0.4,4,46,eval,22,inbound,DQN,0,1,1,0,0,1,7
twoway_DQN_vs_RuleBased_harsh,twoway,DQN_vs_RuleBased,harsh,0.25,0.4,4,46,eval,23,inbound,DQN,0,1,1,0,0,1,8
twoway_DQN_vs_RuleBased_harsh,twoway,DQN_vs_RuleBased,harsh,0.25,0.4,4,46,eval,24,inbound,DQN,0,1,1,0,0,1,10
twoway_DQN_vs_RuleBased_harsh,twoway,DQN_vs_RuleBased,harsh,0.25,0.4,4,46,eval,25,inbound,DQN,0,1,1,0,0,1,14
twoway_DQN_vs_RuleBased_harsh,twoway,DQN_vs_RuleBased,harsh,0.25,0.4,4,46,eval,26,inbound,DQN,1,1,1,0,0,1,4
twoway_DQN_vs_RuleBased_harsh,twoway,DQN_vs_RuleBased,harsh,0.25,0.4,4,46,eval,27,inbound,DQN,0,1,1,0,0,0,4
twoway_DQN_vs_RuleBased_harsh,twoway,DQN_vs_RuleBased,harsh,0.25,0.4,4,46,eval,28,inbound,DQN,0,2,1,0,0,1,18
twoway_DQN_vs_RuleBased_harsh,twoway,DQN_vs_RuleBased,harsh,0.25,0.4,4,46,eval,29,inbound,DQN,0,1,1,0,0,1,5
twoway_DQN_vs_RuleBased_harsh,twoway,DQN_vs_RuleBased,harsh,0.25,0.4,4,46,eval,30,inbound,DQN,1,1,1,0,0,1,12
twoway_DQN_vs_RuleBased_harsh,twoway,DQN_vs_RuleBased,harsh,0.25,0.4,4,46,eval,1,outbound,RuleBased,1,1,1,0,0,1,8
twoway_DQN_vs_RuleBased_harsh,twoway,DQN_vs_RuleBased,harsh,0.25,0.4,4,46,eval,2,outbound,RuleBased,1,1,1,0,0,1,5
twoway_DQN_vs_RuleBased_harsh,twoway,DQN_vs_RuleBased,harsh,0.25,0.4,4,46,eval,3,outbound,RuleBased,1,1,1,0,0,1,9
twoway_DQN_vs_RuleBased_harsh,twoway,DQN_vs_RuleBased,harsh,0.25,0.4,4,46,eval,4,outbound,RuleBased,1,1,1,0,0,1,6
twoway_DQN_vs_RuleBased_harsh,twoway,DQN_vs_RuleBased,harsh,0.25,0.4,4,46,eval,5,outbound,RuleBased,1,1,1,0,11.04,0,5
twoway_DQN_vs_RuleBased_harsh,twoway,DQN_vs_RuleBased,harsh,0.25,0.4,4,46,eval,6,outbound,RuleBased,1,1,1,0,0,1,6
twoway_DQN_vs_RuleBased_harsh,twoway,DQN_vs_RuleBased,harsh,0.25,0.4,4,46,eval,7,outbound,RuleBased,1,1,1,0,0,1,4
twoway_DQN_vs_RuleBased_harsh,twoway,DQN_vs_RuleBased,harsh,0.25,0.4,4,46,eval,8,outbound,RuleBased,1,1,1,0,0,1,6
twoway_DQN_vs_RuleBased_harsh,twoway,DQN_vs_RuleBased,harsh,0.25,0.4,4,46,eval,9,outbound,RuleBased,1,4,1,0,0,1,2
twoway_DQN_vs_RuleBased_harsh,twoway,DQN_vs_RuleBased,harsh,0.25,0.4,4,46,eval,10,outbound,RuleBased,1,4,1,0,0,1,4
twoway_DQN_vs_RuleBased_harsh,twoway,DQN_vs_RuleBased,harsh,0.25,0.4,4,46,eval,11,outbound,RuleBased,1,1,1,0,0,1,5
twoway_DQN_vs_RuleBased_harsh,twoway,DQN_vs_RuleBased,harsh,0.25,0.4,4,46,eval,12,outbound,RuleBased,1,1,1,0,0,1,4
twoway_DQN_vs_RuleBased_harsh,twoway,DQN_vs_RuleBased,harsh,0.25,0.4,4,46,eval,13,outbound,RuleBased,1,1,1,0,0,1,7
twoway_DQN_vs_RuleBased_harsh,twoway,DQN_vs_RuleBased,harsh,0.25,0.4,4,46,eval,14,outbound,RuleBased,1,1,1,0,0,1,7
twoway_DQN_vs_RuleBased_harsh,twoway,DQN_vs_RuleBased,harsh,0.25,0.4,4,46,eval,15,outbound,RuleBased,1,1,1,0,0,1,5
twoway_DQN_vs_RuleBased_harsh,twoway,DQN_vs_RuleBased,harsh,0.25,0.4,4,46,eval,16,outbound,RuleBased,1,1,1,0,0,1,7
twoway_DQN_vs_RuleBased_harsh,twoway,DQN_vs_RuleBased,harsh,0.25,0.4,4,46,eval,17,outbound,RuleBased,1,1,1,0,0,1,2
twoway_DQN_vs_RuleBased_harsh,twoway,DQN_vs_RuleBased,harsh,0.25,0.4,4,46,eval,18,outbound,RuleBased,1,1,1,0,0,1,7
twoway_DQN_vs_RuleBased_harsh,twoway,DQN_vs_RuleBased,harsh,0.25,0.4,4,46,eval,19,outbound,RuleBased,1,1,1,0,0,0,4
twoway_DQN_vs_RuleBased_harsh,twoway,DQN_vs_RuleBased,harsh,0.25,0.4,4,46,eval,20,outbound,RuleBased,1,1,1,0,0,1,4
twoway_DQN_vs_RuleBased_harsh,twoway,DQN_vs_RuleBased,harsh,0.25,0.4,4,46,eval,21,outbound,RuleBased,1,1,1,0,0,1,5
twoway_DQN_vs_RuleBased_harsh,twoway,DQN_vs_RuleBased,harsh,0.25,0.4,4,46,eval,22,outbound,RuleBased,1,1,1,0,0,1,6
twoway_DQN_vs_RuleBased_harsh,twoway,DQN_vs_RuleBased,harsh,0.25,0.4,4,46,eval,23,outbound,RuleBased,1,1,1,0,0,1,3
twoway_DQN_vs_RuleBased_harsh,twoway,DQN_vs_RuleBased,harsh,0.25,0.4,4,46,eval,24,outbound,RuleBased,1,1,1,0,0,1,4
twoway_DQN_vs_RuleBased_harsh,twoway,DQN_vs_RuleBased,harsh,0.25,0.4,4,46,eval,25,outbound,RuleBased,1,1,1,0,0,1,3
twoway_DQN_vs_RuleBased_harsh,twoway,DQN_vs_RuleBased,harsh,0.25,0.4,4,46,eval,26,outbound,RuleBased,1,1,1,0,0,1,7
twoway_DQN_vs_RuleBased_harsh,twoway,DQN_vs_RuleBased,harsh,0.25,0.4,4,46,eval,27,outbound,RuleBased,1,1,1,0,0,0,4
twoway_DQN_vs_RuleBased_harsh,twoway,DQN_vs_RuleBased,harsh,0.25,0.4,4,46,eval,28,outbound,RuleBased,1,2,1,0,0,1,7
twoway_DQN_vs_RuleBased_harsh,twoway,DQN_vs_RuleBased,harsh,0.25,0.4,4,46,eval,29,outbound,RuleBased,1,1,1,0,0,1,7
twoway_DQN_vs_RuleBased_harsh,twoway,DQN_vs_RuleBased,harsh,0.25,0.4,4,46,eval,30,outbound,RuleBased,1,1,1,0,0,1,7
twoway_DQN_vs_RuleBased_harsh,twoway,DQN_vs_RuleBased,harsh,0.25,0.4,5,47,eval,1,inbound,DQN,1,1,1,0,0,1,9
twoway_DQN_vs_RuleBased_harsh,twoway,DQN_vs_RuleBased,harsh,0.25,0.4,5,47,eval,2,inbound,DQN,1,1,1,0,0,0,17
twoway_DQN_vs_RuleBased_harsh,twoway,DQN_vs_RuleBased,harsh,0.25,0.4,5,47,eval,3,inbound,DQN,1,1,1,0,0,1,12
twoway_DQN_vs_RuleBased_harsh,twoway,DQN_vs_RuleBased,harsh,0.25,0.4,5,47,eval,4,inbound,DQN,1,1,1,0,0,1,17
twoway_DQN_vs_RuleBased_harsh,twoway,DQN_vs_RuleBased,harsh,0.25,0.4,5,47,eval,5,inbound,DQN,1,1,1,0,0,1,10
twoway_DQN_vs_RuleBased_harsh,twoway,DQN_vs_RuleBased,harsh,0.25,0.4,5,47,eval,6,inbound,DQN,1,1,1,0,0,1,7
twoway_DQN_vs_RuleBased_harsh,twoway,DQN_vs_RuleBased,harsh,0.25,0.4,5,47,eval,7,inbound,DQN,1,1,1,0,0,0,5
twoway_DQN_vs_RuleBased_harsh,twoway,DQN_vs_RuleBased,harsh,0.25,0.4,5,47,eval,8,inbound,DQN,1,1,1,0,0,0,6
twoway_DQN_vs_RuleBased_harsh,twoway,DQN_vs_RuleBased,harsh,0.25,0.4,5,47,eval,9,inbound,DQN,1,1,1,0,0,0,2
twoway_DQN_vs_RuleBased_harsh,twoway,DQN_vs_RuleBased,harsh,0.25,0.4,5,47,eval,10,inbound,DQN,1,1,1,0,0,0,11
twoway_DQN_vs_RuleBased_harsh,twoway,DQN_vs_RuleBased,harsh,0.25,0.4,5,47,eval,11,inbound,DQN,1,1,1,0,0,0,11
twoway_DQN_vs_RuleBased_harsh,twoway,DQN_vs_RuleBased,harsh,0.25,0.4,5,47,eval,12,inbound,DQN,1,1,1,0,0,1,10
twoway_DQN_vs_RuleBased_harsh,twoway,DQN_vs_RuleBased,harsh,0.25,0.4,5,47,eval,13,inbound,DQN,1,1,1,0,0,1,11
twoway_DQN_vs_RuleBased_harsh,twoway,DQN_vs_RuleBased,harsh,0.25,0.4,5,47,eval,14,inbound,DQN,0,1,1,0,0,0,8
twoway_DQN_vs_RuleBased_harsh,twoway,DQN_vs_RuleBased,harsh,0.25,0.4,5,47,eval,15,inbound,DQN,0,1,1,0,0,1,2
twoway_DQN_vs_RuleBased_harsh,twoway,DQN_vs_RuleBased,harsh,0.25,0.4,5,47,eval,16,inbound,DQN,1,1,1,0,0,1,2
twoway_DQN_vs_RuleBased_harsh,twoway,DQN_vs_RuleBased,harsh,0.25,0.4,5,47,eval,17,inbound,DQN,1,1,1,0,0,1,12
twoway_DQN_vs_RuleBased_harsh,twoway,DQN_vs_RuleBased,harsh,0.25,0.4,5,47,eval,18,inbound,DQN,0,1,1,0,0,1,4
twoway_DQN_vs_RuleBased_harsh,twoway,DQN_vs_RuleBased,harsh,0.25,0.4,5,47,eval,19,inbound,DQN,1,1,1,0,0,1,6
twoway_DQN_vs_RuleBased_harsh,twoway,DQN_vs_RuleBased,harsh,0.25,0.4,5,47,eval,20,inbound,DQN,1,1,1,0,0,0,4
twoway_DQN_vs_RuleBased_harsh,twoway,DQN_vs_RuleBased,harsh,0.25,0.4,5,47,eval,21,inbound,DQN,1,1,1,0,0,1,6
twoway_DQN_vs_RuleBased_harsh,twoway,DQN_vs_RuleBased,harsh,0.25,0.4,5,47,eval,22,inbound,DQN,1,1,1,0,0,1,9
twoway_DQN_vs_RuleBased_harsh,twoway,DQN_vs_RuleBased,harsh,0.25,0.4,5,47,eval,23,inbound,DQN,1,1,1,0,0,1,13
twoway_DQN_vs_RuleBased_harsh,twoway,DQN_vs_RuleBased,harsh,0.25,0.4,5,47,eval,24,inbound,DQN,0,1,1,0,0,1,21
twoway_DQN_vs_RuleBased_harsh,twoway,DQN_vs_RuleBased,harsh,0.25,0.4,5,47,eval,25,inbound,DQN,1,1,1,0,0,1,14
twoway_DQN_vs_RuleBased_harsh,twoway,DQN_vs_RuleBased,harsh,0.25,0.4,5,47,eval,26,inbound,DQN,0,1,1,0,0,0,15
twoway_DQN_vs_RuleBased_harsh,twoway,DQN_vs_RuleBased,harsh,0.25,0.4,5,47,eval,27,inbound,DQN,1,1,1,0,0,0,12
twoway_DQN_vs_RuleBased_harsh,twoway,DQN_vs_RuleBased,harsh,0.25,0.4,5,47,eval,28,inbound,DQN,1,1,1,0,0,1,6
twoway_DQN_vs_RuleBased_harsh,twoway,DQN_vs_RuleBased,harsh,0.25,0.4,5,47,eval,29,inbound,DQN,0,1,1,0,0,0,14
twoway_DQN_vs_RuleBased_harsh,twoway,DQN_vs_RuleBased,harsh,0.25,0.4,5,47,eval,30,inbound,DQN,1,1,1,0,0,1,6
twoway_DQN_vs_RuleBased_harsh,twoway,DQN_vs_RuleBased,harsh,0.25,0.4,5,47,eval,1,outbound,RuleBased,1,1,1,0,0,1,11
twoway_DQN_vs_RuleBased_harsh,twoway,DQN_vs_RuleBased,harsh,0.25,0.4,5,47,eval,2,outbound,RuleBased,1,1,1,0,0,0,6
twoway_DQN_vs_RuleBased_harsh,twoway,DQN_vs_RuleBased,harsh,0.25,0.4,5,47,eval,3,outbound,RuleBased,1,1,1,0,0,1,2
twoway_DQN_vs_RuleBased_harsh,twoway,DQN_vs_RuleBased,harsh,0.25,0.4,5,47,eval,4,outbound,RuleBased,1,1,1,0,0,1,5
twoway_DQN_vs_RuleBased_harsh,twoway,DQN_vs_RuleBased,harsh,0.25,0.4,5,47,eval,5,outbound,RuleBased,1,1,1,0,0,1,10
twoway_DQN_vs_RuleBased_harsh,twoway,DQN_vs_RuleBased,harsh,0.25,0.4,5,47,eval,6,outbound,RuleBased,1,1,1,0,0,1,0
twoway_DQN_vs_RuleBased_harsh,twoway,DQN_vs_RuleBased,harsh,0.25,0.4,5,47,eval,7,outbound,RuleBased,1,1,1,0,0,0,6
twoway_DQN_vs_RuleBased_harsh,twoway,DQN_vs_RuleBased,harsh,0.25,0.4,5,47,eval,8,outbound,RuleBased,1,1,1,0,0,0,7
twoway_DQN_vs_RuleBased_harsh,twoway,DQN_vs_RuleBased,harsh,0.25,0.4,5,47,eval,9,outbound,RuleBased,1,1,1,0,0,0,10
twoway_DQN_vs_RuleBased_harsh,twoway,DQN_vs_RuleBased,harsh,0.25,0.4,5,47,eval,10,outbound,RuleBased,1,1,1,0,0,0,4
twoway_DQN_vs_RuleBased_harsh,twoway,DQN_vs_RuleBased,harsh,0.25,0.4,5,47,eval,11,outbound,RuleBased,1,1,1,0,0,0,8
twoway_DQN_vs_RuleBased_harsh,twoway,DQN_vs_RuleBased,harsh,0.25,0.4,5,47,eval,12,outbound,RuleBased,1,1,1,0,0,1,6
twoway_DQN_vs_RuleBased_harsh,twoway,DQN_vs_RuleBased,harsh,0.25,0.4,5,47,eval,13,outbound,RuleBased,1,1,1,0,0,1,9
twoway_DQN_vs_RuleBased_harsh,twoway,DQN_vs_RuleBased,harsh,0.25,0.4,5,47,eval,14,outbound,RuleBased,1,1,1,0,0,0,8
twoway_DQN_vs_RuleBased_harsh,twoway,DQN_vs_RuleBased,harsh,0.25,0.4,5,47,eval,15,outbound,RuleBased,1,1,1,0,0,1,8
twoway_DQN_vs_RuleBased_harsh,twoway,DQN_vs_RuleBased,harsh,0.25,0.4,5,47,eval,16,outbound,RuleBased,1,1,1,0,0,1,1
twoway_DQN_vs_RuleBased_harsh,twoway,DQN_vs_RuleBased,harsh,0.25,0.4,5,47,eval,17,outbound,RuleBased,1,1,1,0,0,1,9
twoway_DQN_vs_RuleBased_harsh,twoway,DQN_vs_RuleBased,harsh,0.25,0.4,5,47,eval,18,outbound,RuleBased,1,1,1,0,0,1,6
twoway_DQN_vs_RuleBased_harsh,twoway,DQN_vs_RuleBased,harsh,0.25,0.4,5,47,eval,19,outbound,RuleBased,1,1,1,0,0,1,6
twoway_DQN_vs_RuleBased_harsh,twoway,DQN_vs_RuleBased,harsh,0.25,0.4,5,47,eval,20,outbound,RuleBased,1,1,1,0,0,0,4
twoway_DQN_vs_RuleBased_harsh,twoway,DQN_vs_RuleBased,harsh,0.25,0.4,5,47,eval,21,outbound,RuleBased,1,1,1,0,0,1,5
twoway_DQN_vs_RuleBased_harsh,twoway,DQN_vs_RuleBased,harsh,0.25,0.4,5,47,eval,22,outbound,RuleBased,1,1,1,0,0,1,5
twoway_DQN_vs_RuleBased_harsh,twoway,DQN_vs_RuleBased,harsh,0.25,0.4,5,47,eval,23,outbound,RuleBased,1,1,1,0,0,1,6
twoway_DQN_vs_RuleBased_harsh,twoway,DQN_vs_RuleBased,harsh,0.25,0.4,5,47,eval,24,outbound,RuleBased,1,1,1,0,0,1,11
twoway_DQN_vs_RuleBased_harsh,twoway,DQN_vs_RuleBased,harsh,0.25,0.4,5,47,eval,25,outbound,RuleBased,1,1,1,0,0,1,5
twoway_DQN_vs_RuleBased_harsh,twoway,DQN_vs_RuleBased,harsh,0.25,0.4,5,47,eval,26,outbound,RuleBased,1,1,1,0,0,0,4
twoway_DQN_vs_RuleBased_harsh,twoway,DQN_vs_RuleBased,harsh,0.25,0.4,5,47,eval,27,outbound,RuleBased,1,1,1,0,0,0,9
twoway_DQN_vs_RuleBased_harsh,twoway,DQN_vs_RuleBased,harsh,0.25,0.4,5,47,eval,28,outbound,RuleBased,1,1,1,0,0,1,5
twoway_DQN_vs_RuleBased_harsh,twoway,DQN_vs_RuleBased,harsh,0.25,0.4,5,47,eval,29,outbound,RuleBased,1,1,1,0,0,0,7
twoway_DQN_vs_RuleBased_harsh,twoway,DQN_vs_RuleBased,harsh,0.25,0.4,5,47,eval,30,outbound,RuleBased,1,1,1,0,0,1,11
